row_id,variant_id,base_model,model,rating,label,condition,anchor_type,anchor_level,iteration
llama_generalist_00_20260630_153019,llama_generalist,llama,generalist,4,Very feasible,context,,,0
llama_normative_00_20260630_153019,llama_normative,llama,normative,2,Somewhat feasible,context,,,0
llama_subject-matter_00_20260630_153019,llama_subject-matter,llama,subject-matter,4,Very feasible,context,,,0
mistral_generalist_00_20260630_153019,mistral_generalist,mistral,generalist,3,Feasible,context,,,0
mistral_normative_00_20260630_153019,mistral_normative,mistral,normative,3,Feasible,context,,,0
mistral_subject-matter_00_20260630_153019,mistral_subject-matter,mistral,subject-matter,3,Feasible,context,,,0
gemma3_generalist_00_20260630_153019,gemma3_generalist,gemma3,generalist,3,Feasible,context,,,0
gemma3_normative_00_20260630_153019,gemma3_normative,gemma3,normative,3,Feasible,context,,,0
gemma3_subject-matter_00_20260630_153019,gemma3_subject-matter,gemma3,subject-matter,3,Feasible,context,,,0
phi4_generalist_00_20260630_153019,phi4_generalist,phi4,generalist,3,Feasible,context,,,0
phi4_normative_00_20260630_153019,phi4_normative,phi4,normative,3,Feasible,context,,,0
phi4_subject-matter_00_20260630_153019,phi4_subject-matter,phi4,subject-matter,3,Feasible,context,,,0
llama_generalist_01_20260630_153327,llama_generalist,llama,generalist,4,Very feasible,context,,,1
llama_normative_01_20260630_153327,llama_normative,llama,normative,3,Feasible,context,,,1
llama_subject-matter_01_20260630_153327,llama_subject-matter,llama,subject-matter,3,Feasible,context,,,1
mistral_generalist_01_20260630_153327,mistral_generalist,mistral,generalist,3,Feasible,context,,,1
mistral_normative_01_20260630_153327,mistral_normative,mistral,normative,3,Feasible,context,,,1
mistral_subject-matter_01_20260630_153327,mistral_subject-matter,mistral,subject-matter,3,Feasible,context,,,1
gemma3_generalist_01_20260630_153327,gemma3_generalist,gemma3,generalist,3,Feasible,context,,,1
gemma3_normative_01_20260630_153327,gemma3_normative,gemma3,normative,3,Feasible,context,,,1
gemma3_subject-matter_01_20260630_153327,gemma3_subject-matter,gemma3,subject-matter,3,Feasible,context,,,1
phi4_generalist_01_20260630_153327,phi4_generalist,phi4,generalist,3,Feasible,context,,,1
phi4_normative_01_20260630_153327,phi4_normative,phi4,normative,3,Feasible,context,,,1
phi4_subject-matter_01_20260630_153327,phi4_subject-matter,phi4,subject-matter,3,Feasible,context,,,1
llama_generalist_02_20260630_153513,llama_generalist,llama,generalist,2,Somewhat feasible,context,,,2
llama_normative_02_20260630_153513,llama_normative,llama,normative,3,Feasible,context,,,2
llama_subject-matter_02_20260630_153513,llama_subject-matter,llama,subject-matter,4,Very feasible,context,,,2
mistral_generalist_02_20260630_153513,mistral_generalist,mistral,generalist,3,Feasible,context,,,2
mistral_normative_02_20260630_153513,mistral_normative,mistral,normative,3,Feasible,context,,,2
mistral_subject-matter_02_20260630_153513,mistral_subject-matter,mistral,subject-matter,3,Feasible,context,,,2
gemma3_generalist_02_20260630_153513,gemma3_generalist,gemma3,generalist,3,Feasible,context,,,2
gemma3_normative_02_20260630_153513,gemma3_normative,gemma3,normative,3,Feasible,context,,,2
gemma3_subject-matter_02_20260630_153513,gemma3_subject-matter,gemma3,subject-matter,3,Feasible,context,,,2
phi4_generalist_02_20260630_153513,phi4_generalist,phi4,generalist,3,Feasible,context,,,2
phi4_normative_02_20260630_153513,phi4_normative,phi4,normative,3,Feasible,context,,,2
phi4_subject-matter_02_20260630_153513,phi4_subject-matter,phi4,subject-matter,3,Feasible,context,,,2
llama_generalist_03_20260630_153706,llama_generalist,llama,generalist,3,Feasible,context,,,3
llama_normative_03_20260630_153706,llama_normative,llama,normative,4,Very feasible,context,,,3
llama_subject-matter_03_20260630_153706,llama_subject-matter,llama,subject-matter,1,Not feasible,context,,,3
mistral_generalist_03_20260630_153706,mistral_generalist,mistral,generalist,3,Feasible,context,,,3
mistral_normative_03_20260630_153706,mistral_normative,mistral,normative,3,Feasible,context,,,3
mistral_subject-matter_03_20260630_153706,mistral_subject-matter,mistral,subject-matter,3,Feasible,context,,,3
gemma3_generalist_03_20260630_153706,gemma3_generalist,gemma3,generalist,3,Feasible,context,,,3
gemma3_normative_03_20260630_153706,gemma3_normative,gemma3,normative,3,Feasible,context,,,3
gemma3_subject-matter_03_20260630_153706,gemma3_subject-matter,gemma3,subject-matter,3,Feasible,context,,,3
phi4_generalist_03_20260630_153706,phi4_generalist,phi4,generalist,3,Feasible,context,,,3
phi4_normative_03_20260630_153706,phi4_normative,phi4,normative,3,Feasible,context,,,3
phi4_subject-matter_03_20260630_153706,phi4_subject-matter,phi4,subject-matter,3,Feasible,context,,,3
llama_generalist_04_20260630_153903,llama_generalist,llama,generalist,3,Feasible,context,,,4
llama_normative_04_20260630_153903,llama_normative,llama,normative,4,Very feasible,context,,,4
llama_subject-matter_04_20260630_153903,llama_subject-matter,llama,subject-matter,3,Feasible,context,,,4
mistral_generalist_04_20260630_153903,mistral_generalist,mistral,generalist,3,Feasible,context,,,4
mistral_normative_04_20260630_153903,mistral_normative,mistral,normative,3,Feasible,context,,,4
mistral_subject-matter_04_20260630_153903,mistral_subject-matter,mistral,subject-matter,3,Feasible,context,,,4
gemma3_generalist_04_20260630_153903,gemma3_generalist,gemma3,generalist,3,Feasible,context,,,4
gemma3_normative_04_20260630_153903,gemma3_normative,gemma3,normative,3,Feasible,context,,,4
gemma3_subject-matter_04_20260630_153903,gemma3_subject-matter,gemma3,subject-matter,3,Feasible,context,,,4
phi4_generalist_04_20260630_153903,phi4_generalist,phi4,generalist,3,Feasible,context,,,4
phi4_normative_04_20260630_153903,phi4_normative,phi4,normative,3,Feasible,context,,,4
phi4_subject-matter_04_20260630_153903,phi4_subject-matter,phi4,subject-matter,3,Feasible,context,,,4
llama_generalist_05_20260630_163031,llama_generalist,llama,generalist,3,Feasible,context,,,5
llama_normative_05_20260630_163031,llama_normative,llama,normative,3,Feasible,context,,,5
llama_subject-matter_05_20260630_163031,llama_subject-matter,llama,subject-matter,3,Feasible,context,,,5
mistral_generalist_05_20260630_163031,mistral_generalist,mistral,generalist,3,Feasible,context,,,5
mistral_normative_05_20260630_163031,mistral_normative,mistral,normative,3,Feasible,context,,,5
mistral_subject-matter_05_20260630_163031,mistral_subject-matter,mistral,subject-matter,3,Feasible,context,,,5
gemma3_generalist_05_20260630_163031,gemma3_generalist,gemma3,generalist,3,Feasible,context,,,5
gemma3_normative_05_20260630_163031,gemma3_normative,gemma3,normative,3,Feasible,context,,,5
gemma3_subject-matter_05_20260630_163031,gemma3_subject-matter,gemma3,subject-matter,3,Feasible,context,,,5
phi4_generalist_05_20260630_163031,phi4_generalist,phi4,generalist,3,Feasible,context,,,5
phi4_normative_05_20260630_163031,phi4_normative,phi4,normative,3,Feasible,context,,,5
phi4_subject-matter_05_20260630_163031,phi4_subject-matter,phi4,subject-matter,3,Feasible,context,,,5
llama_generalist_06_20260630_163318,llama_generalist,llama,generalist,2,Somewhat feasible,context,,,6
llama_normative_06_20260630_163318,llama_normative,llama,normative,3,Feasible,context,,,6
llama_subject-matter_06_20260630_163318,llama_subject-matter,llama,subject-matter,3,Feasible,context,,,6
mistral_generalist_06_20260630_163318,mistral_generalist,mistral,generalist,3,Feasible,context,,,6
mistral_normative_06_20260630_163318,mistral_normative,mistral,normative,3,Feasible,context,,,6
mistral_subject-matter_06_20260630_163318,mistral_subject-matter,mistral,subject-matter,3,Feasible,context,,,6
gemma3_generalist_06_20260630_163318,gemma3_generalist,gemma3,generalist,3,Feasible,context,,,6
gemma3_normative_06_20260630_163318,gemma3_normative,gemma3,normative,3,Feasible,context,,,6
gemma3_subject-matter_06_20260630_163318,gemma3_subject-matter,gemma3,subject-matter,3,Feasible,context,,,6
phi4_generalist_06_20260630_163318,phi4_generalist,phi4,generalist,3,Feasible,context,,,6
phi4_normative_06_20260630_163318,phi4_normative,phi4,normative,3,Feasible,context,,,6
phi4_subject-matter_06_20260630_163318,phi4_subject-matter,phi4,subject-matter,3,Feasible,context,,,6
llama_generalist_07_20260630_163533,llama_generalist,llama,generalist,4,Very feasible,context,,,7
llama_normative_07_20260630_163533,llama_normative,llama,normative,3,Feasible,context,,,7
llama_subject-matter_07_20260630_163533,llama_subject-matter,llama,subject-matter,3,Feasible,context,,,7
mistral_generalist_07_20260630_163533,mistral_generalist,mistral,generalist,3,Feasible,context,,,7
mistral_normative_07_20260630_163533,mistral_normative,mistral,normative,3,Feasible,context,,,7
mistral_subject-matter_07_20260630_163533,mistral_subject-matter,mistral,subject-matter,3,Feasible,context,,,7
gemma3_generalist_07_20260630_163533,gemma3_generalist,gemma3,generalist,3,Feasible,context,,,7
gemma3_normative_07_20260630_163533,gemma3_normative,gemma3,normative,3,Feasible,context,,,7
gemma3_subject-matter_07_20260630_163533,gemma3_subject-matter,gemma3,subject-matter,3,Feasible,context,,,7
phi4_generalist_07_20260630_163533,phi4_generalist,phi4,generalist,3,Feasible,context,,,7
phi4_normative_07_20260630_163533,phi4_normative,phi4,normative,3,Feasible,context,,,7
phi4_subject-matter_07_20260630_163533,phi4_subject-matter,phi4,subject-matter,3,Feasible,context,,,7
llama_generalist_08_20260630_163744,llama_generalist,llama,generalist,4,Very feasible,context,,,8
llama_normative_08_20260630_163744,llama_normative,llama,normative,3,Feasible,context,,,8
llama_subject-matter_08_20260630_163744,llama_subject-matter,llama,subject-matter,4,Very feasible,context,,,8
mistral_generalist_08_20260630_163744,mistral_generalist,mistral,generalist,3,Feasible,context,,,8
mistral_normative_08_20260630_163744,mistral_normative,mistral,normative,3,Feasible,context,,,8
mistral_subject-matter_08_20260630_163744,mistral_subject-matter,mistral,subject-matter,3,Feasible,context,,,8
gemma3_generalist_08_20260630_163744,gemma3_generalist,gemma3,generalist,3,Feasible,context,,,8
gemma3_normative_08_20260630_163744,gemma3_normative,gemma3,normative,3,Feasible,context,,,8
gemma3_subject-matter_08_20260630_163744,gemma3_subject-matter,gemma3,subject-matter,3,Feasible,context,,,8
phi4_generalist_08_20260630_163744,phi4_generalist,phi4,generalist,3,Feasible,context,,,8
phi4_normative_08_20260630_163744,phi4_normative,phi4,normative,3,Feasible,context,,,8
phi4_subject-matter_08_20260630_163744,phi4_subject-matter,phi4,subject-matter,3,Feasible,context,,,8
llama_generalist_09_20260630_163937,llama_generalist,llama,generalist,3,Feasible,context,,,9
llama_normative_09_20260630_163937,llama_normative,llama,normative,3,Feasible,context,,,9
llama_subject-matter_09_20260630_163937,llama_subject-matter,llama,subject-matter,3,Feasible,context,,,9
mistral_generalist_09_20260630_163937,mistral_generalist,mistral,generalist,3,Feasible,context,,,9
mistral_normative_09_20260630_163937,mistral_normative,mistral,normative,3,Feasible,context,,,9
mistral_subject-matter_09_20260630_163937,mistral_subject-matter,mistral,subject-matter,3,Feasible,context,,,9
gemma3_generalist_09_20260630_163937,gemma3_generalist,gemma3,generalist,3,Feasible,context,,,9
gemma3_normative_09_20260630_163937,gemma3_normative,gemma3,normative,3,Feasible,context,,,9
gemma3_subject-matter_09_20260630_163937,gemma3_subject-matter,gemma3,subject-matter,3,Feasible,context,,,9
phi4_generalist_09_20260630_163937,phi4_generalist,phi4,generalist,3,Feasible,context,,,9
phi4_normative_09_20260630_163937,phi4_normative,phi4,normative,3,Feasible,context,,,9
phi4_subject-matter_09_20260630_163937,phi4_subject-matter,phi4,subject-matter,3,Feasible,context,,,9
llama_generalist_10_20260630_164134,llama_generalist,llama,generalist,2,Somewhat feasible,context,,,10
llama_normative_10_20260630_164134,llama_normative,llama,normative,3,Feasible,context,,,10
llama_subject-matter_10_20260630_164134,llama_subject-matter,llama,subject-matter,3,Feasible,context,,,10
mistral_generalist_10_20260630_164134,mistral_generalist,mistral,generalist,3,Feasible,context,,,10
mistral_normative_10_20260630_164134,mistral_normative,mistral,normative,3,Feasible,context,,,10
mistral_subject-matter_10_20260630_164134,mistral_subject-matter,mistral,subject-matter,3,Feasible,context,,,10
gemma3_generalist_10_20260630_164134,gemma3_generalist,gemma3,generalist,3,Feasible,context,,,10
gemma3_normative_10_20260630_164134,gemma3_normative,gemma3,normative,3,Feasible,context,,,10
gemma3_subject-matter_10_20260630_164134,gemma3_subject-matter,gemma3,subject-matter,3,Feasible,context,,,10
phi4_generalist_10_20260630_164134,phi4_generalist,phi4,generalist,3,Feasible,context,,,10
phi4_normative_10_20260630_164134,phi4_normative,phi4,normative,3,Feasible,context,,,10
phi4_subject-matter_10_20260630_164134,phi4_subject-matter,phi4,subject-matter,3,Feasible,context,,,10
llama_generalist_11_20260630_164320,llama_generalist,llama,generalist,3,Feasible,context,,,11
llama_normative_11_20260630_164320,llama_normative,llama,normative,3,Feasible,context,,,11
llama_subject-matter_11_20260630_164320,llama_subject-matter,llama,subject-matter,3,Feasible,context,,,11
mistral_generalist_11_20260630_164320,mistral_generalist,mistral,generalist,3,Feasible,context,,,11
mistral_normative_11_20260630_164320,mistral_normative,mistral,normative,3,Feasible,context,,,11
mistral_subject-matter_11_20260630_164320,mistral_subject-matter,mistral,subject-matter,3,Feasible,context,,,11
gemma3_generalist_11_20260630_164320,gemma3_generalist,gemma3,generalist,3,Feasible,context,,,11
gemma3_normative_11_20260630_164320,gemma3_normative,gemma3,normative,3,Feasible,context,,,11
gemma3_subject-matter_11_20260630_164320,gemma3_subject-matter,gemma3,subject-matter,3,Feasible,context,,,11
phi4_generalist_11_20260630_164320,phi4_generalist,phi4,generalist,3,Feasible,context,,,11
phi4_normative_11_20260630_164320,phi4_normative,phi4,normative,3,Feasible,context,,,11
phi4_subject-matter_11_20260630_164320,phi4_subject-matter,phi4,subject-matter,3,Feasible,context,,,11
llama_generalist_12_20260630_164502,llama_generalist,llama,generalist,4,Very feasible,context,,,12
llama_normative_12_20260630_164502,llama_normative,llama,normative,3,Feasible,context,,,12
llama_subject-matter_12_20260630_164502,llama_subject-matter,llama,subject-matter,3,Feasible,context,,,12
mistral_generalist_12_20260630_164502,mistral_generalist,mistral,generalist,3,Feasible,context,,,12
mistral_normative_12_20260630_164502,mistral_normative,mistral,normative,3,Feasible,context,,,12
mistral_subject-matter_12_20260630_164502,mistral_subject-matter,mistral,subject-matter,3,Feasible,context,,,12
gemma3_generalist_12_20260630_164502,gemma3_generalist,gemma3,generalist,3,Feasible,context,,,12
gemma3_normative_12_20260630_164502,gemma3_normative,gemma3,normative,3,Feasible,context,,,12
gemma3_subject-matter_12_20260630_164502,gemma3_subject-matter,gemma3,subject-matter,3,Feasible,context,,,12
phi4_generalist_12_20260630_164502,phi4_generalist,phi4,generalist,3,Feasible,context,,,12
phi4_normative_12_20260630_164502,phi4_normative,phi4,normative,3,Feasible,context,,,12
phi4_subject-matter_12_20260630_164502,phi4_subject-matter,phi4,subject-matter,3,Feasible,context,,,12
llama_generalist_13_20260630_164717,llama_generalist,llama,generalist,4,Very feasible,context,,,13
llama_normative_13_20260630_164717,llama_normative,llama,normative,3,Feasible,context,,,13
llama_subject-matter_13_20260630_164717,llama_subject-matter,llama,subject-matter,4,Very feasible,context,,,13
mistral_generalist_13_20260630_164717,mistral_generalist,mistral,generalist,3,Feasible,context,,,13
mistral_normative_13_20260630_164717,mistral_normative,mistral,normative,3,Feasible,context,,,13
mistral_subject-matter_13_20260630_164717,mistral_subject-matter,mistral,subject-matter,3,Feasible,context,,,13
gemma3_generalist_13_20260630_164717,gemma3_generalist,gemma3,generalist,3,Feasible,context,,,13
gemma3_normative_13_20260630_164717,gemma3_normative,gemma3,normative,3,Feasible,context,,,13
gemma3_subject-matter_13_20260630_164717,gemma3_subject-matter,gemma3,subject-matter,3,Feasible,context,,,13
phi4_generalist_13_20260630_164717,phi4_generalist,phi4,generalist,3,Feasible,context,,,13
phi4_normative_13_20260630_164717,phi4_normative,phi4,normative,3,Feasible,context,,,13
phi4_subject-matter_13_20260630_164717,phi4_subject-matter,phi4,subject-matter,3,Feasible,context,,,13
llama_generalist_14_20260630_164903,llama_generalist,llama,generalist,3,Feasible,context,,,14
llama_normative_14_20260630_164903,llama_normative,llama,normative,3,Feasible,context,,,14
llama_subject-matter_14_20260630_164903,llama_subject-matter,llama,subject-matter,3,Feasible,context,,,14
mistral_generalist_14_20260630_164903,mistral_generalist,mistral,generalist,3,Feasible,context,,,14
mistral_normative_14_20260630_164903,mistral_normative,mistral,normative,3,Feasible,context,,,14
mistral_subject-matter_14_20260630_164903,mistral_subject-matter,mistral,subject-matter,3,Feasible,context,,,14
gemma3_generalist_14_20260630_164903,gemma3_generalist,gemma3,generalist,3,Feasible,context,,,14
gemma3_normative_14_20260630_164903,gemma3_normative,gemma3,normative,3,Feasible,context,,,14
gemma3_subject-matter_14_20260630_164903,gemma3_subject-matter,gemma3,subject-matter,3,Feasible,context,,,14
phi4_generalist_14_20260630_164903,phi4_generalist,phi4,generalist,3,Feasible,context,,,14
phi4_normative_14_20260630_164903,phi4_normative,phi4,normative,3,Feasible,context,,,14
phi4_subject-matter_14_20260630_164903,phi4_subject-matter,phi4,subject-matter,3,Feasible,context,,,14
llama_generalist_15_20260630_165050,llama_generalist,llama,generalist,3,Feasible,context,,,15
llama_normative_15_20260630_165050,llama_normative,llama,normative,3,Feasible,context,,,15
llama_subject-matter_15_20260630_165050,llama_subject-matter,llama,subject-matter,4,Very feasible,context,,,15
mistral_generalist_15_20260630_165050,mistral_generalist,mistral,generalist,3,Feasible,context,,,15
mistral_normative_15_20260630_165050,mistral_normative,mistral,normative,3,Feasible,context,,,15
mistral_subject-matter_15_20260630_165050,mistral_subject-matter,mistral,subject-matter,3,Feasible,context,,,15
gemma3_generalist_15_20260630_165050,gemma3_generalist,gemma3,generalist,3,Feasible,context,,,15
gemma3_normative_15_20260630_165050,gemma3_normative,gemma3,normative,3,Feasible,context,,,15
gemma3_subject-matter_15_20260630_165050,gemma3_subject-matter,gemma3,subject-matter,3,Feasible,context,,,15
phi4_generalist_15_20260630_165050,phi4_generalist,phi4,generalist,3,Feasible,context,,,15
phi4_normative_15_20260630_165050,phi4_normative,phi4,normative,3,Feasible,context,,,15
phi4_subject-matter_15_20260630_165050,phi4_subject-matter,phi4,subject-matter,3,Feasible,context,,,15
llama_generalist_16_20260630_165241,llama_generalist,llama,generalist,3,Feasible,context,,,16
llama_normative_16_20260630_165241,llama_normative,llama,normative,4,Very feasible,context,,,16
llama_subject-matter_16_20260630_165241,llama_subject-matter,llama,subject-matter,3,Feasible,context,,,16
mistral_generalist_16_20260630_165241,mistral_generalist,mistral,generalist,3,Feasible,context,,,16
mistral_normative_16_20260630_165241,mistral_normative,mistral,normative,3,Feasible,context,,,16
mistral_subject-matter_16_20260630_165241,mistral_subject-matter,mistral,subject-matter,3,Feasible,context,,,16
gemma3_generalist_16_20260630_165241,gemma3_generalist,gemma3,generalist,3,Feasible,context,,,16
gemma3_normative_16_20260630_165241,gemma3_normative,gemma3,normative,3,Feasible,context,,,16
gemma3_subject-matter_16_20260630_165241,gemma3_subject-matter,gemma3,subject-matter,3,Feasible,context,,,16
phi4_generalist_16_20260630_165241,phi4_generalist,phi4,generalist,3,Feasible,context,,,16
phi4_normative_16_20260630_165241,phi4_normative,phi4,normative,3,Feasible,context,,,16
phi4_subject-matter_16_20260630_165241,phi4_subject-matter,phi4,subject-matter,3,Feasible,context,,,16
llama_generalist_17_20260630_165429,llama_generalist,llama,generalist,3,Feasible,context,,,17
llama_normative_17_20260630_165429,llama_normative,llama,normative,3,Feasible,context,,,17
llama_subject-matter_17_20260630_165429,llama_subject-matter,llama,subject-matter,2,Somewhat feasible,context,,,17
mistral_generalist_17_20260630_165429,mistral_generalist,mistral,generalist,3,Feasible,context,,,17
mistral_normative_17_20260630_165429,mistral_normative,mistral,normative,3,Feasible,context,,,17
mistral_subject-matter_17_20260630_165429,mistral_subject-matter,mistral,subject-matter,3,Feasible,context,,,17
gemma3_generalist_17_20260630_165429,gemma3_generalist,gemma3,generalist,3,Feasible,context,,,17
gemma3_normative_17_20260630_165429,gemma3_normative,gemma3,normative,3,Feasible,context,,,17
gemma3_subject-matter_17_20260630_165429,gemma3_subject-matter,gemma3,subject-matter,3,Feasible,context,,,17
phi4_generalist_17_20260630_165429,phi4_generalist,phi4,generalist,3,Feasible,context,,,17
phi4_normative_17_20260630_165429,phi4_normative,phi4,normative,3,Feasible,context,,,17
phi4_subject-matter_17_20260630_165429,phi4_subject-matter,phi4,subject-matter,3,Feasible,context,,,17
llama_generalist_18_20260630_165656,llama_generalist,llama,generalist,3,Feasible,context,,,18
llama_normative_18_20260630_165656,llama_normative,llama,normative,2,Somewhat feasible,context,,,18
llama_subject-matter_18_20260630_165656,llama_subject-matter,llama,subject-matter,3,Feasible,context,,,18
mistral_generalist_18_20260630_165656,mistral_generalist,mistral,generalist,3,Feasible,context,,,18
mistral_normative_18_20260630_165656,mistral_normative,mistral,normative,3,Feasible,context,,,18
mistral_subject-matter_18_20260630_165656,mistral_subject-matter,mistral,subject-matter,3,Feasible,context,,,18
gemma3_generalist_18_20260630_165656,gemma3_generalist,gemma3,generalist,3,Feasible,context,,,18
gemma3_normative_18_20260630_165656,gemma3_normative,gemma3,normative,3,Feasible,context,,,18
gemma3_subject-matter_18_20260630_165656,gemma3_subject-matter,gemma3,subject-matter,3,Feasible,context,,,18
phi4_generalist_18_20260630_165656,phi4_generalist,phi4,generalist,3,Feasible,context,,,18
phi4_normative_18_20260630_165656,phi4_normative,phi4,normative,3,Feasible,context,,,18
phi4_subject-matter_18_20260630_165656,phi4_subject-matter,phi4,subject-matter,3,Feasible,context,,,18
llama_generalist_19_20260630_165914,llama_generalist,llama,generalist,3,Feasible,context,,,19
llama_normative_19_20260630_165914,llama_normative,llama,normative,4,Very feasible,context,,,19
llama_subject-matter_19_20260630_165914,llama_subject-matter,llama,subject-matter,3,Feasible,context,,,19
mistral_generalist_19_20260630_165914,mistral_generalist,mistral,generalist,3,Feasible,context,,,19
mistral_normative_19_20260630_165914,mistral_normative,mistral,normative,3,Feasible,context,,,19
mistral_subject-matter_19_20260630_165914,mistral_subject-matter,mistral,subject-matter,3,Feasible,context,,,19
gemma3_generalist_19_20260630_165914,gemma3_generalist,gemma3,generalist,3,Feasible,context,,,19
gemma3_normative_19_20260630_165914,gemma3_normative,gemma3,normative,3,Feasible,context,,,19
gemma3_subject-matter_19_20260630_165914,gemma3_subject-matter,gemma3,subject-matter,3,Feasible,context,,,19
phi4_generalist_19_20260630_165914,phi4_generalist,phi4,generalist,3,Feasible,context,,,19
phi4_normative_19_20260630_165914,phi4_normative,phi4,normative,3,Feasible,context,,,19
phi4_subject-matter_19_20260630_165914,phi4_subject-matter,phi4,subject-matter,3,Feasible,context,,,19
llama_generalist_20_20260630_170058,llama_generalist,llama,generalist,3,Feasible,context,,,20
llama_normative_20_20260630_170058,llama_normative,llama,normative,3,Feasible,context,,,20
llama_subject-matter_20_20260630_170058,llama_subject-matter,llama,subject-matter,4,Very feasible,context,,,20
mistral_generalist_20_20260630_170058,mistral_generalist,mistral,generalist,3,Feasible,context,,,20
mistral_normative_20_20260630_170058,mistral_normative,mistral,normative,3,Feasible,context,,,20
mistral_subject-matter_20_20260630_170058,mistral_subject-matter,mistral,subject-matter,3,Feasible,context,,,20
gemma3_generalist_20_20260630_170058,gemma3_generalist,gemma3,generalist,3,Feasible,context,,,20
gemma3_normative_20_20260630_170058,gemma3_normative,gemma3,normative,3,Feasible,context,,,20
gemma3_subject-matter_20_20260630_170058,gemma3_subject-matter,gemma3,subject-matter,3,Feasible,context,,,20
phi4_generalist_20_20260630_170058,phi4_generalist,phi4,generalist,3,Feasible,context,,,20
phi4_normative_20_20260630_170058,phi4_normative,phi4,normative,3,Feasible,context,,,20
phi4_subject-matter_20_20260630_170058,phi4_subject-matter,phi4,subject-matter,3,Feasible,context,,,20
llama_generalist_21_20260630_170312,llama_generalist,llama,generalist,3,Feasible,context,,,21
llama_normative_21_20260630_170312,llama_normative,llama,normative,4,Very feasible,context,,,21
llama_subject-matter_21_20260630_170312,llama_subject-matter,llama,subject-matter,3,Feasible,context,,,21
mistral_generalist_21_20260630_170312,mistral_generalist,mistral,generalist,3,Feasible,context,,,21
mistral_normative_21_20260630_170312,mistral_normative,mistral,normative,3,Feasible,context,,,21
mistral_subject-matter_21_20260630_170312,mistral_subject-matter,mistral,subject-matter,3,Feasible,context,,,21
gemma3_generalist_21_20260630_170312,gemma3_generalist,gemma3,generalist,3,Feasible,context,,,21
gemma3_normative_21_20260630_170312,gemma3_normative,gemma3,normative,3,Feasible,context,,,21
gemma3_subject-matter_21_20260630_170312,gemma3_subject-matter,gemma3,subject-matter,3,Feasible,context,,,21
phi4_generalist_21_20260630_170312,phi4_generalist,phi4,generalist,3,Feasible,context,,,21
phi4_normative_21_20260630_170312,phi4_normative,phi4,normative,3,Feasible,context,,,21
phi4_subject-matter_21_20260630_170312,phi4_subject-matter,phi4,subject-matter,3,Feasible,context,,,21
llama_generalist_22_20260630_170455,llama_generalist,llama,generalist,3,Feasible,context,,,22
llama_normative_22_20260630_170455,llama_normative,llama,normative,3,Feasible,context,,,22
llama_subject-matter_22_20260630_170455,llama_subject-matter,llama,subject-matter,1,Not feasible,context,,,22
mistral_generalist_22_20260630_170455,mistral_generalist,mistral,generalist,3,Feasible,context,,,22
mistral_normative_22_20260630_170455,mistral_normative,mistral,normative,3,Feasible,context,,,22
mistral_subject-matter_22_20260630_170455,mistral_subject-matter,mistral,subject-matter,3,Feasible,context,,,22
gemma3_generalist_22_20260630_170455,gemma3_generalist,gemma3,generalist,3,Feasible,context,,,22
gemma3_normative_22_20260630_170455,gemma3_normative,gemma3,normative,3,Feasible,context,,,22
gemma3_subject-matter_22_20260630_170455,gemma3_subject-matter,gemma3,subject-matter,3,Feasible,context,,,22
phi4_generalist_22_20260630_170455,phi4_generalist,phi4,generalist,3,Feasible,context,,,22
phi4_normative_22_20260630_170455,phi4_normative,phi4,normative,3,Feasible,context,,,22
phi4_subject-matter_22_20260630_170455,phi4_subject-matter,phi4,subject-matter,3,Feasible,context,,,22
llama_generalist_23_20260630_170643,llama_generalist,llama,generalist,3,Feasible,context,,,23
llama_normative_23_20260630_170643,llama_normative,llama,normative,4,Very feasible,context,,,23
llama_subject-matter_23_20260630_170643,llama_subject-matter,llama,subject-matter,3,Feasible,context,,,23
mistral_generalist_23_20260630_170643,mistral_generalist,mistral,generalist,3,Feasible,context,,,23
mistral_normative_23_20260630_170643,mistral_normative,mistral,normative,3,Feasible,context,,,23
mistral_subject-matter_23_20260630_170643,mistral_subject-matter,mistral,subject-matter,3,Feasible,context,,,23
gemma3_generalist_23_20260630_170643,gemma3_generalist,gemma3,generalist,3,Feasible,context,,,23
gemma3_normative_23_20260630_170643,gemma3_normative,gemma3,normative,3,Feasible,context,,,23
gemma3_subject-matter_23_20260630_170643,gemma3_subject-matter,gemma3,subject-matter,3,Feasible,context,,,23
phi4_generalist_23_20260630_170643,phi4_generalist,phi4,generalist,3,Feasible,context,,,23
phi4_normative_23_20260630_170643,phi4_normative,phi4,normative,3,Feasible,context,,,23
phi4_subject-matter_23_20260630_170643,phi4_subject-matter,phi4,subject-matter,3,Feasible,context,,,23
llama_generalist_24_20260630_170843,llama_generalist,llama,generalist,3,Feasible,context,,,24
llama_normative_24_20260630_170843,llama_normative,llama,normative,3,Feasible,context,,,24
llama_subject-matter_24_20260630_170843,llama_subject-matter,llama,subject-matter,3,Feasible,context,,,24
mistral_generalist_24_20260630_170843,mistral_generalist,mistral,generalist,3,Feasible,context,,,24
mistral_normative_24_20260630_170843,mistral_normative,mistral,normative,3,Feasible,context,,,24
mistral_subject-matter_24_20260630_170843,mistral_subject-matter,mistral,subject-matter,3,Feasible,context,,,24
gemma3_generalist_24_20260630_170843,gemma3_generalist,gemma3,generalist,3,Feasible,context,,,24
gemma3_normative_24_20260630_170843,gemma3_normative,gemma3,normative,3,Feasible,context,,,24
gemma3_subject-matter_24_20260630_170843,gemma3_subject-matter,gemma3,subject-matter,3,Feasible,context,,,24
phi4_generalist_24_20260630_170843,phi4_generalist,phi4,generalist,3,Feasible,context,,,24
phi4_normative_24_20260630_170843,phi4_normative,phi4,normative,3,Feasible,context,,,24
phi4_subject-matter_24_20260630_170843,phi4_subject-matter,phi4,subject-matter,3,Feasible,context,,,24
llama_generalist_25_20260630_171042,llama_generalist,llama,generalist,2,Somewhat feasible,context,,,25
llama_normative_25_20260630_171042,llama_normative,llama,normative,3,Feasible,context,,,25
llama_subject-matter_25_20260630_171042,llama_subject-matter,llama,subject-matter,3,Feasible,context,,,25
mistral_generalist_25_20260630_171042,mistral_generalist,mistral,generalist,3,Feasible,context,,,25
mistral_normative_25_20260630_171042,mistral_normative,mistral,normative,3,Feasible,context,,,25
mistral_subject-matter_25_20260630_171042,mistral_subject-matter,mistral,subject-matter,3,Feasible,context,,,25
gemma3_generalist_25_20260630_171042,gemma3_generalist,gemma3,generalist,3,Feasible,context,,,25
gemma3_normative_25_20260630_171042,gemma3_normative,gemma3,normative,3,Feasible,context,,,25
gemma3_subject-matter_25_20260630_171042,gemma3_subject-matter,gemma3,subject-matter,3,Feasible,context,,,25
phi4_generalist_25_20260630_171042,phi4_generalist,phi4,generalist,3,Feasible,context,,,25
phi4_normative_25_20260630_171042,phi4_normative,phi4,normative,3,Feasible,context,,,25
phi4_subject-matter_25_20260630_171042,phi4_subject-matter,phi4,subject-matter,3,Feasible,context,,,25
llama_generalist_26_20260630_171229,llama_generalist,llama,generalist,4,Very feasible,context,,,26
llama_normative_26_20260630_171229,llama_normative,llama,normative,3,Feasible,context,,,26
llama_subject-matter_26_20260630_171229,llama_subject-matter,llama,subject-matter,3,Feasible,context,,,26
mistral_generalist_26_20260630_171229,mistral_generalist,mistral,generalist,3,Feasible,context,,,26
mistral_normative_26_20260630_171229,mistral_normative,mistral,normative,3,Feasible,context,,,26
mistral_subject-matter_26_20260630_171229,mistral_subject-matter,mistral,subject-matter,3,Feasible,context,,,26
gemma3_generalist_26_20260630_171229,gemma3_generalist,gemma3,generalist,3,Feasible,context,,,26
gemma3_normative_26_20260630_171229,gemma3_normative,gemma3,normative,3,Feasible,context,,,26
gemma3_subject-matter_26_20260630_171229,gemma3_subject-matter,gemma3,subject-matter,3,Feasible,context,,,26
phi4_generalist_26_20260630_171229,phi4_generalist,phi4,generalist,3,Feasible,context,,,26
phi4_normative_26_20260630_171229,phi4_normative,phi4,normative,3,Feasible,context,,,26
phi4_subject-matter_26_20260630_171229,phi4_subject-matter,phi4,subject-matter,3,Feasible,context,,,26
llama_generalist_27_20260630_171430,llama_generalist,llama,generalist,1,Not feasible,context,,,27
llama_normative_27_20260630_171430,llama_normative,llama,normative,3,Feasible,context,,,27
llama_subject-matter_27_20260630_171430,llama_subject-matter,llama,subject-matter,4,Very feasible,context,,,27
mistral_generalist_27_20260630_171430,mistral_generalist,mistral,generalist,3,Feasible,context,,,27
mistral_normative_27_20260630_171430,mistral_normative,mistral,normative,3,Feasible,context,,,27
mistral_subject-matter_27_20260630_171430,mistral_subject-matter,mistral,subject-matter,3,Feasible,context,,,27
gemma3_generalist_27_20260630_171430,gemma3_generalist,gemma3,generalist,3,Feasible,context,,,27
gemma3_normative_27_20260630_171430,gemma3_normative,gemma3,normative,3,Feasible,context,,,27
gemma3_subject-matter_27_20260630_171430,gemma3_subject-matter,gemma3,subject-matter,3,Feasible,context,,,27
phi4_generalist_27_20260630_171430,phi4_generalist,phi4,generalist,3,Feasible,context,,,27
phi4_normative_27_20260630_171430,phi4_normative,phi4,normative,3,Feasible,context,,,27
phi4_subject-matter_27_20260630_171430,phi4_subject-matter,phi4,subject-matter,3,Feasible,context,,,27
llama_generalist_28_20260630_171613,llama_generalist,llama,generalist,3,Feasible,context,,,28
llama_normative_28_20260630_171613,llama_normative,llama,normative,4,Very feasible,context,,,28
llama_subject-matter_28_20260630_171613,llama_subject-matter,llama,subject-matter,4,Very feasible,context,,,28
mistral_generalist_28_20260630_171613,mistral_generalist,mistral,generalist,3,Feasible,context,,,28
mistral_normative_28_20260630_171613,mistral_normative,mistral,normative,3,Feasible,context,,,28
mistral_subject-matter_28_20260630_171613,mistral_subject-matter,mistral,subject-matter,3,Feasible,context,,,28
gemma3_generalist_28_20260630_171613,gemma3_generalist,gemma3,generalist,3,Feasible,context,,,28
gemma3_normative_28_20260630_171613,gemma3_normative,gemma3,normative,3,Feasible,context,,,28
gemma3_subject-matter_28_20260630_171613,gemma3_subject-matter,gemma3,subject-matter,3,Feasible,context,,,28
phi4_generalist_28_20260630_171613,phi4_generalist,phi4,generalist,3,Feasible,context,,,28
phi4_normative_28_20260630_171613,phi4_normative,phi4,normative,3,Feasible,context,,,28
phi4_subject-matter_28_20260630_171613,phi4_subject-matter,phi4,subject-matter,3,Feasible,context,,,28
llama_generalist_29_20260630_171752,llama_generalist,llama,generalist,3,Feasible,context,,,29
llama_normative_29_20260630_171752,llama_normative,llama,normative,4,Very feasible,context,,,29
llama_subject-matter_29_20260630_171752,llama_subject-matter,llama,subject-matter,3,Feasible,context,,,29
mistral_generalist_29_20260630_171752,mistral_generalist,mistral,generalist,3,Feasible,context,,,29
mistral_normative_29_20260630_171752,mistral_normative,mistral,normative,3,Feasible,context,,,29
mistral_subject-matter_29_20260630_171752,mistral_subject-matter,mistral,subject-matter,3,Feasible,context,,,29
gemma3_generalist_29_20260630_171752,gemma3_generalist,gemma3,generalist,3,Feasible,context,,,29
gemma3_normative_29_20260630_171752,gemma3_normative,gemma3,normative,3,Feasible,context,,,29
gemma3_subject-matter_29_20260630_171752,gemma3_subject-matter,gemma3,subject-matter,3,Feasible,context,,,29
phi4_generalist_29_20260630_171752,phi4_generalist,phi4,generalist,3,Feasible,context,,,29
phi4_normative_29_20260630_171752,phi4_normative,phi4,normative,3,Feasible,context,,,29
phi4_subject-matter_29_20260630_171752,phi4_subject-matter,phi4,subject-matter,3,Feasible,context,,,29
llama_generalist_30_20260630_171939,llama_generalist,llama,generalist,3,Feasible,context,,,30
llama_normative_30_20260630_171939,llama_normative,llama,normative,3,Feasible,context,,,30
llama_subject-matter_30_20260630_171939,llama_subject-matter,llama,subject-matter,3,Feasible,context,,,30
mistral_generalist_30_20260630_171939,mistral_generalist,mistral,generalist,3,Feasible,context,,,30
mistral_normative_30_20260630_171939,mistral_normative,mistral,normative,3,Feasible,context,,,30
mistral_subject-matter_30_20260630_171939,mistral_subject-matter,mistral,subject-matter,3,Feasible,context,,,30
gemma3_generalist_30_20260630_171939,gemma3_generalist,gemma3,generalist,3,Feasible,context,,,30
gemma3_normative_30_20260630_171939,gemma3_normative,gemma3,normative,3,Feasible,context,,,30
gemma3_subject-matter_30_20260630_171939,gemma3_subject-matter,gemma3,subject-matter,3,Feasible,context,,,30
phi4_generalist_30_20260630_171939,phi4_generalist,phi4,generalist,3,Feasible,context,,,30
phi4_normative_30_20260630_171939,phi4_normative,phi4,normative,3,Feasible,context,,,30
phi4_subject-matter_30_20260630_171939,phi4_subject-matter,phi4,subject-matter,3,Feasible,context,,,30
llama_generalist_31_20260630_172130,llama_generalist,llama,generalist,4,Very feasible,context,,,31
llama_normative_31_20260630_172130,llama_normative,llama,normative,3,Feasible,context,,,31
llama_subject-matter_31_20260630_172130,llama_subject-matter,llama,subject-matter,3,Feasible,context,,,31
mistral_generalist_31_20260630_172130,mistral_generalist,mistral,generalist,3,Feasible,context,,,31
mistral_normative_31_20260630_172130,mistral_normative,mistral,normative,3,Feasible,context,,,31
mistral_subject-matter_31_20260630_172130,mistral_subject-matter,mistral,subject-matter,3,Feasible,context,,,31
gemma3_generalist_31_20260630_172130,gemma3_generalist,gemma3,generalist,3,Feasible,context,,,31
gemma3_normative_31_20260630_172130,gemma3_normative,gemma3,normative,3,Feasible,context,,,31
gemma3_subject-matter_31_20260630_172130,gemma3_subject-matter,gemma3,subject-matter,3,Feasible,context,,,31
phi4_generalist_31_20260630_172130,phi4_generalist,phi4,generalist,3,Feasible,context,,,31
phi4_normative_31_20260630_172130,phi4_normative,phi4,normative,3,Feasible,context,,,31
phi4_subject-matter_31_20260630_172130,phi4_subject-matter,phi4,subject-matter,3,Feasible,context,,,31
llama_generalist_32_20260630_172323,llama_generalist,llama,generalist,3,Feasible,context,,,32
llama_normative_32_20260630_172323,llama_normative,llama,normative,3,Feasible,context,,,32
llama_subject-matter_32_20260630_172323,llama_subject-matter,llama,subject-matter,3,Feasible,context,,,32
mistral_generalist_32_20260630_172323,mistral_generalist,mistral,generalist,3,Feasible,context,,,32
mistral_normative_32_20260630_172323,mistral_normative,mistral,normative,3,Feasible,context,,,32
mistral_subject-matter_32_20260630_172323,mistral_subject-matter,mistral,subject-matter,3,Feasible,context,,,32
gemma3_generalist_32_20260630_172323,gemma3_generalist,gemma3,generalist,3,Feasible,context,,,32
gemma3_normative_32_20260630_172323,gemma3_normative,gemma3,normative,3,Feasible,context,,,32
gemma3_subject-matter_32_20260630_172323,gemma3_subject-matter,gemma3,subject-matter,3,Feasible,context,,,32
phi4_generalist_32_20260630_172323,phi4_generalist,phi4,generalist,3,Feasible,context,,,32
phi4_normative_32_20260630_172323,phi4_normative,phi4,normative,3,Feasible,context,,,32
phi4_subject-matter_32_20260630_172323,phi4_subject-matter,phi4,subject-matter,3,Feasible,context,,,32
llama_generalist_33_20260630_172516,llama_generalist,llama,generalist,3,Feasible,context,,,33
llama_normative_33_20260630_172516,llama_normative,llama,normative,3,Feasible,context,,,33
llama_subject-matter_33_20260630_172516,llama_subject-matter,llama,subject-matter,3,Feasible,context,,,33
mistral_generalist_33_20260630_172516,mistral_generalist,mistral,generalist,3,Feasible,context,,,33
mistral_normative_33_20260630_172516,mistral_normative,mistral,normative,3,Feasible,context,,,33
mistral_subject-matter_33_20260630_172516,mistral_subject-matter,mistral,subject-matter,3,Feasible,context,,,33
gemma3_generalist_33_20260630_172516,gemma3_generalist,gemma3,generalist,3,Feasible,context,,,33
gemma3_normative_33_20260630_172516,gemma3_normative,gemma3,normative,3,Feasible,context,,,33
gemma3_subject-matter_33_20260630_172516,gemma3_subject-matter,gemma3,subject-matter,3,Feasible,context,,,33
phi4_generalist_33_20260630_172516,phi4_generalist,phi4,generalist,3,Feasible,context,,,33
phi4_normative_33_20260630_172516,phi4_normative,phi4,normative,3,Feasible,context,,,33
phi4_subject-matter_33_20260630_172516,phi4_subject-matter,phi4,subject-matter,3,Feasible,context,,,33
llama_generalist_34_20260630_172704,llama_generalist,llama,generalist,4,Very feasible,context,,,34
llama_normative_34_20260630_172704,llama_normative,llama,normative,4,Very feasible,context,,,34
llama_subject-matter_34_20260630_172704,llama_subject-matter,llama,subject-matter,3,Feasible,context,,,34
mistral_generalist_34_20260630_172704,mistral_generalist,mistral,generalist,3,Feasible,context,,,34
mistral_normative_34_20260630_172704,mistral_normative,mistral,normative,3,Feasible,context,,,34
mistral_subject-matter_34_20260630_172704,mistral_subject-matter,mistral,subject-matter,3,Feasible,context,,,34
gemma3_generalist_34_20260630_172704,gemma3_generalist,gemma3,generalist,3,Feasible,context,,,34
gemma3_normative_34_20260630_172704,gemma3_normative,gemma3,normative,3,Feasible,context,,,34
gemma3_subject-matter_34_20260630_172704,gemma3_subject-matter,gemma3,subject-matter,3,Feasible,context,,,34
phi4_generalist_34_20260630_172704,phi4_generalist,phi4,generalist,3,Feasible,context,,,34
phi4_normative_34_20260630_172704,phi4_normative,phi4,normative,3,Feasible,context,,,34
phi4_subject-matter_34_20260630_172704,phi4_subject-matter,phi4,subject-matter,3,Feasible,context,,,34
llama_generalist_35_20260630_172845,llama_generalist,llama,generalist,3,Feasible,context,,,35
llama_normative_35_20260630_172845,llama_normative,llama,normative,4,Very feasible,context,,,35
llama_subject-matter_35_20260630_172845,llama_subject-matter,llama,subject-matter,4,Very feasible,context,,,35
mistral_generalist_35_20260630_172845,mistral_generalist,mistral,generalist,3,Feasible,context,,,35
mistral_normative_35_20260630_172845,mistral_normative,mistral,normative,3,Feasible,context,,,35
mistral_subject-matter_35_20260630_172845,mistral_subject-matter,mistral,subject-matter,3,Feasible,context,,,35
gemma3_generalist_35_20260630_172845,gemma3_generalist,gemma3,generalist,3,Feasible,context,,,35
gemma3_normative_35_20260630_172845,gemma3_normative,gemma3,normative,3,Feasible,context,,,35
gemma3_subject-matter_35_20260630_172845,gemma3_subject-matter,gemma3,subject-matter,3,Feasible,context,,,35
phi4_generalist_35_20260630_172845,phi4_generalist,phi4,generalist,3,Feasible,context,,,35
phi4_normative_35_20260630_172845,phi4_normative,phi4,normative,3,Feasible,context,,,35
phi4_subject-matter_35_20260630_172845,phi4_subject-matter,phi4,subject-matter,3,Feasible,context,,,35
llama_generalist_36_20260630_173032,llama_generalist,llama,generalist,3,Feasible,context,,,36
llama_normative_36_20260630_173032,llama_normative,llama,normative,3,Feasible,context,,,36
llama_subject-matter_36_20260630_173032,llama_subject-matter,llama,subject-matter,4,Very feasible,context,,,36
mistral_generalist_36_20260630_173032,mistral_generalist,mistral,generalist,3,Feasible,context,,,36
mistral_normative_36_20260630_173032,mistral_normative,mistral,normative,3,Feasible,context,,,36
mistral_subject-matter_36_20260630_173032,mistral_subject-matter,mistral,subject-matter,3,Feasible,context,,,36
gemma3_generalist_36_20260630_173032,gemma3_generalist,gemma3,generalist,3,Feasible,context,,,36
gemma3_normative_36_20260630_173032,gemma3_normative,gemma3,normative,3,Feasible,context,,,36
gemma3_subject-matter_36_20260630_173032,gemma3_subject-matter,gemma3,subject-matter,3,Feasible,context,,,36
phi4_generalist_36_20260630_173032,phi4_generalist,phi4,generalist,3,Feasible,context,,,36
phi4_normative_36_20260630_173032,phi4_normative,phi4,normative,3,Feasible,context,,,36
phi4_subject-matter_36_20260630_173032,phi4_subject-matter,phi4,subject-matter,3,Feasible,context,,,36
llama_generalist_37_20260630_173233,llama_generalist,llama,generalist,3,Feasible,context,,,37
llama_normative_37_20260630_173233,llama_normative,llama,normative,4,Very feasible,context,,,37
llama_subject-matter_37_20260630_173233,llama_subject-matter,llama,subject-matter,4,Very feasible,context,,,37
mistral_generalist_37_20260630_173233,mistral_generalist,mistral,generalist,3,Feasible,context,,,37
mistral_normative_37_20260630_173233,mistral_normative,mistral,normative,3,Feasible,context,,,37
mistral_subject-matter_37_20260630_173233,mistral_subject-matter,mistral,subject-matter,3,Feasible,context,,,37
gemma3_generalist_37_20260630_173233,gemma3_generalist,gemma3,generalist,3,Feasible,context,,,37
gemma3_normative_37_20260630_173233,gemma3_normative,gemma3,normative,3,Feasible,context,,,37
gemma3_subject-matter_37_20260630_173233,gemma3_subject-matter,gemma3,subject-matter,3,Feasible,context,,,37
phi4_generalist_37_20260630_173233,phi4_generalist,phi4,generalist,3,Feasible,context,,,37
phi4_normative_37_20260630_173233,phi4_normative,phi4,normative,3,Feasible,context,,,37
phi4_subject-matter_37_20260630_173233,phi4_subject-matter,phi4,subject-matter,3,Feasible,context,,,37
llama_generalist_38_20260630_173416,llama_generalist,llama,generalist,3,Feasible,context,,,38
llama_normative_38_20260630_173416,llama_normative,llama,normative,3,Feasible,context,,,38
llama_subject-matter_38_20260630_173416,llama_subject-matter,llama,subject-matter,3,Feasible,context,,,38
mistral_generalist_38_20260630_173416,mistral_generalist,mistral,generalist,3,Feasible,context,,,38
mistral_normative_38_20260630_173416,mistral_normative,mistral,normative,3,Feasible,context,,,38
mistral_subject-matter_38_20260630_173416,mistral_subject-matter,mistral,subject-matter,3,Feasible,context,,,38
gemma3_generalist_38_20260630_173416,gemma3_generalist,gemma3,generalist,3,Feasible,context,,,38
gemma3_normative_38_20260630_173416,gemma3_normative,gemma3,normative,3,Feasible,context,,,38
gemma3_subject-matter_38_20260630_173416,gemma3_subject-matter,gemma3,subject-matter,3,Feasible,context,,,38
phi4_generalist_38_20260630_173416,phi4_generalist,phi4,generalist,3,Feasible,context,,,38
phi4_normative_38_20260630_173416,phi4_normative,phi4,normative,3,Feasible,context,,,38
phi4_subject-matter_38_20260630_173416,phi4_subject-matter,phi4,subject-matter,3,Feasible,context,,,38
llama_generalist_39_20260630_173622,llama_generalist,llama,generalist,3,Feasible,context,,,39
llama_normative_39_20260630_173622,llama_normative,llama,normative,3,Feasible,context,,,39
llama_subject-matter_39_20260630_173622,llama_subject-matter,llama,subject-matter,4,Very feasible,context,,,39
mistral_generalist_39_20260630_173622,mistral_generalist,mistral,generalist,3,Feasible,context,,,39
mistral_normative_39_20260630_173622,mistral_normative,mistral,normative,3,Feasible,context,,,39
mistral_subject-matter_39_20260630_173622,mistral_subject-matter,mistral,subject-matter,3,Feasible,context,,,39
gemma3_generalist_39_20260630_173622,gemma3_generalist,gemma3,generalist,3,Feasible,context,,,39
gemma3_normative_39_20260630_173622,gemma3_normative,gemma3,normative,3,Feasible,context,,,39
gemma3_subject-matter_39_20260630_173622,gemma3_subject-matter,gemma3,subject-matter,3,Feasible,context,,,39
phi4_generalist_39_20260630_173622,phi4_generalist,phi4,generalist,3,Feasible,context,,,39
phi4_normative_39_20260630_173622,phi4_normative,phi4,normative,3,Feasible,context,,,39
phi4_subject-matter_39_20260630_173622,phi4_subject-matter,phi4,subject-matter,3,Feasible,context,,,39
llama_generalist_40_20260630_173814,llama_generalist,llama,generalist,4,Very feasible,context,,,40
llama_normative_40_20260630_173814,llama_normative,llama,normative,4,Very feasible,context,,,40
llama_subject-matter_40_20260630_173814,llama_subject-matter,llama,subject-matter,3,Feasible,context,,,40
mistral_generalist_40_20260630_173814,mistral_generalist,mistral,generalist,3,Feasible,context,,,40
mistral_normative_40_20260630_173814,mistral_normative,mistral,normative,3,Feasible,context,,,40
mistral_subject-matter_40_20260630_173814,mistral_subject-matter,mistral,subject-matter,3,Feasible,context,,,40
gemma3_generalist_40_20260630_173814,gemma3_generalist,gemma3,generalist,3,Feasible,context,,,40
gemma3_normative_40_20260630_173814,gemma3_normative,gemma3,normative,3,Feasible,context,,,40
gemma3_subject-matter_40_20260630_173814,gemma3_subject-matter,gemma3,subject-matter,3,Feasible,context,,,40
phi4_generalist_40_20260630_173814,phi4_generalist,phi4,generalist,3,Feasible,context,,,40
phi4_normative_40_20260630_173814,phi4_normative,phi4,normative,3,Feasible,context,,,40
phi4_subject-matter_40_20260630_173814,phi4_subject-matter,phi4,subject-matter,3,Feasible,context,,,40
llama_generalist_41_20260630_174023,llama_generalist,llama,generalist,3,Feasible,context,,,41
llama_normative_41_20260630_174023,llama_normative,llama,normative,3,Feasible,context,,,41
llama_subject-matter_41_20260630_174023,llama_subject-matter,llama,subject-matter,3,Feasible,context,,,41
mistral_generalist_41_20260630_174023,mistral_generalist,mistral,generalist,3,Feasible,context,,,41
mistral_normative_41_20260630_174023,mistral_normative,mistral,normative,3,Feasible,context,,,41
mistral_subject-matter_41_20260630_174023,mistral_subject-matter,mistral,subject-matter,3,Feasible,context,,,41
gemma3_generalist_41_20260630_174023,gemma3_generalist,gemma3,generalist,3,Feasible,context,,,41
gemma3_normative_41_20260630_174023,gemma3_normative,gemma3,normative,3,Feasible,context,,,41
gemma3_subject-matter_41_20260630_174023,gemma3_subject-matter,gemma3,subject-matter,3,Feasible,context,,,41
phi4_generalist_41_20260630_174023,phi4_generalist,phi4,generalist,3,Feasible,context,,,41
phi4_normative_41_20260630_174023,phi4_normative,phi4,normative,3,Feasible,context,,,41
phi4_subject-matter_41_20260630_174023,phi4_subject-matter,phi4,subject-matter,3,Feasible,context,,,41
llama_generalist_42_20260630_174215,llama_generalist,llama,generalist,3,Feasible,context,,,42
llama_normative_42_20260630_174215,llama_normative,llama,normative,4,Very feasible,context,,,42
llama_subject-matter_42_20260630_174215,llama_subject-matter,llama,subject-matter,3,Feasible,context,,,42
mistral_generalist_42_20260630_174215,mistral_generalist,mistral,generalist,3,Feasible,context,,,42
mistral_normative_42_20260630_174215,mistral_normative,mistral,normative,3,Feasible,context,,,42
mistral_subject-matter_42_20260630_174215,mistral_subject-matter,mistral,subject-matter,3,Feasible,context,,,42
gemma3_generalist_42_20260630_174215,gemma3_generalist,gemma3,generalist,3,Feasible,context,,,42
gemma3_normative_42_20260630_174215,gemma3_normative,gemma3,normative,3,Feasible,context,,,42
gemma3_subject-matter_42_20260630_174215,gemma3_subject-matter,gemma3,subject-matter,3,Feasible,context,,,42
phi4_generalist_42_20260630_174215,phi4_generalist,phi4,generalist,3,Feasible,context,,,42
phi4_normative_42_20260630_174215,phi4_normative,phi4,normative,3,Feasible,context,,,42
phi4_subject-matter_42_20260630_174215,phi4_subject-matter,phi4,subject-matter,3,Feasible,context,,,42
llama_generalist_43_20260630_174405,llama_generalist,llama,generalist,3,Feasible,context,,,43
llama_normative_43_20260630_174405,llama_normative,llama,normative,3,Feasible,context,,,43
llama_subject-matter_43_20260630_174405,llama_subject-matter,llama,subject-matter,2,Somewhat feasible,context,,,43
mistral_generalist_43_20260630_174405,mistral_generalist,mistral,generalist,3,Feasible,context,,,43
mistral_normative_43_20260630_174405,mistral_normative,mistral,normative,3,Feasible,context,,,43
mistral_subject-matter_43_20260630_174405,mistral_subject-matter,mistral,subject-matter,3,Feasible,context,,,43
gemma3_generalist_43_20260630_174405,gemma3_generalist,gemma3,generalist,3,Feasible,context,,,43
gemma3_normative_43_20260630_174405,gemma3_normative,gemma3,normative,3,Feasible,context,,,43
gemma3_subject-matter_43_20260630_174405,gemma3_subject-matter,gemma3,subject-matter,3,Feasible,context,,,43
phi4_generalist_43_20260630_174405,phi4_generalist,phi4,generalist,3,Feasible,context,,,43
phi4_normative_43_20260630_174405,phi4_normative,phi4,normative,3,Feasible,context,,,43
phi4_subject-matter_43_20260630_174405,phi4_subject-matter,phi4,subject-matter,3,Feasible,context,,,43
llama_generalist_44_20260630_174617,llama_generalist,llama,generalist,3,Feasible,context,,,44
llama_normative_44_20260630_174617,llama_normative,llama,normative,3,Feasible,context,,,44
llama_subject-matter_44_20260630_174617,llama_subject-matter,llama,subject-matter,3,Feasible,context,,,44
mistral_generalist_44_20260630_174617,mistral_generalist,mistral,generalist,3,Feasible,context,,,44
mistral_normative_44_20260630_174617,mistral_normative,mistral,normative,3,Feasible,context,,,44
mistral_subject-matter_44_20260630_174617,mistral_subject-matter,mistral,subject-matter,3,Feasible,context,,,44
gemma3_generalist_44_20260630_174617,gemma3_generalist,gemma3,generalist,3,Feasible,context,,,44
gemma3_normative_44_20260630_174617,gemma3_normative,gemma3,normative,3,Feasible,context,,,44
gemma3_subject-matter_44_20260630_174617,gemma3_subject-matter,gemma3,subject-matter,3,Feasible,context,,,44
phi4_generalist_44_20260630_174617,phi4_generalist,phi4,generalist,3,Feasible,context,,,44
phi4_normative_44_20260630_174617,phi4_normative,phi4,normative,3,Feasible,context,,,44
phi4_subject-matter_44_20260630_174617,phi4_subject-matter,phi4,subject-matter,3,Feasible,context,,,44
llama_generalist_45_20260630_174803,llama_generalist,llama,generalist,3,Feasible,context,,,45
llama_normative_45_20260630_174803,llama_normative,llama,normative,3,Feasible,context,,,45
llama_subject-matter_45_20260630_174803,llama_subject-matter,llama,subject-matter,3,Feasible,context,,,45
mistral_generalist_45_20260630_174803,mistral_generalist,mistral,generalist,3,Feasible,context,,,45
mistral_normative_45_20260630_174803,mistral_normative,mistral,normative,3,Feasible,context,,,45
mistral_subject-matter_45_20260630_174803,mistral_subject-matter,mistral,subject-matter,3,Feasible,context,,,45
gemma3_generalist_45_20260630_174803,gemma3_generalist,gemma3,generalist,3,Feasible,context,,,45
gemma3_normative_45_20260630_174803,gemma3_normative,gemma3,normative,3,Feasible,context,,,45
gemma3_subject-matter_45_20260630_174803,gemma3_subject-matter,gemma3,subject-matter,3,Feasible,context,,,45
phi4_generalist_45_20260630_174803,phi4_generalist,phi4,generalist,3,Feasible,context,,,45
phi4_normative_45_20260630_174803,phi4_normative,phi4,normative,3,Feasible,context,,,45
phi4_subject-matter_45_20260630_174803,phi4_subject-matter,phi4,subject-matter,3,Feasible,context,,,45
llama_generalist_46_20260630_175030,llama_generalist,llama,generalist,3,Feasible,context,,,46
llama_normative_46_20260630_175030,llama_normative,llama,normative,3,Feasible,context,,,46
llama_subject-matter_46_20260630_175030,llama_subject-matter,llama,subject-matter,3,Feasible,context,,,46
mistral_generalist_46_20260630_175030,mistral_generalist,mistral,generalist,3,Feasible,context,,,46
mistral_normative_46_20260630_175030,mistral_normative,mistral,normative,3,Feasible,context,,,46
mistral_subject-matter_46_20260630_175030,mistral_subject-matter,mistral,subject-matter,3,Feasible,context,,,46
gemma3_generalist_46_20260630_175030,gemma3_generalist,gemma3,generalist,3,Feasible,context,,,46
gemma3_normative_46_20260630_175030,gemma3_normative,gemma3,normative,3,Feasible,context,,,46
gemma3_subject-matter_46_20260630_175030,gemma3_subject-matter,gemma3,subject-matter,3,Feasible,context,,,46
phi4_generalist_46_20260630_175030,phi4_generalist,phi4,generalist,3,Feasible,context,,,46
phi4_normative_46_20260630_175030,phi4_normative,phi4,normative,3,Feasible,context,,,46
phi4_subject-matter_46_20260630_175030,phi4_subject-matter,phi4,subject-matter,3,Feasible,context,,,46
llama_generalist_47_20260630_175224,llama_generalist,llama,generalist,2,Somewhat feasible,context,,,47
llama_normative_47_20260630_175224,llama_normative,llama,normative,3,Feasible,context,,,47
llama_subject-matter_47_20260630_175224,llama_subject-matter,llama,subject-matter,4,Very feasible,context,,,47
mistral_generalist_47_20260630_175224,mistral_generalist,mistral,generalist,3,Feasible,context,,,47
mistral_normative_47_20260630_175224,mistral_normative,mistral,normative,3,Feasible,context,,,47
mistral_subject-matter_47_20260630_175224,mistral_subject-matter,mistral,subject-matter,3,Feasible,context,,,47
gemma3_generalist_47_20260630_175224,gemma3_generalist,gemma3,generalist,3,Feasible,context,,,47
gemma3_normative_47_20260630_175224,gemma3_normative,gemma3,normative,3,Feasible,context,,,47
gemma3_subject-matter_47_20260630_175224,gemma3_subject-matter,gemma3,subject-matter,3,Feasible,context,,,47
phi4_generalist_47_20260630_175224,phi4_generalist,phi4,generalist,3,Feasible,context,,,47
phi4_normative_47_20260630_175224,phi4_normative,phi4,normative,3,Feasible,context,,,47
phi4_subject-matter_47_20260630_175224,phi4_subject-matter,phi4,subject-matter,3,Feasible,context,,,47
llama_generalist_48_20260630_175413,llama_generalist,llama,generalist,4,Very feasible,context,,,48
llama_normative_48_20260630_175413,llama_normative,llama,normative,3,Feasible,context,,,48
llama_subject-matter_48_20260630_175413,llama_subject-matter,llama,subject-matter,4,Very feasible,context,,,48
mistral_generalist_48_20260630_175413,mistral_generalist,mistral,generalist,3,Feasible,context,,,48
mistral_normative_48_20260630_175413,mistral_normative,mistral,normative,3,Feasible,context,,,48
mistral_subject-matter_48_20260630_175413,mistral_subject-matter,mistral,subject-matter,3,Feasible,context,,,48
gemma3_generalist_48_20260630_175413,gemma3_generalist,gemma3,generalist,3,Feasible,context,,,48
gemma3_normative_48_20260630_175413,gemma3_normative,gemma3,normative,3,Feasible,context,,,48
gemma3_subject-matter_48_20260630_175413,gemma3_subject-matter,gemma3,subject-matter,3,Feasible,context,,,48
phi4_generalist_48_20260630_175413,phi4_generalist,phi4,generalist,3,Feasible,context,,,48
phi4_normative_48_20260630_175413,phi4_normative,phi4,normative,3,Feasible,context,,,48
phi4_subject-matter_48_20260630_175413,phi4_subject-matter,phi4,subject-matter,3,Feasible,context,,,48
llama_generalist_49_20260630_175624,llama_generalist,llama,generalist,4,Very feasible,context,,,49
llama_normative_49_20260630_175624,llama_normative,llama,normative,2,Somewhat feasible,context,,,49
llama_subject-matter_49_20260630_175624,llama_subject-matter,llama,subject-matter,1,Not feasible,context,,,49
mistral_generalist_49_20260630_175624,mistral_generalist,mistral,generalist,3,Feasible,context,,,49
mistral_normative_49_20260630_175624,mistral_normative,mistral,normative,3,Feasible,context,,,49
mistral_subject-matter_49_20260630_175624,mistral_subject-matter,mistral,subject-matter,3,Feasible,context,,,49
gemma3_generalist_49_20260630_175624,gemma3_generalist,gemma3,generalist,3,Feasible,context,,,49
gemma3_normative_49_20260630_175624,gemma3_normative,gemma3,normative,3,Feasible,context,,,49
gemma3_subject-matter_49_20260630_175624,gemma3_subject-matter,gemma3,subject-matter,3,Feasible,context,,,49
phi4_generalist_49_20260630_175624,phi4_generalist,phi4,generalist,3,Feasible,context,,,49
phi4_normative_49_20260630_175624,phi4_normative,phi4,normative,3,Feasible,context,,,49
phi4_subject-matter_49_20260630_175624,phi4_subject-matter,phi4,subject-matter,3,Feasible,context,,,49
ANCHOR_WORD_phi4_generalist_00_20260702_211718,phi4_generalist,phi4,generalist,3,Feasible,anchor,ANCHOR_WORD,,0
ANCHOR_WORD_phi4_normative_00_20260702_211718,phi4_normative,phi4,normative,3,Feasible,anchor,ANCHOR_WORD,,0
ANCHOR_WORD_phi4_subject-matter_00_20260702_211718,phi4_subject-matter,phi4,subject-matter,3,Feasible,anchor,ANCHOR_WORD,,0
ANCHOR_WORD_llama_generalist_00_20260702_211718,llama_generalist,llama,generalist,3,Feasible,anchor,ANCHOR_WORD,,0
ANCHOR_WORD_llama_normative_00_20260702_211718,llama_normative,llama,normative,3,Feasible,anchor,ANCHOR_WORD,,0
ANCHOR_WORD_llama_subject-matter_00_20260702_211718,llama_subject-matter,llama,subject-matter,3,Feasible,anchor,ANCHOR_WORD,,0
ANCHOR_WORD_mistral_generalist_00_20260702_211718,mistral_generalist,mistral,generalist,3,Feasible,anchor,ANCHOR_WORD,,0
ANCHOR_WORD_mistral_normative_00_20260702_211718,mistral_normative,mistral,normative,3,Feasible,anchor,ANCHOR_WORD,,0
ANCHOR_WORD_mistral_subject-matter_00_20260702_211718,mistral_subject-matter,mistral,subject-matter,3,Feasible,anchor,ANCHOR_WORD,,0
ANCHOR_WORD_gemma3_generalist_00_20260702_211718,gemma3_generalist,gemma3,generalist,3,Feasible,anchor,ANCHOR_WORD,,0
ANCHOR_WORD_gemma3_normative_00_20260702_211718,gemma3_normative,gemma3,normative,3,Feasible,anchor,ANCHOR_WORD,,0
ANCHOR_WORD_gemma3_subject-matter_00_20260702_211718,gemma3_subject-matter,gemma3,subject-matter,3,Feasible,anchor,ANCHOR_WORD,,0
ANCHOR_WORD_phi4_generalist_01_20260702_211903,phi4_generalist,phi4,generalist,3,Feasible,anchor,ANCHOR_WORD,,1
ANCHOR_WORD_phi4_normative_01_20260702_211903,phi4_normative,phi4,normative,3,Feasible,anchor,ANCHOR_WORD,,1
ANCHOR_WORD_phi4_subject-matter_01_20260702_211903,phi4_subject-matter,phi4,subject-matter,3,Feasible,anchor,ANCHOR_WORD,,1
ANCHOR_WORD_llama_generalist_01_20260702_211903,llama_generalist,llama,generalist,3,Feasible,anchor,ANCHOR_WORD,,1
ANCHOR_WORD_llama_normative_01_20260702_211903,llama_normative,llama,normative,3,Feasible,anchor,ANCHOR_WORD,,1
ANCHOR_WORD_llama_subject-matter_01_20260702_211903,llama_subject-matter,llama,subject-matter,4,Very feasible,anchor,ANCHOR_WORD,,1
ANCHOR_WORD_mistral_generalist_01_20260702_211903,mistral_generalist,mistral,generalist,3,Feasible,anchor,ANCHOR_WORD,,1
ANCHOR_WORD_mistral_normative_01_20260702_211903,mistral_normative,mistral,normative,3,Feasible,anchor,ANCHOR_WORD,,1
ANCHOR_WORD_mistral_subject-matter_01_20260702_211903,mistral_subject-matter,mistral,subject-matter,3,Feasible,anchor,ANCHOR_WORD,,1
ANCHOR_WORD_gemma3_generalist_01_20260702_211903,gemma3_generalist,gemma3,generalist,3,Feasible,anchor,ANCHOR_WORD,,1
ANCHOR_WORD_gemma3_normative_01_20260702_211903,gemma3_normative,gemma3,normative,3,Feasible,anchor,ANCHOR_WORD,,1
ANCHOR_WORD_gemma3_subject-matter_01_20260702_211903,gemma3_subject-matter,gemma3,subject-matter,3,Feasible,anchor,ANCHOR_WORD,,1
ANCHOR_WORD_phi4_generalist_02_20260702_212045,phi4_generalist,phi4,generalist,3,Feasible,anchor,ANCHOR_WORD,,2
ANCHOR_WORD_phi4_normative_02_20260702_212045,phi4_normative,phi4,normative,3,Feasible,anchor,ANCHOR_WORD,,2
ANCHOR_WORD_phi4_subject-matter_02_20260702_212045,phi4_subject-matter,phi4,subject-matter,3,Feasible,anchor,ANCHOR_WORD,,2
ANCHOR_WORD_llama_generalist_02_20260702_212045,llama_generalist,llama,generalist,3,Feasible,anchor,ANCHOR_WORD,,2
ANCHOR_WORD_llama_normative_02_20260702_212045,llama_normative,llama,normative,3,Feasible,anchor,ANCHOR_WORD,,2
ANCHOR_WORD_llama_subject-matter_02_20260702_212045,llama_subject-matter,llama,subject-matter,4,Very feasible,anchor,ANCHOR_WORD,,2
ANCHOR_WORD_mistral_generalist_02_20260702_212045,mistral_generalist,mistral,generalist,3,Feasible,anchor,ANCHOR_WORD,,2
ANCHOR_WORD_mistral_normative_02_20260702_212045,mistral_normative,mistral,normative,3,Feasible,anchor,ANCHOR_WORD,,2
ANCHOR_WORD_mistral_subject-matter_02_20260702_212045,mistral_subject-matter,mistral,subject-matter,3,Feasible,anchor,ANCHOR_WORD,,2
ANCHOR_WORD_gemma3_generalist_02_20260702_212045,gemma3_generalist,gemma3,generalist,3,Feasible,anchor,ANCHOR_WORD,,2
ANCHOR_WORD_gemma3_normative_02_20260702_212045,gemma3_normative,gemma3,normative,3,Feasible,anchor,ANCHOR_WORD,,2
ANCHOR_WORD_gemma3_subject-matter_02_20260702_212045,gemma3_subject-matter,gemma3,subject-matter,3,Feasible,anchor,ANCHOR_WORD,,2
ANCHOR_WORD_phi4_generalist_03_20260702_212231,phi4_generalist,phi4,generalist,3,Feasible,anchor,ANCHOR_WORD,,3
ANCHOR_WORD_phi4_normative_03_20260702_212231,phi4_normative,phi4,normative,3,Feasible,anchor,ANCHOR_WORD,,3
ANCHOR_WORD_phi4_subject-matter_03_20260702_212231,phi4_subject-matter,phi4,subject-matter,3,Feasible,anchor,ANCHOR_WORD,,3
ANCHOR_WORD_llama_generalist_03_20260702_212231,llama_generalist,llama,generalist,3,Feasible,anchor,ANCHOR_WORD,,3
ANCHOR_WORD_llama_normative_03_20260702_212231,llama_normative,llama,normative,3,Feasible,anchor,ANCHOR_WORD,,3
ANCHOR_WORD_llama_subject-matter_03_20260702_212231,llama_subject-matter,llama,subject-matter,4,Very feasible,anchor,ANCHOR_WORD,,3
ANCHOR_WORD_mistral_generalist_03_20260702_212231,mistral_generalist,mistral,generalist,3,Feasible,anchor,ANCHOR_WORD,,3
ANCHOR_WORD_mistral_normative_03_20260702_212231,mistral_normative,mistral,normative,3,Feasible,anchor,ANCHOR_WORD,,3
ANCHOR_WORD_mistral_subject-matter_03_20260702_212231,mistral_subject-matter,mistral,subject-matter,3,Feasible,anchor,ANCHOR_WORD,,3
ANCHOR_WORD_gemma3_generalist_03_20260702_212231,gemma3_generalist,gemma3,generalist,3,Feasible,anchor,ANCHOR_WORD,,3
ANCHOR_WORD_gemma3_normative_03_20260702_212231,gemma3_normative,gemma3,normative,3,Feasible,anchor,ANCHOR_WORD,,3
ANCHOR_WORD_gemma3_subject-matter_03_20260702_212231,gemma3_subject-matter,gemma3,subject-matter,3,Feasible,anchor,ANCHOR_WORD,,3
ANCHOR_WORD_phi4_generalist_04_20260702_212422,phi4_generalist,phi4,generalist,3,Feasible,anchor,ANCHOR_WORD,,4
ANCHOR_WORD_phi4_normative_04_20260702_212422,phi4_normative,phi4,normative,3,Feasible,anchor,ANCHOR_WORD,,4
ANCHOR_WORD_phi4_subject-matter_04_20260702_212422,phi4_subject-matter,phi4,subject-matter,3,Feasible,anchor,ANCHOR_WORD,,4
ANCHOR_WORD_llama_generalist_04_20260702_212422,llama_generalist,llama,generalist,4,Very feasible,anchor,ANCHOR_WORD,,4
ANCHOR_WORD_llama_normative_04_20260702_212422,llama_normative,llama,normative,3,Feasible,anchor,ANCHOR_WORD,,4
ANCHOR_WORD_llama_subject-matter_04_20260702_212422,llama_subject-matter,llama,subject-matter,3,Feasible,anchor,ANCHOR_WORD,,4
ANCHOR_WORD_mistral_generalist_04_20260702_212422,mistral_generalist,mistral,generalist,3,Feasible,anchor,ANCHOR_WORD,,4
ANCHOR_WORD_mistral_normative_04_20260702_212422,mistral_normative,mistral,normative,3,Feasible,anchor,ANCHOR_WORD,,4
ANCHOR_WORD_mistral_subject-matter_04_20260702_212422,mistral_subject-matter,mistral,subject-matter,3,Feasible,anchor,ANCHOR_WORD,,4
ANCHOR_WORD_gemma3_generalist_04_20260702_212422,gemma3_generalist,gemma3,generalist,3,Feasible,anchor,ANCHOR_WORD,,4
ANCHOR_WORD_gemma3_normative_04_20260702_212422,gemma3_normative,gemma3,normative,3,Feasible,anchor,ANCHOR_WORD,,4
ANCHOR_WORD_gemma3_subject-matter_04_20260702_212422,gemma3_subject-matter,gemma3,subject-matter,3,Feasible,anchor,ANCHOR_WORD,,4
ANCHOR_WORD_phi4_generalist_05_20260702_212606,phi4_generalist,phi4,generalist,3,Feasible,anchor,ANCHOR_WORD,,5
ANCHOR_WORD_phi4_normative_05_20260702_212606,phi4_normative,phi4,normative,3,Feasible,anchor,ANCHOR_WORD,,5
ANCHOR_WORD_phi4_subject-matter_05_20260702_212606,phi4_subject-matter,phi4,subject-matter,3,Feasible,anchor,ANCHOR_WORD,,5
ANCHOR_WORD_llama_generalist_05_20260702_212606,llama_generalist,llama,generalist,3,Feasible,anchor,ANCHOR_WORD,,5
ANCHOR_WORD_llama_normative_05_20260702_212606,llama_normative,llama,normative,3,Feasible,anchor,ANCHOR_WORD,,5
ANCHOR_WORD_llama_subject-matter_05_20260702_212606,llama_subject-matter,llama,subject-matter,4,Very feasible,anchor,ANCHOR_WORD,,5
ANCHOR_WORD_mistral_generalist_05_20260702_212606,mistral_generalist,mistral,generalist,3,Feasible,anchor,ANCHOR_WORD,,5
ANCHOR_WORD_mistral_normative_05_20260702_212606,mistral_normative,mistral,normative,3,Feasible,anchor,ANCHOR_WORD,,5
ANCHOR_WORD_mistral_subject-matter_05_20260702_212606,mistral_subject-matter,mistral,subject-matter,3,Feasible,anchor,ANCHOR_WORD,,5
ANCHOR_WORD_gemma3_generalist_05_20260702_212606,gemma3_generalist,gemma3,generalist,3,Feasible,anchor,ANCHOR_WORD,,5
ANCHOR_WORD_gemma3_normative_05_20260702_212606,gemma3_normative,gemma3,normative,3,Feasible,anchor,ANCHOR_WORD,,5
ANCHOR_WORD_gemma3_subject-matter_05_20260702_212606,gemma3_subject-matter,gemma3,subject-matter,3,Feasible,anchor,ANCHOR_WORD,,5
ANCHOR_WORD_phi4_generalist_06_20260702_212751,phi4_generalist,phi4,generalist,3,Feasible,anchor,ANCHOR_WORD,,6
ANCHOR_WORD_phi4_normative_06_20260702_212751,phi4_normative,phi4,normative,3,Feasible,anchor,ANCHOR_WORD,,6
ANCHOR_WORD_phi4_subject-matter_06_20260702_212751,phi4_subject-matter,phi4,subject-matter,3,Feasible,anchor,ANCHOR_WORD,,6
ANCHOR_WORD_llama_generalist_06_20260702_212751,llama_generalist,llama,generalist,4,Very feasible,anchor,ANCHOR_WORD,,6
ANCHOR_WORD_llama_normative_06_20260702_212751,llama_normative,llama,normative,3,Feasible,anchor,ANCHOR_WORD,,6
ANCHOR_WORD_llama_subject-matter_06_20260702_212751,llama_subject-matter,llama,subject-matter,4,Very feasible,anchor,ANCHOR_WORD,,6
ANCHOR_WORD_mistral_generalist_06_20260702_212751,mistral_generalist,mistral,generalist,3,Feasible,anchor,ANCHOR_WORD,,6
ANCHOR_WORD_mistral_normative_06_20260702_212751,mistral_normative,mistral,normative,3,Feasible,anchor,ANCHOR_WORD,,6
ANCHOR_WORD_mistral_subject-matter_06_20260702_212751,mistral_subject-matter,mistral,subject-matter,3,Feasible,anchor,ANCHOR_WORD,,6
ANCHOR_WORD_gemma3_generalist_06_20260702_212751,gemma3_generalist,gemma3,generalist,3,Feasible,anchor,ANCHOR_WORD,,6
ANCHOR_WORD_gemma3_normative_06_20260702_212751,gemma3_normative,gemma3,normative,3,Feasible,anchor,ANCHOR_WORD,,6
ANCHOR_WORD_gemma3_subject-matter_06_20260702_212751,gemma3_subject-matter,gemma3,subject-matter,3,Feasible,anchor,ANCHOR_WORD,,6
ANCHOR_WORD_phi4_generalist_07_20260702_212934,phi4_generalist,phi4,generalist,3,Feasible,anchor,ANCHOR_WORD,,7
ANCHOR_WORD_phi4_normative_07_20260702_212934,phi4_normative,phi4,normative,3,Feasible,anchor,ANCHOR_WORD,,7
ANCHOR_WORD_phi4_subject-matter_07_20260702_212934,phi4_subject-matter,phi4,subject-matter,3,Feasible,anchor,ANCHOR_WORD,,7
ANCHOR_WORD_llama_generalist_07_20260702_212934,llama_generalist,llama,generalist,3,Feasible,anchor,ANCHOR_WORD,,7
ANCHOR_WORD_llama_normative_07_20260702_212934,llama_normative,llama,normative,4,Very feasible,anchor,ANCHOR_WORD,,7
ANCHOR_WORD_llama_subject-matter_07_20260702_212934,llama_subject-matter,llama,subject-matter,4,Very feasible,anchor,ANCHOR_WORD,,7
ANCHOR_WORD_mistral_generalist_07_20260702_212934,mistral_generalist,mistral,generalist,3,Feasible,anchor,ANCHOR_WORD,,7
ANCHOR_WORD_mistral_normative_07_20260702_212934,mistral_normative,mistral,normative,4,Very feasible,anchor,ANCHOR_WORD,,7
ANCHOR_WORD_mistral_subject-matter_07_20260702_212934,mistral_subject-matter,mistral,subject-matter,3,Feasible,anchor,ANCHOR_WORD,,7
ANCHOR_WORD_gemma3_generalist_07_20260702_212934,gemma3_generalist,gemma3,generalist,3,Feasible,anchor,ANCHOR_WORD,,7
ANCHOR_WORD_gemma3_normative_07_20260702_212934,gemma3_normative,gemma3,normative,3,Feasible,anchor,ANCHOR_WORD,,7
ANCHOR_WORD_gemma3_subject-matter_07_20260702_212934,gemma3_subject-matter,gemma3,subject-matter,3,Feasible,anchor,ANCHOR_WORD,,7
ANCHOR_WORD_phi4_generalist_08_20260702_213125,phi4_generalist,phi4,generalist,3,Feasible,anchor,ANCHOR_WORD,,8
ANCHOR_WORD_phi4_normative_08_20260702_213125,phi4_normative,phi4,normative,3,Feasible,anchor,ANCHOR_WORD,,8
ANCHOR_WORD_phi4_subject-matter_08_20260702_213125,phi4_subject-matter,phi4,subject-matter,3,Feasible,anchor,ANCHOR_WORD,,8
ANCHOR_WORD_llama_generalist_08_20260702_213125,llama_generalist,llama,generalist,3,Feasible,anchor,ANCHOR_WORD,,8
ANCHOR_WORD_llama_normative_08_20260702_213125,llama_normative,llama,normative,3,Feasible,anchor,ANCHOR_WORD,,8
ANCHOR_WORD_llama_subject-matter_08_20260702_213125,llama_subject-matter,llama,subject-matter,3,Feasible,anchor,ANCHOR_WORD,,8
ANCHOR_WORD_mistral_generalist_08_20260702_213125,mistral_generalist,mistral,generalist,3,Feasible,anchor,ANCHOR_WORD,,8
ANCHOR_WORD_mistral_normative_08_20260702_213125,mistral_normative,mistral,normative,3,Feasible,anchor,ANCHOR_WORD,,8
ANCHOR_WORD_mistral_subject-matter_08_20260702_213125,mistral_subject-matter,mistral,subject-matter,3,Feasible,anchor,ANCHOR_WORD,,8
ANCHOR_WORD_gemma3_generalist_08_20260702_213125,gemma3_generalist,gemma3,generalist,3,Feasible,anchor,ANCHOR_WORD,,8
ANCHOR_WORD_gemma3_normative_08_20260702_213125,gemma3_normative,gemma3,normative,3,Feasible,anchor,ANCHOR_WORD,,8
ANCHOR_WORD_gemma3_subject-matter_08_20260702_213125,gemma3_subject-matter,gemma3,subject-matter,3,Feasible,anchor,ANCHOR_WORD,,8
ANCHOR_WORD_phi4_generalist_09_20260702_213312,phi4_generalist,phi4,generalist,3,Feasible,anchor,ANCHOR_WORD,,9
ANCHOR_WORD_phi4_normative_09_20260702_213312,phi4_normative,phi4,normative,3,Feasible,anchor,ANCHOR_WORD,,9
ANCHOR_WORD_phi4_subject-matter_09_20260702_213312,phi4_subject-matter,phi4,subject-matter,3,Feasible,anchor,ANCHOR_WORD,,9
ANCHOR_WORD_llama_generalist_09_20260702_213312,llama_generalist,llama,generalist,3,Feasible,anchor,ANCHOR_WORD,,9
ANCHOR_WORD_llama_normative_09_20260702_213312,llama_normative,llama,normative,3,Feasible,anchor,ANCHOR_WORD,,9
ANCHOR_WORD_llama_subject-matter_09_20260702_213312,llama_subject-matter,llama,subject-matter,4,Very feasible,anchor,ANCHOR_WORD,,9
ANCHOR_WORD_mistral_generalist_09_20260702_213312,mistral_generalist,mistral,generalist,3,Feasible,anchor,ANCHOR_WORD,,9
ANCHOR_WORD_mistral_normative_09_20260702_213312,mistral_normative,mistral,normative,3,Feasible,anchor,ANCHOR_WORD,,9
ANCHOR_WORD_mistral_subject-matter_09_20260702_213312,mistral_subject-matter,mistral,subject-matter,3,Feasible,anchor,ANCHOR_WORD,,9
ANCHOR_WORD_gemma3_generalist_09_20260702_213312,gemma3_generalist,gemma3,generalist,3,Feasible,anchor,ANCHOR_WORD,,9
ANCHOR_WORD_gemma3_normative_09_20260702_213312,gemma3_normative,gemma3,normative,3,Feasible,anchor,ANCHOR_WORD,,9
ANCHOR_WORD_gemma3_subject-matter_09_20260702_213312,gemma3_subject-matter,gemma3,subject-matter,3,Feasible,anchor,ANCHOR_WORD,,9
ANCHOR_EXAMPLE_phi4_generalist_00_20260702_214019,phi4_generalist,phi4,generalist,3,Feasible,anchor,ANCHOR_EXAMPLE,,0
ANCHOR_EXAMPLE_phi4_normative_00_20260702_214019,phi4_normative,phi4,normative,3,Feasible,anchor,ANCHOR_EXAMPLE,,0
ANCHOR_EXAMPLE_phi4_subject-matter_00_20260702_214019,phi4_subject-matter,phi4,subject-matter,3,Feasible,anchor,ANCHOR_EXAMPLE,,0
ANCHOR_EXAMPLE_llama_generalist_00_20260702_214019,llama_generalist,llama,generalist,2,Somewhat feasible,anchor,ANCHOR_EXAMPLE,,0
ANCHOR_EXAMPLE_llama_normative_00_20260702_214019,llama_normative,llama,normative,3,Feasible,anchor,ANCHOR_EXAMPLE,,0
ANCHOR_EXAMPLE_llama_subject-matter_00_20260702_214019,llama_subject-matter,llama,subject-matter,3,Feasible,anchor,ANCHOR_EXAMPLE,,0
ANCHOR_EXAMPLE_mistral_generalist_00_20260702_214019,mistral_generalist,mistral,generalist,3,Feasible,anchor,ANCHOR_EXAMPLE,,0
ANCHOR_EXAMPLE_mistral_normative_00_20260702_214019,mistral_normative,mistral,normative,3,Feasible,anchor,ANCHOR_EXAMPLE,,0
ANCHOR_EXAMPLE_mistral_subject-matter_00_20260702_214019,mistral_subject-matter,mistral,subject-matter,3,Feasible,anchor,ANCHOR_EXAMPLE,,0
ANCHOR_EXAMPLE_gemma3_generalist_00_20260702_214019,gemma3_generalist,gemma3,generalist,3,Feasible,anchor,ANCHOR_EXAMPLE,,0
ANCHOR_EXAMPLE_gemma3_normative_00_20260702_214019,gemma3_normative,gemma3,normative,3,Feasible,anchor,ANCHOR_EXAMPLE,,0
ANCHOR_EXAMPLE_gemma3_subject-matter_00_20260702_214019,gemma3_subject-matter,gemma3,subject-matter,3,Feasible,anchor,ANCHOR_EXAMPLE,,0
ANCHOR_EXAMPLE_phi4_generalist_01_20260702_214238,phi4_generalist,phi4,generalist,3,Feasible,anchor,ANCHOR_EXAMPLE,,1
ANCHOR_EXAMPLE_phi4_normative_01_20260702_214238,phi4_normative,phi4,normative,3,Feasible,anchor,ANCHOR_EXAMPLE,,1
ANCHOR_EXAMPLE_phi4_subject-matter_01_20260702_214238,phi4_subject-matter,phi4,subject-matter,3,Feasible,anchor,ANCHOR_EXAMPLE,,1
ANCHOR_EXAMPLE_llama_generalist_01_20260702_214238,llama_generalist,llama,generalist,3,Feasible,anchor,ANCHOR_EXAMPLE,,1
ANCHOR_EXAMPLE_llama_normative_01_20260702_214238,llama_normative,llama,normative,4,Very feasible,anchor,ANCHOR_EXAMPLE,,1
ANCHOR_EXAMPLE_llama_subject-matter_01_20260702_214238,llama_subject-matter,llama,subject-matter,3,Feasible,anchor,ANCHOR_EXAMPLE,,1
ANCHOR_EXAMPLE_mistral_generalist_01_20260702_214238,mistral_generalist,mistral,generalist,3,Feasible,anchor,ANCHOR_EXAMPLE,,1
ANCHOR_EXAMPLE_mistral_normative_01_20260702_214238,mistral_normative,mistral,normative,3,Feasible,anchor,ANCHOR_EXAMPLE,,1
ANCHOR_EXAMPLE_mistral_subject-matter_01_20260702_214238,mistral_subject-matter,mistral,subject-matter,3,Feasible,anchor,ANCHOR_EXAMPLE,,1
ANCHOR_EXAMPLE_gemma3_generalist_01_20260702_214238,gemma3_generalist,gemma3,generalist,3,Feasible,anchor,ANCHOR_EXAMPLE,,1
ANCHOR_EXAMPLE_gemma3_normative_01_20260702_214238,gemma3_normative,gemma3,normative,3,Feasible,anchor,ANCHOR_EXAMPLE,,1
ANCHOR_EXAMPLE_gemma3_subject-matter_01_20260702_214238,gemma3_subject-matter,gemma3,subject-matter,3,Feasible,anchor,ANCHOR_EXAMPLE,,1
ANCHOR_EXAMPLE_phi4_generalist_02_20260702_214428,phi4_generalist,phi4,generalist,3,Feasible,anchor,ANCHOR_EXAMPLE,,2
ANCHOR_EXAMPLE_phi4_normative_02_20260702_214428,phi4_normative,phi4,normative,3,Feasible,anchor,ANCHOR_EXAMPLE,,2
ANCHOR_EXAMPLE_phi4_subject-matter_02_20260702_214428,phi4_subject-matter,phi4,subject-matter,3,Feasible,anchor,ANCHOR_EXAMPLE,,2
ANCHOR_EXAMPLE_llama_generalist_02_20260702_214428,llama_generalist,llama,generalist,3,Feasible,anchor,ANCHOR_EXAMPLE,,2
ANCHOR_EXAMPLE_llama_normative_02_20260702_214428,llama_normative,llama,normative,3,Feasible,anchor,ANCHOR_EXAMPLE,,2
ANCHOR_EXAMPLE_llama_subject-matter_02_20260702_214428,llama_subject-matter,llama,subject-matter,4,Very feasible,anchor,ANCHOR_EXAMPLE,,2
ANCHOR_EXAMPLE_mistral_generalist_02_20260702_214428,mistral_generalist,mistral,generalist,3,Feasible,anchor,ANCHOR_EXAMPLE,,2
ANCHOR_EXAMPLE_mistral_normative_02_20260702_214428,mistral_normative,mistral,normative,3,Feasible,anchor,ANCHOR_EXAMPLE,,2
ANCHOR_EXAMPLE_mistral_subject-matter_02_20260702_214428,mistral_subject-matter,mistral,subject-matter,3,Feasible,anchor,ANCHOR_EXAMPLE,,2
ANCHOR_EXAMPLE_gemma3_generalist_02_20260702_214428,gemma3_generalist,gemma3,generalist,3,Feasible,anchor,ANCHOR_EXAMPLE,,2
ANCHOR_EXAMPLE_gemma3_normative_02_20260702_214428,gemma3_normative,gemma3,normative,3,Feasible,anchor,ANCHOR_EXAMPLE,,2
ANCHOR_EXAMPLE_gemma3_subject-matter_02_20260702_214428,gemma3_subject-matter,gemma3,subject-matter,3,Feasible,anchor,ANCHOR_EXAMPLE,,2
ANCHOR_EXAMPLE_phi4_generalist_03_20260702_214625,phi4_generalist,phi4,generalist,3,Feasible,anchor,ANCHOR_EXAMPLE,,3
ANCHOR_EXAMPLE_phi4_normative_03_20260702_214625,phi4_normative,phi4,normative,3,Feasible,anchor,ANCHOR_EXAMPLE,,3
ANCHOR_EXAMPLE_phi4_subject-matter_03_20260702_214625,phi4_subject-matter,phi4,subject-matter,3,Feasible,anchor,ANCHOR_EXAMPLE,,3
ANCHOR_EXAMPLE_llama_generalist_03_20260702_214625,llama_generalist,llama,generalist,2,Somewhat feasible,anchor,ANCHOR_EXAMPLE,,3
ANCHOR_EXAMPLE_llama_normative_03_20260702_214625,llama_normative,llama,normative,3,Feasible,anchor,ANCHOR_EXAMPLE,,3
ANCHOR_EXAMPLE_llama_subject-matter_03_20260702_214625,llama_subject-matter,llama,subject-matter,3,Feasible,anchor,ANCHOR_EXAMPLE,,3
ANCHOR_EXAMPLE_mistral_generalist_03_20260702_214625,mistral_generalist,mistral,generalist,3,Feasible,anchor,ANCHOR_EXAMPLE,,3
ANCHOR_EXAMPLE_mistral_normative_03_20260702_214625,mistral_normative,mistral,normative,3,Feasible,anchor,ANCHOR_EXAMPLE,,3
ANCHOR_EXAMPLE_mistral_subject-matter_03_20260702_214625,mistral_subject-matter,mistral,subject-matter,3,Feasible,anchor,ANCHOR_EXAMPLE,,3
ANCHOR_EXAMPLE_gemma3_generalist_03_20260702_214625,gemma3_generalist,gemma3,generalist,3,Feasible,anchor,ANCHOR_EXAMPLE,,3
ANCHOR_EXAMPLE_gemma3_normative_03_20260702_214625,gemma3_normative,gemma3,normative,3,Feasible,anchor,ANCHOR_EXAMPLE,,3
ANCHOR_EXAMPLE_gemma3_subject-matter_03_20260702_214625,gemma3_subject-matter,gemma3,subject-matter,3,Feasible,anchor,ANCHOR_EXAMPLE,,3
ANCHOR_EXAMPLE_phi4_generalist_04_20260702_214809,phi4_generalist,phi4,generalist,3,Feasible,anchor,ANCHOR_EXAMPLE,,4
ANCHOR_EXAMPLE_phi4_normative_04_20260702_214809,phi4_normative,phi4,normative,3,Feasible,anchor,ANCHOR_EXAMPLE,,4
ANCHOR_EXAMPLE_phi4_subject-matter_04_20260702_214809,phi4_subject-matter,phi4,subject-matter,3,Feasible,anchor,ANCHOR_EXAMPLE,,4
ANCHOR_EXAMPLE_llama_generalist_04_20260702_214809,llama_generalist,llama,generalist,2,Somewhat feasible,anchor,ANCHOR_EXAMPLE,,4
ANCHOR_EXAMPLE_llama_normative_04_20260702_214809,llama_normative,llama,normative,3,Feasible,anchor,ANCHOR_EXAMPLE,,4
ANCHOR_EXAMPLE_llama_subject-matter_04_20260702_214809,llama_subject-matter,llama,subject-matter,2,Somewhat feasible,anchor,ANCHOR_EXAMPLE,,4
ANCHOR_EXAMPLE_mistral_generalist_04_20260702_214809,mistral_generalist,mistral,generalist,3,Feasible,anchor,ANCHOR_EXAMPLE,,4
ANCHOR_EXAMPLE_mistral_normative_04_20260702_214809,mistral_normative,mistral,normative,3,Feasible,anchor,ANCHOR_EXAMPLE,,4
ANCHOR_EXAMPLE_mistral_subject-matter_04_20260702_214809,mistral_subject-matter,mistral,subject-matter,3,Feasible,anchor,ANCHOR_EXAMPLE,,4
ANCHOR_EXAMPLE_gemma3_generalist_04_20260702_214809,gemma3_generalist,gemma3,generalist,3,Feasible,anchor,ANCHOR_EXAMPLE,,4
ANCHOR_EXAMPLE_gemma3_normative_04_20260702_214809,gemma3_normative,gemma3,normative,3,Feasible,anchor,ANCHOR_EXAMPLE,,4
ANCHOR_EXAMPLE_gemma3_subject-matter_04_20260702_214809,gemma3_subject-matter,gemma3,subject-matter,3,Feasible,anchor,ANCHOR_EXAMPLE,,4
ANCHOR_EXAMPLE_phi4_generalist_05_20260702_215004,phi4_generalist,phi4,generalist,3,Feasible,anchor,ANCHOR_EXAMPLE,,5
ANCHOR_EXAMPLE_phi4_normative_05_20260702_215004,phi4_normative,phi4,normative,3,Feasible,anchor,ANCHOR_EXAMPLE,,5
ANCHOR_EXAMPLE_phi4_subject-matter_05_20260702_215004,phi4_subject-matter,phi4,subject-matter,3,Feasible,anchor,ANCHOR_EXAMPLE,,5
ANCHOR_EXAMPLE_llama_generalist_05_20260702_215004,llama_generalist,llama,generalist,3,Feasible,anchor,ANCHOR_EXAMPLE,,5
ANCHOR_EXAMPLE_llama_normative_05_20260702_215004,llama_normative,llama,normative,3,Feasible,anchor,ANCHOR_EXAMPLE,,5
ANCHOR_EXAMPLE_llama_subject-matter_05_20260702_215004,llama_subject-matter,llama,subject-matter,3,Feasible,anchor,ANCHOR_EXAMPLE,,5
ANCHOR_EXAMPLE_mistral_generalist_05_20260702_215004,mistral_generalist,mistral,generalist,3,Feasible,anchor,ANCHOR_EXAMPLE,,5
ANCHOR_EXAMPLE_mistral_normative_05_20260702_215004,mistral_normative,mistral,normative,3,Feasible,anchor,ANCHOR_EXAMPLE,,5
ANCHOR_EXAMPLE_mistral_subject-matter_05_20260702_215004,mistral_subject-matter,mistral,subject-matter,3,Feasible,anchor,ANCHOR_EXAMPLE,,5
ANCHOR_EXAMPLE_gemma3_generalist_05_20260702_215004,gemma3_generalist,gemma3,generalist,3,Feasible,anchor,ANCHOR_EXAMPLE,,5
ANCHOR_EXAMPLE_gemma3_normative_05_20260702_215004,gemma3_normative,gemma3,normative,3,Feasible,anchor,ANCHOR_EXAMPLE,,5
ANCHOR_EXAMPLE_gemma3_subject-matter_05_20260702_215004,gemma3_subject-matter,gemma3,subject-matter,3,Feasible,anchor,ANCHOR_EXAMPLE,,5
ANCHOR_EXAMPLE_phi4_generalist_06_20260702_215154,phi4_generalist,phi4,generalist,3,Feasible,anchor,ANCHOR_EXAMPLE,,6
ANCHOR_EXAMPLE_phi4_normative_06_20260702_215154,phi4_normative,phi4,normative,3,Feasible,anchor,ANCHOR_EXAMPLE,,6
ANCHOR_EXAMPLE_phi4_subject-matter_06_20260702_215154,phi4_subject-matter,phi4,subject-matter,3,Feasible,anchor,ANCHOR_EXAMPLE,,6
ANCHOR_EXAMPLE_llama_generalist_06_20260702_215154,llama_generalist,llama,generalist,3,Feasible,anchor,ANCHOR_EXAMPLE,,6
ANCHOR_EXAMPLE_llama_normative_06_20260702_215154,llama_normative,llama,normative,4,Very feasible,anchor,ANCHOR_EXAMPLE,,6
ANCHOR_EXAMPLE_llama_subject-matter_06_20260702_215154,llama_subject-matter,llama,subject-matter,3,Feasible,anchor,ANCHOR_EXAMPLE,,6
ANCHOR_EXAMPLE_mistral_generalist_06_20260702_215154,mistral_generalist,mistral,generalist,3,Feasible,anchor,ANCHOR_EXAMPLE,,6
ANCHOR_EXAMPLE_mistral_normative_06_20260702_215154,mistral_normative,mistral,normative,3,Feasible,anchor,ANCHOR_EXAMPLE,,6
ANCHOR_EXAMPLE_mistral_subject-matter_06_20260702_215154,mistral_subject-matter,mistral,subject-matter,3,Feasible,anchor,ANCHOR_EXAMPLE,,6
ANCHOR_EXAMPLE_gemma3_generalist_06_20260702_215154,gemma3_generalist,gemma3,generalist,3,Feasible,anchor,ANCHOR_EXAMPLE,,6
ANCHOR_EXAMPLE_gemma3_normative_06_20260702_215154,gemma3_normative,gemma3,normative,3,Feasible,anchor,ANCHOR_EXAMPLE,,6
ANCHOR_EXAMPLE_gemma3_subject-matter_06_20260702_215154,gemma3_subject-matter,gemma3,subject-matter,3,Feasible,anchor,ANCHOR_EXAMPLE,,6
ANCHOR_EXAMPLE_phi4_generalist_07_20260702_215355,phi4_generalist,phi4,generalist,3,Feasible,anchor,ANCHOR_EXAMPLE,,7
ANCHOR_EXAMPLE_phi4_normative_07_20260702_215355,phi4_normative,phi4,normative,3,Feasible,anchor,ANCHOR_EXAMPLE,,7
ANCHOR_EXAMPLE_phi4_subject-matter_07_20260702_215355,phi4_subject-matter,phi4,subject-matter,3,Feasible,anchor,ANCHOR_EXAMPLE,,7
ANCHOR_EXAMPLE_llama_generalist_07_20260702_215355,llama_generalist,llama,generalist,3,Feasible,anchor,ANCHOR_EXAMPLE,,7
ANCHOR_EXAMPLE_llama_normative_07_20260702_215355,llama_normative,llama,normative,3,Feasible,anchor,ANCHOR_EXAMPLE,,7
ANCHOR_EXAMPLE_llama_subject-matter_07_20260702_215355,llama_subject-matter,llama,subject-matter,3,Feasible,anchor,ANCHOR_EXAMPLE,,7
ANCHOR_EXAMPLE_mistral_generalist_07_20260702_215355,mistral_generalist,mistral,generalist,3,Feasible,anchor,ANCHOR_EXAMPLE,,7
ANCHOR_EXAMPLE_mistral_normative_07_20260702_215355,mistral_normative,mistral,normative,3,Feasible,anchor,ANCHOR_EXAMPLE,,7
ANCHOR_EXAMPLE_mistral_subject-matter_07_20260702_215355,mistral_subject-matter,mistral,subject-matter,3,Feasible,anchor,ANCHOR_EXAMPLE,,7
ANCHOR_EXAMPLE_gemma3_generalist_07_20260702_215355,gemma3_generalist,gemma3,generalist,3,Feasible,anchor,ANCHOR_EXAMPLE,,7
ANCHOR_EXAMPLE_gemma3_normative_07_20260702_215355,gemma3_normative,gemma3,normative,3,Feasible,anchor,ANCHOR_EXAMPLE,,7
ANCHOR_EXAMPLE_gemma3_subject-matter_07_20260702_215355,gemma3_subject-matter,gemma3,subject-matter,3,Feasible,anchor,ANCHOR_EXAMPLE,,7
ANCHOR_EXAMPLE_phi4_generalist_08_20260702_215539,phi4_generalist,phi4,generalist,3,Feasible,anchor,ANCHOR_EXAMPLE,,8
ANCHOR_EXAMPLE_phi4_normative_08_20260702_215539,phi4_normative,phi4,normative,3,Feasible,anchor,ANCHOR_EXAMPLE,,8
ANCHOR_EXAMPLE_phi4_subject-matter_08_20260702_215539,phi4_subject-matter,phi4,subject-matter,3,Feasible,anchor,ANCHOR_EXAMPLE,,8
ANCHOR_EXAMPLE_llama_generalist_08_20260702_215539,llama_generalist,llama,generalist,3,Feasible,anchor,ANCHOR_EXAMPLE,,8
ANCHOR_EXAMPLE_llama_normative_08_20260702_215539,llama_normative,llama,normative,3,Feasible,anchor,ANCHOR_EXAMPLE,,8
ANCHOR_EXAMPLE_llama_subject-matter_08_20260702_215539,llama_subject-matter,llama,subject-matter,3,Feasible,anchor,ANCHOR_EXAMPLE,,8
ANCHOR_EXAMPLE_mistral_generalist_08_20260702_215539,mistral_generalist,mistral,generalist,3,Feasible,anchor,ANCHOR_EXAMPLE,,8
ANCHOR_EXAMPLE_mistral_normative_08_20260702_215539,mistral_normative,mistral,normative,3,Feasible,anchor,ANCHOR_EXAMPLE,,8
ANCHOR_EXAMPLE_mistral_subject-matter_08_20260702_215539,mistral_subject-matter,mistral,subject-matter,3,Feasible,anchor,ANCHOR_EXAMPLE,,8
ANCHOR_EXAMPLE_gemma3_generalist_08_20260702_215539,gemma3_generalist,gemma3,generalist,3,Feasible,anchor,ANCHOR_EXAMPLE,,8
ANCHOR_EXAMPLE_gemma3_normative_08_20260702_215539,gemma3_normative,gemma3,normative,3,Feasible,anchor,ANCHOR_EXAMPLE,,8
ANCHOR_EXAMPLE_gemma3_subject-matter_08_20260702_215539,gemma3_subject-matter,gemma3,subject-matter,3,Feasible,anchor,ANCHOR_EXAMPLE,,8
ANCHOR_EXAMPLE_phi4_generalist_09_20260702_215734,phi4_generalist,phi4,generalist,3,Feasible,anchor,ANCHOR_EXAMPLE,,9
ANCHOR_EXAMPLE_phi4_normative_09_20260702_215734,phi4_normative,phi4,normative,3,Feasible,anchor,ANCHOR_EXAMPLE,,9
ANCHOR_EXAMPLE_phi4_subject-matter_09_20260702_215734,phi4_subject-matter,phi4,subject-matter,3,Feasible,anchor,ANCHOR_EXAMPLE,,9
ANCHOR_EXAMPLE_llama_generalist_09_20260702_215734,llama_generalist,llama,generalist,3,Feasible,anchor,ANCHOR_EXAMPLE,,9
ANCHOR_EXAMPLE_llama_normative_09_20260702_215734,llama_normative,llama,normative,3,Feasible,anchor,ANCHOR_EXAMPLE,,9
ANCHOR_EXAMPLE_llama_subject-matter_09_20260702_215734,llama_subject-matter,llama,subject-matter,3,Feasible,anchor,ANCHOR_EXAMPLE,,9
ANCHOR_EXAMPLE_mistral_generalist_09_20260702_215734,mistral_generalist,mistral,generalist,3,Feasible,anchor,ANCHOR_EXAMPLE,,9
ANCHOR_EXAMPLE_mistral_normative_09_20260702_215734,mistral_normative,mistral,normative,3,Feasible,anchor,ANCHOR_EXAMPLE,,9
ANCHOR_EXAMPLE_mistral_subject-matter_09_20260702_215734,mistral_subject-matter,mistral,subject-matter,3,Feasible,anchor,ANCHOR_EXAMPLE,,9
ANCHOR_EXAMPLE_gemma3_generalist_09_20260702_215734,gemma3_generalist,gemma3,generalist,3,Feasible,anchor,ANCHOR_EXAMPLE,,9
ANCHOR_EXAMPLE_gemma3_normative_09_20260702_215734,gemma3_normative,gemma3,normative,3,Feasible,anchor,ANCHOR_EXAMPLE,,9
ANCHOR_EXAMPLE_gemma3_subject-matter_09_20260702_215734,gemma3_subject-matter,gemma3,subject-matter,3,Feasible,anchor,ANCHOR_EXAMPLE,,9
ANCHOR_NUM_LOW_phi4_generalist_00_20260702_223502,phi4_generalist,phi4,generalist,3,Feasible,anchor,ANCHOR_NUM_LOW,low,0
ANCHOR_NUM_LOW_phi4_normative_00_20260702_223502,phi4_normative,phi4,normative,3,Feasible,anchor,ANCHOR_NUM_LOW,low,0
ANCHOR_NUM_LOW_phi4_subject-matter_00_20260702_223502,phi4_subject-matter,phi4,subject-matter,3,Feasible,anchor,ANCHOR_NUM_LOW,low,0
ANCHOR_NUM_LOW_llama_generalist_00_20260702_223502,llama_generalist,llama,generalist,3,Feasible,anchor,ANCHOR_NUM_LOW,low,0
ANCHOR_NUM_LOW_llama_normative_00_20260702_223502,llama_normative,llama,normative,4,Very feasible,anchor,ANCHOR_NUM_LOW,low,0
ANCHOR_NUM_LOW_llama_subject-matter_00_20260702_223502,llama_subject-matter,llama,subject-matter,2,Somewhat feasible,anchor,ANCHOR_NUM_LOW,low,0
ANCHOR_NUM_LOW_mistral_generalist_00_20260702_223502,mistral_generalist,mistral,generalist,3,Feasible,anchor,ANCHOR_NUM_LOW,low,0
ANCHOR_NUM_LOW_mistral_normative_00_20260702_223502,mistral_normative,mistral,normative,3,Feasible,anchor,ANCHOR_NUM_LOW,low,0
ANCHOR_NUM_LOW_mistral_subject-matter_00_20260702_223502,mistral_subject-matter,mistral,subject-matter,3,Feasible,anchor,ANCHOR_NUM_LOW,low,0
ANCHOR_NUM_LOW_gemma3_generalist_00_20260702_223502,gemma3_generalist,gemma3,generalist,3,Feasible,anchor,ANCHOR_NUM_LOW,low,0
ANCHOR_NUM_LOW_gemma3_normative_00_20260702_223502,gemma3_normative,gemma3,normative,3,Feasible,anchor,ANCHOR_NUM_LOW,low,0
ANCHOR_NUM_LOW_gemma3_subject-matter_00_20260702_223502,gemma3_subject-matter,gemma3,subject-matter,3,Feasible,anchor,ANCHOR_NUM_LOW,low,0
ANCHOR_NUM_LOW_phi4_generalist_01_20260702_223653,phi4_generalist,phi4,generalist,3,Feasible,anchor,ANCHOR_NUM_LOW,low,1
ANCHOR_NUM_LOW_phi4_normative_01_20260702_223653,phi4_normative,phi4,normative,3,Feasible,anchor,ANCHOR_NUM_LOW,low,1
ANCHOR_NUM_LOW_phi4_subject-matter_01_20260702_223653,phi4_subject-matter,phi4,subject-matter,3,Feasible,anchor,ANCHOR_NUM_LOW,low,1
ANCHOR_NUM_LOW_llama_generalist_01_20260702_223653,llama_generalist,llama,generalist,3,Feasible,anchor,ANCHOR_NUM_LOW,low,1
ANCHOR_NUM_LOW_llama_normative_01_20260702_223653,llama_normative,llama,normative,3,Feasible,anchor,ANCHOR_NUM_LOW,low,1
ANCHOR_NUM_LOW_llama_subject-matter_01_20260702_223653,llama_subject-matter,llama,subject-matter,3,Feasible,anchor,ANCHOR_NUM_LOW,low,1
ANCHOR_NUM_LOW_mistral_generalist_01_20260702_223653,mistral_generalist,mistral,generalist,3,Feasible,anchor,ANCHOR_NUM_LOW,low,1
ANCHOR_NUM_LOW_mistral_normative_01_20260702_223653,mistral_normative,mistral,normative,3,Feasible,anchor,ANCHOR_NUM_LOW,low,1
ANCHOR_NUM_LOW_mistral_subject-matter_01_20260702_223653,mistral_subject-matter,mistral,subject-matter,3,Feasible,anchor,ANCHOR_NUM_LOW,low,1
ANCHOR_NUM_LOW_gemma3_generalist_01_20260702_223653,gemma3_generalist,gemma3,generalist,3,Feasible,anchor,ANCHOR_NUM_LOW,low,1
ANCHOR_NUM_LOW_gemma3_normative_01_20260702_223653,gemma3_normative,gemma3,normative,3,Feasible,anchor,ANCHOR_NUM_LOW,low,1
ANCHOR_NUM_LOW_gemma3_subject-matter_01_20260702_223653,gemma3_subject-matter,gemma3,subject-matter,3,Feasible,anchor,ANCHOR_NUM_LOW,low,1
ANCHOR_NUM_LOW_phi4_generalist_02_20260702_223833,phi4_generalist,phi4,generalist,3,Feasible,anchor,ANCHOR_NUM_LOW,low,2
ANCHOR_NUM_LOW_phi4_normative_02_20260702_223833,phi4_normative,phi4,normative,3,Feasible,anchor,ANCHOR_NUM_LOW,low,2
ANCHOR_NUM_LOW_phi4_subject-matter_02_20260702_223833,phi4_subject-matter,phi4,subject-matter,3,Feasible,anchor,ANCHOR_NUM_LOW,low,2
ANCHOR_NUM_LOW_llama_generalist_02_20260702_223833,llama_generalist,llama,generalist,3,Feasible,anchor,ANCHOR_NUM_LOW,low,2
ANCHOR_NUM_LOW_llama_normative_02_20260702_223833,llama_normative,llama,normative,3,Feasible,anchor,ANCHOR_NUM_LOW,low,2
ANCHOR_NUM_LOW_llama_subject-matter_02_20260702_223833,llama_subject-matter,llama,subject-matter,4,Very feasible,anchor,ANCHOR_NUM_LOW,low,2
ANCHOR_NUM_LOW_mistral_generalist_02_20260702_223833,mistral_generalist,mistral,generalist,3,Feasible,anchor,ANCHOR_NUM_LOW,low,2
ANCHOR_NUM_LOW_mistral_normative_02_20260702_223833,mistral_normative,mistral,normative,3,Feasible,anchor,ANCHOR_NUM_LOW,low,2
ANCHOR_NUM_LOW_mistral_subject-matter_02_20260702_223833,mistral_subject-matter,mistral,subject-matter,3,Feasible,anchor,ANCHOR_NUM_LOW,low,2
ANCHOR_NUM_LOW_gemma3_generalist_02_20260702_223833,gemma3_generalist,gemma3,generalist,3,Feasible,anchor,ANCHOR_NUM_LOW,low,2
ANCHOR_NUM_LOW_gemma3_normative_02_20260702_223833,gemma3_normative,gemma3,normative,3,Feasible,anchor,ANCHOR_NUM_LOW,low,2
ANCHOR_NUM_LOW_gemma3_subject-matter_02_20260702_223833,gemma3_subject-matter,gemma3,subject-matter,3,Feasible,anchor,ANCHOR_NUM_LOW,low,2
ANCHOR_NUM_LOW_phi4_generalist_03_20260702_224021,phi4_generalist,phi4,generalist,3,Feasible,anchor,ANCHOR_NUM_LOW,low,3
ANCHOR_NUM_LOW_phi4_normative_03_20260702_224021,phi4_normative,phi4,normative,3,Feasible,anchor,ANCHOR_NUM_LOW,low,3
ANCHOR_NUM_LOW_phi4_subject-matter_03_20260702_224021,phi4_subject-matter,phi4,subject-matter,3,Feasible,anchor,ANCHOR_NUM_LOW,low,3
ANCHOR_NUM_LOW_llama_generalist_03_20260702_224021,llama_generalist,llama,generalist,2,Somewhat feasible,anchor,ANCHOR_NUM_LOW,low,3
ANCHOR_NUM_LOW_llama_normative_03_20260702_224021,llama_normative,llama,normative,4,Very feasible,anchor,ANCHOR_NUM_LOW,low,3
ANCHOR_NUM_LOW_llama_subject-matter_03_20260702_224021,llama_subject-matter,llama,subject-matter,3,Feasible,anchor,ANCHOR_NUM_LOW,low,3
ANCHOR_NUM_LOW_mistral_generalist_03_20260702_224021,mistral_generalist,mistral,generalist,3,Feasible,anchor,ANCHOR_NUM_LOW,low,3
ANCHOR_NUM_LOW_mistral_normative_03_20260702_224021,mistral_normative,mistral,normative,3,Feasible,anchor,ANCHOR_NUM_LOW,low,3
ANCHOR_NUM_LOW_mistral_subject-matter_03_20260702_224021,mistral_subject-matter,mistral,subject-matter,3,Feasible,anchor,ANCHOR_NUM_LOW,low,3
ANCHOR_NUM_LOW_gemma3_generalist_03_20260702_224021,gemma3_generalist,gemma3,generalist,3,Feasible,anchor,ANCHOR_NUM_LOW,low,3
ANCHOR_NUM_LOW_gemma3_normative_03_20260702_224021,gemma3_normative,gemma3,normative,3,Feasible,anchor,ANCHOR_NUM_LOW,low,3
ANCHOR_NUM_LOW_gemma3_subject-matter_03_20260702_224021,gemma3_subject-matter,gemma3,subject-matter,3,Feasible,anchor,ANCHOR_NUM_LOW,low,3
ANCHOR_NUM_LOW_phi4_generalist_04_20260702_224206,phi4_generalist,phi4,generalist,3,Feasible,anchor,ANCHOR_NUM_LOW,low,4
ANCHOR_NUM_LOW_phi4_normative_04_20260702_224206,phi4_normative,phi4,normative,3,Feasible,anchor,ANCHOR_NUM_LOW,low,4
ANCHOR_NUM_LOW_phi4_subject-matter_04_20260702_224206,phi4_subject-matter,phi4,subject-matter,3,Feasible,anchor,ANCHOR_NUM_LOW,low,4
ANCHOR_NUM_LOW_llama_generalist_04_20260702_224206,llama_generalist,llama,generalist,3,Feasible,anchor,ANCHOR_NUM_LOW,low,4
ANCHOR_NUM_LOW_llama_normative_04_20260702_224206,llama_normative,llama,normative,2,Somewhat feasible,anchor,ANCHOR_NUM_LOW,low,4
ANCHOR_NUM_LOW_llama_subject-matter_04_20260702_224206,llama_subject-matter,llama,subject-matter,3,Feasible,anchor,ANCHOR_NUM_LOW,low,4
ANCHOR_NUM_LOW_mistral_generalist_04_20260702_224206,mistral_generalist,mistral,generalist,3,Feasible,anchor,ANCHOR_NUM_LOW,low,4
ANCHOR_NUM_LOW_mistral_normative_04_20260702_224206,mistral_normative,mistral,normative,3,Feasible,anchor,ANCHOR_NUM_LOW,low,4
ANCHOR_NUM_LOW_mistral_subject-matter_04_20260702_224206,mistral_subject-matter,mistral,subject-matter,3,Feasible,anchor,ANCHOR_NUM_LOW,low,4
ANCHOR_NUM_LOW_gemma3_generalist_04_20260702_224206,gemma3_generalist,gemma3,generalist,3,Feasible,anchor,ANCHOR_NUM_LOW,low,4
ANCHOR_NUM_LOW_gemma3_normative_04_20260702_224206,gemma3_normative,gemma3,normative,3,Feasible,anchor,ANCHOR_NUM_LOW,low,4
ANCHOR_NUM_LOW_gemma3_subject-matter_04_20260702_224206,gemma3_subject-matter,gemma3,subject-matter,3,Feasible,anchor,ANCHOR_NUM_LOW,low,4
ANCHOR_NUM_LOW_phi4_generalist_05_20260702_224359,phi4_generalist,phi4,generalist,3,Feasible,anchor,ANCHOR_NUM_LOW,low,5
ANCHOR_NUM_LOW_phi4_normative_05_20260702_224359,phi4_normative,phi4,normative,3,Feasible,anchor,ANCHOR_NUM_LOW,low,5
ANCHOR_NUM_LOW_phi4_subject-matter_05_20260702_224359,phi4_subject-matter,phi4,subject-matter,3,Feasible,anchor,ANCHOR_NUM_LOW,low,5
ANCHOR_NUM_LOW_llama_generalist_05_20260702_224359,llama_generalist,llama,generalist,3,Feasible,anchor,ANCHOR_NUM_LOW,low,5
ANCHOR_NUM_LOW_llama_normative_05_20260702_224359,llama_normative,llama,normative,4,Very feasible,anchor,ANCHOR_NUM_LOW,low,5
ANCHOR_NUM_LOW_llama_subject-matter_05_20260702_224359,llama_subject-matter,llama,subject-matter,3,Feasible,anchor,ANCHOR_NUM_LOW,low,5
ANCHOR_NUM_LOW_mistral_generalist_05_20260702_224359,mistral_generalist,mistral,generalist,3,Feasible,anchor,ANCHOR_NUM_LOW,low,5
ANCHOR_NUM_LOW_mistral_normative_05_20260702_224359,mistral_normative,mistral,normative,3,Feasible,anchor,ANCHOR_NUM_LOW,low,5
ANCHOR_NUM_LOW_mistral_subject-matter_05_20260702_224359,mistral_subject-matter,mistral,subject-matter,3,Feasible,anchor,ANCHOR_NUM_LOW,low,5
ANCHOR_NUM_LOW_gemma3_generalist_05_20260702_224359,gemma3_generalist,gemma3,generalist,3,Feasible,anchor,ANCHOR_NUM_LOW,low,5
ANCHOR_NUM_LOW_gemma3_normative_05_20260702_224359,gemma3_normative,gemma3,normative,3,Feasible,anchor,ANCHOR_NUM_LOW,low,5
ANCHOR_NUM_LOW_gemma3_subject-matter_05_20260702_224359,gemma3_subject-matter,gemma3,subject-matter,3,Feasible,anchor,ANCHOR_NUM_LOW,low,5
ANCHOR_NUM_LOW_phi4_generalist_06_20260702_224540,phi4_generalist,phi4,generalist,3,Feasible,anchor,ANCHOR_NUM_LOW,low,6
ANCHOR_NUM_LOW_phi4_normative_06_20260702_224540,phi4_normative,phi4,normative,3,Feasible,anchor,ANCHOR_NUM_LOW,low,6
ANCHOR_NUM_LOW_phi4_subject-matter_06_20260702_224540,phi4_subject-matter,phi4,subject-matter,3,Feasible,anchor,ANCHOR_NUM_LOW,low,6
ANCHOR_NUM_LOW_llama_generalist_06_20260702_224540,llama_generalist,llama,generalist,4,Very feasible,anchor,ANCHOR_NUM_LOW,low,6
ANCHOR_NUM_LOW_llama_normative_06_20260702_224540,llama_normative,llama,normative,3,Feasible,anchor,ANCHOR_NUM_LOW,low,6
ANCHOR_NUM_LOW_llama_subject-matter_06_20260702_224540,llama_subject-matter,llama,subject-matter,4,Very feasible,anchor,ANCHOR_NUM_LOW,low,6
ANCHOR_NUM_LOW_mistral_generalist_06_20260702_224540,mistral_generalist,mistral,generalist,3,Feasible,anchor,ANCHOR_NUM_LOW,low,6
ANCHOR_NUM_LOW_mistral_normative_06_20260702_224540,mistral_normative,mistral,normative,3,Feasible,anchor,ANCHOR_NUM_LOW,low,6
ANCHOR_NUM_LOW_mistral_subject-matter_06_20260702_224540,mistral_subject-matter,mistral,subject-matter,3,Feasible,anchor,ANCHOR_NUM_LOW,low,6
ANCHOR_NUM_LOW_gemma3_generalist_06_20260702_224540,gemma3_generalist,gemma3,generalist,3,Feasible,anchor,ANCHOR_NUM_LOW,low,6
ANCHOR_NUM_LOW_gemma3_normative_06_20260702_224540,gemma3_normative,gemma3,normative,3,Feasible,anchor,ANCHOR_NUM_LOW,low,6
ANCHOR_NUM_LOW_gemma3_subject-matter_06_20260702_224540,gemma3_subject-matter,gemma3,subject-matter,3,Feasible,anchor,ANCHOR_NUM_LOW,low,6
ANCHOR_NUM_LOW_phi4_generalist_07_20260702_224731,phi4_generalist,phi4,generalist,3,Feasible,anchor,ANCHOR_NUM_LOW,low,7
ANCHOR_NUM_LOW_phi4_normative_07_20260702_224731,phi4_normative,phi4,normative,3,Feasible,anchor,ANCHOR_NUM_LOW,low,7
ANCHOR_NUM_LOW_phi4_subject-matter_07_20260702_224731,phi4_subject-matter,phi4,subject-matter,3,Feasible,anchor,ANCHOR_NUM_LOW,low,7
ANCHOR_NUM_LOW_llama_generalist_07_20260702_224731,llama_generalist,llama,generalist,4,Very feasible,anchor,ANCHOR_NUM_LOW,low,7
ANCHOR_NUM_LOW_llama_normative_07_20260702_224731,llama_normative,llama,normative,3,Feasible,anchor,ANCHOR_NUM_LOW,low,7
ANCHOR_NUM_LOW_llama_subject-matter_07_20260702_224731,llama_subject-matter,llama,subject-matter,3,Feasible,anchor,ANCHOR_NUM_LOW,low,7
ANCHOR_NUM_LOW_mistral_generalist_07_20260702_224731,mistral_generalist,mistral,generalist,3,Feasible,anchor,ANCHOR_NUM_LOW,low,7
ANCHOR_NUM_LOW_mistral_normative_07_20260702_224731,mistral_normative,mistral,normative,3,Feasible,anchor,ANCHOR_NUM_LOW,low,7
ANCHOR_NUM_LOW_mistral_subject-matter_07_20260702_224731,mistral_subject-matter,mistral,subject-matter,3,Feasible,anchor,ANCHOR_NUM_LOW,low,7
ANCHOR_NUM_LOW_gemma3_generalist_07_20260702_224731,gemma3_generalist,gemma3,generalist,3,Feasible,anchor,ANCHOR_NUM_LOW,low,7
ANCHOR_NUM_LOW_gemma3_normative_07_20260702_224731,gemma3_normative,gemma3,normative,3,Feasible,anchor,ANCHOR_NUM_LOW,low,7
ANCHOR_NUM_LOW_gemma3_subject-matter_07_20260702_224731,gemma3_subject-matter,gemma3,subject-matter,3,Feasible,anchor,ANCHOR_NUM_LOW,low,7
ANCHOR_NUM_LOW_phi4_generalist_08_20260702_224927,phi4_generalist,phi4,generalist,3,Feasible,anchor,ANCHOR_NUM_LOW,low,8
ANCHOR_NUM_LOW_phi4_normative_08_20260702_224927,phi4_normative,phi4,normative,3,Feasible,anchor,ANCHOR_NUM_LOW,low,8
ANCHOR_NUM_LOW_phi4_subject-matter_08_20260702_224927,phi4_subject-matter,phi4,subject-matter,3,Feasible,anchor,ANCHOR_NUM_LOW,low,8
ANCHOR_NUM_LOW_llama_generalist_08_20260702_224927,llama_generalist,llama,generalist,4,Very feasible,anchor,ANCHOR_NUM_LOW,low,8
ANCHOR_NUM_LOW_llama_normative_08_20260702_224927,llama_normative,llama,normative,4,Very feasible,anchor,ANCHOR_NUM_LOW,low,8
ANCHOR_NUM_LOW_llama_subject-matter_08_20260702_224927,llama_subject-matter,llama,subject-matter,3,Feasible,anchor,ANCHOR_NUM_LOW,low,8
ANCHOR_NUM_LOW_mistral_generalist_08_20260702_224927,mistral_generalist,mistral,generalist,3,Feasible,anchor,ANCHOR_NUM_LOW,low,8
ANCHOR_NUM_LOW_mistral_normative_08_20260702_224927,mistral_normative,mistral,normative,3,Feasible,anchor,ANCHOR_NUM_LOW,low,8
ANCHOR_NUM_LOW_mistral_subject-matter_08_20260702_224927,mistral_subject-matter,mistral,subject-matter,3,Feasible,anchor,ANCHOR_NUM_LOW,low,8
ANCHOR_NUM_LOW_gemma3_generalist_08_20260702_224927,gemma3_generalist,gemma3,generalist,3,Feasible,anchor,ANCHOR_NUM_LOW,low,8
ANCHOR_NUM_LOW_gemma3_normative_08_20260702_224927,gemma3_normative,gemma3,normative,3,Feasible,anchor,ANCHOR_NUM_LOW,low,8
ANCHOR_NUM_LOW_gemma3_subject-matter_08_20260702_224927,gemma3_subject-matter,gemma3,subject-matter,3,Feasible,anchor,ANCHOR_NUM_LOW,low,8
ANCHOR_NUM_LOW_phi4_generalist_09_20260702_225112,phi4_generalist,phi4,generalist,3,Feasible,anchor,ANCHOR_NUM_LOW,low,9
ANCHOR_NUM_LOW_phi4_normative_09_20260702_225112,phi4_normative,phi4,normative,3,Feasible,anchor,ANCHOR_NUM_LOW,low,9
ANCHOR_NUM_LOW_phi4_subject-matter_09_20260702_225112,phi4_subject-matter,phi4,subject-matter,3,Feasible,anchor,ANCHOR_NUM_LOW,low,9
ANCHOR_NUM_LOW_llama_generalist_09_20260702_225112,llama_generalist,llama,generalist,3,Feasible,anchor,ANCHOR_NUM_LOW,low,9
ANCHOR_NUM_LOW_llama_normative_09_20260702_225112,llama_normative,llama,normative,3,Feasible,anchor,ANCHOR_NUM_LOW,low,9
ANCHOR_NUM_LOW_llama_subject-matter_09_20260702_225112,llama_subject-matter,llama,subject-matter,3,Feasible,anchor,ANCHOR_NUM_LOW,low,9
ANCHOR_NUM_LOW_mistral_generalist_09_20260702_225112,mistral_generalist,mistral,generalist,3,Feasible,anchor,ANCHOR_NUM_LOW,low,9
ANCHOR_NUM_LOW_mistral_normative_09_20260702_225112,mistral_normative,mistral,normative,3,Feasible,anchor,ANCHOR_NUM_LOW,low,9
ANCHOR_NUM_LOW_mistral_subject-matter_09_20260702_225112,mistral_subject-matter,mistral,subject-matter,3,Feasible,anchor,ANCHOR_NUM_LOW,low,9
ANCHOR_NUM_LOW_gemma3_generalist_09_20260702_225112,gemma3_generalist,gemma3,generalist,3,Feasible,anchor,ANCHOR_NUM_LOW,low,9
ANCHOR_NUM_LOW_gemma3_normative_09_20260702_225112,gemma3_normative,gemma3,normative,3,Feasible,anchor,ANCHOR_NUM_LOW,low,9
ANCHOR_NUM_LOW_gemma3_subject-matter_09_20260702_225112,gemma3_subject-matter,gemma3,subject-matter,3,Feasible,anchor,ANCHOR_NUM_LOW,low,9
ANCHOR_NUM_HIGH_phi4_generalist_00_20260702_231149,phi4_generalist,phi4,generalist,3,Feasible,anchor,ANCHOR_NUM_HIGH,high,0
ANCHOR_NUM_HIGH_phi4_normative_00_20260702_231149,phi4_normative,phi4,normative,3,Feasible,anchor,ANCHOR_NUM_HIGH,high,0
ANCHOR_NUM_HIGH_phi4_subject-matter_00_20260702_231149,phi4_subject-matter,phi4,subject-matter,3,Feasible,anchor,ANCHOR_NUM_HIGH,high,0
ANCHOR_NUM_HIGH_llama_generalist_00_20260702_231149,llama_generalist,llama,generalist,4,Very feasible,anchor,ANCHOR_NUM_HIGH,high,0
ANCHOR_NUM_HIGH_llama_normative_00_20260702_231149,llama_normative,llama,normative,3,Feasible,anchor,ANCHOR_NUM_HIGH,high,0
ANCHOR_NUM_HIGH_llama_subject-matter_00_20260702_231149,llama_subject-matter,llama,subject-matter,3,Feasible,anchor,ANCHOR_NUM_HIGH,high,0
ANCHOR_NUM_HIGH_mistral_generalist_00_20260702_231149,mistral_generalist,mistral,generalist,3,Feasible,anchor,ANCHOR_NUM_HIGH,high,0
ANCHOR_NUM_HIGH_mistral_normative_00_20260702_231149,mistral_normative,mistral,normative,3,Feasible,anchor,ANCHOR_NUM_HIGH,high,0
ANCHOR_NUM_HIGH_mistral_subject-matter_00_20260702_231149,mistral_subject-matter,mistral,subject-matter,3,Feasible,anchor,ANCHOR_NUM_HIGH,high,0
ANCHOR_NUM_HIGH_gemma3_generalist_00_20260702_231149,gemma3_generalist,gemma3,generalist,3,Feasible,anchor,ANCHOR_NUM_HIGH,high,0
ANCHOR_NUM_HIGH_gemma3_normative_00_20260702_231149,gemma3_normative,gemma3,normative,3,Feasible,anchor,ANCHOR_NUM_HIGH,high,0
ANCHOR_NUM_HIGH_gemma3_subject-matter_00_20260702_231149,gemma3_subject-matter,gemma3,subject-matter,3,Feasible,anchor,ANCHOR_NUM_HIGH,high,0
ANCHOR_NUM_HIGH_phi4_generalist_01_20260702_231340,phi4_generalist,phi4,generalist,3,Feasible,anchor,ANCHOR_NUM_HIGH,high,1
ANCHOR_NUM_HIGH_phi4_normative_01_20260702_231340,phi4_normative,phi4,normative,3,Feasible,anchor,ANCHOR_NUM_HIGH,high,1
ANCHOR_NUM_HIGH_phi4_subject-matter_01_20260702_231340,phi4_subject-matter,phi4,subject-matter,3,Feasible,anchor,ANCHOR_NUM_HIGH,high,1
ANCHOR_NUM_HIGH_llama_generalist_01_20260702_231340,llama_generalist,llama,generalist,3,Feasible,anchor,ANCHOR_NUM_HIGH,high,1
ANCHOR_NUM_HIGH_llama_normative_01_20260702_231340,llama_normative,llama,normative,3,Feasible,anchor,ANCHOR_NUM_HIGH,high,1
ANCHOR_NUM_HIGH_llama_subject-matter_01_20260702_231340,llama_subject-matter,llama,subject-matter,4,Very feasible,anchor,ANCHOR_NUM_HIGH,high,1
ANCHOR_NUM_HIGH_mistral_generalist_01_20260702_231340,mistral_generalist,mistral,generalist,3,Feasible,anchor,ANCHOR_NUM_HIGH,high,1
ANCHOR_NUM_HIGH_mistral_normative_01_20260702_231340,mistral_normative,mistral,normative,3,Feasible,anchor,ANCHOR_NUM_HIGH,high,1
ANCHOR_NUM_HIGH_mistral_subject-matter_01_20260702_231340,mistral_subject-matter,mistral,subject-matter,3,Feasible,anchor,ANCHOR_NUM_HIGH,high,1
ANCHOR_NUM_HIGH_gemma3_generalist_01_20260702_231340,gemma3_generalist,gemma3,generalist,3,Feasible,anchor,ANCHOR_NUM_HIGH,high,1
ANCHOR_NUM_HIGH_gemma3_normative_01_20260702_231340,gemma3_normative,gemma3,normative,3,Feasible,anchor,ANCHOR_NUM_HIGH,high,1
ANCHOR_NUM_HIGH_gemma3_subject-matter_01_20260702_231340,gemma3_subject-matter,gemma3,subject-matter,3,Feasible,anchor,ANCHOR_NUM_HIGH,high,1
ANCHOR_NUM_HIGH_phi4_generalist_02_20260702_231526,phi4_generalist,phi4,generalist,3,Feasible,anchor,ANCHOR_NUM_HIGH,high,2
ANCHOR_NUM_HIGH_phi4_normative_02_20260702_231526,phi4_normative,phi4,normative,3,Feasible,anchor,ANCHOR_NUM_HIGH,high,2
ANCHOR_NUM_HIGH_phi4_subject-matter_02_20260702_231526,phi4_subject-matter,phi4,subject-matter,3,Feasible,anchor,ANCHOR_NUM_HIGH,high,2
ANCHOR_NUM_HIGH_llama_generalist_02_20260702_231526,llama_generalist,llama,generalist,4,Very feasible,anchor,ANCHOR_NUM_HIGH,high,2
ANCHOR_NUM_HIGH_llama_normative_02_20260702_231526,llama_normative,llama,normative,2,Somewhat feasible,anchor,ANCHOR_NUM_HIGH,high,2
ANCHOR_NUM_HIGH_llama_subject-matter_02_20260702_231526,llama_subject-matter,llama,subject-matter,3,Feasible,anchor,ANCHOR_NUM_HIGH,high,2
ANCHOR_NUM_HIGH_mistral_generalist_02_20260702_231526,mistral_generalist,mistral,generalist,3,Feasible,anchor,ANCHOR_NUM_HIGH,high,2
ANCHOR_NUM_HIGH_mistral_normative_02_20260702_231526,mistral_normative,mistral,normative,3,Feasible,anchor,ANCHOR_NUM_HIGH,high,2
ANCHOR_NUM_HIGH_mistral_subject-matter_02_20260702_231526,mistral_subject-matter,mistral,subject-matter,3,Feasible,anchor,ANCHOR_NUM_HIGH,high,2
ANCHOR_NUM_HIGH_gemma3_generalist_02_20260702_231526,gemma3_generalist,gemma3,generalist,3,Feasible,anchor,ANCHOR_NUM_HIGH,high,2
ANCHOR_NUM_HIGH_gemma3_normative_02_20260702_231526,gemma3_normative,gemma3,normative,3,Feasible,anchor,ANCHOR_NUM_HIGH,high,2
ANCHOR_NUM_HIGH_gemma3_subject-matter_02_20260702_231526,gemma3_subject-matter,gemma3,subject-matter,3,Feasible,anchor,ANCHOR_NUM_HIGH,high,2
ANCHOR_NUM_HIGH_phi4_generalist_03_20260702_231719,phi4_generalist,phi4,generalist,3,Feasible,anchor,ANCHOR_NUM_HIGH,high,3
ANCHOR_NUM_HIGH_phi4_normative_03_20260702_231719,phi4_normative,phi4,normative,3,Feasible,anchor,ANCHOR_NUM_HIGH,high,3
ANCHOR_NUM_HIGH_phi4_subject-matter_03_20260702_231719,phi4_subject-matter,phi4,subject-matter,3,Feasible,anchor,ANCHOR_NUM_HIGH,high,3
ANCHOR_NUM_HIGH_llama_generalist_03_20260702_231719,llama_generalist,llama,generalist,3,Feasible,anchor,ANCHOR_NUM_HIGH,high,3
ANCHOR_NUM_HIGH_llama_normative_03_20260702_231719,llama_normative,llama,normative,3,Feasible,anchor,ANCHOR_NUM_HIGH,high,3
ANCHOR_NUM_HIGH_llama_subject-matter_03_20260702_231719,llama_subject-matter,llama,subject-matter,2,Somewhat feasible,anchor,ANCHOR_NUM_HIGH,high,3
ANCHOR_NUM_HIGH_mistral_generalist_03_20260702_231719,mistral_generalist,mistral,generalist,3,Feasible,anchor,ANCHOR_NUM_HIGH,high,3
ANCHOR_NUM_HIGH_mistral_normative_03_20260702_231719,mistral_normative,mistral,normative,3,Feasible,anchor,ANCHOR_NUM_HIGH,high,3
ANCHOR_NUM_HIGH_mistral_subject-matter_03_20260702_231719,mistral_subject-matter,mistral,subject-matter,3,Feasible,anchor,ANCHOR_NUM_HIGH,high,3
ANCHOR_NUM_HIGH_gemma3_generalist_03_20260702_231719,gemma3_generalist,gemma3,generalist,3,Feasible,anchor,ANCHOR_NUM_HIGH,high,3
ANCHOR_NUM_HIGH_gemma3_normative_03_20260702_231719,gemma3_normative,gemma3,normative,3,Feasible,anchor,ANCHOR_NUM_HIGH,high,3
ANCHOR_NUM_HIGH_gemma3_subject-matter_03_20260702_231719,gemma3_subject-matter,gemma3,subject-matter,3,Feasible,anchor,ANCHOR_NUM_HIGH,high,3
ANCHOR_NUM_HIGH_phi4_generalist_04_20260702_231932,phi4_generalist,phi4,generalist,3,Feasible,anchor,ANCHOR_NUM_HIGH,high,4
ANCHOR_NUM_HIGH_phi4_normative_04_20260702_231932,phi4_normative,phi4,normative,3,Feasible,anchor,ANCHOR_NUM_HIGH,high,4
ANCHOR_NUM_HIGH_phi4_subject-matter_04_20260702_231932,phi4_subject-matter,phi4,subject-matter,3,Feasible,anchor,ANCHOR_NUM_HIGH,high,4
ANCHOR_NUM_HIGH_llama_generalist_04_20260702_231932,llama_generalist,llama,generalist,3,Feasible,anchor,ANCHOR_NUM_HIGH,high,4
ANCHOR_NUM_HIGH_llama_normative_04_20260702_231932,llama_normative,llama,normative,4,Very feasible,anchor,ANCHOR_NUM_HIGH,high,4
ANCHOR_NUM_HIGH_llama_subject-matter_04_20260702_231932,llama_subject-matter,llama,subject-matter,4,Very feasible,anchor,ANCHOR_NUM_HIGH,high,4
ANCHOR_NUM_HIGH_mistral_generalist_04_20260702_231932,mistral_generalist,mistral,generalist,3,Feasible,anchor,ANCHOR_NUM_HIGH,high,4
ANCHOR_NUM_HIGH_mistral_normative_04_20260702_231932,mistral_normative,mistral,normative,3,Feasible,anchor,ANCHOR_NUM_HIGH,high,4
ANCHOR_NUM_HIGH_mistral_subject-matter_04_20260702_231932,mistral_subject-matter,mistral,subject-matter,3,Feasible,anchor,ANCHOR_NUM_HIGH,high,4
ANCHOR_NUM_HIGH_gemma3_generalist_04_20260702_231932,gemma3_generalist,gemma3,generalist,3,Feasible,anchor,ANCHOR_NUM_HIGH,high,4
ANCHOR_NUM_HIGH_gemma3_normative_04_20260702_231932,gemma3_normative,gemma3,normative,3,Feasible,anchor,ANCHOR_NUM_HIGH,high,4
ANCHOR_NUM_HIGH_gemma3_subject-matter_04_20260702_231932,gemma3_subject-matter,gemma3,subject-matter,3,Feasible,anchor,ANCHOR_NUM_HIGH,high,4
ANCHOR_NUM_HIGH_phi4_generalist_05_20260702_232126,phi4_generalist,phi4,generalist,3,Feasible,anchor,ANCHOR_NUM_HIGH,high,5
ANCHOR_NUM_HIGH_phi4_normative_05_20260702_232126,phi4_normative,phi4,normative,3,Feasible,anchor,ANCHOR_NUM_HIGH,high,5
ANCHOR_NUM_HIGH_phi4_subject-matter_05_20260702_232126,phi4_subject-matter,phi4,subject-matter,3,Feasible,anchor,ANCHOR_NUM_HIGH,high,5
ANCHOR_NUM_HIGH_llama_generalist_05_20260702_232126,llama_generalist,llama,generalist,3,Feasible,anchor,ANCHOR_NUM_HIGH,high,5
ANCHOR_NUM_HIGH_llama_normative_05_20260702_232126,llama_normative,llama,normative,4,Very feasible,anchor,ANCHOR_NUM_HIGH,high,5
ANCHOR_NUM_HIGH_llama_subject-matter_05_20260702_232126,llama_subject-matter,llama,subject-matter,3,Feasible,anchor,ANCHOR_NUM_HIGH,high,5
ANCHOR_NUM_HIGH_mistral_generalist_05_20260702_232126,mistral_generalist,mistral,generalist,3,Feasible,anchor,ANCHOR_NUM_HIGH,high,5
ANCHOR_NUM_HIGH_mistral_normative_05_20260702_232126,mistral_normative,mistral,normative,3,Feasible,anchor,ANCHOR_NUM_HIGH,high,5
ANCHOR_NUM_HIGH_mistral_subject-matter_05_20260702_232126,mistral_subject-matter,mistral,subject-matter,3,Feasible,anchor,ANCHOR_NUM_HIGH,high,5
ANCHOR_NUM_HIGH_gemma3_generalist_05_20260702_232126,gemma3_generalist,gemma3,generalist,3,Feasible,anchor,ANCHOR_NUM_HIGH,high,5
ANCHOR_NUM_HIGH_gemma3_normative_05_20260702_232126,gemma3_normative,gemma3,normative,3,Feasible,anchor,ANCHOR_NUM_HIGH,high,5
ANCHOR_NUM_HIGH_gemma3_subject-matter_05_20260702_232126,gemma3_subject-matter,gemma3,subject-matter,3,Feasible,anchor,ANCHOR_NUM_HIGH,high,5
ANCHOR_NUM_HIGH_phi4_generalist_06_20260702_232311,phi4_generalist,phi4,generalist,3,Feasible,anchor,ANCHOR_NUM_HIGH,high,6
ANCHOR_NUM_HIGH_phi4_normative_06_20260702_232311,phi4_normative,phi4,normative,3,Feasible,anchor,ANCHOR_NUM_HIGH,high,6
ANCHOR_NUM_HIGH_phi4_subject-matter_06_20260702_232311,phi4_subject-matter,phi4,subject-matter,3,Feasible,anchor,ANCHOR_NUM_HIGH,high,6
ANCHOR_NUM_HIGH_llama_generalist_06_20260702_232311,llama_generalist,llama,generalist,4,Very feasible,anchor,ANCHOR_NUM_HIGH,high,6
ANCHOR_NUM_HIGH_llama_normative_06_20260702_232311,llama_normative,llama,normative,3,Feasible,anchor,ANCHOR_NUM_HIGH,high,6
ANCHOR_NUM_HIGH_llama_subject-matter_06_20260702_232311,llama_subject-matter,llama,subject-matter,4,Very feasible,anchor,ANCHOR_NUM_HIGH,high,6
ANCHOR_NUM_HIGH_mistral_generalist_06_20260702_232311,mistral_generalist,mistral,generalist,3,Feasible,anchor,ANCHOR_NUM_HIGH,high,6
ANCHOR_NUM_HIGH_mistral_normative_06_20260702_232311,mistral_normative,mistral,normative,3,Feasible,anchor,ANCHOR_NUM_HIGH,high,6
ANCHOR_NUM_HIGH_mistral_subject-matter_06_20260702_232311,mistral_subject-matter,mistral,subject-matter,3,Feasible,anchor,ANCHOR_NUM_HIGH,high,6
ANCHOR_NUM_HIGH_gemma3_generalist_06_20260702_232311,gemma3_generalist,gemma3,generalist,3,Feasible,anchor,ANCHOR_NUM_HIGH,high,6
ANCHOR_NUM_HIGH_gemma3_normative_06_20260702_232311,gemma3_normative,gemma3,normative,3,Feasible,anchor,ANCHOR_NUM_HIGH,high,6
ANCHOR_NUM_HIGH_gemma3_subject-matter_06_20260702_232311,gemma3_subject-matter,gemma3,subject-matter,3,Feasible,anchor,ANCHOR_NUM_HIGH,high,6
ANCHOR_NUM_HIGH_phi4_generalist_07_20260702_232510,phi4_generalist,phi4,generalist,3,Feasible,anchor,ANCHOR_NUM_HIGH,high,7
ANCHOR_NUM_HIGH_phi4_normative_07_20260702_232510,phi4_normative,phi4,normative,3,Feasible,anchor,ANCHOR_NUM_HIGH,high,7
ANCHOR_NUM_HIGH_phi4_subject-matter_07_20260702_232510,phi4_subject-matter,phi4,subject-matter,3,Feasible,anchor,ANCHOR_NUM_HIGH,high,7
ANCHOR_NUM_HIGH_llama_generalist_07_20260702_232510,llama_generalist,llama,generalist,4,Very feasible,anchor,ANCHOR_NUM_HIGH,high,7
ANCHOR_NUM_HIGH_llama_normative_07_20260702_232510,llama_normative,llama,normative,3,Feasible,anchor,ANCHOR_NUM_HIGH,high,7
ANCHOR_NUM_HIGH_llama_subject-matter_07_20260702_232510,llama_subject-matter,llama,subject-matter,3,Feasible,anchor,ANCHOR_NUM_HIGH,high,7
ANCHOR_NUM_HIGH_mistral_generalist_07_20260702_232510,mistral_generalist,mistral,generalist,3,Feasible,anchor,ANCHOR_NUM_HIGH,high,7
ANCHOR_NUM_HIGH_mistral_normative_07_20260702_232510,mistral_normative,mistral,normative,3,Feasible,anchor,ANCHOR_NUM_HIGH,high,7
ANCHOR_NUM_HIGH_mistral_subject-matter_07_20260702_232510,mistral_subject-matter,mistral,subject-matter,3,Feasible,anchor,ANCHOR_NUM_HIGH,high,7
ANCHOR_NUM_HIGH_gemma3_generalist_07_20260702_232510,gemma3_generalist,gemma3,generalist,3,Feasible,anchor,ANCHOR_NUM_HIGH,high,7
ANCHOR_NUM_HIGH_gemma3_normative_07_20260702_232510,gemma3_normative,gemma3,normative,3,Feasible,anchor,ANCHOR_NUM_HIGH,high,7
ANCHOR_NUM_HIGH_gemma3_subject-matter_07_20260702_232510,gemma3_subject-matter,gemma3,subject-matter,3,Feasible,anchor,ANCHOR_NUM_HIGH,high,7
ANCHOR_NUM_HIGH_phi4_generalist_08_20260702_232707,phi4_generalist,phi4,generalist,3,Feasible,anchor,ANCHOR_NUM_HIGH,high,8
ANCHOR_NUM_HIGH_phi4_normative_08_20260702_232707,phi4_normative,phi4,normative,3,Feasible,anchor,ANCHOR_NUM_HIGH,high,8
ANCHOR_NUM_HIGH_phi4_subject-matter_08_20260702_232707,phi4_subject-matter,phi4,subject-matter,3,Feasible,anchor,ANCHOR_NUM_HIGH,high,8
ANCHOR_NUM_HIGH_llama_generalist_08_20260702_232707,llama_generalist,llama,generalist,2,Somewhat feasible,anchor,ANCHOR_NUM_HIGH,high,8
ANCHOR_NUM_HIGH_llama_normative_08_20260702_232707,llama_normative,llama,normative,3,Feasible,anchor,ANCHOR_NUM_HIGH,high,8
ANCHOR_NUM_HIGH_llama_subject-matter_08_20260702_232707,llama_subject-matter,llama,subject-matter,4,Very feasible,anchor,ANCHOR_NUM_HIGH,high,8
ANCHOR_NUM_HIGH_mistral_generalist_08_20260702_232707,mistral_generalist,mistral,generalist,3,Feasible,anchor,ANCHOR_NUM_HIGH,high,8
ANCHOR_NUM_HIGH_mistral_normative_08_20260702_232707,mistral_normative,mistral,normative,3,Feasible,anchor,ANCHOR_NUM_HIGH,high,8
ANCHOR_NUM_HIGH_mistral_subject-matter_08_20260702_232707,mistral_subject-matter,mistral,subject-matter,3,Feasible,anchor,ANCHOR_NUM_HIGH,high,8
ANCHOR_NUM_HIGH_gemma3_generalist_08_20260702_232707,gemma3_generalist,gemma3,generalist,3,Feasible,anchor,ANCHOR_NUM_HIGH,high,8
ANCHOR_NUM_HIGH_gemma3_normative_08_20260702_232707,gemma3_normative,gemma3,normative,3,Feasible,anchor,ANCHOR_NUM_HIGH,high,8
ANCHOR_NUM_HIGH_gemma3_subject-matter_08_20260702_232707,gemma3_subject-matter,gemma3,subject-matter,3,Feasible,anchor,ANCHOR_NUM_HIGH,high,8
ANCHOR_NUM_HIGH_phi4_generalist_09_20260702_232919,phi4_generalist,phi4,generalist,3,Feasible,anchor,ANCHOR_NUM_HIGH,high,9
ANCHOR_NUM_HIGH_phi4_normative_09_20260702_232919,phi4_normative,phi4,normative,3,Feasible,anchor,ANCHOR_NUM_HIGH,high,9
ANCHOR_NUM_HIGH_phi4_subject-matter_09_20260702_232919,phi4_subject-matter,phi4,subject-matter,3,Feasible,anchor,ANCHOR_NUM_HIGH,high,9
ANCHOR_NUM_HIGH_llama_generalist_09_20260702_232919,llama_generalist,llama,generalist,3,Feasible,anchor,ANCHOR_NUM_HIGH,high,9
ANCHOR_NUM_HIGH_llama_normative_09_20260702_232919,llama_normative,llama,normative,3,Feasible,anchor,ANCHOR_NUM_HIGH,high,9
ANCHOR_NUM_HIGH_llama_subject-matter_09_20260702_232919,llama_subject-matter,llama,subject-matter,4,Very feasible,anchor,ANCHOR_NUM_HIGH,high,9
ANCHOR_NUM_HIGH_mistral_generalist_09_20260702_232919,mistral_generalist,mistral,generalist,3,Feasible,anchor,ANCHOR_NUM_HIGH,high,9
ANCHOR_NUM_HIGH_mistral_normative_09_20260702_232919,mistral_normative,mistral,normative,3,Feasible,anchor,ANCHOR_NUM_HIGH,high,9
ANCHOR_NUM_HIGH_mistral_subject-matter_09_20260702_232919,mistral_subject-matter,mistral,subject-matter,3,Feasible,anchor,ANCHOR_NUM_HIGH,high,9
ANCHOR_NUM_HIGH_gemma3_generalist_09_20260702_232919,gemma3_generalist,gemma3,generalist,3,Feasible,anchor,ANCHOR_NUM_HIGH,high,9
ANCHOR_NUM_HIGH_gemma3_normative_09_20260702_232919,gemma3_normative,gemma3,normative,3,Feasible,anchor,ANCHOR_NUM_HIGH,high,9
ANCHOR_NUM_HIGH_gemma3_subject-matter_09_20260702_232919,gemma3_subject-matter,gemma3,subject-matter,3,Feasible,anchor,ANCHOR_NUM_HIGH,high,9
