row_id,variant_id,base_model,model,barrier_id,official_label,condition,iteration
generalist_llama_00_b1,generalist_llama,llama,generalist,1,"power losses, quality and safety issues",context,0
generalist_llama_00_b2,generalist_llama,llama,generalist,2,reduced reliability in DC devices,context,0
generalist_llama_00_b3,generalist_llama,llama,generalist,3,lack of use-cases in which DC is advantageous,context,0
generalist_llama_00_b4,generalist_llama,llama,generalist,4,"uncertain utility interaction (net metering, utility ownership, and agreed standards)",context,0
generalist_llama_00_b5,generalist_llama,llama,generalist,5,lack of pilot projects,context,0
normative_llama_00_b1,normative_llama,llama,normative,1,"power losses, quality and safety issues",context,0
normative_llama_00_b2,normative_llama,llama,normative,2,reduced reliability in DC devices,context,0
normative_llama_00_b4,normative_llama,llama,normative,4,"uncertain utility interaction (net metering, utility ownership, and agreed standards)",context,0
normative_llama_00_b3,normative_llama,llama,normative,3,lack of use-cases in which DC is advantageous,context,0
normative_llama_00_b6,normative_llama,llama,normative,6,public perception of DC and readiness to 'champion' installations from DC projects,context,0
subject-matter_llama_00_b1,subject-matter_llama,llama,subject-matter,1,"power losses, quality and safety issues",context,0
subject-matter_llama_00_b2,subject-matter_llama,llama,subject-matter,2,reduced reliability in DC devices,context,0
subject-matter_llama_00_b3,subject-matter_llama,llama,subject-matter,3,lack of use-cases in which DC is advantageous,context,0
subject-matter_llama_00_b4,subject-matter_llama,llama,subject-matter,4,"uncertain utility interaction (net metering, utility ownership, and agreed standards)",context,0
subject-matter_llama_00_b11,subject-matter_llama,llama,subject-matter,11,high costs of DC solutions,context,0
generalist_mistral_00_b1,generalist_mistral,mistral,generalist,1,"power losses, quality and safety issues",context,0
generalist_mistral_00_b2,generalist_mistral,mistral,generalist,2,reduced reliability in DC devices,context,0
generalist_mistral_00_b3,generalist_mistral,mistral,generalist,3,lack of use-cases in which DC is advantageous,context,0
generalist_mistral_00_b4,generalist_mistral,mistral,generalist,4,"uncertain utility interaction (net metering, utility ownership, and agreed standards)",context,0
generalist_mistral_00_b5,generalist_mistral,mistral,generalist,5,lack of pilot projects,context,0
normative_mistral_00_b1,normative_mistral,mistral,normative,1,"power losses, quality and safety issues",context,0
normative_mistral_00_b2,normative_mistral,mistral,normative,2,reduced reliability in DC devices,context,0
normative_mistral_00_b4,normative_mistral,mistral,normative,4,"uncertain utility interaction (net metering, utility ownership, and agreed standards)",context,0
normative_mistral_00_b5,normative_mistral,mistral,normative,5,lack of pilot projects,context,0
normative_mistral_00_b11,normative_mistral,mistral,normative,11,high costs of DC solutions,context,0
subject-matter_mistral_00_b1,subject-matter_mistral,mistral,subject-matter,1,"power losses, quality and safety issues",context,0
subject-matter_mistral_00_b2,subject-matter_mistral,mistral,subject-matter,2,reduced reliability in DC devices,context,0
subject-matter_mistral_00_b3,subject-matter_mistral,mistral,subject-matter,3,lack of use-cases in which DC is advantageous,context,0
subject-matter_mistral_00_b4,subject-matter_mistral,mistral,subject-matter,4,"uncertain utility interaction (net metering, utility ownership, and agreed standards)",context,0
subject-matter_mistral_00_b5,subject-matter_mistral,mistral,subject-matter,5,lack of pilot projects,context,0
generalist_gemma3_00_b1,generalist_gemma3,gemma3,generalist,1,"power losses, quality and safety issues",context,0
generalist_gemma3_00_b3,generalist_gemma3,gemma3,generalist,3,lack of use-cases in which DC is advantageous,context,0
generalist_gemma3_00_b4,generalist_gemma3,gemma3,generalist,4,"uncertain utility interaction (net metering, utility ownership, and agreed standards)",context,0
generalist_gemma3_00_b8,generalist_gemma3,gemma3,generalist,8,misconception and lack of knowledge leads to lengthy/expensive design and permit process,context,0
generalist_gemma3_00_b11,generalist_gemma3,gemma3,generalist,11,high costs of DC solutions,context,0
normative_gemma3_00_b1,normative_gemma3,gemma3,normative,1,"power losses, quality and safety issues",context,0
normative_gemma3_00_b4,normative_gemma3,gemma3,normative,4,"uncertain utility interaction (net metering, utility ownership, and agreed standards)",context,0
normative_gemma3_00_b7,normative_gemma3,gemma3,normative,7,incompatibility of DC systems components,context,0
normative_gemma3_00_b8,normative_gemma3,gemma3,normative,8,misconception and lack of knowledge leads to lengthy/expensive design and permit process,context,0
normative_gemma3_00_b11,normative_gemma3,gemma3,normative,11,high costs of DC solutions,context,0
subject-matter_gemma3_00_b1,subject-matter_gemma3,gemma3,subject-matter,1,"power losses, quality and safety issues",context,0
subject-matter_gemma3_00_b4,subject-matter_gemma3,gemma3,subject-matter,4,"uncertain utility interaction (net metering, utility ownership, and agreed standards)",context,0
subject-matter_gemma3_00_b8,subject-matter_gemma3,gemma3,subject-matter,8,misconception and lack of knowledge leads to lengthy/expensive design and permit process,context,0
subject-matter_gemma3_00_b10,subject-matter_gemma3,gemma3,subject-matter,10,uncertain regulatory roadmap,context,0
subject-matter_gemma3_00_b11,subject-matter_gemma3,gemma3,subject-matter,11,high costs of DC solutions,context,0
generalist_phi4_00_b1,generalist_phi4,phi4,generalist,1,"power losses, quality and safety issues",context,0
generalist_phi4_00_b2,generalist_phi4,phi4,generalist,2,reduced reliability in DC devices,context,0
generalist_phi4_00_b3,generalist_phi4,phi4,generalist,3,lack of use-cases in which DC is advantageous,context,0
generalist_phi4_00_b4,generalist_phi4,phi4,generalist,4,"uncertain utility interaction (net metering, utility ownership, and agreed standards)",context,0
generalist_phi4_00_b5,generalist_phi4,phi4,generalist,5,lack of pilot projects,context,0
normative_phi4_00_b1,normative_phi4,phi4,normative,1,"power losses, quality and safety issues",context,0
normative_phi4_00_b2,normative_phi4,phi4,normative,2,reduced reliability in DC devices,context,0
normative_phi4_00_b3,normative_phi4,phi4,normative,3,lack of use-cases in which DC is advantageous,context,0
normative_phi4_00_b4,normative_phi4,phi4,normative,4,"uncertain utility interaction (net metering, utility ownership, and agreed standards)",context,0
normative_phi4_00_b10,normative_phi4,phi4,normative,10,uncertain regulatory roadmap,context,0
subject-matter_phi4_00_b1,subject-matter_phi4,phi4,subject-matter,1,"power losses, quality and safety issues",context,0
subject-matter_phi4_00_b3,subject-matter_phi4,phi4,subject-matter,3,lack of use-cases in which DC is advantageous,context,0
subject-matter_phi4_00_b4,subject-matter_phi4,phi4,subject-matter,4,"uncertain utility interaction (net metering, utility ownership, and agreed standards)",context,0
subject-matter_phi4_00_b5,subject-matter_phi4,phi4,subject-matter,5,lack of pilot projects,context,0
subject-matter_phi4_00_b10,subject-matter_phi4,phi4,subject-matter,10,uncertain regulatory roadmap,context,0
generalist_llama_01_b1,generalist_llama,llama,generalist,1,"power losses, quality and safety issues",context,1
generalist_llama_01_b2,generalist_llama,llama,generalist,2,reduced reliability in DC devices,context,1
generalist_llama_01_b3,generalist_llama,llama,generalist,3,lack of use-cases in which DC is advantageous,context,1
generalist_llama_01_b4,generalist_llama,llama,generalist,4,"uncertain utility interaction (net metering, utility ownership, and agreed standards)",context,1
generalist_llama_01_b5,generalist_llama,llama,generalist,5,lack of pilot projects,context,1
normative_llama_01_b1,normative_llama,llama,normative,1,"power losses, quality and safety issues",context,1
normative_llama_01_b2,normative_llama,llama,normative,2,reduced reliability in DC devices,context,1
normative_llama_01_b3,normative_llama,llama,normative,3,lack of use-cases in which DC is advantageous,context,1
normative_llama_01_b4,normative_llama,llama,normative,4,"uncertain utility interaction (net metering, utility ownership, and agreed standards)",context,1
normative_llama_01_b5,normative_llama,llama,normative,5,lack of pilot projects,context,1
subject-matter_llama_01_b1,subject-matter_llama,llama,subject-matter,1,"power losses, quality and safety issues",context,1
subject-matter_llama_01_b2,subject-matter_llama,llama,subject-matter,2,reduced reliability in DC devices,context,1
subject-matter_llama_01_b3,subject-matter_llama,llama,subject-matter,3,lack of use-cases in which DC is advantageous,context,1
subject-matter_llama_01_b4,subject-matter_llama,llama,subject-matter,4,"uncertain utility interaction (net metering, utility ownership, and agreed standards)",context,1
subject-matter_llama_01_b5,subject-matter_llama,llama,subject-matter,5,lack of pilot projects,context,1
generalist_mistral_01_b1,generalist_mistral,mistral,generalist,1,"power losses, quality and safety issues",context,1
generalist_mistral_01_b2,generalist_mistral,mistral,generalist,2,reduced reliability in DC devices,context,1
generalist_mistral_01_b3,generalist_mistral,mistral,generalist,3,lack of use-cases in which DC is advantageous,context,1
generalist_mistral_01_b4,generalist_mistral,mistral,generalist,4,"uncertain utility interaction (net metering, utility ownership, and agreed standards)",context,1
generalist_mistral_01_b5,generalist_mistral,mistral,generalist,5,lack of pilot projects,context,1
normative_mistral_01_b1,normative_mistral,mistral,normative,1,"power losses, quality and safety issues",context,1
normative_mistral_01_b2,normative_mistral,mistral,normative,2,reduced reliability in DC devices,context,1
normative_mistral_01_b3,normative_mistral,mistral,normative,3,lack of use-cases in which DC is advantageous,context,1
normative_mistral_01_b4,normative_mistral,mistral,normative,4,"uncertain utility interaction (net metering, utility ownership, and agreed standards)",context,1
normative_mistral_01_b5,normative_mistral,mistral,normative,5,lack of pilot projects,context,1
subject-matter_mistral_01_b1,subject-matter_mistral,mistral,subject-matter,1,"power losses, quality and safety issues",context,1
subject-matter_mistral_01_b2,subject-matter_mistral,mistral,subject-matter,2,reduced reliability in DC devices,context,1
subject-matter_mistral_01_b4,subject-matter_mistral,mistral,subject-matter,4,"uncertain utility interaction (net metering, utility ownership, and agreed standards)",context,1
subject-matter_mistral_01_b5,subject-matter_mistral,mistral,subject-matter,5,lack of pilot projects,context,1
subject-matter_mistral_01_b7,subject-matter_mistral,mistral,subject-matter,7,incompatibility of DC systems components,context,1
generalist_gemma3_01_b1,generalist_gemma3,gemma3,generalist,1,"power losses, quality and safety issues",context,1
generalist_gemma3_01_b5,generalist_gemma3,gemma3,generalist,5,lack of pilot projects,context,1
generalist_gemma3_01_b6,generalist_gemma3,gemma3,generalist,6,public perception of DC and readiness to 'champion' installations from DC projects,context,1
generalist_gemma3_01_b8,generalist_gemma3,gemma3,generalist,8,misconception and lack of knowledge leads to lengthy/expensive design and permit process,context,1
generalist_gemma3_01_b10,generalist_gemma3,gemma3,generalist,10,uncertain regulatory roadmap,context,1
normative_gemma3_01_b1,normative_gemma3,gemma3,normative,1,"power losses, quality and safety issues",context,1
normative_gemma3_01_b5,normative_gemma3,gemma3,normative,5,lack of pilot projects,context,1
normative_gemma3_01_b4,normative_gemma3,gemma3,normative,4,"uncertain utility interaction (net metering, utility ownership, and agreed standards)",context,1
normative_gemma3_01_b8,normative_gemma3,gemma3,normative,8,misconception and lack of knowledge leads to lengthy/expensive design and permit process,context,1
normative_gemma3_01_b10,normative_gemma3,gemma3,normative,10,uncertain regulatory roadmap,context,1
subject-matter_gemma3_01_b1,subject-matter_gemma3,gemma3,subject-matter,1,"power losses, quality and safety issues",context,1
subject-matter_gemma3_01_b5,subject-matter_gemma3,gemma3,subject-matter,5,lack of pilot projects,context,1
subject-matter_gemma3_01_b4,subject-matter_gemma3,gemma3,subject-matter,4,"uncertain utility interaction (net metering, utility ownership, and agreed standards)",context,1
subject-matter_gemma3_01_b8,subject-matter_gemma3,gemma3,subject-matter,8,misconception and lack of knowledge leads to lengthy/expensive design and permit process,context,1
subject-matter_gemma3_01_b10,subject-matter_gemma3,gemma3,subject-matter,10,uncertain regulatory roadmap,context,1
generalist_phi4_01_b1,generalist_phi4,phi4,generalist,1,"power losses, quality and safety issues",context,1
generalist_phi4_01_b3,generalist_phi4,phi4,generalist,3,lack of use-cases in which DC is advantageous,context,1
generalist_phi4_01_b4,generalist_phi4,phi4,generalist,4,"uncertain utility interaction (net metering, utility ownership, and agreed standards)",context,1
generalist_phi4_01_b5,generalist_phi4,phi4,generalist,5,lack of pilot projects,context,1
generalist_phi4_01_b10,generalist_phi4,phi4,generalist,10,uncertain regulatory roadmap,context,1
normative_phi4_01_b1,normative_phi4,phi4,normative,1,"power losses, quality and safety issues",context,1
normative_phi4_01_b3,normative_phi4,phi4,normative,3,lack of use-cases in which DC is advantageous,context,1
normative_phi4_01_b4,normative_phi4,phi4,normative,4,"uncertain utility interaction (net metering, utility ownership, and agreed standards)",context,1
normative_phi4_01_b5,normative_phi4,phi4,normative,5,lack of pilot projects,context,1
normative_phi4_01_b10,normative_phi4,phi4,normative,10,uncertain regulatory roadmap,context,1
subject-matter_phi4_01_b1,subject-matter_phi4,phi4,subject-matter,1,"power losses, quality and safety issues",context,1
subject-matter_phi4_01_b3,subject-matter_phi4,phi4,subject-matter,3,lack of use-cases in which DC is advantageous,context,1
subject-matter_phi4_01_b4,subject-matter_phi4,phi4,subject-matter,4,"uncertain utility interaction (net metering, utility ownership, and agreed standards)",context,1
subject-matter_phi4_01_b5,subject-matter_phi4,phi4,subject-matter,5,lack of pilot projects,context,1
subject-matter_phi4_01_b10,subject-matter_phi4,phi4,subject-matter,10,uncertain regulatory roadmap,context,1
generalist_llama_02_b1,generalist_llama,llama,generalist,1,"power losses, quality and safety issues",context,2
generalist_llama_02_b2,generalist_llama,llama,generalist,2,reduced reliability in DC devices,context,2
generalist_llama_02_b3,generalist_llama,llama,generalist,3,lack of use-cases in which DC is advantageous,context,2
generalist_llama_02_b4,generalist_llama,llama,generalist,4,"uncertain utility interaction (net metering, utility ownership, and agreed standards)",context,2
generalist_llama_02_b5,generalist_llama,llama,generalist,5,lack of pilot projects,context,2
normative_llama_02_b1,normative_llama,llama,normative,1,"power losses, quality and safety issues",context,2
normative_llama_02_b2,normative_llama,llama,normative,2,reduced reliability in DC devices,context,2
normative_llama_02_b3,normative_llama,llama,normative,3,lack of use-cases in which DC is advantageous,context,2
normative_llama_02_b4,normative_llama,llama,normative,4,"uncertain utility interaction (net metering, utility ownership, and agreed standards)",context,2
normative_llama_02_b5,normative_llama,llama,normative,5,lack of pilot projects,context,2
subject-matter_llama_02_b1,subject-matter_llama,llama,subject-matter,1,"power losses, quality and safety issues",context,2
subject-matter_llama_02_b2,subject-matter_llama,llama,subject-matter,2,reduced reliability in DC devices,context,2
subject-matter_llama_02_b3,subject-matter_llama,llama,subject-matter,3,lack of use-cases in which DC is advantageous,context,2
subject-matter_llama_02_b4,subject-matter_llama,llama,subject-matter,4,"uncertain utility interaction (net metering, utility ownership, and agreed standards)",context,2
subject-matter_llama_02_b5,subject-matter_llama,llama,subject-matter,5,lack of pilot projects,context,2
generalist_mistral_02_b1,generalist_mistral,mistral,generalist,1,"power losses, quality and safety issues",context,2
generalist_mistral_02_b2,generalist_mistral,mistral,generalist,2,reduced reliability in DC devices,context,2
generalist_mistral_02_b4,generalist_mistral,mistral,generalist,4,"uncertain utility interaction (net metering, utility ownership, and agreed standards)",context,2
generalist_mistral_02_b5,generalist_mistral,mistral,generalist,5,lack of pilot projects,context,2
generalist_mistral_02_b11,generalist_mistral,mistral,generalist,11,high costs of DC solutions,context,2
normative_mistral_02_b1,normative_mistral,mistral,normative,1,"power losses, quality and safety issues",context,2
normative_mistral_02_b2,normative_mistral,mistral,normative,2,reduced reliability in DC devices,context,2
normative_mistral_02_b3,normative_mistral,mistral,normative,3,lack of use-cases in which DC is advantageous,context,2
normative_mistral_02_b4,normative_mistral,mistral,normative,4,"uncertain utility interaction (net metering, utility ownership, and agreed standards)",context,2
normative_mistral_02_b5,normative_mistral,mistral,normative,5,lack of pilot projects,context,2
subject-matter_mistral_02_b1,subject-matter_mistral,mistral,subject-matter,1,"power losses, quality and safety issues",context,2
subject-matter_mistral_02_b2,subject-matter_mistral,mistral,subject-matter,2,reduced reliability in DC devices,context,2
subject-matter_mistral_02_b3,subject-matter_mistral,mistral,subject-matter,3,lack of use-cases in which DC is advantageous,context,2
subject-matter_mistral_02_b4,subject-matter_mistral,mistral,subject-matter,4,"uncertain utility interaction (net metering, utility ownership, and agreed standards)",context,2
subject-matter_mistral_02_b5,subject-matter_mistral,mistral,subject-matter,5,lack of pilot projects,context,2
generalist_gemma3_02_b1,generalist_gemma3,gemma3,generalist,1,"power losses, quality and safety issues",context,2
generalist_gemma3_02_b5,generalist_gemma3,gemma3,generalist,5,lack of pilot projects,context,2
generalist_gemma3_02_b6,generalist_gemma3,gemma3,generalist,6,public perception of DC and readiness to 'champion' installations from DC projects,context,2
generalist_gemma3_02_b8,generalist_gemma3,gemma3,generalist,8,misconception and lack of knowledge leads to lengthy/expensive design and permit process,context,2
generalist_gemma3_02_b10,generalist_gemma3,gemma3,generalist,10,uncertain regulatory roadmap,context,2
normative_gemma3_02_b1,normative_gemma3,gemma3,normative,1,"power losses, quality and safety issues",context,2
normative_gemma3_02_b4,normative_gemma3,gemma3,normative,4,"uncertain utility interaction (net metering, utility ownership, and agreed standards)",context,2
normative_gemma3_02_b5,normative_gemma3,gemma3,normative,5,lack of pilot projects,context,2
normative_gemma3_02_b8,normative_gemma3,gemma3,normative,8,misconception and lack of knowledge leads to lengthy/expensive design and permit process,context,2
normative_gemma3_02_b10,normative_gemma3,gemma3,normative,10,uncertain regulatory roadmap,context,2
subject-matter_gemma3_02_b1,subject-matter_gemma3,gemma3,subject-matter,1,"power losses, quality and safety issues",context,2
subject-matter_gemma3_02_b3,subject-matter_gemma3,gemma3,subject-matter,3,lack of use-cases in which DC is advantageous,context,2
subject-matter_gemma3_02_b4,subject-matter_gemma3,gemma3,subject-matter,4,"uncertain utility interaction (net metering, utility ownership, and agreed standards)",context,2
subject-matter_gemma3_02_b8,subject-matter_gemma3,gemma3,subject-matter,8,misconception and lack of knowledge leads to lengthy/expensive design and permit process,context,2
subject-matter_gemma3_02_b10,subject-matter_gemma3,gemma3,subject-matter,10,uncertain regulatory roadmap,context,2
generalist_phi4_02_b1,generalist_phi4,phi4,generalist,1,"power losses, quality and safety issues",context,2
generalist_phi4_02_b3,generalist_phi4,phi4,generalist,3,lack of use-cases in which DC is advantageous,context,2
generalist_phi4_02_b4,generalist_phi4,phi4,generalist,4,"uncertain utility interaction (net metering, utility ownership, and agreed standards)",context,2
generalist_phi4_02_b5,generalist_phi4,phi4,generalist,5,lack of pilot projects,context,2
generalist_phi4_02_b10,generalist_phi4,phi4,generalist,10,uncertain regulatory roadmap,context,2
normative_phi4_02_b1,normative_phi4,phi4,normative,1,"power losses, quality and safety issues",context,2
normative_phi4_02_b4,normative_phi4,phi4,normative,4,"uncertain utility interaction (net metering, utility ownership, and agreed standards)",context,2
normative_phi4_02_b5,normative_phi4,phi4,normative,5,lack of pilot projects,context,2
normative_phi4_02_b6,normative_phi4,phi4,normative,6,public perception of DC and readiness to 'champion' installations from DC projects,context,2
normative_phi4_02_b10,normative_phi4,phi4,normative,10,uncertain regulatory roadmap,context,2
subject-matter_phi4_02_b1,subject-matter_phi4,phi4,subject-matter,1,"power losses, quality and safety issues",context,2
subject-matter_phi4_02_b2,subject-matter_phi4,phi4,subject-matter,2,reduced reliability in DC devices,context,2
subject-matter_phi4_02_b3,subject-matter_phi4,phi4,subject-matter,3,lack of use-cases in which DC is advantageous,context,2
subject-matter_phi4_02_b4,subject-matter_phi4,phi4,subject-matter,4,"uncertain utility interaction (net metering, utility ownership, and agreed standards)",context,2
subject-matter_phi4_02_b11,subject-matter_phi4,phi4,subject-matter,11,high costs of DC solutions,context,2
generalist_llama_03_b1,generalist_llama,llama,generalist,1,"power losses, quality and safety issues",context,3
generalist_llama_03_b2,generalist_llama,llama,generalist,2,reduced reliability in DC devices,context,3
generalist_llama_03_b3,generalist_llama,llama,generalist,3,lack of use-cases in which DC is advantageous,context,3
generalist_llama_03_b4,generalist_llama,llama,generalist,4,"uncertain utility interaction (net metering, utility ownership, and agreed standards)",context,3
generalist_llama_03_b5,generalist_llama,llama,generalist,5,lack of pilot projects,context,3
normative_llama_03_b1,normative_llama,llama,normative,1,"power losses, quality and safety issues",context,3
normative_llama_03_b7,normative_llama,llama,normative,7,incompatibility of DC systems components,context,3
normative_llama_03_b8,normative_llama,llama,normative,8,misconception and lack of knowledge leads to lengthy/expensive design and permit process,context,3
normative_llama_03_b9,normative_llama,llama,normative,9,lack of enough trained personnel in DC systems,context,3
normative_llama_03_b10,normative_llama,llama,normative,10,uncertain regulatory roadmap,context,3
subject-matter_llama_03_b1,subject-matter_llama,llama,subject-matter,1,"power losses, quality and safety issues",context,3
subject-matter_llama_03_b2,subject-matter_llama,llama,subject-matter,2,reduced reliability in DC devices,context,3
subject-matter_llama_03_b3,subject-matter_llama,llama,subject-matter,3,lack of use-cases in which DC is advantageous,context,3
subject-matter_llama_03_b4,subject-matter_llama,llama,subject-matter,4,"uncertain utility interaction (net metering, utility ownership, and agreed standards)",context,3
subject-matter_llama_03_b5,subject-matter_llama,llama,subject-matter,5,lack of pilot projects,context,3
generalist_mistral_03_b1,generalist_mistral,mistral,generalist,1,"power losses, quality and safety issues",context,3
generalist_mistral_03_b2,generalist_mistral,mistral,generalist,2,reduced reliability in DC devices,context,3
generalist_mistral_03_b4,generalist_mistral,mistral,generalist,4,"uncertain utility interaction (net metering, utility ownership, and agreed standards)",context,3
generalist_mistral_03_b5,generalist_mistral,mistral,generalist,5,lack of pilot projects,context,3
generalist_mistral_03_b6,generalist_mistral,mistral,generalist,6,public perception of DC and readiness to 'champion' installations from DC projects,context,3
normative_mistral_03_b1,normative_mistral,mistral,normative,1,"power losses, quality and safety issues",context,3
normative_mistral_03_b2,normative_mistral,mistral,normative,2,reduced reliability in DC devices,context,3
normative_mistral_03_b3,normative_mistral,mistral,normative,3,lack of use-cases in which DC is advantageous,context,3
normative_mistral_03_b4,normative_mistral,mistral,normative,4,"uncertain utility interaction (net metering, utility ownership, and agreed standards)",context,3
normative_mistral_03_b5,normative_mistral,mistral,normative,5,lack of pilot projects,context,3
subject-matter_mistral_03_b1,subject-matter_mistral,mistral,subject-matter,1,"power losses, quality and safety issues",context,3
subject-matter_mistral_03_b2,subject-matter_mistral,mistral,subject-matter,2,reduced reliability in DC devices,context,3
subject-matter_mistral_03_b3,subject-matter_mistral,mistral,subject-matter,3,lack of use-cases in which DC is advantageous,context,3
subject-matter_mistral_03_b4,subject-matter_mistral,mistral,subject-matter,4,"uncertain utility interaction (net metering, utility ownership, and agreed standards)",context,3
subject-matter_mistral_03_b5,subject-matter_mistral,mistral,subject-matter,5,lack of pilot projects,context,3
generalist_gemma3_03_b1,generalist_gemma3,gemma3,generalist,1,"power losses, quality and safety issues",context,3
generalist_gemma3_03_b3,generalist_gemma3,gemma3,generalist,3,lack of use-cases in which DC is advantageous,context,3
generalist_gemma3_03_b4,generalist_gemma3,gemma3,generalist,4,"uncertain utility interaction (net metering, utility ownership, and agreed standards)",context,3
generalist_gemma3_03_b8,generalist_gemma3,gemma3,generalist,8,misconception and lack of knowledge leads to lengthy/expensive design and permit process,context,3
generalist_gemma3_03_b11,generalist_gemma3,gemma3,generalist,11,high costs of DC solutions,context,3
normative_gemma3_03_b1,normative_gemma3,gemma3,normative,1,"power losses, quality and safety issues",context,3
normative_gemma3_03_b5,normative_gemma3,gemma3,normative,5,lack of pilot projects,context,3
normative_gemma3_03_b6,normative_gemma3,gemma3,normative,6,public perception of DC and readiness to 'champion' installations from DC projects,context,3
normative_gemma3_03_b10,normative_gemma3,gemma3,normative,10,uncertain regulatory roadmap,context,3
normative_gemma3_03_b11,normative_gemma3,gemma3,normative,11,high costs of DC solutions,context,3
subject-matter_gemma3_03_b1,subject-matter_gemma3,gemma3,subject-matter,1,"power losses, quality and safety issues",context,3
subject-matter_gemma3_03_b3,subject-matter_gemma3,gemma3,subject-matter,3,lack of use-cases in which DC is advantageous,context,3
subject-matter_gemma3_03_b4,subject-matter_gemma3,gemma3,subject-matter,4,"uncertain utility interaction (net metering, utility ownership, and agreed standards)",context,3
subject-matter_gemma3_03_b8,subject-matter_gemma3,gemma3,subject-matter,8,misconception and lack of knowledge leads to lengthy/expensive design and permit process,context,3
subject-matter_gemma3_03_b10,subject-matter_gemma3,gemma3,subject-matter,10,uncertain regulatory roadmap,context,3
generalist_phi4_03_b1,generalist_phi4,phi4,generalist,1,"power losses, quality and safety issues",context,3
generalist_phi4_03_b3,generalist_phi4,phi4,generalist,3,lack of use-cases in which DC is advantageous,context,3
generalist_phi4_03_b4,generalist_phi4,phi4,generalist,4,"uncertain utility interaction (net metering, utility ownership, and agreed standards)",context,3
generalist_phi4_03_b5,generalist_phi4,phi4,generalist,5,lack of pilot projects,context,3
generalist_phi4_03_b10,generalist_phi4,phi4,generalist,10,uncertain regulatory roadmap,context,3
normative_phi4_03_b1,normative_phi4,phi4,normative,1,"power losses, quality and safety issues",context,3
normative_phi4_03_b2,normative_phi4,phi4,normative,2,reduced reliability in DC devices,context,3
normative_phi4_03_b3,normative_phi4,phi4,normative,3,lack of use-cases in which DC is advantageous,context,3
normative_phi4_03_b4,normative_phi4,phi4,normative,4,"uncertain utility interaction (net metering, utility ownership, and agreed standards)",context,3
normative_phi4_03_b11,normative_phi4,phi4,normative,11,high costs of DC solutions,context,3
subject-matter_phi4_03_b1,subject-matter_phi4,phi4,subject-matter,1,"power losses, quality and safety issues",context,3
subject-matter_phi4_03_b2,subject-matter_phi4,phi4,subject-matter,2,reduced reliability in DC devices,context,3
subject-matter_phi4_03_b3,subject-matter_phi4,phi4,subject-matter,3,lack of use-cases in which DC is advantageous,context,3
subject-matter_phi4_03_b4,subject-matter_phi4,phi4,subject-matter,4,"uncertain utility interaction (net metering, utility ownership, and agreed standards)",context,3
subject-matter_phi4_03_b11,subject-matter_phi4,phi4,subject-matter,11,high costs of DC solutions,context,3
generalist_llama_04_b1,generalist_llama,llama,generalist,1,"power losses, quality and safety issues",context,4
generalist_llama_04_b2,generalist_llama,llama,generalist,2,reduced reliability in DC devices,context,4
generalist_llama_04_b4,generalist_llama,llama,generalist,4,"uncertain utility interaction (net metering, utility ownership, and agreed standards)",context,4
generalist_llama_04_b5,generalist_llama,llama,generalist,5,lack of pilot projects,context,4
generalist_llama_04_b6,generalist_llama,llama,generalist,6,public perception of DC and readiness to 'champion' installations from DC projects,context,4
normative_llama_04_b1,normative_llama,llama,normative,1,"power losses, quality and safety issues",context,4
normative_llama_04_b2,normative_llama,llama,normative,2,reduced reliability in DC devices,context,4
normative_llama_04_b4,normative_llama,llama,normative,4,"uncertain utility interaction (net metering, utility ownership, and agreed standards)",context,4
normative_llama_04_b5,normative_llama,llama,normative,5,lack of pilot projects,context,4
normative_llama_04_b6,normative_llama,llama,normative,6,public perception of DC and readiness to 'champion' installations from DC projects,context,4
subject-matter_llama_04_b1,subject-matter_llama,llama,subject-matter,1,"power losses, quality and safety issues",context,4
subject-matter_llama_04_b2,subject-matter_llama,llama,subject-matter,2,reduced reliability in DC devices,context,4
subject-matter_llama_04_b3,subject-matter_llama,llama,subject-matter,3,lack of use-cases in which DC is advantageous,context,4
subject-matter_llama_04_b4,subject-matter_llama,llama,subject-matter,4,"uncertain utility interaction (net metering, utility ownership, and agreed standards)",context,4
subject-matter_llama_04_b5,subject-matter_llama,llama,subject-matter,5,lack of pilot projects,context,4
generalist_mistral_04_b1,generalist_mistral,mistral,generalist,1,"power losses, quality and safety issues",context,4
generalist_mistral_04_b2,generalist_mistral,mistral,generalist,2,reduced reliability in DC devices,context,4
generalist_mistral_04_b3,generalist_mistral,mistral,generalist,3,lack of use-cases in which DC is advantageous,context,4
generalist_mistral_04_b4,generalist_mistral,mistral,generalist,4,"uncertain utility interaction (net metering, utility ownership, and agreed standards)",context,4
generalist_mistral_04_b5,generalist_mistral,mistral,generalist,5,lack of pilot projects,context,4
normative_mistral_04_b1,normative_mistral,mistral,normative,1,"power losses, quality and safety issues",context,4
normative_mistral_04_b2,normative_mistral,mistral,normative,2,reduced reliability in DC devices,context,4
normative_mistral_04_b3,normative_mistral,mistral,normative,3,lack of use-cases in which DC is advantageous,context,4
normative_mistral_04_b4,normative_mistral,mistral,normative,4,"uncertain utility interaction (net metering, utility ownership, and agreed standards)",context,4
normative_mistral_04_b5,normative_mistral,mistral,normative,5,lack of pilot projects,context,4
subject-matter_mistral_04_b1,subject-matter_mistral,mistral,subject-matter,1,"power losses, quality and safety issues",context,4
subject-matter_mistral_04_b2,subject-matter_mistral,mistral,subject-matter,2,reduced reliability in DC devices,context,4
subject-matter_mistral_04_b4,subject-matter_mistral,mistral,subject-matter,4,"uncertain utility interaction (net metering, utility ownership, and agreed standards)",context,4
subject-matter_mistral_04_b5,subject-matter_mistral,mistral,subject-matter,5,lack of pilot projects,context,4
subject-matter_mistral_04_b7,subject-matter_mistral,mistral,subject-matter,7,incompatibility of DC systems components,context,4
generalist_gemma3_04_b1,generalist_gemma3,gemma3,generalist,1,"power losses, quality and safety issues",context,4
generalist_gemma3_04_b5,generalist_gemma3,gemma3,generalist,5,lack of pilot projects,context,4
generalist_gemma3_04_b6,generalist_gemma3,gemma3,generalist,6,public perception of DC and readiness to 'champion' installations from DC projects,context,4
generalist_gemma3_04_b8,generalist_gemma3,gemma3,generalist,8,misconception and lack of knowledge leads to lengthy/expensive design and permit process,context,4
generalist_gemma3_04_b10,generalist_gemma3,gemma3,generalist,10,uncertain regulatory roadmap,context,4
normative_gemma3_04_b1,normative_gemma3,gemma3,normative,1,"power losses, quality and safety issues",context,4
normative_gemma3_04_b4,normative_gemma3,gemma3,normative,4,"uncertain utility interaction (net metering, utility ownership, and agreed standards)",context,4
normative_gemma3_04_b7,normative_gemma3,gemma3,normative,7,incompatibility of DC systems components,context,4
normative_gemma3_04_b8,normative_gemma3,gemma3,normative,8,misconception and lack of knowledge leads to lengthy/expensive design and permit process,context,4
normative_gemma3_04_b11,normative_gemma3,gemma3,normative,11,high costs of DC solutions,context,4
subject-matter_gemma3_04_b1,subject-matter_gemma3,gemma3,subject-matter,1,"power losses, quality and safety issues",context,4
subject-matter_gemma3_04_b4,subject-matter_gemma3,gemma3,subject-matter,4,"uncertain utility interaction (net metering, utility ownership, and agreed standards)",context,4
subject-matter_gemma3_04_b5,subject-matter_gemma3,gemma3,subject-matter,5,lack of pilot projects,context,4
subject-matter_gemma3_04_b8,subject-matter_gemma3,gemma3,subject-matter,8,misconception and lack of knowledge leads to lengthy/expensive design and permit process,context,4
subject-matter_gemma3_04_b10,subject-matter_gemma3,gemma3,subject-matter,10,uncertain regulatory roadmap,context,4
generalist_phi4_04_b1,generalist_phi4,phi4,generalist,1,"power losses, quality and safety issues",context,4
generalist_phi4_04_b3,generalist_phi4,phi4,generalist,3,lack of use-cases in which DC is advantageous,context,4
generalist_phi4_04_b4,generalist_phi4,phi4,generalist,4,"uncertain utility interaction (net metering, utility ownership, and agreed standards)",context,4
generalist_phi4_04_b5,generalist_phi4,phi4,generalist,5,lack of pilot projects,context,4
generalist_phi4_04_b10,generalist_phi4,phi4,generalist,10,uncertain regulatory roadmap,context,4
normative_phi4_04_b1,normative_phi4,phi4,normative,1,"power losses, quality and safety issues",context,4
normative_phi4_04_b2,normative_phi4,phi4,normative,2,reduced reliability in DC devices,context,4
normative_phi4_04_b3,normative_phi4,phi4,normative,3,lack of use-cases in which DC is advantageous,context,4
normative_phi4_04_b4,normative_phi4,phi4,normative,4,"uncertain utility interaction (net metering, utility ownership, and agreed standards)",context,4
normative_phi4_04_b11,normative_phi4,phi4,normative,11,high costs of DC solutions,context,4
subject-matter_phi4_04_b1,subject-matter_phi4,phi4,subject-matter,1,"power losses, quality and safety issues",context,4
subject-matter_phi4_04_b2,subject-matter_phi4,phi4,subject-matter,2,reduced reliability in DC devices,context,4
subject-matter_phi4_04_b4,subject-matter_phi4,phi4,subject-matter,4,"uncertain utility interaction (net metering, utility ownership, and agreed standards)",context,4
subject-matter_phi4_04_b5,subject-matter_phi4,phi4,subject-matter,5,lack of pilot projects,context,4
subject-matter_phi4_04_b10,subject-matter_phi4,phi4,subject-matter,10,uncertain regulatory roadmap,context,4
generalist_llama_05_b1,generalist_llama,llama,generalist,1,"power losses, quality and safety issues",context,5
generalist_llama_05_b2,generalist_llama,llama,generalist,2,reduced reliability in DC devices,context,5
generalist_llama_05_b3,generalist_llama,llama,generalist,3,lack of use-cases in which DC is advantageous,context,5
generalist_llama_05_b4,generalist_llama,llama,generalist,4,"uncertain utility interaction (net metering, utility ownership, and agreed standards)",context,5
generalist_llama_05_b5,generalist_llama,llama,generalist,5,lack of pilot projects,context,5
normative_llama_05_b1,normative_llama,llama,normative,1,"power losses, quality and safety issues",context,5
normative_llama_05_b2,normative_llama,llama,normative,2,reduced reliability in DC devices,context,5
normative_llama_05_b3,normative_llama,llama,normative,3,lack of use-cases in which DC is advantageous,context,5
normative_llama_05_b4,normative_llama,llama,normative,4,"uncertain utility interaction (net metering, utility ownership, and agreed standards)",context,5
normative_llama_05_b5,normative_llama,llama,normative,5,lack of pilot projects,context,5
subject-matter_llama_05_b1,subject-matter_llama,llama,subject-matter,1,"power losses, quality and safety issues",context,5
subject-matter_llama_05_b2,subject-matter_llama,llama,subject-matter,2,reduced reliability in DC devices,context,5
subject-matter_llama_05_b3,subject-matter_llama,llama,subject-matter,3,lack of use-cases in which DC is advantageous,context,5
subject-matter_llama_05_b4,subject-matter_llama,llama,subject-matter,4,"uncertain utility interaction (net metering, utility ownership, and agreed standards)",context,5
subject-matter_llama_05_b5,subject-matter_llama,llama,subject-matter,5,lack of pilot projects,context,5
generalist_mistral_05_b1,generalist_mistral,mistral,generalist,1,"power losses, quality and safety issues",context,5
generalist_mistral_05_b2,generalist_mistral,mistral,generalist,2,reduced reliability in DC devices,context,5
generalist_mistral_05_b3,generalist_mistral,mistral,generalist,3,lack of use-cases in which DC is advantageous,context,5
generalist_mistral_05_b4,generalist_mistral,mistral,generalist,4,"uncertain utility interaction (net metering, utility ownership, and agreed standards)",context,5
generalist_mistral_05_b5,generalist_mistral,mistral,generalist,5,lack of pilot projects,context,5
normative_mistral_05_b1,normative_mistral,mistral,normative,1,"power losses, quality and safety issues",context,5
normative_mistral_05_b2,normative_mistral,mistral,normative,2,reduced reliability in DC devices,context,5
normative_mistral_05_b4,normative_mistral,mistral,normative,4,"uncertain utility interaction (net metering, utility ownership, and agreed standards)",context,5
normative_mistral_05_b5,normative_mistral,mistral,normative,5,lack of pilot projects,context,5
normative_mistral_05_b11,normative_mistral,mistral,normative,11,high costs of DC solutions,context,5
subject-matter_mistral_05_b1,subject-matter_mistral,mistral,subject-matter,1,"power losses, quality and safety issues",context,5
subject-matter_mistral_05_b2,subject-matter_mistral,mistral,subject-matter,2,reduced reliability in DC devices,context,5
subject-matter_mistral_05_b3,subject-matter_mistral,mistral,subject-matter,3,lack of use-cases in which DC is advantageous,context,5
subject-matter_mistral_05_b4,subject-matter_mistral,mistral,subject-matter,4,"uncertain utility interaction (net metering, utility ownership, and agreed standards)",context,5
subject-matter_mistral_05_b5,subject-matter_mistral,mistral,subject-matter,5,lack of pilot projects,context,5
generalist_gemma3_05_b1,generalist_gemma3,gemma3,generalist,1,"power losses, quality and safety issues",context,5
generalist_gemma3_05_b3,generalist_gemma3,gemma3,generalist,3,lack of use-cases in which DC is advantageous,context,5
generalist_gemma3_05_b4,generalist_gemma3,gemma3,generalist,4,"uncertain utility interaction (net metering, utility ownership, and agreed standards)",context,5
generalist_gemma3_05_b8,generalist_gemma3,gemma3,generalist,8,misconception and lack of knowledge leads to lengthy/expensive design and permit process,context,5
generalist_gemma3_05_b10,generalist_gemma3,gemma3,generalist,10,uncertain regulatory roadmap,context,5
normative_gemma3_05_b1,normative_gemma3,gemma3,normative,1,"power losses, quality and safety issues",context,5
normative_gemma3_05_b4,normative_gemma3,gemma3,normative,4,"uncertain utility interaction (net metering, utility ownership, and agreed standards)",context,5
normative_gemma3_05_b7,normative_gemma3,gemma3,normative,7,incompatibility of DC systems components,context,5
normative_gemma3_05_b8,normative_gemma3,gemma3,normative,8,misconception and lack of knowledge leads to lengthy/expensive design and permit process,context,5
normative_gemma3_05_b11,normative_gemma3,gemma3,normative,11,high costs of DC solutions,context,5
subject-matter_gemma3_05_b1,subject-matter_gemma3,gemma3,subject-matter,1,"power losses, quality and safety issues",context,5
subject-matter_gemma3_05_b3,subject-matter_gemma3,gemma3,subject-matter,3,lack of use-cases in which DC is advantageous,context,5
subject-matter_gemma3_05_b4,subject-matter_gemma3,gemma3,subject-matter,4,"uncertain utility interaction (net metering, utility ownership, and agreed standards)",context,5
subject-matter_gemma3_05_b8,subject-matter_gemma3,gemma3,subject-matter,8,misconception and lack of knowledge leads to lengthy/expensive design and permit process,context,5
subject-matter_gemma3_05_b10,subject-matter_gemma3,gemma3,subject-matter,10,uncertain regulatory roadmap,context,5
generalist_phi4_05_b1,generalist_phi4,phi4,generalist,1,"power losses, quality and safety issues",context,5
generalist_phi4_05_b2,generalist_phi4,phi4,generalist,2,reduced reliability in DC devices,context,5
generalist_phi4_05_b3,generalist_phi4,phi4,generalist,3,lack of use-cases in which DC is advantageous,context,5
generalist_phi4_05_b4,generalist_phi4,phi4,generalist,4,"uncertain utility interaction (net metering, utility ownership, and agreed standards)",context,5
generalist_phi4_05_b11,generalist_phi4,phi4,generalist,11,high costs of DC solutions,context,5
normative_phi4_05_b1,normative_phi4,phi4,normative,1,"power losses, quality and safety issues",context,5
normative_phi4_05_b3,normative_phi4,phi4,normative,3,lack of use-cases in which DC is advantageous,context,5
normative_phi4_05_b4,normative_phi4,phi4,normative,4,"uncertain utility interaction (net metering, utility ownership, and agreed standards)",context,5
normative_phi4_05_b5,normative_phi4,phi4,normative,5,lack of pilot projects,context,5
normative_phi4_05_b10,normative_phi4,phi4,normative,10,uncertain regulatory roadmap,context,5
subject-matter_phi4_05_b1,subject-matter_phi4,phi4,subject-matter,1,"power losses, quality and safety issues",context,5
subject-matter_phi4_05_b2,subject-matter_phi4,phi4,subject-matter,2,reduced reliability in DC devices,context,5
subject-matter_phi4_05_b3,subject-matter_phi4,phi4,subject-matter,3,lack of use-cases in which DC is advantageous,context,5
subject-matter_phi4_05_b4,subject-matter_phi4,phi4,subject-matter,4,"uncertain utility interaction (net metering, utility ownership, and agreed standards)",context,5
subject-matter_phi4_05_b5,subject-matter_phi4,phi4,subject-matter,5,lack of pilot projects,context,5
generalist_llama_06_b1,generalist_llama,llama,generalist,1,"power losses, quality and safety issues",context,6
generalist_llama_06_b2,generalist_llama,llama,generalist,2,reduced reliability in DC devices,context,6
generalist_llama_06_b3,generalist_llama,llama,generalist,3,lack of use-cases in which DC is advantageous,context,6
generalist_llama_06_b4,generalist_llama,llama,generalist,4,"uncertain utility interaction (net metering, utility ownership, and agreed standards)",context,6
generalist_llama_06_b5,generalist_llama,llama,generalist,5,lack of pilot projects,context,6
normative_llama_06_b1,normative_llama,llama,normative,1,"power losses, quality and safety issues",context,6
normative_llama_06_b2,normative_llama,llama,normative,2,reduced reliability in DC devices,context,6
normative_llama_06_b3,normative_llama,llama,normative,3,lack of use-cases in which DC is advantageous,context,6
normative_llama_06_b4,normative_llama,llama,normative,4,"uncertain utility interaction (net metering, utility ownership, and agreed standards)",context,6
normative_llama_06_b5,normative_llama,llama,normative,5,lack of pilot projects,context,6
subject-matter_llama_06_b1,subject-matter_llama,llama,subject-matter,1,"power losses, quality and safety issues",context,6
subject-matter_llama_06_b4,subject-matter_llama,llama,subject-matter,4,"uncertain utility interaction (net metering, utility ownership, and agreed standards)",context,6
subject-matter_llama_06_b3,subject-matter_llama,llama,subject-matter,3,lack of use-cases in which DC is advantageous,context,6
subject-matter_llama_06_b7,subject-matter_llama,llama,subject-matter,7,incompatibility of DC systems components,context,6
subject-matter_llama_06_b11,subject-matter_llama,llama,subject-matter,11,high costs of DC solutions,context,6
generalist_mistral_06_b1,generalist_mistral,mistral,generalist,1,"power losses, quality and safety issues",context,6
generalist_mistral_06_b2,generalist_mistral,mistral,generalist,2,reduced reliability in DC devices,context,6
generalist_mistral_06_b3,generalist_mistral,mistral,generalist,3,lack of use-cases in which DC is advantageous,context,6
generalist_mistral_06_b4,generalist_mistral,mistral,generalist,4,"uncertain utility interaction (net metering, utility ownership, and agreed standards)",context,6
generalist_mistral_06_b5,generalist_mistral,mistral,generalist,5,lack of pilot projects,context,6
normative_mistral_06_b1,normative_mistral,mistral,normative,1,"power losses, quality and safety issues",context,6
normative_mistral_06_b2,normative_mistral,mistral,normative,2,reduced reliability in DC devices,context,6
normative_mistral_06_b4,normative_mistral,mistral,normative,4,"uncertain utility interaction (net metering, utility ownership, and agreed standards)",context,6
normative_mistral_06_b5,normative_mistral,mistral,normative,5,lack of pilot projects,context,6
normative_mistral_06_b6,normative_mistral,mistral,normative,6,public perception of DC and readiness to 'champion' installations from DC projects,context,6
subject-matter_mistral_06_b1,subject-matter_mistral,mistral,subject-matter,1,"power losses, quality and safety issues",context,6
subject-matter_mistral_06_b2,subject-matter_mistral,mistral,subject-matter,2,reduced reliability in DC devices,context,6
subject-matter_mistral_06_b4,subject-matter_mistral,mistral,subject-matter,4,"uncertain utility interaction (net metering, utility ownership, and agreed standards)",context,6
subject-matter_mistral_06_b5,subject-matter_mistral,mistral,subject-matter,5,lack of pilot projects,context,6
subject-matter_mistral_06_b7,subject-matter_mistral,mistral,subject-matter,7,incompatibility of DC systems components,context,6
generalist_gemma3_06_b1,generalist_gemma3,gemma3,generalist,1,"power losses, quality and safety issues",context,6
generalist_gemma3_06_b5,generalist_gemma3,gemma3,generalist,5,lack of pilot projects,context,6
generalist_gemma3_06_b6,generalist_gemma3,gemma3,generalist,6,public perception of DC and readiness to 'champion' installations from DC projects,context,6
generalist_gemma3_06_b8,generalist_gemma3,gemma3,generalist,8,misconception and lack of knowledge leads to lengthy/expensive design and permit process,context,6
generalist_gemma3_06_b10,generalist_gemma3,gemma3,generalist,10,uncertain regulatory roadmap,context,6
normative_gemma3_06_b1,normative_gemma3,gemma3,normative,1,"power losses, quality and safety issues",context,6
normative_gemma3_06_b4,normative_gemma3,gemma3,normative,4,"uncertain utility interaction (net metering, utility ownership, and agreed standards)",context,6
normative_gemma3_06_b7,normative_gemma3,gemma3,normative,7,incompatibility of DC systems components,context,6
normative_gemma3_06_b8,normative_gemma3,gemma3,normative,8,misconception and lack of knowledge leads to lengthy/expensive design and permit process,context,6
normative_gemma3_06_b11,normative_gemma3,gemma3,normative,11,high costs of DC solutions,context,6
subject-matter_gemma3_06_b1,subject-matter_gemma3,gemma3,subject-matter,1,"power losses, quality and safety issues",context,6
subject-matter_gemma3_06_b5,subject-matter_gemma3,gemma3,subject-matter,5,lack of pilot projects,context,6
subject-matter_gemma3_06_b4,subject-matter_gemma3,gemma3,subject-matter,4,"uncertain utility interaction (net metering, utility ownership, and agreed standards)",context,6
subject-matter_gemma3_06_b8,subject-matter_gemma3,gemma3,subject-matter,8,misconception and lack of knowledge leads to lengthy/expensive design and permit process,context,6
subject-matter_gemma3_06_b10,subject-matter_gemma3,gemma3,subject-matter,10,uncertain regulatory roadmap,context,6
generalist_phi4_06_b1,generalist_phi4,phi4,generalist,1,"power losses, quality and safety issues",context,6
generalist_phi4_06_b2,generalist_phi4,phi4,generalist,2,reduced reliability in DC devices,context,6
generalist_phi4_06_b3,generalist_phi4,phi4,generalist,3,lack of use-cases in which DC is advantageous,context,6
generalist_phi4_06_b4,generalist_phi4,phi4,generalist,4,"uncertain utility interaction (net metering, utility ownership, and agreed standards)",context,6
generalist_phi4_06_b5,generalist_phi4,phi4,generalist,5,lack of pilot projects,context,6
normative_phi4_06_b1,normative_phi4,phi4,normative,1,"power losses, quality and safety issues",context,6
normative_phi4_06_b2,normative_phi4,phi4,normative,2,reduced reliability in DC devices,context,6
normative_phi4_06_b3,normative_phi4,phi4,normative,3,lack of use-cases in which DC is advantageous,context,6
normative_phi4_06_b4,normative_phi4,phi4,normative,4,"uncertain utility interaction (net metering, utility ownership, and agreed standards)",context,6
normative_phi4_06_b5,normative_phi4,phi4,normative,5,lack of pilot projects,context,6
subject-matter_phi4_06_b1,subject-matter_phi4,phi4,subject-matter,1,"power losses, quality and safety issues",context,6
subject-matter_phi4_06_b2,subject-matter_phi4,phi4,subject-matter,2,reduced reliability in DC devices,context,6
subject-matter_phi4_06_b3,subject-matter_phi4,phi4,subject-matter,3,lack of use-cases in which DC is advantageous,context,6
subject-matter_phi4_06_b4,subject-matter_phi4,phi4,subject-matter,4,"uncertain utility interaction (net metering, utility ownership, and agreed standards)",context,6
subject-matter_phi4_06_b10,subject-matter_phi4,phi4,subject-matter,10,uncertain regulatory roadmap,context,6
generalist_llama_07_b1,generalist_llama,llama,generalist,1,"power losses, quality and safety issues",context,7
generalist_llama_07_b2,generalist_llama,llama,generalist,2,reduced reliability in DC devices,context,7
generalist_llama_07_b3,generalist_llama,llama,generalist,3,lack of use-cases in which DC is advantageous,context,7
generalist_llama_07_b4,generalist_llama,llama,generalist,4,"uncertain utility interaction (net metering, utility ownership, and agreed standards)",context,7
generalist_llama_07_b5,generalist_llama,llama,generalist,5,lack of pilot projects,context,7
normative_llama_07_b1,normative_llama,llama,normative,1,"power losses, quality and safety issues",context,7
normative_llama_07_b3,normative_llama,llama,normative,3,lack of use-cases in which DC is advantageous,context,7
normative_llama_07_b4,normative_llama,llama,normative,4,"uncertain utility interaction (net metering, utility ownership, and agreed standards)",context,7
normative_llama_07_b5,normative_llama,llama,normative,5,lack of pilot projects,context,7
normative_llama_07_b6,normative_llama,llama,normative,6,public perception of DC and readiness to 'champion' installations from DC projects,context,7
subject-matter_llama_07_b1,subject-matter_llama,llama,subject-matter,1,"power losses, quality and safety issues",context,7
subject-matter_llama_07_b2,subject-matter_llama,llama,subject-matter,2,reduced reliability in DC devices,context,7
subject-matter_llama_07_b3,subject-matter_llama,llama,subject-matter,3,lack of use-cases in which DC is advantageous,context,7
subject-matter_llama_07_b4,subject-matter_llama,llama,subject-matter,4,"uncertain utility interaction (net metering, utility ownership, and agreed standards)",context,7
subject-matter_llama_07_b5,subject-matter_llama,llama,subject-matter,5,lack of pilot projects,context,7
generalist_mistral_07_b1,generalist_mistral,mistral,generalist,1,"power losses, quality and safety issues",context,7
generalist_mistral_07_b2,generalist_mistral,mistral,generalist,2,reduced reliability in DC devices,context,7
generalist_mistral_07_b3,generalist_mistral,mistral,generalist,3,lack of use-cases in which DC is advantageous,context,7
generalist_mistral_07_b4,generalist_mistral,mistral,generalist,4,"uncertain utility interaction (net metering, utility ownership, and agreed standards)",context,7
generalist_mistral_07_b5,generalist_mistral,mistral,generalist,5,lack of pilot projects,context,7
normative_mistral_07_b1,normative_mistral,mistral,normative,1,"power losses, quality and safety issues",context,7
normative_mistral_07_b2,normative_mistral,mistral,normative,2,reduced reliability in DC devices,context,7
normative_mistral_07_b3,normative_mistral,mistral,normative,3,lack of use-cases in which DC is advantageous,context,7
normative_mistral_07_b4,normative_mistral,mistral,normative,4,"uncertain utility interaction (net metering, utility ownership, and agreed standards)",context,7
normative_mistral_07_b10,normative_mistral,mistral,normative,10,uncertain regulatory roadmap,context,7
subject-matter_mistral_07_b1,subject-matter_mistral,mistral,subject-matter,1,"power losses, quality and safety issues",context,7
subject-matter_mistral_07_b2,subject-matter_mistral,mistral,subject-matter,2,reduced reliability in DC devices,context,7
subject-matter_mistral_07_b3,subject-matter_mistral,mistral,subject-matter,3,lack of use-cases in which DC is advantageous,context,7
subject-matter_mistral_07_b4,subject-matter_mistral,mistral,subject-matter,4,"uncertain utility interaction (net metering, utility ownership, and agreed standards)",context,7
subject-matter_mistral_07_b5,subject-matter_mistral,mistral,subject-matter,5,lack of pilot projects,context,7
generalist_gemma3_07_b1,generalist_gemma3,gemma3,generalist,1,"power losses, quality and safety issues",context,7
generalist_gemma3_07_b5,generalist_gemma3,gemma3,generalist,5,lack of pilot projects,context,7
generalist_gemma3_07_b6,generalist_gemma3,gemma3,generalist,6,public perception of DC and readiness to 'champion' installations from DC projects,context,7
generalist_gemma3_07_b8,generalist_gemma3,gemma3,generalist,8,misconception and lack of knowledge leads to lengthy/expensive design and permit process,context,7
generalist_gemma3_07_b10,generalist_gemma3,gemma3,generalist,10,uncertain regulatory roadmap,context,7
normative_gemma3_07_b1,normative_gemma3,gemma3,normative,1,"power losses, quality and safety issues",context,7
normative_gemma3_07_b4,normative_gemma3,gemma3,normative,4,"uncertain utility interaction (net metering, utility ownership, and agreed standards)",context,7
normative_gemma3_07_b5,normative_gemma3,gemma3,normative,5,lack of pilot projects,context,7
normative_gemma3_07_b8,normative_gemma3,gemma3,normative,8,misconception and lack of knowledge leads to lengthy/expensive design and permit process,context,7
normative_gemma3_07_b10,normative_gemma3,gemma3,normative,10,uncertain regulatory roadmap,context,7
subject-matter_gemma3_07_b1,subject-matter_gemma3,gemma3,subject-matter,1,"power losses, quality and safety issues",context,7
subject-matter_gemma3_07_b5,subject-matter_gemma3,gemma3,subject-matter,5,lack of pilot projects,context,7
subject-matter_gemma3_07_b6,subject-matter_gemma3,gemma3,subject-matter,6,public perception of DC and readiness to 'champion' installations from DC projects,context,7
subject-matter_gemma3_07_b8,subject-matter_gemma3,gemma3,subject-matter,8,misconception and lack of knowledge leads to lengthy/expensive design and permit process,context,7
subject-matter_gemma3_07_b10,subject-matter_gemma3,gemma3,subject-matter,10,uncertain regulatory roadmap,context,7
generalist_phi4_07_b1,generalist_phi4,phi4,generalist,1,"power losses, quality and safety issues",context,7
generalist_phi4_07_b3,generalist_phi4,phi4,generalist,3,lack of use-cases in which DC is advantageous,context,7
generalist_phi4_07_b4,generalist_phi4,phi4,generalist,4,"uncertain utility interaction (net metering, utility ownership, and agreed standards)",context,7
generalist_phi4_07_b5,generalist_phi4,phi4,generalist,5,lack of pilot projects,context,7
generalist_phi4_07_b10,generalist_phi4,phi4,generalist,10,uncertain regulatory roadmap,context,7
normative_phi4_07_b1,normative_phi4,phi4,normative,1,"power losses, quality and safety issues",context,7
normative_phi4_07_b3,normative_phi4,phi4,normative,3,lack of use-cases in which DC is advantageous,context,7
normative_phi4_07_b4,normative_phi4,phi4,normative,4,"uncertain utility interaction (net metering, utility ownership, and agreed standards)",context,7
normative_phi4_07_b8,normative_phi4,phi4,normative,8,misconception and lack of knowledge leads to lengthy/expensive design and permit process,context,7
normative_phi4_07_b10,normative_phi4,phi4,normative,10,uncertain regulatory roadmap,context,7
subject-matter_phi4_07_b1,subject-matter_phi4,phi4,subject-matter,1,"power losses, quality and safety issues",context,7
subject-matter_phi4_07_b4,subject-matter_phi4,phi4,subject-matter,4,"uncertain utility interaction (net metering, utility ownership, and agreed standards)",context,7
subject-matter_phi4_07_b5,subject-matter_phi4,phi4,subject-matter,5,lack of pilot projects,context,7
subject-matter_phi4_07_b8,subject-matter_phi4,phi4,subject-matter,8,misconception and lack of knowledge leads to lengthy/expensive design and permit process,context,7
subject-matter_phi4_07_b10,subject-matter_phi4,phi4,subject-matter,10,uncertain regulatory roadmap,context,7
generalist_llama_08_b1,generalist_llama,llama,generalist,1,"power losses, quality and safety issues",context,8
generalist_llama_08_b3,generalist_llama,llama,generalist,3,lack of use-cases in which DC is advantageous,context,8
generalist_llama_08_b4,generalist_llama,llama,generalist,4,"uncertain utility interaction (net metering, utility ownership, and agreed standards)",context,8
generalist_llama_08_b5,generalist_llama,llama,generalist,5,lack of pilot projects,context,8
generalist_llama_08_b6,generalist_llama,llama,generalist,6,public perception of DC and readiness to 'champion' installations from DC projects,context,8
normative_llama_08_b1,normative_llama,llama,normative,1,"power losses, quality and safety issues",context,8
normative_llama_08_b2,normative_llama,llama,normative,2,reduced reliability in DC devices,context,8
normative_llama_08_b3,normative_llama,llama,normative,3,lack of use-cases in which DC is advantageous,context,8
normative_llama_08_b4,normative_llama,llama,normative,4,"uncertain utility interaction (net metering, utility ownership, and agreed standards)",context,8
normative_llama_08_b5,normative_llama,llama,normative,5,lack of pilot projects,context,8
subject-matter_llama_08_b1,subject-matter_llama,llama,subject-matter,1,"power losses, quality and safety issues",context,8
subject-matter_llama_08_b2,subject-matter_llama,llama,subject-matter,2,reduced reliability in DC devices,context,8
subject-matter_llama_08_b3,subject-matter_llama,llama,subject-matter,3,lack of use-cases in which DC is advantageous,context,8
subject-matter_llama_08_b4,subject-matter_llama,llama,subject-matter,4,"uncertain utility interaction (net metering, utility ownership, and agreed standards)",context,8
subject-matter_llama_08_b5,subject-matter_llama,llama,subject-matter,5,lack of pilot projects,context,8
generalist_mistral_08_b1,generalist_mistral,mistral,generalist,1,"power losses, quality and safety issues",context,8
generalist_mistral_08_b2,generalist_mistral,mistral,generalist,2,reduced reliability in DC devices,context,8
generalist_mistral_08_b3,generalist_mistral,mistral,generalist,3,lack of use-cases in which DC is advantageous,context,8
generalist_mistral_08_b4,generalist_mistral,mistral,generalist,4,"uncertain utility interaction (net metering, utility ownership, and agreed standards)",context,8
generalist_mistral_08_b5,generalist_mistral,mistral,generalist,5,lack of pilot projects,context,8
normative_mistral_08_b1,normative_mistral,mistral,normative,1,"power losses, quality and safety issues",context,8
normative_mistral_08_b2,normative_mistral,mistral,normative,2,reduced reliability in DC devices,context,8
normative_mistral_08_b4,normative_mistral,mistral,normative,4,"uncertain utility interaction (net metering, utility ownership, and agreed standards)",context,8
normative_mistral_08_b5,normative_mistral,mistral,normative,5,lack of pilot projects,context,8
normative_mistral_08_b9,normative_mistral,mistral,normative,9,lack of enough trained personnel in DC systems,context,8
subject-matter_mistral_08_b1,subject-matter_mistral,mistral,subject-matter,1,"power losses, quality and safety issues",context,8
subject-matter_mistral_08_b2,subject-matter_mistral,mistral,subject-matter,2,reduced reliability in DC devices,context,8
subject-matter_mistral_08_b4,subject-matter_mistral,mistral,subject-matter,4,"uncertain utility interaction (net metering, utility ownership, and agreed standards)",context,8
subject-matter_mistral_08_b5,subject-matter_mistral,mistral,subject-matter,5,lack of pilot projects,context,8
subject-matter_mistral_08_b11,subject-matter_mistral,mistral,subject-matter,11,high costs of DC solutions,context,8
generalist_gemma3_08_b1,generalist_gemma3,gemma3,generalist,1,"power losses, quality and safety issues",context,8
generalist_gemma3_08_b3,generalist_gemma3,gemma3,generalist,3,lack of use-cases in which DC is advantageous,context,8
generalist_gemma3_08_b4,generalist_gemma3,gemma3,generalist,4,"uncertain utility interaction (net metering, utility ownership, and agreed standards)",context,8
generalist_gemma3_08_b8,generalist_gemma3,gemma3,generalist,8,misconception and lack of knowledge leads to lengthy/expensive design and permit process,context,8
generalist_gemma3_08_b10,generalist_gemma3,gemma3,generalist,10,uncertain regulatory roadmap,context,8
normative_gemma3_08_b1,normative_gemma3,gemma3,normative,1,"power losses, quality and safety issues",context,8
normative_gemma3_08_b4,normative_gemma3,gemma3,normative,4,"uncertain utility interaction (net metering, utility ownership, and agreed standards)",context,8
normative_gemma3_08_b7,normative_gemma3,gemma3,normative,7,incompatibility of DC systems components,context,8
normative_gemma3_08_b8,normative_gemma3,gemma3,normative,8,misconception and lack of knowledge leads to lengthy/expensive design and permit process,context,8
normative_gemma3_08_b11,normative_gemma3,gemma3,normative,11,high costs of DC solutions,context,8
subject-matter_gemma3_08_b1,subject-matter_gemma3,gemma3,subject-matter,1,"power losses, quality and safety issues",context,8
subject-matter_gemma3_08_b3,subject-matter_gemma3,gemma3,subject-matter,3,lack of use-cases in which DC is advantageous,context,8
subject-matter_gemma3_08_b4,subject-matter_gemma3,gemma3,subject-matter,4,"uncertain utility interaction (net metering, utility ownership, and agreed standards)",context,8
subject-matter_gemma3_08_b8,subject-matter_gemma3,gemma3,subject-matter,8,misconception and lack of knowledge leads to lengthy/expensive design and permit process,context,8
subject-matter_gemma3_08_b10,subject-matter_gemma3,gemma3,subject-matter,10,uncertain regulatory roadmap,context,8
generalist_phi4_08_b1,generalist_phi4,phi4,generalist,1,"power losses, quality and safety issues",context,8
generalist_phi4_08_b3,generalist_phi4,phi4,generalist,3,lack of use-cases in which DC is advantageous,context,8
generalist_phi4_08_b4,generalist_phi4,phi4,generalist,4,"uncertain utility interaction (net metering, utility ownership, and agreed standards)",context,8
generalist_phi4_08_b5,generalist_phi4,phi4,generalist,5,lack of pilot projects,context,8
generalist_phi4_08_b10,generalist_phi4,phi4,generalist,10,uncertain regulatory roadmap,context,8
normative_phi4_08_b1,normative_phi4,phi4,normative,1,"power losses, quality and safety issues",context,8
normative_phi4_08_b3,normative_phi4,phi4,normative,3,lack of use-cases in which DC is advantageous,context,8
normative_phi4_08_b4,normative_phi4,phi4,normative,4,"uncertain utility interaction (net metering, utility ownership, and agreed standards)",context,8
normative_phi4_08_b5,normative_phi4,phi4,normative,5,lack of pilot projects,context,8
normative_phi4_08_b10,normative_phi4,phi4,normative,10,uncertain regulatory roadmap,context,8
subject-matter_phi4_08_b1,subject-matter_phi4,phi4,subject-matter,1,"power losses, quality and safety issues",context,8
subject-matter_phi4_08_b3,subject-matter_phi4,phi4,subject-matter,3,lack of use-cases in which DC is advantageous,context,8
subject-matter_phi4_08_b4,subject-matter_phi4,phi4,subject-matter,4,"uncertain utility interaction (net metering, utility ownership, and agreed standards)",context,8
subject-matter_phi4_08_b8,subject-matter_phi4,phi4,subject-matter,8,misconception and lack of knowledge leads to lengthy/expensive design and permit process,context,8
subject-matter_phi4_08_b10,subject-matter_phi4,phi4,subject-matter,10,uncertain regulatory roadmap,context,8
generalist_llama_09_b1,generalist_llama,llama,generalist,1,"power losses, quality and safety issues",context,9
generalist_llama_09_b4,generalist_llama,llama,generalist,4,"uncertain utility interaction (net metering, utility ownership, and agreed standards)",context,9
generalist_llama_09_b3,generalist_llama,llama,generalist,3,lack of use-cases in which DC is advantageous,context,9
generalist_llama_09_b7,generalist_llama,llama,generalist,7,incompatibility of DC systems components,context,9
generalist_llama_09_b8,generalist_llama,llama,generalist,8,misconception and lack of knowledge leads to lengthy/expensive design and permit process,context,9
normative_llama_09_b1,normative_llama,llama,normative,1,"power losses, quality and safety issues",context,9
normative_llama_09_b3,normative_llama,llama,normative,3,lack of use-cases in which DC is advantageous,context,9
normative_llama_09_b4,normative_llama,llama,normative,4,"uncertain utility interaction (net metering, utility ownership, and agreed standards)",context,9
normative_llama_09_b7,normative_llama,llama,normative,7,incompatibility of DC systems components,context,9
normative_llama_09_b6,normative_llama,llama,normative,6,public perception of DC and readiness to 'champion' installations from DC projects,context,9
subject-matter_llama_09_b1,subject-matter_llama,llama,subject-matter,1,"power losses, quality and safety issues",context,9
subject-matter_llama_09_b2,subject-matter_llama,llama,subject-matter,2,reduced reliability in DC devices,context,9
subject-matter_llama_09_b3,subject-matter_llama,llama,subject-matter,3,lack of use-cases in which DC is advantageous,context,9
subject-matter_llama_09_b4,subject-matter_llama,llama,subject-matter,4,"uncertain utility interaction (net metering, utility ownership, and agreed standards)",context,9
subject-matter_llama_09_b5,subject-matter_llama,llama,subject-matter,5,lack of pilot projects,context,9
generalist_mistral_09_b1,generalist_mistral,mistral,generalist,1,"power losses, quality and safety issues",context,9
generalist_mistral_09_b2,generalist_mistral,mistral,generalist,2,reduced reliability in DC devices,context,9
generalist_mistral_09_b3,generalist_mistral,mistral,generalist,3,lack of use-cases in which DC is advantageous,context,9
generalist_mistral_09_b4,generalist_mistral,mistral,generalist,4,"uncertain utility interaction (net metering, utility ownership, and agreed standards)",context,9
generalist_mistral_09_b5,generalist_mistral,mistral,generalist,5,lack of pilot projects,context,9
normative_mistral_09_b1,normative_mistral,mistral,normative,1,"power losses, quality and safety issues",context,9
normative_mistral_09_b2,normative_mistral,mistral,normative,2,reduced reliability in DC devices,context,9
normative_mistral_09_b3,normative_mistral,mistral,normative,3,lack of use-cases in which DC is advantageous,context,9
normative_mistral_09_b4,normative_mistral,mistral,normative,4,"uncertain utility interaction (net metering, utility ownership, and agreed standards)",context,9
normative_mistral_09_b5,normative_mistral,mistral,normative,5,lack of pilot projects,context,9
subject-matter_mistral_09_b1,subject-matter_mistral,mistral,subject-matter,1,"power losses, quality and safety issues",context,9
subject-matter_mistral_09_b2,subject-matter_mistral,mistral,subject-matter,2,reduced reliability in DC devices,context,9
subject-matter_mistral_09_b4,subject-matter_mistral,mistral,subject-matter,4,"uncertain utility interaction (net metering, utility ownership, and agreed standards)",context,9
subject-matter_mistral_09_b5,subject-matter_mistral,mistral,subject-matter,5,lack of pilot projects,context,9
subject-matter_mistral_09_b10,subject-matter_mistral,mistral,subject-matter,10,uncertain regulatory roadmap,context,9
generalist_gemma3_09_b1,generalist_gemma3,gemma3,generalist,1,"power losses, quality and safety issues",context,9
generalist_gemma3_09_b3,generalist_gemma3,gemma3,generalist,3,lack of use-cases in which DC is advantageous,context,9
generalist_gemma3_09_b4,generalist_gemma3,gemma3,generalist,4,"uncertain utility interaction (net metering, utility ownership, and agreed standards)",context,9
generalist_gemma3_09_b8,generalist_gemma3,gemma3,generalist,8,misconception and lack of knowledge leads to lengthy/expensive design and permit process,context,9
generalist_gemma3_09_b11,generalist_gemma3,gemma3,generalist,11,high costs of DC solutions,context,9
normative_gemma3_09_b1,normative_gemma3,gemma3,normative,1,"power losses, quality and safety issues",context,9
normative_gemma3_09_b4,normative_gemma3,gemma3,normative,4,"uncertain utility interaction (net metering, utility ownership, and agreed standards)",context,9
normative_gemma3_09_b7,normative_gemma3,gemma3,normative,7,incompatibility of DC systems components,context,9
normative_gemma3_09_b8,normative_gemma3,gemma3,normative,8,misconception and lack of knowledge leads to lengthy/expensive design and permit process,context,9
normative_gemma3_09_b11,normative_gemma3,gemma3,normative,11,high costs of DC solutions,context,9
subject-matter_gemma3_09_b1,subject-matter_gemma3,gemma3,subject-matter,1,"power losses, quality and safety issues",context,9
subject-matter_gemma3_09_b4,subject-matter_gemma3,gemma3,subject-matter,4,"uncertain utility interaction (net metering, utility ownership, and agreed standards)",context,9
subject-matter_gemma3_09_b7,subject-matter_gemma3,gemma3,subject-matter,7,incompatibility of DC systems components,context,9
subject-matter_gemma3_09_b8,subject-matter_gemma3,gemma3,subject-matter,8,misconception and lack of knowledge leads to lengthy/expensive design and permit process,context,9
subject-matter_gemma3_09_b11,subject-matter_gemma3,gemma3,subject-matter,11,high costs of DC solutions,context,9
generalist_phi4_09_b1,generalist_phi4,phi4,generalist,1,"power losses, quality and safety issues",context,9
generalist_phi4_09_b3,generalist_phi4,phi4,generalist,3,lack of use-cases in which DC is advantageous,context,9
generalist_phi4_09_b4,generalist_phi4,phi4,generalist,4,"uncertain utility interaction (net metering, utility ownership, and agreed standards)",context,9
generalist_phi4_09_b5,generalist_phi4,phi4,generalist,5,lack of pilot projects,context,9
generalist_phi4_09_b11,generalist_phi4,phi4,generalist,11,high costs of DC solutions,context,9
normative_phi4_09_b1,normative_phi4,phi4,normative,1,"power losses, quality and safety issues",context,9
normative_phi4_09_b3,normative_phi4,phi4,normative,3,lack of use-cases in which DC is advantageous,context,9
normative_phi4_09_b4,normative_phi4,phi4,normative,4,"uncertain utility interaction (net metering, utility ownership, and agreed standards)",context,9
normative_phi4_09_b5,normative_phi4,phi4,normative,5,lack of pilot projects,context,9
normative_phi4_09_b10,normative_phi4,phi4,normative,10,uncertain regulatory roadmap,context,9
subject-matter_phi4_09_b1,subject-matter_phi4,phi4,subject-matter,1,"power losses, quality and safety issues",context,9
subject-matter_phi4_09_b4,subject-matter_phi4,phi4,subject-matter,4,"uncertain utility interaction (net metering, utility ownership, and agreed standards)",context,9
subject-matter_phi4_09_b5,subject-matter_phi4,phi4,subject-matter,5,lack of pilot projects,context,9
subject-matter_phi4_09_b9,subject-matter_phi4,phi4,subject-matter,9,lack of enough trained personnel in DC systems,context,9
subject-matter_phi4_09_b10,subject-matter_phi4,phi4,subject-matter,10,uncertain regulatory roadmap,context,9
generalist_llama_10_b1,generalist_llama,llama,generalist,1,"power losses, quality and safety issues",context,10
generalist_llama_10_b2,generalist_llama,llama,generalist,2,reduced reliability in DC devices,context,10
generalist_llama_10_b3,generalist_llama,llama,generalist,3,lack of use-cases in which DC is advantageous,context,10
generalist_llama_10_b4,generalist_llama,llama,generalist,4,"uncertain utility interaction (net metering, utility ownership, and agreed standards)",context,10
generalist_llama_10_b5,generalist_llama,llama,generalist,5,lack of pilot projects,context,10
normative_llama_10_b1,normative_llama,llama,normative,1,"power losses, quality and safety issues",context,10
normative_llama_10_b2,normative_llama,llama,normative,2,reduced reliability in DC devices,context,10
normative_llama_10_b3,normative_llama,llama,normative,3,lack of use-cases in which DC is advantageous,context,10
normative_llama_10_b4,normative_llama,llama,normative,4,"uncertain utility interaction (net metering, utility ownership, and agreed standards)",context,10
normative_llama_10_b5,normative_llama,llama,normative,5,lack of pilot projects,context,10
subject-matter_llama_10_b1,subject-matter_llama,llama,subject-matter,1,"power losses, quality and safety issues",context,10
subject-matter_llama_10_b2,subject-matter_llama,llama,subject-matter,2,reduced reliability in DC devices,context,10
subject-matter_llama_10_b4,subject-matter_llama,llama,subject-matter,4,"uncertain utility interaction (net metering, utility ownership, and agreed standards)",context,10
subject-matter_llama_10_b5,subject-matter_llama,llama,subject-matter,5,lack of pilot projects,context,10
subject-matter_llama_10_b6,subject-matter_llama,llama,subject-matter,6,public perception of DC and readiness to 'champion' installations from DC projects,context,10
generalist_mistral_10_b1,generalist_mistral,mistral,generalist,1,"power losses, quality and safety issues",context,10
generalist_mistral_10_b2,generalist_mistral,mistral,generalist,2,reduced reliability in DC devices,context,10
generalist_mistral_10_b3,generalist_mistral,mistral,generalist,3,lack of use-cases in which DC is advantageous,context,10
generalist_mistral_10_b4,generalist_mistral,mistral,generalist,4,"uncertain utility interaction (net metering, utility ownership, and agreed standards)",context,10
generalist_mistral_10_b5,generalist_mistral,mistral,generalist,5,lack of pilot projects,context,10
normative_mistral_10_b1,normative_mistral,mistral,normative,1,"power losses, quality and safety issues",context,10
normative_mistral_10_b2,normative_mistral,mistral,normative,2,reduced reliability in DC devices,context,10
normative_mistral_10_b4,normative_mistral,mistral,normative,4,"uncertain utility interaction (net metering, utility ownership, and agreed standards)",context,10
normative_mistral_10_b5,normative_mistral,mistral,normative,5,lack of pilot projects,context,10
normative_mistral_10_b6,normative_mistral,mistral,normative,6,public perception of DC and readiness to 'champion' installations from DC projects,context,10
subject-matter_mistral_10_b1,subject-matter_mistral,mistral,subject-matter,1,"power losses, quality and safety issues",context,10
subject-matter_mistral_10_b2,subject-matter_mistral,mistral,subject-matter,2,reduced reliability in DC devices,context,10
subject-matter_mistral_10_b3,subject-matter_mistral,mistral,subject-matter,3,lack of use-cases in which DC is advantageous,context,10
subject-matter_mistral_10_b4,subject-matter_mistral,mistral,subject-matter,4,"uncertain utility interaction (net metering, utility ownership, and agreed standards)",context,10
subject-matter_mistral_10_b5,subject-matter_mistral,mistral,subject-matter,5,lack of pilot projects,context,10
generalist_gemma3_10_b1,generalist_gemma3,gemma3,generalist,1,"power losses, quality and safety issues",context,10
generalist_gemma3_10_b3,generalist_gemma3,gemma3,generalist,3,lack of use-cases in which DC is advantageous,context,10
generalist_gemma3_10_b4,generalist_gemma3,gemma3,generalist,4,"uncertain utility interaction (net metering, utility ownership, and agreed standards)",context,10
generalist_gemma3_10_b8,generalist_gemma3,gemma3,generalist,8,misconception and lack of knowledge leads to lengthy/expensive design and permit process,context,10
generalist_gemma3_10_b11,generalist_gemma3,gemma3,generalist,11,high costs of DC solutions,context,10
normative_gemma3_10_b1,normative_gemma3,gemma3,normative,1,"power losses, quality and safety issues",context,10
normative_gemma3_10_b4,normative_gemma3,gemma3,normative,4,"uncertain utility interaction (net metering, utility ownership, and agreed standards)",context,10
normative_gemma3_10_b7,normative_gemma3,gemma3,normative,7,incompatibility of DC systems components,context,10
normative_gemma3_10_b8,normative_gemma3,gemma3,normative,8,misconception and lack of knowledge leads to lengthy/expensive design and permit process,context,10
normative_gemma3_10_b11,normative_gemma3,gemma3,normative,11,high costs of DC solutions,context,10
subject-matter_gemma3_10_b1,subject-matter_gemma3,gemma3,subject-matter,1,"power losses, quality and safety issues",context,10
subject-matter_gemma3_10_b3,subject-matter_gemma3,gemma3,subject-matter,3,lack of use-cases in which DC is advantageous,context,10
subject-matter_gemma3_10_b4,subject-matter_gemma3,gemma3,subject-matter,4,"uncertain utility interaction (net metering, utility ownership, and agreed standards)",context,10
subject-matter_gemma3_10_b8,subject-matter_gemma3,gemma3,subject-matter,8,misconception and lack of knowledge leads to lengthy/expensive design and permit process,context,10
subject-matter_gemma3_10_b10,subject-matter_gemma3,gemma3,subject-matter,10,uncertain regulatory roadmap,context,10
generalist_phi4_10_b1,generalist_phi4,phi4,generalist,1,"power losses, quality and safety issues",context,10
generalist_phi4_10_b3,generalist_phi4,phi4,generalist,3,lack of use-cases in which DC is advantageous,context,10
generalist_phi4_10_b4,generalist_phi4,phi4,generalist,4,"uncertain utility interaction (net metering, utility ownership, and agreed standards)",context,10
generalist_phi4_10_b5,generalist_phi4,phi4,generalist,5,lack of pilot projects,context,10
generalist_phi4_10_b10,generalist_phi4,phi4,generalist,10,uncertain regulatory roadmap,context,10
normative_phi4_10_b1,normative_phi4,phi4,normative,1,"power losses, quality and safety issues",context,10
normative_phi4_10_b3,normative_phi4,phi4,normative,3,lack of use-cases in which DC is advantageous,context,10
normative_phi4_10_b4,normative_phi4,phi4,normative,4,"uncertain utility interaction (net metering, utility ownership, and agreed standards)",context,10
normative_phi4_10_b5,normative_phi4,phi4,normative,5,lack of pilot projects,context,10
normative_phi4_10_b10,normative_phi4,phi4,normative,10,uncertain regulatory roadmap,context,10
subject-matter_phi4_10_b1,subject-matter_phi4,phi4,subject-matter,1,"power losses, quality and safety issues",context,10
subject-matter_phi4_10_b2,subject-matter_phi4,phi4,subject-matter,2,reduced reliability in DC devices,context,10
subject-matter_phi4_10_b3,subject-matter_phi4,phi4,subject-matter,3,lack of use-cases in which DC is advantageous,context,10
subject-matter_phi4_10_b4,subject-matter_phi4,phi4,subject-matter,4,"uncertain utility interaction (net metering, utility ownership, and agreed standards)",context,10
subject-matter_phi4_10_b11,subject-matter_phi4,phi4,subject-matter,11,high costs of DC solutions,context,10
generalist_llama_11_b1,generalist_llama,llama,generalist,1,"power losses, quality and safety issues",context,11
generalist_llama_11_b2,generalist_llama,llama,generalist,2,reduced reliability in DC devices,context,11
generalist_llama_11_b3,generalist_llama,llama,generalist,3,lack of use-cases in which DC is advantageous,context,11
generalist_llama_11_b4,generalist_llama,llama,generalist,4,"uncertain utility interaction (net metering, utility ownership, and agreed standards)",context,11
generalist_llama_11_b5,generalist_llama,llama,generalist,5,lack of pilot projects,context,11
normative_llama_11_b1,normative_llama,llama,normative,1,"power losses, quality and safety issues",context,11
normative_llama_11_b2,normative_llama,llama,normative,2,reduced reliability in DC devices,context,11
normative_llama_11_b3,normative_llama,llama,normative,3,lack of use-cases in which DC is advantageous,context,11
normative_llama_11_b4,normative_llama,llama,normative,4,"uncertain utility interaction (net metering, utility ownership, and agreed standards)",context,11
normative_llama_11_b5,normative_llama,llama,normative,5,lack of pilot projects,context,11
subject-matter_llama_11_b1,subject-matter_llama,llama,subject-matter,1,"power losses, quality and safety issues",context,11
subject-matter_llama_11_b2,subject-matter_llama,llama,subject-matter,2,reduced reliability in DC devices,context,11
subject-matter_llama_11_b3,subject-matter_llama,llama,subject-matter,3,lack of use-cases in which DC is advantageous,context,11
subject-matter_llama_11_b4,subject-matter_llama,llama,subject-matter,4,"uncertain utility interaction (net metering, utility ownership, and agreed standards)",context,11
subject-matter_llama_11_b5,subject-matter_llama,llama,subject-matter,5,lack of pilot projects,context,11
generalist_mistral_11_b1,generalist_mistral,mistral,generalist,1,"power losses, quality and safety issues",context,11
generalist_mistral_11_b2,generalist_mistral,mistral,generalist,2,reduced reliability in DC devices,context,11
generalist_mistral_11_b3,generalist_mistral,mistral,generalist,3,lack of use-cases in which DC is advantageous,context,11
generalist_mistral_11_b4,generalist_mistral,mistral,generalist,4,"uncertain utility interaction (net metering, utility ownership, and agreed standards)",context,11
generalist_mistral_11_b5,generalist_mistral,mistral,generalist,5,lack of pilot projects,context,11
normative_mistral_11_b1,normative_mistral,mistral,normative,1,"power losses, quality and safety issues",context,11
normative_mistral_11_b2,normative_mistral,mistral,normative,2,reduced reliability in DC devices,context,11
normative_mistral_11_b4,normative_mistral,mistral,normative,4,"uncertain utility interaction (net metering, utility ownership, and agreed standards)",context,11
normative_mistral_11_b5,normative_mistral,mistral,normative,5,lack of pilot projects,context,11
normative_mistral_11_b6,normative_mistral,mistral,normative,6,public perception of DC and readiness to 'champion' installations from DC projects,context,11
subject-matter_mistral_11_b1,subject-matter_mistral,mistral,subject-matter,1,"power losses, quality and safety issues",context,11
subject-matter_mistral_11_b2,subject-matter_mistral,mistral,subject-matter,2,reduced reliability in DC devices,context,11
subject-matter_mistral_11_b3,subject-matter_mistral,mistral,subject-matter,3,lack of use-cases in which DC is advantageous,context,11
subject-matter_mistral_11_b4,subject-matter_mistral,mistral,subject-matter,4,"uncertain utility interaction (net metering, utility ownership, and agreed standards)",context,11
subject-matter_mistral_11_b5,subject-matter_mistral,mistral,subject-matter,5,lack of pilot projects,context,11
generalist_gemma3_11_b1,generalist_gemma3,gemma3,generalist,1,"power losses, quality and safety issues",context,11
generalist_gemma3_11_b3,generalist_gemma3,gemma3,generalist,3,lack of use-cases in which DC is advantageous,context,11
generalist_gemma3_11_b4,generalist_gemma3,gemma3,generalist,4,"uncertain utility interaction (net metering, utility ownership, and agreed standards)",context,11
generalist_gemma3_11_b8,generalist_gemma3,gemma3,generalist,8,misconception and lack of knowledge leads to lengthy/expensive design and permit process,context,11
generalist_gemma3_11_b10,generalist_gemma3,gemma3,generalist,10,uncertain regulatory roadmap,context,11
normative_gemma3_11_b1,normative_gemma3,gemma3,normative,1,"power losses, quality and safety issues",context,11
normative_gemma3_11_b4,normative_gemma3,gemma3,normative,4,"uncertain utility interaction (net metering, utility ownership, and agreed standards)",context,11
normative_gemma3_11_b7,normative_gemma3,gemma3,normative,7,incompatibility of DC systems components,context,11
normative_gemma3_11_b8,normative_gemma3,gemma3,normative,8,misconception and lack of knowledge leads to lengthy/expensive design and permit process,context,11
normative_gemma3_11_b11,normative_gemma3,gemma3,normative,11,high costs of DC solutions,context,11
subject-matter_gemma3_11_b1,subject-matter_gemma3,gemma3,subject-matter,1,"power losses, quality and safety issues",context,11
subject-matter_gemma3_11_b5,subject-matter_gemma3,gemma3,subject-matter,5,lack of pilot projects,context,11
subject-matter_gemma3_11_b4,subject-matter_gemma3,gemma3,subject-matter,4,"uncertain utility interaction (net metering, utility ownership, and agreed standards)",context,11
subject-matter_gemma3_11_b8,subject-matter_gemma3,gemma3,subject-matter,8,misconception and lack of knowledge leads to lengthy/expensive design and permit process,context,11
subject-matter_gemma3_11_b10,subject-matter_gemma3,gemma3,subject-matter,10,uncertain regulatory roadmap,context,11
generalist_phi4_11_b1,generalist_phi4,phi4,generalist,1,"power losses, quality and safety issues",context,11
generalist_phi4_11_b2,generalist_phi4,phi4,generalist,2,reduced reliability in DC devices,context,11
generalist_phi4_11_b3,generalist_phi4,phi4,generalist,3,lack of use-cases in which DC is advantageous,context,11
generalist_phi4_11_b4,generalist_phi4,phi4,generalist,4,"uncertain utility interaction (net metering, utility ownership, and agreed standards)",context,11
generalist_phi4_11_b5,generalist_phi4,phi4,generalist,5,lack of pilot projects,context,11
normative_phi4_11_b1,normative_phi4,phi4,normative,1,"power losses, quality and safety issues",context,11
normative_phi4_11_b2,normative_phi4,phi4,normative,2,reduced reliability in DC devices,context,11
normative_phi4_11_b3,normative_phi4,phi4,normative,3,lack of use-cases in which DC is advantageous,context,11
normative_phi4_11_b4,normative_phi4,phi4,normative,4,"uncertain utility interaction (net metering, utility ownership, and agreed standards)",context,11
normative_phi4_11_b11,normative_phi4,phi4,normative,11,high costs of DC solutions,context,11
subject-matter_phi4_11_b1,subject-matter_phi4,phi4,subject-matter,1,"power losses, quality and safety issues",context,11
subject-matter_phi4_11_b3,subject-matter_phi4,phi4,subject-matter,3,lack of use-cases in which DC is advantageous,context,11
subject-matter_phi4_11_b4,subject-matter_phi4,phi4,subject-matter,4,"uncertain utility interaction (net metering, utility ownership, and agreed standards)",context,11
subject-matter_phi4_11_b5,subject-matter_phi4,phi4,subject-matter,5,lack of pilot projects,context,11
subject-matter_phi4_11_b10,subject-matter_phi4,phi4,subject-matter,10,uncertain regulatory roadmap,context,11
generalist_llama_12_b1,generalist_llama,llama,generalist,1,"power losses, quality and safety issues",context,12
generalist_llama_12_b2,generalist_llama,llama,generalist,2,reduced reliability in DC devices,context,12
generalist_llama_12_b3,generalist_llama,llama,generalist,3,lack of use-cases in which DC is advantageous,context,12
generalist_llama_12_b4,generalist_llama,llama,generalist,4,"uncertain utility interaction (net metering, utility ownership, and agreed standards)",context,12
generalist_llama_12_b5,generalist_llama,llama,generalist,5,lack of pilot projects,context,12
normative_llama_12_b6,normative_llama,llama,normative,6,public perception of DC and readiness to 'champion' installations from DC projects,context,12
normative_llama_12_b7,normative_llama,llama,normative,7,incompatibility of DC systems components,context,12
normative_llama_12_b9,normative_llama,llama,normative,9,lack of enough trained personnel in DC systems,context,12
normative_llama_12_b10,normative_llama,llama,normative,10,uncertain regulatory roadmap,context,12
normative_llama_12_b11,normative_llama,llama,normative,11,high costs of DC solutions,context,12
subject-matter_llama_12_b1,subject-matter_llama,llama,subject-matter,1,"power losses, quality and safety issues",context,12
subject-matter_llama_12_b4,subject-matter_llama,llama,subject-matter,4,"uncertain utility interaction (net metering, utility ownership, and agreed standards)",context,12
subject-matter_llama_12_b3,subject-matter_llama,llama,subject-matter,3,lack of use-cases in which DC is advantageous,context,12
subject-matter_llama_12_b6,subject-matter_llama,llama,subject-matter,6,public perception of DC and readiness to 'champion' installations from DC projects,context,12
subject-matter_llama_12_b7,subject-matter_llama,llama,subject-matter,7,incompatibility of DC systems components,context,12
generalist_mistral_12_b1,generalist_mistral,mistral,generalist,1,"power losses, quality and safety issues",context,12
generalist_mistral_12_b2,generalist_mistral,mistral,generalist,2,reduced reliability in DC devices,context,12
generalist_mistral_12_b4,generalist_mistral,mistral,generalist,4,"uncertain utility interaction (net metering, utility ownership, and agreed standards)",context,12
generalist_mistral_12_b5,generalist_mistral,mistral,generalist,5,lack of pilot projects,context,12
generalist_mistral_12_b11,generalist_mistral,mistral,generalist,11,high costs of DC solutions,context,12
normative_mistral_12_b1,normative_mistral,mistral,normative,1,"power losses, quality and safety issues",context,12
normative_mistral_12_b2,normative_mistral,mistral,normative,2,reduced reliability in DC devices,context,12
normative_mistral_12_b4,normative_mistral,mistral,normative,4,"uncertain utility interaction (net metering, utility ownership, and agreed standards)",context,12
normative_mistral_12_b5,normative_mistral,mistral,normative,5,lack of pilot projects,context,12
normative_mistral_12_b6,normative_mistral,mistral,normative,6,public perception of DC and readiness to 'champion' installations from DC projects,context,12
subject-matter_mistral_12_b1,subject-matter_mistral,mistral,subject-matter,1,"power losses, quality and safety issues",context,12
subject-matter_mistral_12_b2,subject-matter_mistral,mistral,subject-matter,2,reduced reliability in DC devices,context,12
subject-matter_mistral_12_b3,subject-matter_mistral,mistral,subject-matter,3,lack of use-cases in which DC is advantageous,context,12
subject-matter_mistral_12_b4,subject-matter_mistral,mistral,subject-matter,4,"uncertain utility interaction (net metering, utility ownership, and agreed standards)",context,12
subject-matter_mistral_12_b5,subject-matter_mistral,mistral,subject-matter,5,lack of pilot projects,context,12
generalist_gemma3_12_b1,generalist_gemma3,gemma3,generalist,1,"power losses, quality and safety issues",context,12
generalist_gemma3_12_b3,generalist_gemma3,gemma3,generalist,3,lack of use-cases in which DC is advantageous,context,12
generalist_gemma3_12_b4,generalist_gemma3,gemma3,generalist,4,"uncertain utility interaction (net metering, utility ownership, and agreed standards)",context,12
generalist_gemma3_12_b8,generalist_gemma3,gemma3,generalist,8,misconception and lack of knowledge leads to lengthy/expensive design and permit process,context,12
generalist_gemma3_12_b10,generalist_gemma3,gemma3,generalist,10,uncertain regulatory roadmap,context,12
normative_gemma3_12_b1,normative_gemma3,gemma3,normative,1,"power losses, quality and safety issues",context,12
normative_gemma3_12_b4,normative_gemma3,gemma3,normative,4,"uncertain utility interaction (net metering, utility ownership, and agreed standards)",context,12
normative_gemma3_12_b7,normative_gemma3,gemma3,normative,7,incompatibility of DC systems components,context,12
normative_gemma3_12_b8,normative_gemma3,gemma3,normative,8,misconception and lack of knowledge leads to lengthy/expensive design and permit process,context,12
normative_gemma3_12_b11,normative_gemma3,gemma3,normative,11,high costs of DC solutions,context,12
subject-matter_gemma3_12_b1,subject-matter_gemma3,gemma3,subject-matter,1,"power losses, quality and safety issues",context,12
subject-matter_gemma3_12_b5,subject-matter_gemma3,gemma3,subject-matter,5,lack of pilot projects,context,12
subject-matter_gemma3_12_b6,subject-matter_gemma3,gemma3,subject-matter,6,public perception of DC and readiness to 'champion' installations from DC projects,context,12
subject-matter_gemma3_12_b8,subject-matter_gemma3,gemma3,subject-matter,8,misconception and lack of knowledge leads to lengthy/expensive design and permit process,context,12
subject-matter_gemma3_12_b10,subject-matter_gemma3,gemma3,subject-matter,10,uncertain regulatory roadmap,context,12
generalist_phi4_12_b1,generalist_phi4,phi4,generalist,1,"power losses, quality and safety issues",context,12
generalist_phi4_12_b3,generalist_phi4,phi4,generalist,3,lack of use-cases in which DC is advantageous,context,12
generalist_phi4_12_b4,generalist_phi4,phi4,generalist,4,"uncertain utility interaction (net metering, utility ownership, and agreed standards)",context,12
generalist_phi4_12_b5,generalist_phi4,phi4,generalist,5,lack of pilot projects,context,12
generalist_phi4_12_b10,generalist_phi4,phi4,generalist,10,uncertain regulatory roadmap,context,12
normative_phi4_12_b1,normative_phi4,phi4,normative,1,"power losses, quality and safety issues",context,12
normative_phi4_12_b4,normative_phi4,phi4,normative,4,"uncertain utility interaction (net metering, utility ownership, and agreed standards)",context,12
normative_phi4_12_b5,normative_phi4,phi4,normative,5,lack of pilot projects,context,12
normative_phi4_12_b8,normative_phi4,phi4,normative,8,misconception and lack of knowledge leads to lengthy/expensive design and permit process,context,12
normative_phi4_12_b10,normative_phi4,phi4,normative,10,uncertain regulatory roadmap,context,12
subject-matter_phi4_12_b1,subject-matter_phi4,phi4,subject-matter,1,"power losses, quality and safety issues",context,12
subject-matter_phi4_12_b2,subject-matter_phi4,phi4,subject-matter,2,reduced reliability in DC devices,context,12
subject-matter_phi4_12_b4,subject-matter_phi4,phi4,subject-matter,4,"uncertain utility interaction (net metering, utility ownership, and agreed standards)",context,12
subject-matter_phi4_12_b5,subject-matter_phi4,phi4,subject-matter,5,lack of pilot projects,context,12
subject-matter_phi4_12_b10,subject-matter_phi4,phi4,subject-matter,10,uncertain regulatory roadmap,context,12
generalist_llama_13_b5,generalist_llama,llama,generalist,5,lack of pilot projects,context,13
generalist_llama_13_b6,generalist_llama,llama,generalist,6,public perception of DC and readiness to 'champion' installations from DC projects,context,13
generalist_llama_13_b7,generalist_llama,llama,generalist,7,incompatibility of DC systems components,context,13
generalist_llama_13_b8,generalist_llama,llama,generalist,8,misconception and lack of knowledge leads to lengthy/expensive design and permit process,context,13
generalist_llama_13_b9,generalist_llama,llama,generalist,9,lack of enough trained personnel in DC systems,context,13
normative_llama_13_b5,normative_llama,llama,normative,5,lack of pilot projects,context,13
normative_llama_13_b7,normative_llama,llama,normative,7,incompatibility of DC systems components,context,13
normative_llama_13_b8,normative_llama,llama,normative,8,misconception and lack of knowledge leads to lengthy/expensive design and permit process,context,13
normative_llama_13_b9,normative_llama,llama,normative,9,lack of enough trained personnel in DC systems,context,13
normative_llama_13_b10,normative_llama,llama,normative,10,uncertain regulatory roadmap,context,13
subject-matter_llama_13_b1,subject-matter_llama,llama,subject-matter,1,"power losses, quality and safety issues",context,13
subject-matter_llama_13_b3,subject-matter_llama,llama,subject-matter,3,lack of use-cases in which DC is advantageous,context,13
subject-matter_llama_13_b4,subject-matter_llama,llama,subject-matter,4,"uncertain utility interaction (net metering, utility ownership, and agreed standards)",context,13
subject-matter_llama_13_b7,subject-matter_llama,llama,subject-matter,7,incompatibility of DC systems components,context,13
subject-matter_llama_13_b8,subject-matter_llama,llama,subject-matter,8,misconception and lack of knowledge leads to lengthy/expensive design and permit process,context,13
generalist_mistral_13_b1,generalist_mistral,mistral,generalist,1,"power losses, quality and safety issues",context,13
generalist_mistral_13_b2,generalist_mistral,mistral,generalist,2,reduced reliability in DC devices,context,13
generalist_mistral_13_b3,generalist_mistral,mistral,generalist,3,lack of use-cases in which DC is advantageous,context,13
generalist_mistral_13_b4,generalist_mistral,mistral,generalist,4,"uncertain utility interaction (net metering, utility ownership, and agreed standards)",context,13
generalist_mistral_13_b5,generalist_mistral,mistral,generalist,5,lack of pilot projects,context,13
normative_mistral_13_b1,normative_mistral,mistral,normative,1,"power losses, quality and safety issues",context,13
normative_mistral_13_b2,normative_mistral,mistral,normative,2,reduced reliability in DC devices,context,13
normative_mistral_13_b4,normative_mistral,mistral,normative,4,"uncertain utility interaction (net metering, utility ownership, and agreed standards)",context,13
normative_mistral_13_b5,normative_mistral,mistral,normative,5,lack of pilot projects,context,13
normative_mistral_13_b6,normative_mistral,mistral,normative,6,public perception of DC and readiness to 'champion' installations from DC projects,context,13
subject-matter_mistral_13_b1,subject-matter_mistral,mistral,subject-matter,1,"power losses, quality and safety issues",context,13
subject-matter_mistral_13_b2,subject-matter_mistral,mistral,subject-matter,2,reduced reliability in DC devices,context,13
subject-matter_mistral_13_b3,subject-matter_mistral,mistral,subject-matter,3,lack of use-cases in which DC is advantageous,context,13
subject-matter_mistral_13_b4,subject-matter_mistral,mistral,subject-matter,4,"uncertain utility interaction (net metering, utility ownership, and agreed standards)",context,13
subject-matter_mistral_13_b5,subject-matter_mistral,mistral,subject-matter,5,lack of pilot projects,context,13
generalist_gemma3_13_b1,generalist_gemma3,gemma3,generalist,1,"power losses, quality and safety issues",context,13
generalist_gemma3_13_b5,generalist_gemma3,gemma3,generalist,5,lack of pilot projects,context,13
generalist_gemma3_13_b6,generalist_gemma3,gemma3,generalist,6,public perception of DC and readiness to 'champion' installations from DC projects,context,13
generalist_gemma3_13_b8,generalist_gemma3,gemma3,generalist,8,misconception and lack of knowledge leads to lengthy/expensive design and permit process,context,13
generalist_gemma3_13_b10,generalist_gemma3,gemma3,generalist,10,uncertain regulatory roadmap,context,13
normative_gemma3_13_b1,normative_gemma3,gemma3,normative,1,"power losses, quality and safety issues",context,13
normative_gemma3_13_b4,normative_gemma3,gemma3,normative,4,"uncertain utility interaction (net metering, utility ownership, and agreed standards)",context,13
normative_gemma3_13_b7,normative_gemma3,gemma3,normative,7,incompatibility of DC systems components,context,13
normative_gemma3_13_b8,normative_gemma3,gemma3,normative,8,misconception and lack of knowledge leads to lengthy/expensive design and permit process,context,13
normative_gemma3_13_b11,normative_gemma3,gemma3,normative,11,high costs of DC solutions,context,13
subject-matter_gemma3_13_b1,subject-matter_gemma3,gemma3,subject-matter,1,"power losses, quality and safety issues",context,13
subject-matter_gemma3_13_b4,subject-matter_gemma3,gemma3,subject-matter,4,"uncertain utility interaction (net metering, utility ownership, and agreed standards)",context,13
subject-matter_gemma3_13_b5,subject-matter_gemma3,gemma3,subject-matter,5,lack of pilot projects,context,13
subject-matter_gemma3_13_b8,subject-matter_gemma3,gemma3,subject-matter,8,misconception and lack of knowledge leads to lengthy/expensive design and permit process,context,13
subject-matter_gemma3_13_b10,subject-matter_gemma3,gemma3,subject-matter,10,uncertain regulatory roadmap,context,13
generalist_phi4_13_b1,generalist_phi4,phi4,generalist,1,"power losses, quality and safety issues",context,13
generalist_phi4_13_b4,generalist_phi4,phi4,generalist,4,"uncertain utility interaction (net metering, utility ownership, and agreed standards)",context,13
generalist_phi4_13_b5,generalist_phi4,phi4,generalist,5,lack of pilot projects,context,13
generalist_phi4_13_b8,generalist_phi4,phi4,generalist,8,misconception and lack of knowledge leads to lengthy/expensive design and permit process,context,13
generalist_phi4_13_b10,generalist_phi4,phi4,generalist,10,uncertain regulatory roadmap,context,13
normative_phi4_13_b1,normative_phi4,phi4,normative,1,"power losses, quality and safety issues",context,13
normative_phi4_13_b3,normative_phi4,phi4,normative,3,lack of use-cases in which DC is advantageous,context,13
normative_phi4_13_b4,normative_phi4,phi4,normative,4,"uncertain utility interaction (net metering, utility ownership, and agreed standards)",context,13
normative_phi4_13_b5,normative_phi4,phi4,normative,5,lack of pilot projects,context,13
normative_phi4_13_b10,normative_phi4,phi4,normative,10,uncertain regulatory roadmap,context,13
subject-matter_phi4_13_b1,subject-matter_phi4,phi4,subject-matter,1,"power losses, quality and safety issues",context,13
subject-matter_phi4_13_b2,subject-matter_phi4,phi4,subject-matter,2,reduced reliability in DC devices,context,13
subject-matter_phi4_13_b3,subject-matter_phi4,phi4,subject-matter,3,lack of use-cases in which DC is advantageous,context,13
subject-matter_phi4_13_b4,subject-matter_phi4,phi4,subject-matter,4,"uncertain utility interaction (net metering, utility ownership, and agreed standards)",context,13
subject-matter_phi4_13_b11,subject-matter_phi4,phi4,subject-matter,11,high costs of DC solutions,context,13
generalist_llama_14_b3,generalist_llama,llama,generalist,3,lack of use-cases in which DC is advantageous,context,14
generalist_llama_14_b4,generalist_llama,llama,generalist,4,"uncertain utility interaction (net metering, utility ownership, and agreed standards)",context,14
generalist_llama_14_b11,generalist_llama,llama,generalist,11,high costs of DC solutions,context,14
generalist_llama_14_b6,generalist_llama,llama,generalist,6,public perception of DC and readiness to 'champion' installations from DC projects,context,14
generalist_llama_14_b7,generalist_llama,llama,generalist,7,incompatibility of DC systems components,context,14
normative_llama_14_b1,normative_llama,llama,normative,1,"power losses, quality and safety issues",context,14
normative_llama_14_b2,normative_llama,llama,normative,2,reduced reliability in DC devices,context,14
normative_llama_14_b3,normative_llama,llama,normative,3,lack of use-cases in which DC is advantageous,context,14
normative_llama_14_b4,normative_llama,llama,normative,4,"uncertain utility interaction (net metering, utility ownership, and agreed standards)",context,14
normative_llama_14_b5,normative_llama,llama,normative,5,lack of pilot projects,context,14
subject-matter_llama_14_b1,subject-matter_llama,llama,subject-matter,1,"power losses, quality and safety issues",context,14
subject-matter_llama_14_b3,subject-matter_llama,llama,subject-matter,3,lack of use-cases in which DC is advantageous,context,14
subject-matter_llama_14_b4,subject-matter_llama,llama,subject-matter,4,"uncertain utility interaction (net metering, utility ownership, and agreed standards)",context,14
subject-matter_llama_14_b7,subject-matter_llama,llama,subject-matter,7,incompatibility of DC systems components,context,14
subject-matter_llama_14_b8,subject-matter_llama,llama,subject-matter,8,misconception and lack of knowledge leads to lengthy/expensive design and permit process,context,14
generalist_mistral_14_b1,generalist_mistral,mistral,generalist,1,"power losses, quality and safety issues",context,14
generalist_mistral_14_b3,generalist_mistral,mistral,generalist,3,lack of use-cases in which DC is advantageous,context,14
generalist_mistral_14_b4,generalist_mistral,mistral,generalist,4,"uncertain utility interaction (net metering, utility ownership, and agreed standards)",context,14
generalist_mistral_14_b5,generalist_mistral,mistral,generalist,5,lack of pilot projects,context,14
generalist_mistral_14_b7,generalist_mistral,mistral,generalist,7,incompatibility of DC systems components,context,14
normative_mistral_14_b1,normative_mistral,mistral,normative,1,"power losses, quality and safety issues",context,14
normative_mistral_14_b2,normative_mistral,mistral,normative,2,reduced reliability in DC devices,context,14
normative_mistral_14_b4,normative_mistral,mistral,normative,4,"uncertain utility interaction (net metering, utility ownership, and agreed standards)",context,14
normative_mistral_14_b5,normative_mistral,mistral,normative,5,lack of pilot projects,context,14
normative_mistral_14_b11,normative_mistral,mistral,normative,11,high costs of DC solutions,context,14
subject-matter_mistral_14_b1,subject-matter_mistral,mistral,subject-matter,1,"power losses, quality and safety issues",context,14
subject-matter_mistral_14_b2,subject-matter_mistral,mistral,subject-matter,2,reduced reliability in DC devices,context,14
subject-matter_mistral_14_b4,subject-matter_mistral,mistral,subject-matter,4,"uncertain utility interaction (net metering, utility ownership, and agreed standards)",context,14
subject-matter_mistral_14_b5,subject-matter_mistral,mistral,subject-matter,5,lack of pilot projects,context,14
subject-matter_mistral_14_b7,subject-matter_mistral,mistral,subject-matter,7,incompatibility of DC systems components,context,14
generalist_gemma3_14_b1,generalist_gemma3,gemma3,generalist,1,"power losses, quality and safety issues",context,14
generalist_gemma3_14_b5,generalist_gemma3,gemma3,generalist,5,lack of pilot projects,context,14
generalist_gemma3_14_b4,generalist_gemma3,gemma3,generalist,4,"uncertain utility interaction (net metering, utility ownership, and agreed standards)",context,14
generalist_gemma3_14_b8,generalist_gemma3,gemma3,generalist,8,misconception and lack of knowledge leads to lengthy/expensive design and permit process,context,14
generalist_gemma3_14_b11,generalist_gemma3,gemma3,generalist,11,high costs of DC solutions,context,14
normative_gemma3_14_b1,normative_gemma3,gemma3,normative,1,"power losses, quality and safety issues",context,14
normative_gemma3_14_b4,normative_gemma3,gemma3,normative,4,"uncertain utility interaction (net metering, utility ownership, and agreed standards)",context,14
normative_gemma3_14_b7,normative_gemma3,gemma3,normative,7,incompatibility of DC systems components,context,14
normative_gemma3_14_b8,normative_gemma3,gemma3,normative,8,misconception and lack of knowledge leads to lengthy/expensive design and permit process,context,14
normative_gemma3_14_b11,normative_gemma3,gemma3,normative,11,high costs of DC solutions,context,14
subject-matter_gemma3_14_b1,subject-matter_gemma3,gemma3,subject-matter,1,"power losses, quality and safety issues",context,14
subject-matter_gemma3_14_b4,subject-matter_gemma3,gemma3,subject-matter,4,"uncertain utility interaction (net metering, utility ownership, and agreed standards)",context,14
subject-matter_gemma3_14_b5,subject-matter_gemma3,gemma3,subject-matter,5,lack of pilot projects,context,14
subject-matter_gemma3_14_b8,subject-matter_gemma3,gemma3,subject-matter,8,misconception and lack of knowledge leads to lengthy/expensive design and permit process,context,14
subject-matter_gemma3_14_b10,subject-matter_gemma3,gemma3,subject-matter,10,uncertain regulatory roadmap,context,14
generalist_phi4_14_b1,generalist_phi4,phi4,generalist,1,"power losses, quality and safety issues",context,14
generalist_phi4_14_b3,generalist_phi4,phi4,generalist,3,lack of use-cases in which DC is advantageous,context,14
generalist_phi4_14_b4,generalist_phi4,phi4,generalist,4,"uncertain utility interaction (net metering, utility ownership, and agreed standards)",context,14
generalist_phi4_14_b5,generalist_phi4,phi4,generalist,5,lack of pilot projects,context,14
generalist_phi4_14_b10,generalist_phi4,phi4,generalist,10,uncertain regulatory roadmap,context,14
normative_phi4_14_b1,normative_phi4,phi4,normative,1,"power losses, quality and safety issues",context,14
normative_phi4_14_b3,normative_phi4,phi4,normative,3,lack of use-cases in which DC is advantageous,context,14
normative_phi4_14_b4,normative_phi4,phi4,normative,4,"uncertain utility interaction (net metering, utility ownership, and agreed standards)",context,14
normative_phi4_14_b5,normative_phi4,phi4,normative,5,lack of pilot projects,context,14
normative_phi4_14_b10,normative_phi4,phi4,normative,10,uncertain regulatory roadmap,context,14
subject-matter_phi4_14_b1,subject-matter_phi4,phi4,subject-matter,1,"power losses, quality and safety issues",context,14
subject-matter_phi4_14_b4,subject-matter_phi4,phi4,subject-matter,4,"uncertain utility interaction (net metering, utility ownership, and agreed standards)",context,14
subject-matter_phi4_14_b5,subject-matter_phi4,phi4,subject-matter,5,lack of pilot projects,context,14
subject-matter_phi4_14_b8,subject-matter_phi4,phi4,subject-matter,8,misconception and lack of knowledge leads to lengthy/expensive design and permit process,context,14
subject-matter_phi4_14_b10,subject-matter_phi4,phi4,subject-matter,10,uncertain regulatory roadmap,context,14
generalist_llama_15_b1,generalist_llama,llama,generalist,1,"power losses, quality and safety issues",context,15
generalist_llama_15_b2,generalist_llama,llama,generalist,2,reduced reliability in DC devices,context,15
generalist_llama_15_b3,generalist_llama,llama,generalist,3,lack of use-cases in which DC is advantageous,context,15
generalist_llama_15_b4,generalist_llama,llama,generalist,4,"uncertain utility interaction (net metering, utility ownership, and agreed standards)",context,15
generalist_llama_15_b5,generalist_llama,llama,generalist,5,lack of pilot projects,context,15
normative_llama_15_b1,normative_llama,llama,normative,1,"power losses, quality and safety issues",context,15
normative_llama_15_b2,normative_llama,llama,normative,2,reduced reliability in DC devices,context,15
normative_llama_15_b3,normative_llama,llama,normative,3,lack of use-cases in which DC is advantageous,context,15
normative_llama_15_b4,normative_llama,llama,normative,4,"uncertain utility interaction (net metering, utility ownership, and agreed standards)",context,15
normative_llama_15_b5,normative_llama,llama,normative,5,lack of pilot projects,context,15
subject-matter_llama_15_b1,subject-matter_llama,llama,subject-matter,1,"power losses, quality and safety issues",context,15
subject-matter_llama_15_b2,subject-matter_llama,llama,subject-matter,2,reduced reliability in DC devices,context,15
subject-matter_llama_15_b3,subject-matter_llama,llama,subject-matter,3,lack of use-cases in which DC is advantageous,context,15
subject-matter_llama_15_b4,subject-matter_llama,llama,subject-matter,4,"uncertain utility interaction (net metering, utility ownership, and agreed standards)",context,15
subject-matter_llama_15_b5,subject-matter_llama,llama,subject-matter,5,lack of pilot projects,context,15
generalist_mistral_15_b1,generalist_mistral,mistral,generalist,1,"power losses, quality and safety issues",context,15
generalist_mistral_15_b2,generalist_mistral,mistral,generalist,2,reduced reliability in DC devices,context,15
generalist_mistral_15_b3,generalist_mistral,mistral,generalist,3,lack of use-cases in which DC is advantageous,context,15
generalist_mistral_15_b4,generalist_mistral,mistral,generalist,4,"uncertain utility interaction (net metering, utility ownership, and agreed standards)",context,15
generalist_mistral_15_b5,generalist_mistral,mistral,generalist,5,lack of pilot projects,context,15
normative_mistral_15_b1,normative_mistral,mistral,normative,1,"power losses, quality and safety issues",context,15
normative_mistral_15_b2,normative_mistral,mistral,normative,2,reduced reliability in DC devices,context,15
normative_mistral_15_b3,normative_mistral,mistral,normative,3,lack of use-cases in which DC is advantageous,context,15
normative_mistral_15_b4,normative_mistral,mistral,normative,4,"uncertain utility interaction (net metering, utility ownership, and agreed standards)",context,15
normative_mistral_15_b5,normative_mistral,mistral,normative,5,lack of pilot projects,context,15
subject-matter_mistral_15_b1,subject-matter_mistral,mistral,subject-matter,1,"power losses, quality and safety issues",context,15
subject-matter_mistral_15_b2,subject-matter_mistral,mistral,subject-matter,2,reduced reliability in DC devices,context,15
subject-matter_mistral_15_b4,subject-matter_mistral,mistral,subject-matter,4,"uncertain utility interaction (net metering, utility ownership, and agreed standards)",context,15
subject-matter_mistral_15_b5,subject-matter_mistral,mistral,subject-matter,5,lack of pilot projects,context,15
subject-matter_mistral_15_b7,subject-matter_mistral,mistral,subject-matter,7,incompatibility of DC systems components,context,15
generalist_gemma3_15_b1,generalist_gemma3,gemma3,generalist,1,"power losses, quality and safety issues",context,15
generalist_gemma3_15_b5,generalist_gemma3,gemma3,generalist,5,lack of pilot projects,context,15
generalist_gemma3_15_b6,generalist_gemma3,gemma3,generalist,6,public perception of DC and readiness to 'champion' installations from DC projects,context,15
generalist_gemma3_15_b8,generalist_gemma3,gemma3,generalist,8,misconception and lack of knowledge leads to lengthy/expensive design and permit process,context,15
generalist_gemma3_15_b10,generalist_gemma3,gemma3,generalist,10,uncertain regulatory roadmap,context,15
normative_gemma3_15_b1,normative_gemma3,gemma3,normative,1,"power losses, quality and safety issues",context,15
normative_gemma3_15_b4,normative_gemma3,gemma3,normative,4,"uncertain utility interaction (net metering, utility ownership, and agreed standards)",context,15
normative_gemma3_15_b5,normative_gemma3,gemma3,normative,5,lack of pilot projects,context,15
normative_gemma3_15_b8,normative_gemma3,gemma3,normative,8,misconception and lack of knowledge leads to lengthy/expensive design and permit process,context,15
normative_gemma3_15_b10,normative_gemma3,gemma3,normative,10,uncertain regulatory roadmap,context,15
subject-matter_gemma3_15_b1,subject-matter_gemma3,gemma3,subject-matter,1,"power losses, quality and safety issues",context,15
subject-matter_gemma3_15_b5,subject-matter_gemma3,gemma3,subject-matter,5,lack of pilot projects,context,15
subject-matter_gemma3_15_b4,subject-matter_gemma3,gemma3,subject-matter,4,"uncertain utility interaction (net metering, utility ownership, and agreed standards)",context,15
subject-matter_gemma3_15_b8,subject-matter_gemma3,gemma3,subject-matter,8,misconception and lack of knowledge leads to lengthy/expensive design and permit process,context,15
subject-matter_gemma3_15_b10,subject-matter_gemma3,gemma3,subject-matter,10,uncertain regulatory roadmap,context,15
generalist_phi4_15_b1,generalist_phi4,phi4,generalist,1,"power losses, quality and safety issues",context,15
generalist_phi4_15_b2,generalist_phi4,phi4,generalist,2,reduced reliability in DC devices,context,15
generalist_phi4_15_b3,generalist_phi4,phi4,generalist,3,lack of use-cases in which DC is advantageous,context,15
generalist_phi4_15_b4,generalist_phi4,phi4,generalist,4,"uncertain utility interaction (net metering, utility ownership, and agreed standards)",context,15
generalist_phi4_15_b5,generalist_phi4,phi4,generalist,5,lack of pilot projects,context,15
normative_phi4_15_b1,normative_phi4,phi4,normative,1,"power losses, quality and safety issues",context,15
normative_phi4_15_b2,normative_phi4,phi4,normative,2,reduced reliability in DC devices,context,15
normative_phi4_15_b3,normative_phi4,phi4,normative,3,lack of use-cases in which DC is advantageous,context,15
normative_phi4_15_b4,normative_phi4,phi4,normative,4,"uncertain utility interaction (net metering, utility ownership, and agreed standards)",context,15
normative_phi4_15_b11,normative_phi4,phi4,normative,11,high costs of DC solutions,context,15
subject-matter_phi4_15_b1,subject-matter_phi4,phi4,subject-matter,1,"power losses, quality and safety issues",context,15
subject-matter_phi4_15_b3,subject-matter_phi4,phi4,subject-matter,3,lack of use-cases in which DC is advantageous,context,15
subject-matter_phi4_15_b4,subject-matter_phi4,phi4,subject-matter,4,"uncertain utility interaction (net metering, utility ownership, and agreed standards)",context,15
subject-matter_phi4_15_b5,subject-matter_phi4,phi4,subject-matter,5,lack of pilot projects,context,15
subject-matter_phi4_15_b10,subject-matter_phi4,phi4,subject-matter,10,uncertain regulatory roadmap,context,15
generalist_llama_16_b1,generalist_llama,llama,generalist,1,"power losses, quality and safety issues",context,16
generalist_llama_16_b2,generalist_llama,llama,generalist,2,reduced reliability in DC devices,context,16
generalist_llama_16_b4,generalist_llama,llama,generalist,4,"uncertain utility interaction (net metering, utility ownership, and agreed standards)",context,16
generalist_llama_16_b5,generalist_llama,llama,generalist,5,lack of pilot projects,context,16
generalist_llama_16_b6,generalist_llama,llama,generalist,6,public perception of DC and readiness to 'champion' installations from DC projects,context,16
normative_llama_16_b1,normative_llama,llama,normative,1,"power losses, quality and safety issues",context,16
normative_llama_16_b2,normative_llama,llama,normative,2,reduced reliability in DC devices,context,16
normative_llama_16_b4,normative_llama,llama,normative,4,"uncertain utility interaction (net metering, utility ownership, and agreed standards)",context,16
normative_llama_16_b6,normative_llama,llama,normative,6,public perception of DC and readiness to 'champion' installations from DC projects,context,16
normative_llama_16_b5,normative_llama,llama,normative,5,lack of pilot projects,context,16
subject-matter_llama_16_b1,subject-matter_llama,llama,subject-matter,1,"power losses, quality and safety issues",context,16
subject-matter_llama_16_b2,subject-matter_llama,llama,subject-matter,2,reduced reliability in DC devices,context,16
subject-matter_llama_16_b3,subject-matter_llama,llama,subject-matter,3,lack of use-cases in which DC is advantageous,context,16
subject-matter_llama_16_b4,subject-matter_llama,llama,subject-matter,4,"uncertain utility interaction (net metering, utility ownership, and agreed standards)",context,16
subject-matter_llama_16_b5,subject-matter_llama,llama,subject-matter,5,lack of pilot projects,context,16
generalist_mistral_16_b1,generalist_mistral,mistral,generalist,1,"power losses, quality and safety issues",context,16
generalist_mistral_16_b2,generalist_mistral,mistral,generalist,2,reduced reliability in DC devices,context,16
generalist_mistral_16_b4,generalist_mistral,mistral,generalist,4,"uncertain utility interaction (net metering, utility ownership, and agreed standards)",context,16
generalist_mistral_16_b5,generalist_mistral,mistral,generalist,5,lack of pilot projects,context,16
generalist_mistral_16_b7,generalist_mistral,mistral,generalist,7,incompatibility of DC systems components,context,16
normative_mistral_16_b1,normative_mistral,mistral,normative,1,"power losses, quality and safety issues",context,16
normative_mistral_16_b2,normative_mistral,mistral,normative,2,reduced reliability in DC devices,context,16
normative_mistral_16_b3,normative_mistral,mistral,normative,3,lack of use-cases in which DC is advantageous,context,16
normative_mistral_16_b4,normative_mistral,mistral,normative,4,"uncertain utility interaction (net metering, utility ownership, and agreed standards)",context,16
normative_mistral_16_b5,normative_mistral,mistral,normative,5,lack of pilot projects,context,16
subject-matter_mistral_16_b1,subject-matter_mistral,mistral,subject-matter,1,"power losses, quality and safety issues",context,16
subject-matter_mistral_16_b2,subject-matter_mistral,mistral,subject-matter,2,reduced reliability in DC devices,context,16
subject-matter_mistral_16_b3,subject-matter_mistral,mistral,subject-matter,3,lack of use-cases in which DC is advantageous,context,16
subject-matter_mistral_16_b4,subject-matter_mistral,mistral,subject-matter,4,"uncertain utility interaction (net metering, utility ownership, and agreed standards)",context,16
subject-matter_mistral_16_b5,subject-matter_mistral,mistral,subject-matter,5,lack of pilot projects,context,16
generalist_gemma3_16_b1,generalist_gemma3,gemma3,generalist,1,"power losses, quality and safety issues",context,16
generalist_gemma3_16_b5,generalist_gemma3,gemma3,generalist,5,lack of pilot projects,context,16
generalist_gemma3_16_b6,generalist_gemma3,gemma3,generalist,6,public perception of DC and readiness to 'champion' installations from DC projects,context,16
generalist_gemma3_16_b8,generalist_gemma3,gemma3,generalist,8,misconception and lack of knowledge leads to lengthy/expensive design and permit process,context,16
generalist_gemma3_16_b10,generalist_gemma3,gemma3,generalist,10,uncertain regulatory roadmap,context,16
normative_gemma3_16_b1,normative_gemma3,gemma3,normative,1,"power losses, quality and safety issues",context,16
normative_gemma3_16_b4,normative_gemma3,gemma3,normative,4,"uncertain utility interaction (net metering, utility ownership, and agreed standards)",context,16
normative_gemma3_16_b7,normative_gemma3,gemma3,normative,7,incompatibility of DC systems components,context,16
normative_gemma3_16_b8,normative_gemma3,gemma3,normative,8,misconception and lack of knowledge leads to lengthy/expensive design and permit process,context,16
normative_gemma3_16_b11,normative_gemma3,gemma3,normative,11,high costs of DC solutions,context,16
subject-matter_gemma3_16_b1,subject-matter_gemma3,gemma3,subject-matter,1,"power losses, quality and safety issues",context,16
subject-matter_gemma3_16_b3,subject-matter_gemma3,gemma3,subject-matter,3,lack of use-cases in which DC is advantageous,context,16
subject-matter_gemma3_16_b4,subject-matter_gemma3,gemma3,subject-matter,4,"uncertain utility interaction (net metering, utility ownership, and agreed standards)",context,16
subject-matter_gemma3_16_b8,subject-matter_gemma3,gemma3,subject-matter,8,misconception and lack of knowledge leads to lengthy/expensive design and permit process,context,16
subject-matter_gemma3_16_b10,subject-matter_gemma3,gemma3,subject-matter,10,uncertain regulatory roadmap,context,16
generalist_phi4_16_b1,generalist_phi4,phi4,generalist,1,"power losses, quality and safety issues",context,16
generalist_phi4_16_b2,generalist_phi4,phi4,generalist,2,reduced reliability in DC devices,context,16
generalist_phi4_16_b3,generalist_phi4,phi4,generalist,3,lack of use-cases in which DC is advantageous,context,16
generalist_phi4_16_b4,generalist_phi4,phi4,generalist,4,"uncertain utility interaction (net metering, utility ownership, and agreed standards)",context,16
generalist_phi4_16_b5,generalist_phi4,phi4,generalist,5,lack of pilot projects,context,16
normative_phi4_16_b1,normative_phi4,phi4,normative,1,"power losses, quality and safety issues",context,16
normative_phi4_16_b3,normative_phi4,phi4,normative,3,lack of use-cases in which DC is advantageous,context,16
normative_phi4_16_b4,normative_phi4,phi4,normative,4,"uncertain utility interaction (net metering, utility ownership, and agreed standards)",context,16
normative_phi4_16_b5,normative_phi4,phi4,normative,5,lack of pilot projects,context,16
normative_phi4_16_b10,normative_phi4,phi4,normative,10,uncertain regulatory roadmap,context,16
subject-matter_phi4_16_b1,subject-matter_phi4,phi4,subject-matter,1,"power losses, quality and safety issues",context,16
subject-matter_phi4_16_b4,subject-matter_phi4,phi4,subject-matter,4,"uncertain utility interaction (net metering, utility ownership, and agreed standards)",context,16
subject-matter_phi4_16_b5,subject-matter_phi4,phi4,subject-matter,5,lack of pilot projects,context,16
subject-matter_phi4_16_b6,subject-matter_phi4,phi4,subject-matter,6,public perception of DC and readiness to 'champion' installations from DC projects,context,16
subject-matter_phi4_16_b10,subject-matter_phi4,phi4,subject-matter,10,uncertain regulatory roadmap,context,16
generalist_llama_17_b1,generalist_llama,llama,generalist,1,"power losses, quality and safety issues",context,17
generalist_llama_17_b2,generalist_llama,llama,generalist,2,reduced reliability in DC devices,context,17
generalist_llama_17_b3,generalist_llama,llama,generalist,3,lack of use-cases in which DC is advantageous,context,17
generalist_llama_17_b4,generalist_llama,llama,generalist,4,"uncertain utility interaction (net metering, utility ownership, and agreed standards)",context,17
generalist_llama_17_b5,generalist_llama,llama,generalist,5,lack of pilot projects,context,17
normative_llama_17_b1,normative_llama,llama,normative,1,"power losses, quality and safety issues",context,17
normative_llama_17_b2,normative_llama,llama,normative,2,reduced reliability in DC devices,context,17
normative_llama_17_b3,normative_llama,llama,normative,3,lack of use-cases in which DC is advantageous,context,17
normative_llama_17_b4,normative_llama,llama,normative,4,"uncertain utility interaction (net metering, utility ownership, and agreed standards)",context,17
normative_llama_17_b5,normative_llama,llama,normative,5,lack of pilot projects,context,17
subject-matter_llama_17_b1,subject-matter_llama,llama,subject-matter,1,"power losses, quality and safety issues",context,17
subject-matter_llama_17_b3,subject-matter_llama,llama,subject-matter,3,lack of use-cases in which DC is advantageous,context,17
subject-matter_llama_17_b4,subject-matter_llama,llama,subject-matter,4,"uncertain utility interaction (net metering, utility ownership, and agreed standards)",context,17
subject-matter_llama_17_b7,subject-matter_llama,llama,subject-matter,7,incompatibility of DC systems components,context,17
subject-matter_llama_17_b8,subject-matter_llama,llama,subject-matter,8,misconception and lack of knowledge leads to lengthy/expensive design and permit process,context,17
generalist_mistral_17_b1,generalist_mistral,mistral,generalist,1,"power losses, quality and safety issues",context,17
generalist_mistral_17_b2,generalist_mistral,mistral,generalist,2,reduced reliability in DC devices,context,17
generalist_mistral_17_b3,generalist_mistral,mistral,generalist,3,lack of use-cases in which DC is advantageous,context,17
generalist_mistral_17_b4,generalist_mistral,mistral,generalist,4,"uncertain utility interaction (net metering, utility ownership, and agreed standards)",context,17
generalist_mistral_17_b5,generalist_mistral,mistral,generalist,5,lack of pilot projects,context,17
normative_mistral_17_b1,normative_mistral,mistral,normative,1,"power losses, quality and safety issues",context,17
normative_mistral_17_b2,normative_mistral,mistral,normative,2,reduced reliability in DC devices,context,17
normative_mistral_17_b3,normative_mistral,mistral,normative,3,lack of use-cases in which DC is advantageous,context,17
normative_mistral_17_b4,normative_mistral,mistral,normative,4,"uncertain utility interaction (net metering, utility ownership, and agreed standards)",context,17
normative_mistral_17_b11,normative_mistral,mistral,normative,11,high costs of DC solutions,context,17
subject-matter_mistral_17_b1,subject-matter_mistral,mistral,subject-matter,1,"power losses, quality and safety issues",context,17
subject-matter_mistral_17_b2,subject-matter_mistral,mistral,subject-matter,2,reduced reliability in DC devices,context,17
subject-matter_mistral_17_b4,subject-matter_mistral,mistral,subject-matter,4,"uncertain utility interaction (net metering, utility ownership, and agreed standards)",context,17
subject-matter_mistral_17_b5,subject-matter_mistral,mistral,subject-matter,5,lack of pilot projects,context,17
subject-matter_mistral_17_b6,subject-matter_mistral,mistral,subject-matter,6,public perception of DC and readiness to 'champion' installations from DC projects,context,17
generalist_gemma3_17_b1,generalist_gemma3,gemma3,generalist,1,"power losses, quality and safety issues",context,17
generalist_gemma3_17_b3,generalist_gemma3,gemma3,generalist,3,lack of use-cases in which DC is advantageous,context,17
generalist_gemma3_17_b4,generalist_gemma3,gemma3,generalist,4,"uncertain utility interaction (net metering, utility ownership, and agreed standards)",context,17
generalist_gemma3_17_b8,generalist_gemma3,gemma3,generalist,8,misconception and lack of knowledge leads to lengthy/expensive design and permit process,context,17
generalist_gemma3_17_b10,generalist_gemma3,gemma3,generalist,10,uncertain regulatory roadmap,context,17
normative_gemma3_17_b1,normative_gemma3,gemma3,normative,1,"power losses, quality and safety issues",context,17
normative_gemma3_17_b5,normative_gemma3,gemma3,normative,5,lack of pilot projects,context,17
normative_gemma3_17_b4,normative_gemma3,gemma3,normative,4,"uncertain utility interaction (net metering, utility ownership, and agreed standards)",context,17
normative_gemma3_17_b8,normative_gemma3,gemma3,normative,8,misconception and lack of knowledge leads to lengthy/expensive design and permit process,context,17
normative_gemma3_17_b10,normative_gemma3,gemma3,normative,10,uncertain regulatory roadmap,context,17
subject-matter_gemma3_17_b1,subject-matter_gemma3,gemma3,subject-matter,1,"power losses, quality and safety issues",context,17
subject-matter_gemma3_17_b3,subject-matter_gemma3,gemma3,subject-matter,3,lack of use-cases in which DC is advantageous,context,17
subject-matter_gemma3_17_b4,subject-matter_gemma3,gemma3,subject-matter,4,"uncertain utility interaction (net metering, utility ownership, and agreed standards)",context,17
subject-matter_gemma3_17_b8,subject-matter_gemma3,gemma3,subject-matter,8,misconception and lack of knowledge leads to lengthy/expensive design and permit process,context,17
subject-matter_gemma3_17_b10,subject-matter_gemma3,gemma3,subject-matter,10,uncertain regulatory roadmap,context,17
generalist_phi4_17_b1,generalist_phi4,phi4,generalist,1,"power losses, quality and safety issues",context,17
generalist_phi4_17_b4,generalist_phi4,phi4,generalist,4,"uncertain utility interaction (net metering, utility ownership, and agreed standards)",context,17
generalist_phi4_17_b5,generalist_phi4,phi4,generalist,5,lack of pilot projects,context,17
generalist_phi4_17_b8,generalist_phi4,phi4,generalist,8,misconception and lack of knowledge leads to lengthy/expensive design and permit process,context,17
generalist_phi4_17_b10,generalist_phi4,phi4,generalist,10,uncertain regulatory roadmap,context,17
normative_phi4_17_b1,normative_phi4,phi4,normative,1,"power losses, quality and safety issues",context,17
normative_phi4_17_b3,normative_phi4,phi4,normative,3,lack of use-cases in which DC is advantageous,context,17
normative_phi4_17_b4,normative_phi4,phi4,normative,4,"uncertain utility interaction (net metering, utility ownership, and agreed standards)",context,17
normative_phi4_17_b5,normative_phi4,phi4,normative,5,lack of pilot projects,context,17
normative_phi4_17_b10,normative_phi4,phi4,normative,10,uncertain regulatory roadmap,context,17
subject-matter_phi4_17_b1,subject-matter_phi4,phi4,subject-matter,1,"power losses, quality and safety issues",context,17
subject-matter_phi4_17_b3,subject-matter_phi4,phi4,subject-matter,3,lack of use-cases in which DC is advantageous,context,17
subject-matter_phi4_17_b4,subject-matter_phi4,phi4,subject-matter,4,"uncertain utility interaction (net metering, utility ownership, and agreed standards)",context,17
subject-matter_phi4_17_b8,subject-matter_phi4,phi4,subject-matter,8,misconception and lack of knowledge leads to lengthy/expensive design and permit process,context,17
subject-matter_phi4_17_b10,subject-matter_phi4,phi4,subject-matter,10,uncertain regulatory roadmap,context,17
generalist_llama_18_b3,generalist_llama,llama,generalist,3,lack of use-cases in which DC is advantageous,context,18
generalist_llama_18_b7,generalist_llama,llama,generalist,7,incompatibility of DC systems components,context,18
generalist_llama_18_b1,generalist_llama,llama,generalist,1,"power losses, quality and safety issues",context,18
generalist_llama_18_b4,generalist_llama,llama,generalist,4,"uncertain utility interaction (net metering, utility ownership, and agreed standards)",context,18
generalist_llama_18_b11,generalist_llama,llama,generalist,11,high costs of DC solutions,context,18
normative_llama_18_b1,normative_llama,llama,normative,1,"power losses, quality and safety issues",context,18
normative_llama_18_b2,normative_llama,llama,normative,2,reduced reliability in DC devices,context,18
normative_llama_18_b4,normative_llama,llama,normative,4,"uncertain utility interaction (net metering, utility ownership, and agreed standards)",context,18
normative_llama_18_b5,normative_llama,llama,normative,5,lack of pilot projects,context,18
normative_llama_18_b6,normative_llama,llama,normative,6,public perception of DC and readiness to 'champion' installations from DC projects,context,18
subject-matter_llama_18_b1,subject-matter_llama,llama,subject-matter,1,"power losses, quality and safety issues",context,18
subject-matter_llama_18_b2,subject-matter_llama,llama,subject-matter,2,reduced reliability in DC devices,context,18
subject-matter_llama_18_b3,subject-matter_llama,llama,subject-matter,3,lack of use-cases in which DC is advantageous,context,18
subject-matter_llama_18_b4,subject-matter_llama,llama,subject-matter,4,"uncertain utility interaction (net metering, utility ownership, and agreed standards)",context,18
subject-matter_llama_18_b5,subject-matter_llama,llama,subject-matter,5,lack of pilot projects,context,18
generalist_mistral_18_b1,generalist_mistral,mistral,generalist,1,"power losses, quality and safety issues",context,18
generalist_mistral_18_b2,generalist_mistral,mistral,generalist,2,reduced reliability in DC devices,context,18
generalist_mistral_18_b4,generalist_mistral,mistral,generalist,4,"uncertain utility interaction (net metering, utility ownership, and agreed standards)",context,18
generalist_mistral_18_b5,generalist_mistral,mistral,generalist,5,lack of pilot projects,context,18
generalist_mistral_18_b7,generalist_mistral,mistral,generalist,7,incompatibility of DC systems components,context,18
normative_mistral_18_b1,normative_mistral,mistral,normative,1,"power losses, quality and safety issues",context,18
normative_mistral_18_b2,normative_mistral,mistral,normative,2,reduced reliability in DC devices,context,18
normative_mistral_18_b3,normative_mistral,mistral,normative,3,lack of use-cases in which DC is advantageous,context,18
normative_mistral_18_b4,normative_mistral,mistral,normative,4,"uncertain utility interaction (net metering, utility ownership, and agreed standards)",context,18
normative_mistral_18_b5,normative_mistral,mistral,normative,5,lack of pilot projects,context,18
subject-matter_mistral_18_b1,subject-matter_mistral,mistral,subject-matter,1,"power losses, quality and safety issues",context,18
subject-matter_mistral_18_b2,subject-matter_mistral,mistral,subject-matter,2,reduced reliability in DC devices,context,18
subject-matter_mistral_18_b3,subject-matter_mistral,mistral,subject-matter,3,lack of use-cases in which DC is advantageous,context,18
subject-matter_mistral_18_b4,subject-matter_mistral,mistral,subject-matter,4,"uncertain utility interaction (net metering, utility ownership, and agreed standards)",context,18
subject-matter_mistral_18_b5,subject-matter_mistral,mistral,subject-matter,5,lack of pilot projects,context,18
generalist_gemma3_18_b1,generalist_gemma3,gemma3,generalist,1,"power losses, quality and safety issues",context,18
generalist_gemma3_18_b5,generalist_gemma3,gemma3,generalist,5,lack of pilot projects,context,18
generalist_gemma3_18_b6,generalist_gemma3,gemma3,generalist,6,public perception of DC and readiness to 'champion' installations from DC projects,context,18
generalist_gemma3_18_b8,generalist_gemma3,gemma3,generalist,8,misconception and lack of knowledge leads to lengthy/expensive design and permit process,context,18
generalist_gemma3_18_b10,generalist_gemma3,gemma3,generalist,10,uncertain regulatory roadmap,context,18
normative_gemma3_18_b1,normative_gemma3,gemma3,normative,1,"power losses, quality and safety issues",context,18
normative_gemma3_18_b4,normative_gemma3,gemma3,normative,4,"uncertain utility interaction (net metering, utility ownership, and agreed standards)",context,18
normative_gemma3_18_b7,normative_gemma3,gemma3,normative,7,incompatibility of DC systems components,context,18
normative_gemma3_18_b8,normative_gemma3,gemma3,normative,8,misconception and lack of knowledge leads to lengthy/expensive design and permit process,context,18
normative_gemma3_18_b11,normative_gemma3,gemma3,normative,11,high costs of DC solutions,context,18
subject-matter_gemma3_18_b1,subject-matter_gemma3,gemma3,subject-matter,1,"power losses, quality and safety issues",context,18
subject-matter_gemma3_18_b3,subject-matter_gemma3,gemma3,subject-matter,3,lack of use-cases in which DC is advantageous,context,18
subject-matter_gemma3_18_b4,subject-matter_gemma3,gemma3,subject-matter,4,"uncertain utility interaction (net metering, utility ownership, and agreed standards)",context,18
subject-matter_gemma3_18_b8,subject-matter_gemma3,gemma3,subject-matter,8,misconception and lack of knowledge leads to lengthy/expensive design and permit process,context,18
subject-matter_gemma3_18_b10,subject-matter_gemma3,gemma3,subject-matter,10,uncertain regulatory roadmap,context,18
generalist_phi4_18_b1,generalist_phi4,phi4,generalist,1,"power losses, quality and safety issues",context,18
generalist_phi4_18_b4,generalist_phi4,phi4,generalist,4,"uncertain utility interaction (net metering, utility ownership, and agreed standards)",context,18
generalist_phi4_18_b5,generalist_phi4,phi4,generalist,5,lack of pilot projects,context,18
generalist_phi4_18_b9,generalist_phi4,phi4,generalist,9,lack of enough trained personnel in DC systems,context,18
generalist_phi4_18_b10,generalist_phi4,phi4,generalist,10,uncertain regulatory roadmap,context,18
normative_phi4_18_b1,normative_phi4,phi4,normative,1,"power losses, quality and safety issues",context,18
normative_phi4_18_b4,normative_phi4,phi4,normative,4,"uncertain utility interaction (net metering, utility ownership, and agreed standards)",context,18
normative_phi4_18_b5,normative_phi4,phi4,normative,5,lack of pilot projects,context,18
normative_phi4_18_b9,normative_phi4,phi4,normative,9,lack of enough trained personnel in DC systems,context,18
normative_phi4_18_b10,normative_phi4,phi4,normative,10,uncertain regulatory roadmap,context,18
subject-matter_phi4_18_b1,subject-matter_phi4,phi4,subject-matter,1,"power losses, quality and safety issues",context,18
subject-matter_phi4_18_b3,subject-matter_phi4,phi4,subject-matter,3,lack of use-cases in which DC is advantageous,context,18
subject-matter_phi4_18_b4,subject-matter_phi4,phi4,subject-matter,4,"uncertain utility interaction (net metering, utility ownership, and agreed standards)",context,18
subject-matter_phi4_18_b5,subject-matter_phi4,phi4,subject-matter,5,lack of pilot projects,context,18
subject-matter_phi4_18_b10,subject-matter_phi4,phi4,subject-matter,10,uncertain regulatory roadmap,context,18
generalist_llama_19_b1,generalist_llama,llama,generalist,1,"power losses, quality and safety issues",context,19
generalist_llama_19_b2,generalist_llama,llama,generalist,2,reduced reliability in DC devices,context,19
generalist_llama_19_b3,generalist_llama,llama,generalist,3,lack of use-cases in which DC is advantageous,context,19
generalist_llama_19_b4,generalist_llama,llama,generalist,4,"uncertain utility interaction (net metering, utility ownership, and agreed standards)",context,19
generalist_llama_19_b5,generalist_llama,llama,generalist,5,lack of pilot projects,context,19
normative_llama_19_b1,normative_llama,llama,normative,1,"power losses, quality and safety issues",context,19
normative_llama_19_b2,normative_llama,llama,normative,2,reduced reliability in DC devices,context,19
normative_llama_19_b4,normative_llama,llama,normative,4,"uncertain utility interaction (net metering, utility ownership, and agreed standards)",context,19
normative_llama_19_b5,normative_llama,llama,normative,5,lack of pilot projects,context,19
normative_llama_19_b6,normative_llama,llama,normative,6,public perception of DC and readiness to 'champion' installations from DC projects,context,19
subject-matter_llama_19_b1,subject-matter_llama,llama,subject-matter,1,"power losses, quality and safety issues",context,19
subject-matter_llama_19_b3,subject-matter_llama,llama,subject-matter,3,lack of use-cases in which DC is advantageous,context,19
subject-matter_llama_19_b4,subject-matter_llama,llama,subject-matter,4,"uncertain utility interaction (net metering, utility ownership, and agreed standards)",context,19
subject-matter_llama_19_b5,subject-matter_llama,llama,subject-matter,5,lack of pilot projects,context,19
subject-matter_llama_19_b6,subject-matter_llama,llama,subject-matter,6,public perception of DC and readiness to 'champion' installations from DC projects,context,19
generalist_mistral_19_b1,generalist_mistral,mistral,generalist,1,"power losses, quality and safety issues",context,19
generalist_mistral_19_b2,generalist_mistral,mistral,generalist,2,reduced reliability in DC devices,context,19
generalist_mistral_19_b4,generalist_mistral,mistral,generalist,4,"uncertain utility interaction (net metering, utility ownership, and agreed standards)",context,19
generalist_mistral_19_b5,generalist_mistral,mistral,generalist,5,lack of pilot projects,context,19
generalist_mistral_19_b9,generalist_mistral,mistral,generalist,9,lack of enough trained personnel in DC systems,context,19
normative_mistral_19_b1,normative_mistral,mistral,normative,1,"power losses, quality and safety issues",context,19
normative_mistral_19_b2,normative_mistral,mistral,normative,2,reduced reliability in DC devices,context,19
normative_mistral_19_b3,normative_mistral,mistral,normative,3,lack of use-cases in which DC is advantageous,context,19
normative_mistral_19_b4,normative_mistral,mistral,normative,4,"uncertain utility interaction (net metering, utility ownership, and agreed standards)",context,19
normative_mistral_19_b5,normative_mistral,mistral,normative,5,lack of pilot projects,context,19
subject-matter_mistral_19_b1,subject-matter_mistral,mistral,subject-matter,1,"power losses, quality and safety issues",context,19
subject-matter_mistral_19_b2,subject-matter_mistral,mistral,subject-matter,2,reduced reliability in DC devices,context,19
subject-matter_mistral_19_b3,subject-matter_mistral,mistral,subject-matter,3,lack of use-cases in which DC is advantageous,context,19
subject-matter_mistral_19_b4,subject-matter_mistral,mistral,subject-matter,4,"uncertain utility interaction (net metering, utility ownership, and agreed standards)",context,19
subject-matter_mistral_19_b5,subject-matter_mistral,mistral,subject-matter,5,lack of pilot projects,context,19
generalist_gemma3_19_b1,generalist_gemma3,gemma3,generalist,1,"power losses, quality and safety issues",context,19
generalist_gemma3_19_b3,generalist_gemma3,gemma3,generalist,3,lack of use-cases in which DC is advantageous,context,19
generalist_gemma3_19_b4,generalist_gemma3,gemma3,generalist,4,"uncertain utility interaction (net metering, utility ownership, and agreed standards)",context,19
generalist_gemma3_19_b8,generalist_gemma3,gemma3,generalist,8,misconception and lack of knowledge leads to lengthy/expensive design and permit process,context,19
generalist_gemma3_19_b10,generalist_gemma3,gemma3,generalist,10,uncertain regulatory roadmap,context,19
normative_gemma3_19_b1,normative_gemma3,gemma3,normative,1,"power losses, quality and safety issues",context,19
normative_gemma3_19_b5,normative_gemma3,gemma3,normative,5,lack of pilot projects,context,19
normative_gemma3_19_b6,normative_gemma3,gemma3,normative,6,public perception of DC and readiness to 'champion' installations from DC projects,context,19
normative_gemma3_19_b10,normative_gemma3,gemma3,normative,10,uncertain regulatory roadmap,context,19
normative_gemma3_19_b11,normative_gemma3,gemma3,normative,11,high costs of DC solutions,context,19
subject-matter_gemma3_19_b1,subject-matter_gemma3,gemma3,subject-matter,1,"power losses, quality and safety issues",context,19
subject-matter_gemma3_19_b3,subject-matter_gemma3,gemma3,subject-matter,3,lack of use-cases in which DC is advantageous,context,19
subject-matter_gemma3_19_b4,subject-matter_gemma3,gemma3,subject-matter,4,"uncertain utility interaction (net metering, utility ownership, and agreed standards)",context,19
subject-matter_gemma3_19_b8,subject-matter_gemma3,gemma3,subject-matter,8,misconception and lack of knowledge leads to lengthy/expensive design and permit process,context,19
subject-matter_gemma3_19_b10,subject-matter_gemma3,gemma3,subject-matter,10,uncertain regulatory roadmap,context,19
generalist_phi4_19_b1,generalist_phi4,phi4,generalist,1,"power losses, quality and safety issues",context,19
generalist_phi4_19_b4,generalist_phi4,phi4,generalist,4,"uncertain utility interaction (net metering, utility ownership, and agreed standards)",context,19
generalist_phi4_19_b5,generalist_phi4,phi4,generalist,5,lack of pilot projects,context,19
generalist_phi4_19_b9,generalist_phi4,phi4,generalist,9,lack of enough trained personnel in DC systems,context,19
generalist_phi4_19_b10,generalist_phi4,phi4,generalist,10,uncertain regulatory roadmap,context,19
normative_phi4_19_b1,normative_phi4,phi4,normative,1,"power losses, quality and safety issues",context,19
normative_phi4_19_b2,normative_phi4,phi4,normative,2,reduced reliability in DC devices,context,19
normative_phi4_19_b3,normative_phi4,phi4,normative,3,lack of use-cases in which DC is advantageous,context,19
normative_phi4_19_b4,normative_phi4,phi4,normative,4,"uncertain utility interaction (net metering, utility ownership, and agreed standards)",context,19
normative_phi4_19_b5,normative_phi4,phi4,normative,5,lack of pilot projects,context,19
subject-matter_phi4_19_b1,subject-matter_phi4,phi4,subject-matter,1,"power losses, quality and safety issues",context,19
subject-matter_phi4_19_b4,subject-matter_phi4,phi4,subject-matter,4,"uncertain utility interaction (net metering, utility ownership, and agreed standards)",context,19
subject-matter_phi4_19_b5,subject-matter_phi4,phi4,subject-matter,5,lack of pilot projects,context,19
subject-matter_phi4_19_b8,subject-matter_phi4,phi4,subject-matter,8,misconception and lack of knowledge leads to lengthy/expensive design and permit process,context,19
subject-matter_phi4_19_b10,subject-matter_phi4,phi4,subject-matter,10,uncertain regulatory roadmap,context,19
generalist_llama_20_b1,generalist_llama,llama,generalist,1,"power losses, quality and safety issues",context,20
generalist_llama_20_b2,generalist_llama,llama,generalist,2,reduced reliability in DC devices,context,20
generalist_llama_20_b3,generalist_llama,llama,generalist,3,lack of use-cases in which DC is advantageous,context,20
generalist_llama_20_b4,generalist_llama,llama,generalist,4,"uncertain utility interaction (net metering, utility ownership, and agreed standards)",context,20
generalist_llama_20_b5,generalist_llama,llama,generalist,5,lack of pilot projects,context,20
normative_llama_20_b11,normative_llama,llama,normative,11,high costs of DC solutions,context,20
normative_llama_20_b1,normative_llama,llama,normative,1,"power losses, quality and safety issues",context,20
normative_llama_20_b3,normative_llama,llama,normative,3,lack of use-cases in which DC is advantageous,context,20
normative_llama_20_b4,normative_llama,llama,normative,4,"uncertain utility interaction (net metering, utility ownership, and agreed standards)",context,20
normative_llama_20_b7,normative_llama,llama,normative,7,incompatibility of DC systems components,context,20
subject-matter_llama_20_b1,subject-matter_llama,llama,subject-matter,1,"power losses, quality and safety issues",context,20
subject-matter_llama_20_b4,subject-matter_llama,llama,subject-matter,4,"uncertain utility interaction (net metering, utility ownership, and agreed standards)",context,20
subject-matter_llama_20_b3,subject-matter_llama,llama,subject-matter,3,lack of use-cases in which DC is advantageous,context,20
subject-matter_llama_20_b7,subject-matter_llama,llama,subject-matter,7,incompatibility of DC systems components,context,20
subject-matter_llama_20_b8,subject-matter_llama,llama,subject-matter,8,misconception and lack of knowledge leads to lengthy/expensive design and permit process,context,20
generalist_mistral_20_b1,generalist_mistral,mistral,generalist,1,"power losses, quality and safety issues",context,20
generalist_mistral_20_b2,generalist_mistral,mistral,generalist,2,reduced reliability in DC devices,context,20
generalist_mistral_20_b3,generalist_mistral,mistral,generalist,3,lack of use-cases in which DC is advantageous,context,20
generalist_mistral_20_b4,generalist_mistral,mistral,generalist,4,"uncertain utility interaction (net metering, utility ownership, and agreed standards)",context,20
generalist_mistral_20_b5,generalist_mistral,mistral,generalist,5,lack of pilot projects,context,20
normative_mistral_20_b1,normative_mistral,mistral,normative,1,"power losses, quality and safety issues",context,20
normative_mistral_20_b2,normative_mistral,mistral,normative,2,reduced reliability in DC devices,context,20
normative_mistral_20_b3,normative_mistral,mistral,normative,3,lack of use-cases in which DC is advantageous,context,20
normative_mistral_20_b4,normative_mistral,mistral,normative,4,"uncertain utility interaction (net metering, utility ownership, and agreed standards)",context,20
normative_mistral_20_b5,normative_mistral,mistral,normative,5,lack of pilot projects,context,20
subject-matter_mistral_20_b1,subject-matter_mistral,mistral,subject-matter,1,"power losses, quality and safety issues",context,20
subject-matter_mistral_20_b2,subject-matter_mistral,mistral,subject-matter,2,reduced reliability in DC devices,context,20
subject-matter_mistral_20_b3,subject-matter_mistral,mistral,subject-matter,3,lack of use-cases in which DC is advantageous,context,20
subject-matter_mistral_20_b4,subject-matter_mistral,mistral,subject-matter,4,"uncertain utility interaction (net metering, utility ownership, and agreed standards)",context,20
subject-matter_mistral_20_b5,subject-matter_mistral,mistral,subject-matter,5,lack of pilot projects,context,20
generalist_gemma3_20_b1,generalist_gemma3,gemma3,generalist,1,"power losses, quality and safety issues",context,20
generalist_gemma3_20_b5,generalist_gemma3,gemma3,generalist,5,lack of pilot projects,context,20
generalist_gemma3_20_b6,generalist_gemma3,gemma3,generalist,6,public perception of DC and readiness to 'champion' installations from DC projects,context,20
generalist_gemma3_20_b8,generalist_gemma3,gemma3,generalist,8,misconception and lack of knowledge leads to lengthy/expensive design and permit process,context,20
generalist_gemma3_20_b10,generalist_gemma3,gemma3,generalist,10,uncertain regulatory roadmap,context,20
normative_gemma3_20_b1,normative_gemma3,gemma3,normative,1,"power losses, quality and safety issues",context,20
normative_gemma3_20_b4,normative_gemma3,gemma3,normative,4,"uncertain utility interaction (net metering, utility ownership, and agreed standards)",context,20
normative_gemma3_20_b5,normative_gemma3,gemma3,normative,5,lack of pilot projects,context,20
normative_gemma3_20_b8,normative_gemma3,gemma3,normative,8,misconception and lack of knowledge leads to lengthy/expensive design and permit process,context,20
normative_gemma3_20_b10,normative_gemma3,gemma3,normative,10,uncertain regulatory roadmap,context,20
subject-matter_gemma3_20_b1,subject-matter_gemma3,gemma3,subject-matter,1,"power losses, quality and safety issues",context,20
subject-matter_gemma3_20_b5,subject-matter_gemma3,gemma3,subject-matter,5,lack of pilot projects,context,20
subject-matter_gemma3_20_b4,subject-matter_gemma3,gemma3,subject-matter,4,"uncertain utility interaction (net metering, utility ownership, and agreed standards)",context,20
subject-matter_gemma3_20_b8,subject-matter_gemma3,gemma3,subject-matter,8,misconception and lack of knowledge leads to lengthy/expensive design and permit process,context,20
subject-matter_gemma3_20_b10,subject-matter_gemma3,gemma3,subject-matter,10,uncertain regulatory roadmap,context,20
generalist_phi4_20_b1,generalist_phi4,phi4,generalist,1,"power losses, quality and safety issues",context,20
generalist_phi4_20_b3,generalist_phi4,phi4,generalist,3,lack of use-cases in which DC is advantageous,context,20
generalist_phi4_20_b4,generalist_phi4,phi4,generalist,4,"uncertain utility interaction (net metering, utility ownership, and agreed standards)",context,20
generalist_phi4_20_b5,generalist_phi4,phi4,generalist,5,lack of pilot projects,context,20
generalist_phi4_20_b10,generalist_phi4,phi4,generalist,10,uncertain regulatory roadmap,context,20
normative_phi4_20_b1,normative_phi4,phi4,normative,1,"power losses, quality and safety issues",context,20
normative_phi4_20_b3,normative_phi4,phi4,normative,3,lack of use-cases in which DC is advantageous,context,20
normative_phi4_20_b4,normative_phi4,phi4,normative,4,"uncertain utility interaction (net metering, utility ownership, and agreed standards)",context,20
normative_phi4_20_b8,normative_phi4,phi4,normative,8,misconception and lack of knowledge leads to lengthy/expensive design and permit process,context,20
normative_phi4_20_b10,normative_phi4,phi4,normative,10,uncertain regulatory roadmap,context,20
subject-matter_phi4_20_b1,subject-matter_phi4,phi4,subject-matter,1,"power losses, quality and safety issues",context,20
subject-matter_phi4_20_b4,subject-matter_phi4,phi4,subject-matter,4,"uncertain utility interaction (net metering, utility ownership, and agreed standards)",context,20
subject-matter_phi4_20_b5,subject-matter_phi4,phi4,subject-matter,5,lack of pilot projects,context,20
subject-matter_phi4_20_b10,subject-matter_phi4,phi4,subject-matter,10,uncertain regulatory roadmap,context,20
subject-matter_phi4_20_b11,subject-matter_phi4,phi4,subject-matter,11,high costs of DC solutions,context,20
generalist_llama_21_b1,generalist_llama,llama,generalist,1,"power losses, quality and safety issues",context,21
generalist_llama_21_b2,generalist_llama,llama,generalist,2,reduced reliability in DC devices,context,21
generalist_llama_21_b4,generalist_llama,llama,generalist,4,"uncertain utility interaction (net metering, utility ownership, and agreed standards)",context,21
generalist_llama_21_b5,generalist_llama,llama,generalist,5,lack of pilot projects,context,21
generalist_llama_21_b6,generalist_llama,llama,generalist,6,public perception of DC and readiness to 'champion' installations from DC projects,context,21
normative_llama_21_b1,normative_llama,llama,normative,1,"power losses, quality and safety issues",context,21
normative_llama_21_b2,normative_llama,llama,normative,2,reduced reliability in DC devices,context,21
normative_llama_21_b3,normative_llama,llama,normative,3,lack of use-cases in which DC is advantageous,context,21
normative_llama_21_b4,normative_llama,llama,normative,4,"uncertain utility interaction (net metering, utility ownership, and agreed standards)",context,21
normative_llama_21_b5,normative_llama,llama,normative,5,lack of pilot projects,context,21
subject-matter_llama_21_b1,subject-matter_llama,llama,subject-matter,1,"power losses, quality and safety issues",context,21
subject-matter_llama_21_b2,subject-matter_llama,llama,subject-matter,2,reduced reliability in DC devices,context,21
subject-matter_llama_21_b3,subject-matter_llama,llama,subject-matter,3,lack of use-cases in which DC is advantageous,context,21
subject-matter_llama_21_b4,subject-matter_llama,llama,subject-matter,4,"uncertain utility interaction (net metering, utility ownership, and agreed standards)",context,21
subject-matter_llama_21_b5,subject-matter_llama,llama,subject-matter,5,lack of pilot projects,context,21
generalist_mistral_21_b1,generalist_mistral,mistral,generalist,1,"power losses, quality and safety issues",context,21
generalist_mistral_21_b2,generalist_mistral,mistral,generalist,2,reduced reliability in DC devices,context,21
generalist_mistral_21_b3,generalist_mistral,mistral,generalist,3,lack of use-cases in which DC is advantageous,context,21
generalist_mistral_21_b4,generalist_mistral,mistral,generalist,4,"uncertain utility interaction (net metering, utility ownership, and agreed standards)",context,21
generalist_mistral_21_b5,generalist_mistral,mistral,generalist,5,lack of pilot projects,context,21
normative_mistral_21_b1,normative_mistral,mistral,normative,1,"power losses, quality and safety issues",context,21
normative_mistral_21_b2,normative_mistral,mistral,normative,2,reduced reliability in DC devices,context,21
normative_mistral_21_b4,normative_mistral,mistral,normative,4,"uncertain utility interaction (net metering, utility ownership, and agreed standards)",context,21
normative_mistral_21_b5,normative_mistral,mistral,normative,5,lack of pilot projects,context,21
normative_mistral_21_b9,normative_mistral,mistral,normative,9,lack of enough trained personnel in DC systems,context,21
subject-matter_mistral_21_b1,subject-matter_mistral,mistral,subject-matter,1,"power losses, quality and safety issues",context,21
subject-matter_mistral_21_b2,subject-matter_mistral,mistral,subject-matter,2,reduced reliability in DC devices,context,21
subject-matter_mistral_21_b3,subject-matter_mistral,mistral,subject-matter,3,lack of use-cases in which DC is advantageous,context,21
subject-matter_mistral_21_b4,subject-matter_mistral,mistral,subject-matter,4,"uncertain utility interaction (net metering, utility ownership, and agreed standards)",context,21
subject-matter_mistral_21_b5,subject-matter_mistral,mistral,subject-matter,5,lack of pilot projects,context,21
generalist_gemma3_21_b1,generalist_gemma3,gemma3,generalist,1,"power losses, quality and safety issues",context,21
generalist_gemma3_21_b5,generalist_gemma3,gemma3,generalist,5,lack of pilot projects,context,21
generalist_gemma3_21_b6,generalist_gemma3,gemma3,generalist,6,public perception of DC and readiness to 'champion' installations from DC projects,context,21
generalist_gemma3_21_b8,generalist_gemma3,gemma3,generalist,8,misconception and lack of knowledge leads to lengthy/expensive design and permit process,context,21
generalist_gemma3_21_b10,generalist_gemma3,gemma3,generalist,10,uncertain regulatory roadmap,context,21
normative_gemma3_21_b1,normative_gemma3,gemma3,normative,1,"power losses, quality and safety issues",context,21
normative_gemma3_21_b4,normative_gemma3,gemma3,normative,4,"uncertain utility interaction (net metering, utility ownership, and agreed standards)",context,21
normative_gemma3_21_b7,normative_gemma3,gemma3,normative,7,incompatibility of DC systems components,context,21
normative_gemma3_21_b8,normative_gemma3,gemma3,normative,8,misconception and lack of knowledge leads to lengthy/expensive design and permit process,context,21
normative_gemma3_21_b11,normative_gemma3,gemma3,normative,11,high costs of DC solutions,context,21
subject-matter_gemma3_21_b1,subject-matter_gemma3,gemma3,subject-matter,1,"power losses, quality and safety issues",context,21
subject-matter_gemma3_21_b3,subject-matter_gemma3,gemma3,subject-matter,3,lack of use-cases in which DC is advantageous,context,21
subject-matter_gemma3_21_b4,subject-matter_gemma3,gemma3,subject-matter,4,"uncertain utility interaction (net metering, utility ownership, and agreed standards)",context,21
subject-matter_gemma3_21_b8,subject-matter_gemma3,gemma3,subject-matter,8,misconception and lack of knowledge leads to lengthy/expensive design and permit process,context,21
subject-matter_gemma3_21_b10,subject-matter_gemma3,gemma3,subject-matter,10,uncertain regulatory roadmap,context,21
generalist_phi4_21_b1,generalist_phi4,phi4,generalist,1,"power losses, quality and safety issues",context,21
generalist_phi4_21_b2,generalist_phi4,phi4,generalist,2,reduced reliability in DC devices,context,21
generalist_phi4_21_b3,generalist_phi4,phi4,generalist,3,lack of use-cases in which DC is advantageous,context,21
generalist_phi4_21_b4,generalist_phi4,phi4,generalist,4,"uncertain utility interaction (net metering, utility ownership, and agreed standards)",context,21
generalist_phi4_21_b5,generalist_phi4,phi4,generalist,5,lack of pilot projects,context,21
normative_phi4_21_b1,normative_phi4,phi4,normative,1,"power losses, quality and safety issues",context,21
normative_phi4_21_b2,normative_phi4,phi4,normative,2,reduced reliability in DC devices,context,21
normative_phi4_21_b3,normative_phi4,phi4,normative,3,lack of use-cases in which DC is advantageous,context,21
normative_phi4_21_b4,normative_phi4,phi4,normative,4,"uncertain utility interaction (net metering, utility ownership, and agreed standards)",context,21
normative_phi4_21_b5,normative_phi4,phi4,normative,5,lack of pilot projects,context,21
subject-matter_phi4_21_b1,subject-matter_phi4,phi4,subject-matter,1,"power losses, quality and safety issues",context,21
subject-matter_phi4_21_b3,subject-matter_phi4,phi4,subject-matter,3,lack of use-cases in which DC is advantageous,context,21
subject-matter_phi4_21_b4,subject-matter_phi4,phi4,subject-matter,4,"uncertain utility interaction (net metering, utility ownership, and agreed standards)",context,21
subject-matter_phi4_21_b5,subject-matter_phi4,phi4,subject-matter,5,lack of pilot projects,context,21
subject-matter_phi4_21_b10,subject-matter_phi4,phi4,subject-matter,10,uncertain regulatory roadmap,context,21
generalist_llama_22_b5,generalist_llama,llama,generalist,5,lack of pilot projects,context,22
generalist_llama_22_b7,generalist_llama,llama,generalist,7,incompatibility of DC systems components,context,22
generalist_llama_22_b8,generalist_llama,llama,generalist,8,misconception and lack of knowledge leads to lengthy/expensive design and permit process,context,22
generalist_llama_22_b9,generalist_llama,llama,generalist,9,lack of enough trained personnel in DC systems,context,22
generalist_llama_22_b10,generalist_llama,llama,generalist,10,uncertain regulatory roadmap,context,22
normative_llama_22_b1,normative_llama,llama,normative,1,"power losses, quality and safety issues",context,22
normative_llama_22_b2,normative_llama,llama,normative,2,reduced reliability in DC devices,context,22
normative_llama_22_b3,normative_llama,llama,normative,3,lack of use-cases in which DC is advantageous,context,22
normative_llama_22_b4,normative_llama,llama,normative,4,"uncertain utility interaction (net metering, utility ownership, and agreed standards)",context,22
normative_llama_22_b5,normative_llama,llama,normative,5,lack of pilot projects,context,22
subject-matter_llama_22_b1,subject-matter_llama,llama,subject-matter,1,"power losses, quality and safety issues",context,22
subject-matter_llama_22_b2,subject-matter_llama,llama,subject-matter,2,reduced reliability in DC devices,context,22
subject-matter_llama_22_b3,subject-matter_llama,llama,subject-matter,3,lack of use-cases in which DC is advantageous,context,22
subject-matter_llama_22_b4,subject-matter_llama,llama,subject-matter,4,"uncertain utility interaction (net metering, utility ownership, and agreed standards)",context,22
subject-matter_llama_22_b5,subject-matter_llama,llama,subject-matter,5,lack of pilot projects,context,22
generalist_mistral_22_b1,generalist_mistral,mistral,generalist,1,"power losses, quality and safety issues",context,22
generalist_mistral_22_b2,generalist_mistral,mistral,generalist,2,reduced reliability in DC devices,context,22
generalist_mistral_22_b3,generalist_mistral,mistral,generalist,3,lack of use-cases in which DC is advantageous,context,22
generalist_mistral_22_b4,generalist_mistral,mistral,generalist,4,"uncertain utility interaction (net metering, utility ownership, and agreed standards)",context,22
generalist_mistral_22_b5,generalist_mistral,mistral,generalist,5,lack of pilot projects,context,22
normative_mistral_22_b1,normative_mistral,mistral,normative,1,"power losses, quality and safety issues",context,22
normative_mistral_22_b2,normative_mistral,mistral,normative,2,reduced reliability in DC devices,context,22
normative_mistral_22_b4,normative_mistral,mistral,normative,4,"uncertain utility interaction (net metering, utility ownership, and agreed standards)",context,22
normative_mistral_22_b5,normative_mistral,mistral,normative,5,lack of pilot projects,context,22
normative_mistral_22_b11,normative_mistral,mistral,normative,11,high costs of DC solutions,context,22
subject-matter_mistral_22_b1,subject-matter_mistral,mistral,subject-matter,1,"power losses, quality and safety issues",context,22
subject-matter_mistral_22_b2,subject-matter_mistral,mistral,subject-matter,2,reduced reliability in DC devices,context,22
subject-matter_mistral_22_b3,subject-matter_mistral,mistral,subject-matter,3,lack of use-cases in which DC is advantageous,context,22
subject-matter_mistral_22_b4,subject-matter_mistral,mistral,subject-matter,4,"uncertain utility interaction (net metering, utility ownership, and agreed standards)",context,22
subject-matter_mistral_22_b5,subject-matter_mistral,mistral,subject-matter,5,lack of pilot projects,context,22
generalist_gemma3_22_b1,generalist_gemma3,gemma3,generalist,1,"power losses, quality and safety issues",context,22
generalist_gemma3_22_b3,generalist_gemma3,gemma3,generalist,3,lack of use-cases in which DC is advantageous,context,22
generalist_gemma3_22_b4,generalist_gemma3,gemma3,generalist,4,"uncertain utility interaction (net metering, utility ownership, and agreed standards)",context,22
generalist_gemma3_22_b8,generalist_gemma3,gemma3,generalist,8,misconception and lack of knowledge leads to lengthy/expensive design and permit process,context,22
generalist_gemma3_22_b10,generalist_gemma3,gemma3,generalist,10,uncertain regulatory roadmap,context,22
normative_gemma3_22_b1,normative_gemma3,gemma3,normative,1,"power losses, quality and safety issues",context,22
normative_gemma3_22_b4,normative_gemma3,gemma3,normative,4,"uncertain utility interaction (net metering, utility ownership, and agreed standards)",context,22
normative_gemma3_22_b5,normative_gemma3,gemma3,normative,5,lack of pilot projects,context,22
normative_gemma3_22_b8,normative_gemma3,gemma3,normative,8,misconception and lack of knowledge leads to lengthy/expensive design and permit process,context,22
normative_gemma3_22_b10,normative_gemma3,gemma3,normative,10,uncertain regulatory roadmap,context,22
subject-matter_gemma3_22_b1,subject-matter_gemma3,gemma3,subject-matter,1,"power losses, quality and safety issues",context,22
subject-matter_gemma3_22_b3,subject-matter_gemma3,gemma3,subject-matter,3,lack of use-cases in which DC is advantageous,context,22
subject-matter_gemma3_22_b4,subject-matter_gemma3,gemma3,subject-matter,4,"uncertain utility interaction (net metering, utility ownership, and agreed standards)",context,22
subject-matter_gemma3_22_b8,subject-matter_gemma3,gemma3,subject-matter,8,misconception and lack of knowledge leads to lengthy/expensive design and permit process,context,22
subject-matter_gemma3_22_b10,subject-matter_gemma3,gemma3,subject-matter,10,uncertain regulatory roadmap,context,22
generalist_phi4_22_b1,generalist_phi4,phi4,generalist,1,"power losses, quality and safety issues",context,22
generalist_phi4_22_b2,generalist_phi4,phi4,generalist,2,reduced reliability in DC devices,context,22
generalist_phi4_22_b4,generalist_phi4,phi4,generalist,4,"uncertain utility interaction (net metering, utility ownership, and agreed standards)",context,22
generalist_phi4_22_b5,generalist_phi4,phi4,generalist,5,lack of pilot projects,context,22
generalist_phi4_22_b11,generalist_phi4,phi4,generalist,11,high costs of DC solutions,context,22
normative_phi4_22_b1,normative_phi4,phi4,normative,1,"power losses, quality and safety issues",context,22
normative_phi4_22_b3,normative_phi4,phi4,normative,3,lack of use-cases in which DC is advantageous,context,22
normative_phi4_22_b4,normative_phi4,phi4,normative,4,"uncertain utility interaction (net metering, utility ownership, and agreed standards)",context,22
normative_phi4_22_b5,normative_phi4,phi4,normative,5,lack of pilot projects,context,22
normative_phi4_22_b10,normative_phi4,phi4,normative,10,uncertain regulatory roadmap,context,22
subject-matter_phi4_22_b1,subject-matter_phi4,phi4,subject-matter,1,"power losses, quality and safety issues",context,22
subject-matter_phi4_22_b2,subject-matter_phi4,phi4,subject-matter,2,reduced reliability in DC devices,context,22
subject-matter_phi4_22_b4,subject-matter_phi4,phi4,subject-matter,4,"uncertain utility interaction (net metering, utility ownership, and agreed standards)",context,22
subject-matter_phi4_22_b5,subject-matter_phi4,phi4,subject-matter,5,lack of pilot projects,context,22
subject-matter_phi4_22_b9,subject-matter_phi4,phi4,subject-matter,9,lack of enough trained personnel in DC systems,context,22
generalist_llama_23_b1,generalist_llama,llama,generalist,1,"power losses, quality and safety issues",context,23
generalist_llama_23_b2,generalist_llama,llama,generalist,2,reduced reliability in DC devices,context,23
generalist_llama_23_b3,generalist_llama,llama,generalist,3,lack of use-cases in which DC is advantageous,context,23
generalist_llama_23_b4,generalist_llama,llama,generalist,4,"uncertain utility interaction (net metering, utility ownership, and agreed standards)",context,23
generalist_llama_23_b5,generalist_llama,llama,generalist,5,lack of pilot projects,context,23
normative_llama_23_b5,normative_llama,llama,normative,5,lack of pilot projects,context,23
normative_llama_23_b6,normative_llama,llama,normative,6,public perception of DC and readiness to 'champion' installations from DC projects,context,23
normative_llama_23_b7,normative_llama,llama,normative,7,incompatibility of DC systems components,context,23
normative_llama_23_b8,normative_llama,llama,normative,8,misconception and lack of knowledge leads to lengthy/expensive design and permit process,context,23
normative_llama_23_b9,normative_llama,llama,normative,9,lack of enough trained personnel in DC systems,context,23
subject-matter_llama_23_b1,subject-matter_llama,llama,subject-matter,1,"power losses, quality and safety issues",context,23
subject-matter_llama_23_b6,subject-matter_llama,llama,subject-matter,6,public perception of DC and readiness to 'champion' installations from DC projects,context,23
subject-matter_llama_23_b7,subject-matter_llama,llama,subject-matter,7,incompatibility of DC systems components,context,23
subject-matter_llama_23_b8,subject-matter_llama,llama,subject-matter,8,misconception and lack of knowledge leads to lengthy/expensive design and permit process,context,23
subject-matter_llama_23_b9,subject-matter_llama,llama,subject-matter,9,lack of enough trained personnel in DC systems,context,23
generalist_mistral_23_b1,generalist_mistral,mistral,generalist,1,"power losses, quality and safety issues",context,23
generalist_mistral_23_b2,generalist_mistral,mistral,generalist,2,reduced reliability in DC devices,context,23
generalist_mistral_23_b3,generalist_mistral,mistral,generalist,3,lack of use-cases in which DC is advantageous,context,23
generalist_mistral_23_b4,generalist_mistral,mistral,generalist,4,"uncertain utility interaction (net metering, utility ownership, and agreed standards)",context,23
generalist_mistral_23_b5,generalist_mistral,mistral,generalist,5,lack of pilot projects,context,23
normative_mistral_23_b1,normative_mistral,mistral,normative,1,"power losses, quality and safety issues",context,23
normative_mistral_23_b2,normative_mistral,mistral,normative,2,reduced reliability in DC devices,context,23
normative_mistral_23_b3,normative_mistral,mistral,normative,3,lack of use-cases in which DC is advantageous,context,23
normative_mistral_23_b4,normative_mistral,mistral,normative,4,"uncertain utility interaction (net metering, utility ownership, and agreed standards)",context,23
normative_mistral_23_b5,normative_mistral,mistral,normative,5,lack of pilot projects,context,23
subject-matter_mistral_23_b1,subject-matter_mistral,mistral,subject-matter,1,"power losses, quality and safety issues",context,23
subject-matter_mistral_23_b2,subject-matter_mistral,mistral,subject-matter,2,reduced reliability in DC devices,context,23
subject-matter_mistral_23_b4,subject-matter_mistral,mistral,subject-matter,4,"uncertain utility interaction (net metering, utility ownership, and agreed standards)",context,23
subject-matter_mistral_23_b5,subject-matter_mistral,mistral,subject-matter,5,lack of pilot projects,context,23
subject-matter_mistral_23_b7,subject-matter_mistral,mistral,subject-matter,7,incompatibility of DC systems components,context,23
generalist_gemma3_23_b1,generalist_gemma3,gemma3,generalist,1,"power losses, quality and safety issues",context,23
generalist_gemma3_23_b3,generalist_gemma3,gemma3,generalist,3,lack of use-cases in which DC is advantageous,context,23
generalist_gemma3_23_b4,generalist_gemma3,gemma3,generalist,4,"uncertain utility interaction (net metering, utility ownership, and agreed standards)",context,23
generalist_gemma3_23_b8,generalist_gemma3,gemma3,generalist,8,misconception and lack of knowledge leads to lengthy/expensive design and permit process,context,23
generalist_gemma3_23_b11,generalist_gemma3,gemma3,generalist,11,high costs of DC solutions,context,23
normative_gemma3_23_b1,normative_gemma3,gemma3,normative,1,"power losses, quality and safety issues",context,23
normative_gemma3_23_b5,normative_gemma3,gemma3,normative,5,lack of pilot projects,context,23
normative_gemma3_23_b6,normative_gemma3,gemma3,normative,6,public perception of DC and readiness to 'champion' installations from DC projects,context,23
normative_gemma3_23_b8,normative_gemma3,gemma3,normative,8,misconception and lack of knowledge leads to lengthy/expensive design and permit process,context,23
normative_gemma3_23_b10,normative_gemma3,gemma3,normative,10,uncertain regulatory roadmap,context,23
subject-matter_gemma3_23_b1,subject-matter_gemma3,gemma3,subject-matter,1,"power losses, quality and safety issues",context,23
subject-matter_gemma3_23_b5,subject-matter_gemma3,gemma3,subject-matter,5,lack of pilot projects,context,23
subject-matter_gemma3_23_b6,subject-matter_gemma3,gemma3,subject-matter,6,public perception of DC and readiness to 'champion' installations from DC projects,context,23
subject-matter_gemma3_23_b8,subject-matter_gemma3,gemma3,subject-matter,8,misconception and lack of knowledge leads to lengthy/expensive design and permit process,context,23
subject-matter_gemma3_23_b10,subject-matter_gemma3,gemma3,subject-matter,10,uncertain regulatory roadmap,context,23
generalist_phi4_23_b1,generalist_phi4,phi4,generalist,1,"power losses, quality and safety issues",context,23
generalist_phi4_23_b3,generalist_phi4,phi4,generalist,3,lack of use-cases in which DC is advantageous,context,23
generalist_phi4_23_b4,generalist_phi4,phi4,generalist,4,"uncertain utility interaction (net metering, utility ownership, and agreed standards)",context,23
generalist_phi4_23_b5,generalist_phi4,phi4,generalist,5,lack of pilot projects,context,23
generalist_phi4_23_b10,generalist_phi4,phi4,generalist,10,uncertain regulatory roadmap,context,23
normative_phi4_23_b1,normative_phi4,phi4,normative,1,"power losses, quality and safety issues",context,23
normative_phi4_23_b4,normative_phi4,phi4,normative,4,"uncertain utility interaction (net metering, utility ownership, and agreed standards)",context,23
normative_phi4_23_b5,normative_phi4,phi4,normative,5,lack of pilot projects,context,23
normative_phi4_23_b8,normative_phi4,phi4,normative,8,misconception and lack of knowledge leads to lengthy/expensive design and permit process,context,23
normative_phi4_23_b10,normative_phi4,phi4,normative,10,uncertain regulatory roadmap,context,23
subject-matter_phi4_23_b1,subject-matter_phi4,phi4,subject-matter,1,"power losses, quality and safety issues",context,23
subject-matter_phi4_23_b2,subject-matter_phi4,phi4,subject-matter,2,reduced reliability in DC devices,context,23
subject-matter_phi4_23_b4,subject-matter_phi4,phi4,subject-matter,4,"uncertain utility interaction (net metering, utility ownership, and agreed standards)",context,23
subject-matter_phi4_23_b5,subject-matter_phi4,phi4,subject-matter,5,lack of pilot projects,context,23
subject-matter_phi4_23_b10,subject-matter_phi4,phi4,subject-matter,10,uncertain regulatory roadmap,context,23
generalist_llama_24_b1,generalist_llama,llama,generalist,1,"power losses, quality and safety issues",context,24
generalist_llama_24_b3,generalist_llama,llama,generalist,3,lack of use-cases in which DC is advantageous,context,24
generalist_llama_24_b4,generalist_llama,llama,generalist,4,"uncertain utility interaction (net metering, utility ownership, and agreed standards)",context,24
generalist_llama_24_b5,generalist_llama,llama,generalist,5,lack of pilot projects,context,24
generalist_llama_24_b6,generalist_llama,llama,generalist,6,public perception of DC and readiness to 'champion' installations from DC projects,context,24
normative_llama_24_b1,normative_llama,llama,normative,1,"power losses, quality and safety issues",context,24
normative_llama_24_b2,normative_llama,llama,normative,2,reduced reliability in DC devices,context,24
normative_llama_24_b3,normative_llama,llama,normative,3,lack of use-cases in which DC is advantageous,context,24
normative_llama_24_b4,normative_llama,llama,normative,4,"uncertain utility interaction (net metering, utility ownership, and agreed standards)",context,24
normative_llama_24_b5,normative_llama,llama,normative,5,lack of pilot projects,context,24
subject-matter_llama_24_b5,subject-matter_llama,llama,subject-matter,5,lack of pilot projects,context,24
subject-matter_llama_24_b6,subject-matter_llama,llama,subject-matter,6,public perception of DC and readiness to 'champion' installations from DC projects,context,24
subject-matter_llama_24_b7,subject-matter_llama,llama,subject-matter,7,incompatibility of DC systems components,context,24
subject-matter_llama_24_b8,subject-matter_llama,llama,subject-matter,8,misconception and lack of knowledge leads to lengthy/expensive design and permit process,context,24
subject-matter_llama_24_b9,subject-matter_llama,llama,subject-matter,9,lack of enough trained personnel in DC systems,context,24
generalist_mistral_24_b1,generalist_mistral,mistral,generalist,1,"power losses, quality and safety issues",context,24
generalist_mistral_24_b2,generalist_mistral,mistral,generalist,2,reduced reliability in DC devices,context,24
generalist_mistral_24_b3,generalist_mistral,mistral,generalist,3,lack of use-cases in which DC is advantageous,context,24
generalist_mistral_24_b4,generalist_mistral,mistral,generalist,4,"uncertain utility interaction (net metering, utility ownership, and agreed standards)",context,24
generalist_mistral_24_b5,generalist_mistral,mistral,generalist,5,lack of pilot projects,context,24
normative_mistral_24_b1,normative_mistral,mistral,normative,1,"power losses, quality and safety issues",context,24
normative_mistral_24_b2,normative_mistral,mistral,normative,2,reduced reliability in DC devices,context,24
normative_mistral_24_b3,normative_mistral,mistral,normative,3,lack of use-cases in which DC is advantageous,context,24
normative_mistral_24_b4,normative_mistral,mistral,normative,4,"uncertain utility interaction (net metering, utility ownership, and agreed standards)",context,24
normative_mistral_24_b11,normative_mistral,mistral,normative,11,high costs of DC solutions,context,24
subject-matter_mistral_24_b1,subject-matter_mistral,mistral,subject-matter,1,"power losses, quality and safety issues",context,24
subject-matter_mistral_24_b2,subject-matter_mistral,mistral,subject-matter,2,reduced reliability in DC devices,context,24
subject-matter_mistral_24_b3,subject-matter_mistral,mistral,subject-matter,3,lack of use-cases in which DC is advantageous,context,24
subject-matter_mistral_24_b4,subject-matter_mistral,mistral,subject-matter,4,"uncertain utility interaction (net metering, utility ownership, and agreed standards)",context,24
subject-matter_mistral_24_b11,subject-matter_mistral,mistral,subject-matter,11,high costs of DC solutions,context,24
generalist_gemma3_24_b1,generalist_gemma3,gemma3,generalist,1,"power losses, quality and safety issues",context,24
generalist_gemma3_24_b3,generalist_gemma3,gemma3,generalist,3,lack of use-cases in which DC is advantageous,context,24
generalist_gemma3_24_b4,generalist_gemma3,gemma3,generalist,4,"uncertain utility interaction (net metering, utility ownership, and agreed standards)",context,24
generalist_gemma3_24_b8,generalist_gemma3,gemma3,generalist,8,misconception and lack of knowledge leads to lengthy/expensive design and permit process,context,24
generalist_gemma3_24_b11,generalist_gemma3,gemma3,generalist,11,high costs of DC solutions,context,24
normative_gemma3_24_b1,normative_gemma3,gemma3,normative,1,"power losses, quality and safety issues",context,24
normative_gemma3_24_b4,normative_gemma3,gemma3,normative,4,"uncertain utility interaction (net metering, utility ownership, and agreed standards)",context,24
normative_gemma3_24_b7,normative_gemma3,gemma3,normative,7,incompatibility of DC systems components,context,24
normative_gemma3_24_b8,normative_gemma3,gemma3,normative,8,misconception and lack of knowledge leads to lengthy/expensive design and permit process,context,24
normative_gemma3_24_b11,normative_gemma3,gemma3,normative,11,high costs of DC solutions,context,24
subject-matter_gemma3_24_b1,subject-matter_gemma3,gemma3,subject-matter,1,"power losses, quality and safety issues",context,24
subject-matter_gemma3_24_b4,subject-matter_gemma3,gemma3,subject-matter,4,"uncertain utility interaction (net metering, utility ownership, and agreed standards)",context,24
subject-matter_gemma3_24_b8,subject-matter_gemma3,gemma3,subject-matter,8,misconception and lack of knowledge leads to lengthy/expensive design and permit process,context,24
subject-matter_gemma3_24_b10,subject-matter_gemma3,gemma3,subject-matter,10,uncertain regulatory roadmap,context,24
subject-matter_gemma3_24_b11,subject-matter_gemma3,gemma3,subject-matter,11,high costs of DC solutions,context,24
generalist_phi4_24_b1,generalist_phi4,phi4,generalist,1,"power losses, quality and safety issues",context,24
generalist_phi4_24_b2,generalist_phi4,phi4,generalist,2,reduced reliability in DC devices,context,24
generalist_phi4_24_b3,generalist_phi4,phi4,generalist,3,lack of use-cases in which DC is advantageous,context,24
generalist_phi4_24_b4,generalist_phi4,phi4,generalist,4,"uncertain utility interaction (net metering, utility ownership, and agreed standards)",context,24
generalist_phi4_24_b5,generalist_phi4,phi4,generalist,5,lack of pilot projects,context,24
normative_phi4_24_b1,normative_phi4,phi4,normative,1,"power losses, quality and safety issues",context,24
normative_phi4_24_b3,normative_phi4,phi4,normative,3,lack of use-cases in which DC is advantageous,context,24
normative_phi4_24_b4,normative_phi4,phi4,normative,4,"uncertain utility interaction (net metering, utility ownership, and agreed standards)",context,24
normative_phi4_24_b5,normative_phi4,phi4,normative,5,lack of pilot projects,context,24
normative_phi4_24_b10,normative_phi4,phi4,normative,10,uncertain regulatory roadmap,context,24
subject-matter_phi4_24_b1,subject-matter_phi4,phi4,subject-matter,1,"power losses, quality and safety issues",context,24
subject-matter_phi4_24_b4,subject-matter_phi4,phi4,subject-matter,4,"uncertain utility interaction (net metering, utility ownership, and agreed standards)",context,24
subject-matter_phi4_24_b5,subject-matter_phi4,phi4,subject-matter,5,lack of pilot projects,context,24
subject-matter_phi4_24_b8,subject-matter_phi4,phi4,subject-matter,8,misconception and lack of knowledge leads to lengthy/expensive design and permit process,context,24
subject-matter_phi4_24_b11,subject-matter_phi4,phi4,subject-matter,11,high costs of DC solutions,context,24
generalist_llama_25_b1,generalist_llama,llama,generalist,1,"power losses, quality and safety issues",context,25
generalist_llama_25_b2,generalist_llama,llama,generalist,2,reduced reliability in DC devices,context,25
generalist_llama_25_b3,generalist_llama,llama,generalist,3,lack of use-cases in which DC is advantageous,context,25
generalist_llama_25_b4,generalist_llama,llama,generalist,4,"uncertain utility interaction (net metering, utility ownership, and agreed standards)",context,25
generalist_llama_25_b5,generalist_llama,llama,generalist,5,lack of pilot projects,context,25
normative_llama_25_b1,normative_llama,llama,normative,1,"power losses, quality and safety issues",context,25
normative_llama_25_b2,normative_llama,llama,normative,2,reduced reliability in DC devices,context,25
normative_llama_25_b3,normative_llama,llama,normative,3,lack of use-cases in which DC is advantageous,context,25
normative_llama_25_b4,normative_llama,llama,normative,4,"uncertain utility interaction (net metering, utility ownership, and agreed standards)",context,25
normative_llama_25_b5,normative_llama,llama,normative,5,lack of pilot projects,context,25
subject-matter_llama_25_b1,subject-matter_llama,llama,subject-matter,1,"power losses, quality and safety issues",context,25
subject-matter_llama_25_b2,subject-matter_llama,llama,subject-matter,2,reduced reliability in DC devices,context,25
subject-matter_llama_25_b4,subject-matter_llama,llama,subject-matter,4,"uncertain utility interaction (net metering, utility ownership, and agreed standards)",context,25
subject-matter_llama_25_b3,subject-matter_llama,llama,subject-matter,3,lack of use-cases in which DC is advantageous,context,25
subject-matter_llama_25_b7,subject-matter_llama,llama,subject-matter,7,incompatibility of DC systems components,context,25
generalist_mistral_25_b1,generalist_mistral,mistral,generalist,1,"power losses, quality and safety issues",context,25
generalist_mistral_25_b2,generalist_mistral,mistral,generalist,2,reduced reliability in DC devices,context,25
generalist_mistral_25_b3,generalist_mistral,mistral,generalist,3,lack of use-cases in which DC is advantageous,context,25
generalist_mistral_25_b4,generalist_mistral,mistral,generalist,4,"uncertain utility interaction (net metering, utility ownership, and agreed standards)",context,25
generalist_mistral_25_b5,generalist_mistral,mistral,generalist,5,lack of pilot projects,context,25
normative_mistral_25_b1,normative_mistral,mistral,normative,1,"power losses, quality and safety issues",context,25
normative_mistral_25_b2,normative_mistral,mistral,normative,2,reduced reliability in DC devices,context,25
normative_mistral_25_b3,normative_mistral,mistral,normative,3,lack of use-cases in which DC is advantageous,context,25
normative_mistral_25_b4,normative_mistral,mistral,normative,4,"uncertain utility interaction (net metering, utility ownership, and agreed standards)",context,25
normative_mistral_25_b5,normative_mistral,mistral,normative,5,lack of pilot projects,context,25
subject-matter_mistral_25_b1,subject-matter_mistral,mistral,subject-matter,1,"power losses, quality and safety issues",context,25
subject-matter_mistral_25_b2,subject-matter_mistral,mistral,subject-matter,2,reduced reliability in DC devices,context,25
subject-matter_mistral_25_b4,subject-matter_mistral,mistral,subject-matter,4,"uncertain utility interaction (net metering, utility ownership, and agreed standards)",context,25
subject-matter_mistral_25_b5,subject-matter_mistral,mistral,subject-matter,5,lack of pilot projects,context,25
subject-matter_mistral_25_b9,subject-matter_mistral,mistral,subject-matter,9,lack of enough trained personnel in DC systems,context,25
generalist_gemma3_25_b1,generalist_gemma3,gemma3,generalist,1,"power losses, quality and safety issues",context,25
generalist_gemma3_25_b3,generalist_gemma3,gemma3,generalist,3,lack of use-cases in which DC is advantageous,context,25
generalist_gemma3_25_b4,generalist_gemma3,gemma3,generalist,4,"uncertain utility interaction (net metering, utility ownership, and agreed standards)",context,25
generalist_gemma3_25_b8,generalist_gemma3,gemma3,generalist,8,misconception and lack of knowledge leads to lengthy/expensive design and permit process,context,25
generalist_gemma3_25_b11,generalist_gemma3,gemma3,generalist,11,high costs of DC solutions,context,25
normative_gemma3_25_b1,normative_gemma3,gemma3,normative,1,"power losses, quality and safety issues",context,25
normative_gemma3_25_b4,normative_gemma3,gemma3,normative,4,"uncertain utility interaction (net metering, utility ownership, and agreed standards)",context,25
normative_gemma3_25_b7,normative_gemma3,gemma3,normative,7,incompatibility of DC systems components,context,25
normative_gemma3_25_b8,normative_gemma3,gemma3,normative,8,misconception and lack of knowledge leads to lengthy/expensive design and permit process,context,25
normative_gemma3_25_b11,normative_gemma3,gemma3,normative,11,high costs of DC solutions,context,25
subject-matter_gemma3_25_b1,subject-matter_gemma3,gemma3,subject-matter,1,"power losses, quality and safety issues",context,25
subject-matter_gemma3_25_b5,subject-matter_gemma3,gemma3,subject-matter,5,lack of pilot projects,context,25
subject-matter_gemma3_25_b4,subject-matter_gemma3,gemma3,subject-matter,4,"uncertain utility interaction (net metering, utility ownership, and agreed standards)",context,25
subject-matter_gemma3_25_b8,subject-matter_gemma3,gemma3,subject-matter,8,misconception and lack of knowledge leads to lengthy/expensive design and permit process,context,25
subject-matter_gemma3_25_b10,subject-matter_gemma3,gemma3,subject-matter,10,uncertain regulatory roadmap,context,25
generalist_phi4_25_b1,generalist_phi4,phi4,generalist,1,"power losses, quality and safety issues",context,25
generalist_phi4_25_b3,generalist_phi4,phi4,generalist,3,lack of use-cases in which DC is advantageous,context,25
generalist_phi4_25_b4,generalist_phi4,phi4,generalist,4,"uncertain utility interaction (net metering, utility ownership, and agreed standards)",context,25
generalist_phi4_25_b5,generalist_phi4,phi4,generalist,5,lack of pilot projects,context,25
generalist_phi4_25_b10,generalist_phi4,phi4,generalist,10,uncertain regulatory roadmap,context,25
normative_phi4_25_b1,normative_phi4,phi4,normative,1,"power losses, quality and safety issues",context,25
normative_phi4_25_b3,normative_phi4,phi4,normative,3,lack of use-cases in which DC is advantageous,context,25
normative_phi4_25_b4,normative_phi4,phi4,normative,4,"uncertain utility interaction (net metering, utility ownership, and agreed standards)",context,25
normative_phi4_25_b9,normative_phi4,phi4,normative,9,lack of enough trained personnel in DC systems,context,25
normative_phi4_25_b10,normative_phi4,phi4,normative,10,uncertain regulatory roadmap,context,25
subject-matter_phi4_25_b1,subject-matter_phi4,phi4,subject-matter,1,"power losses, quality and safety issues",context,25
subject-matter_phi4_25_b2,subject-matter_phi4,phi4,subject-matter,2,reduced reliability in DC devices,context,25
subject-matter_phi4_25_b3,subject-matter_phi4,phi4,subject-matter,3,lack of use-cases in which DC is advantageous,context,25
subject-matter_phi4_25_b4,subject-matter_phi4,phi4,subject-matter,4,"uncertain utility interaction (net metering, utility ownership, and agreed standards)",context,25
subject-matter_phi4_25_b10,subject-matter_phi4,phi4,subject-matter,10,uncertain regulatory roadmap,context,25
generalist_llama_26_b1,generalist_llama,llama,generalist,1,"power losses, quality and safety issues",context,26
generalist_llama_26_b2,generalist_llama,llama,generalist,2,reduced reliability in DC devices,context,26
generalist_llama_26_b3,generalist_llama,llama,generalist,3,lack of use-cases in which DC is advantageous,context,26
generalist_llama_26_b4,generalist_llama,llama,generalist,4,"uncertain utility interaction (net metering, utility ownership, and agreed standards)",context,26
generalist_llama_26_b5,generalist_llama,llama,generalist,5,lack of pilot projects,context,26
normative_llama_26_b1,normative_llama,llama,normative,1,"power losses, quality and safety issues",context,26
normative_llama_26_b2,normative_llama,llama,normative,2,reduced reliability in DC devices,context,26
normative_llama_26_b3,normative_llama,llama,normative,3,lack of use-cases in which DC is advantageous,context,26
normative_llama_26_b4,normative_llama,llama,normative,4,"uncertain utility interaction (net metering, utility ownership, and agreed standards)",context,26
normative_llama_26_b5,normative_llama,llama,normative,5,lack of pilot projects,context,26
subject-matter_llama_26_b1,subject-matter_llama,llama,subject-matter,1,"power losses, quality and safety issues",context,26
subject-matter_llama_26_b2,subject-matter_llama,llama,subject-matter,2,reduced reliability in DC devices,context,26
subject-matter_llama_26_b3,subject-matter_llama,llama,subject-matter,3,lack of use-cases in which DC is advantageous,context,26
subject-matter_llama_26_b4,subject-matter_llama,llama,subject-matter,4,"uncertain utility interaction (net metering, utility ownership, and agreed standards)",context,26
subject-matter_llama_26_b5,subject-matter_llama,llama,subject-matter,5,lack of pilot projects,context,26
generalist_mistral_26_b1,generalist_mistral,mistral,generalist,1,"power losses, quality and safety issues",context,26
generalist_mistral_26_b2,generalist_mistral,mistral,generalist,2,reduced reliability in DC devices,context,26
generalist_mistral_26_b3,generalist_mistral,mistral,generalist,3,lack of use-cases in which DC is advantageous,context,26
generalist_mistral_26_b4,generalist_mistral,mistral,generalist,4,"uncertain utility interaction (net metering, utility ownership, and agreed standards)",context,26
generalist_mistral_26_b5,generalist_mistral,mistral,generalist,5,lack of pilot projects,context,26
normative_mistral_26_b1,normative_mistral,mistral,normative,1,"power losses, quality and safety issues",context,26
normative_mistral_26_b2,normative_mistral,mistral,normative,2,reduced reliability in DC devices,context,26
normative_mistral_26_b3,normative_mistral,mistral,normative,3,lack of use-cases in which DC is advantageous,context,26
normative_mistral_26_b4,normative_mistral,mistral,normative,4,"uncertain utility interaction (net metering, utility ownership, and agreed standards)",context,26
normative_mistral_26_b5,normative_mistral,mistral,normative,5,lack of pilot projects,context,26
subject-matter_mistral_26_b1,subject-matter_mistral,mistral,subject-matter,1,"power losses, quality and safety issues",context,26
subject-matter_mistral_26_b2,subject-matter_mistral,mistral,subject-matter,2,reduced reliability in DC devices,context,26
subject-matter_mistral_26_b3,subject-matter_mistral,mistral,subject-matter,3,lack of use-cases in which DC is advantageous,context,26
subject-matter_mistral_26_b4,subject-matter_mistral,mistral,subject-matter,4,"uncertain utility interaction (net metering, utility ownership, and agreed standards)",context,26
subject-matter_mistral_26_b5,subject-matter_mistral,mistral,subject-matter,5,lack of pilot projects,context,26
generalist_gemma3_26_b1,generalist_gemma3,gemma3,generalist,1,"power losses, quality and safety issues",context,26
generalist_gemma3_26_b5,generalist_gemma3,gemma3,generalist,5,lack of pilot projects,context,26
generalist_gemma3_26_b6,generalist_gemma3,gemma3,generalist,6,public perception of DC and readiness to 'champion' installations from DC projects,context,26
generalist_gemma3_26_b8,generalist_gemma3,gemma3,generalist,8,misconception and lack of knowledge leads to lengthy/expensive design and permit process,context,26
generalist_gemma3_26_b10,generalist_gemma3,gemma3,generalist,10,uncertain regulatory roadmap,context,26
normative_gemma3_26_b1,normative_gemma3,gemma3,normative,1,"power losses, quality and safety issues",context,26
normative_gemma3_26_b4,normative_gemma3,gemma3,normative,4,"uncertain utility interaction (net metering, utility ownership, and agreed standards)",context,26
normative_gemma3_26_b7,normative_gemma3,gemma3,normative,7,incompatibility of DC systems components,context,26
normative_gemma3_26_b8,normative_gemma3,gemma3,normative,8,misconception and lack of knowledge leads to lengthy/expensive design and permit process,context,26
normative_gemma3_26_b11,normative_gemma3,gemma3,normative,11,high costs of DC solutions,context,26
subject-matter_gemma3_26_b1,subject-matter_gemma3,gemma3,subject-matter,1,"power losses, quality and safety issues",context,26
subject-matter_gemma3_26_b3,subject-matter_gemma3,gemma3,subject-matter,3,lack of use-cases in which DC is advantageous,context,26
subject-matter_gemma3_26_b4,subject-matter_gemma3,gemma3,subject-matter,4,"uncertain utility interaction (net metering, utility ownership, and agreed standards)",context,26
subject-matter_gemma3_26_b8,subject-matter_gemma3,gemma3,subject-matter,8,misconception and lack of knowledge leads to lengthy/expensive design and permit process,context,26
subject-matter_gemma3_26_b10,subject-matter_gemma3,gemma3,subject-matter,10,uncertain regulatory roadmap,context,26
generalist_phi4_26_b1,generalist_phi4,phi4,generalist,1,"power losses, quality and safety issues",context,26
generalist_phi4_26_b4,generalist_phi4,phi4,generalist,4,"uncertain utility interaction (net metering, utility ownership, and agreed standards)",context,26
generalist_phi4_26_b5,generalist_phi4,phi4,generalist,5,lack of pilot projects,context,26
generalist_phi4_26_b10,generalist_phi4,phi4,generalist,10,uncertain regulatory roadmap,context,26
generalist_phi4_26_b11,generalist_phi4,phi4,generalist,11,high costs of DC solutions,context,26
normative_phi4_26_b1,normative_phi4,phi4,normative,1,"power losses, quality and safety issues",context,26
normative_phi4_26_b4,normative_phi4,phi4,normative,4,"uncertain utility interaction (net metering, utility ownership, and agreed standards)",context,26
normative_phi4_26_b6,normative_phi4,phi4,normative,6,public perception of DC and readiness to 'champion' installations from DC projects,context,26
normative_phi4_26_b8,normative_phi4,phi4,normative,8,misconception and lack of knowledge leads to lengthy/expensive design and permit process,context,26
normative_phi4_26_b10,normative_phi4,phi4,normative,10,uncertain regulatory roadmap,context,26
subject-matter_phi4_26_b1,subject-matter_phi4,phi4,subject-matter,1,"power losses, quality and safety issues",context,26
subject-matter_phi4_26_b3,subject-matter_phi4,phi4,subject-matter,3,lack of use-cases in which DC is advantageous,context,26
subject-matter_phi4_26_b4,subject-matter_phi4,phi4,subject-matter,4,"uncertain utility interaction (net metering, utility ownership, and agreed standards)",context,26
subject-matter_phi4_26_b5,subject-matter_phi4,phi4,subject-matter,5,lack of pilot projects,context,26
subject-matter_phi4_26_b10,subject-matter_phi4,phi4,subject-matter,10,uncertain regulatory roadmap,context,26
generalist_llama_27_b1,generalist_llama,llama,generalist,1,"power losses, quality and safety issues",context,27
generalist_llama_27_b2,generalist_llama,llama,generalist,2,reduced reliability in DC devices,context,27
generalist_llama_27_b3,generalist_llama,llama,generalist,3,lack of use-cases in which DC is advantageous,context,27
generalist_llama_27_b4,generalist_llama,llama,generalist,4,"uncertain utility interaction (net metering, utility ownership, and agreed standards)",context,27
generalist_llama_27_b5,generalist_llama,llama,generalist,5,lack of pilot projects,context,27
normative_llama_27_b1,normative_llama,llama,normative,1,"power losses, quality and safety issues",context,27
normative_llama_27_b2,normative_llama,llama,normative,2,reduced reliability in DC devices,context,27
normative_llama_27_b3,normative_llama,llama,normative,3,lack of use-cases in which DC is advantageous,context,27
normative_llama_27_b4,normative_llama,llama,normative,4,"uncertain utility interaction (net metering, utility ownership, and agreed standards)",context,27
normative_llama_27_b5,normative_llama,llama,normative,5,lack of pilot projects,context,27
subject-matter_llama_27_b1,subject-matter_llama,llama,subject-matter,1,"power losses, quality and safety issues",context,27
subject-matter_llama_27_b2,subject-matter_llama,llama,subject-matter,2,reduced reliability in DC devices,context,27
subject-matter_llama_27_b3,subject-matter_llama,llama,subject-matter,3,lack of use-cases in which DC is advantageous,context,27
subject-matter_llama_27_b4,subject-matter_llama,llama,subject-matter,4,"uncertain utility interaction (net metering, utility ownership, and agreed standards)",context,27
subject-matter_llama_27_b5,subject-matter_llama,llama,subject-matter,5,lack of pilot projects,context,27
generalist_mistral_27_b1,generalist_mistral,mistral,generalist,1,"power losses, quality and safety issues",context,27
generalist_mistral_27_b2,generalist_mistral,mistral,generalist,2,reduced reliability in DC devices,context,27
generalist_mistral_27_b3,generalist_mistral,mistral,generalist,3,lack of use-cases in which DC is advantageous,context,27
generalist_mistral_27_b4,generalist_mistral,mistral,generalist,4,"uncertain utility interaction (net metering, utility ownership, and agreed standards)",context,27
generalist_mistral_27_b5,generalist_mistral,mistral,generalist,5,lack of pilot projects,context,27
normative_mistral_27_b1,normative_mistral,mistral,normative,1,"power losses, quality and safety issues",context,27
normative_mistral_27_b2,normative_mistral,mistral,normative,2,reduced reliability in DC devices,context,27
normative_mistral_27_b4,normative_mistral,mistral,normative,4,"uncertain utility interaction (net metering, utility ownership, and agreed standards)",context,27
normative_mistral_27_b5,normative_mistral,mistral,normative,5,lack of pilot projects,context,27
normative_mistral_27_b6,normative_mistral,mistral,normative,6,public perception of DC and readiness to 'champion' installations from DC projects,context,27
subject-matter_mistral_27_b1,subject-matter_mistral,mistral,subject-matter,1,"power losses, quality and safety issues",context,27
subject-matter_mistral_27_b2,subject-matter_mistral,mistral,subject-matter,2,reduced reliability in DC devices,context,27
subject-matter_mistral_27_b4,subject-matter_mistral,mistral,subject-matter,4,"uncertain utility interaction (net metering, utility ownership, and agreed standards)",context,27
subject-matter_mistral_27_b5,subject-matter_mistral,mistral,subject-matter,5,lack of pilot projects,context,27
subject-matter_mistral_27_b11,subject-matter_mistral,mistral,subject-matter,11,high costs of DC solutions,context,27
generalist_gemma3_27_b1,generalist_gemma3,gemma3,generalist,1,"power losses, quality and safety issues",context,27
generalist_gemma3_27_b5,generalist_gemma3,gemma3,generalist,5,lack of pilot projects,context,27
generalist_gemma3_27_b6,generalist_gemma3,gemma3,generalist,6,public perception of DC and readiness to 'champion' installations from DC projects,context,27
generalist_gemma3_27_b8,generalist_gemma3,gemma3,generalist,8,misconception and lack of knowledge leads to lengthy/expensive design and permit process,context,27
generalist_gemma3_27_b10,generalist_gemma3,gemma3,generalist,10,uncertain regulatory roadmap,context,27
normative_gemma3_27_b1,normative_gemma3,gemma3,normative,1,"power losses, quality and safety issues",context,27
normative_gemma3_27_b4,normative_gemma3,gemma3,normative,4,"uncertain utility interaction (net metering, utility ownership, and agreed standards)",context,27
normative_gemma3_27_b7,normative_gemma3,gemma3,normative,7,incompatibility of DC systems components,context,27
normative_gemma3_27_b8,normative_gemma3,gemma3,normative,8,misconception and lack of knowledge leads to lengthy/expensive design and permit process,context,27
normative_gemma3_27_b11,normative_gemma3,gemma3,normative,11,high costs of DC solutions,context,27
subject-matter_gemma3_27_b1,subject-matter_gemma3,gemma3,subject-matter,1,"power losses, quality and safety issues",context,27
subject-matter_gemma3_27_b3,subject-matter_gemma3,gemma3,subject-matter,3,lack of use-cases in which DC is advantageous,context,27
subject-matter_gemma3_27_b4,subject-matter_gemma3,gemma3,subject-matter,4,"uncertain utility interaction (net metering, utility ownership, and agreed standards)",context,27
subject-matter_gemma3_27_b8,subject-matter_gemma3,gemma3,subject-matter,8,misconception and lack of knowledge leads to lengthy/expensive design and permit process,context,27
subject-matter_gemma3_27_b10,subject-matter_gemma3,gemma3,subject-matter,10,uncertain regulatory roadmap,context,27
generalist_phi4_27_b1,generalist_phi4,phi4,generalist,1,"power losses, quality and safety issues",context,27
generalist_phi4_27_b3,generalist_phi4,phi4,generalist,3,lack of use-cases in which DC is advantageous,context,27
generalist_phi4_27_b4,generalist_phi4,phi4,generalist,4,"uncertain utility interaction (net metering, utility ownership, and agreed standards)",context,27
generalist_phi4_27_b5,generalist_phi4,phi4,generalist,5,lack of pilot projects,context,27
generalist_phi4_27_b10,generalist_phi4,phi4,generalist,10,uncertain regulatory roadmap,context,27
normative_phi4_27_b1,normative_phi4,phi4,normative,1,"power losses, quality and safety issues",context,27
normative_phi4_27_b2,normative_phi4,phi4,normative,2,reduced reliability in DC devices,context,27
normative_phi4_27_b3,normative_phi4,phi4,normative,3,lack of use-cases in which DC is advantageous,context,27
normative_phi4_27_b4,normative_phi4,phi4,normative,4,"uncertain utility interaction (net metering, utility ownership, and agreed standards)",context,27
normative_phi4_27_b5,normative_phi4,phi4,normative,5,lack of pilot projects,context,27
subject-matter_phi4_27_b1,subject-matter_phi4,phi4,subject-matter,1,"power losses, quality and safety issues",context,27
subject-matter_phi4_27_b3,subject-matter_phi4,phi4,subject-matter,3,lack of use-cases in which DC is advantageous,context,27
subject-matter_phi4_27_b4,subject-matter_phi4,phi4,subject-matter,4,"uncertain utility interaction (net metering, utility ownership, and agreed standards)",context,27
subject-matter_phi4_27_b5,subject-matter_phi4,phi4,subject-matter,5,lack of pilot projects,context,27
subject-matter_phi4_27_b10,subject-matter_phi4,phi4,subject-matter,10,uncertain regulatory roadmap,context,27
generalist_llama_28_b1,generalist_llama,llama,generalist,1,"power losses, quality and safety issues",context,28
generalist_llama_28_b3,generalist_llama,llama,generalist,3,lack of use-cases in which DC is advantageous,context,28
generalist_llama_28_b4,generalist_llama,llama,generalist,4,"uncertain utility interaction (net metering, utility ownership, and agreed standards)",context,28
generalist_llama_28_b7,generalist_llama,llama,generalist,7,incompatibility of DC systems components,context,28
generalist_llama_28_b11,generalist_llama,llama,generalist,11,high costs of DC solutions,context,28
normative_llama_28_b1,normative_llama,llama,normative,1,"power losses, quality and safety issues",context,28
normative_llama_28_b2,normative_llama,llama,normative,2,reduced reliability in DC devices,context,28
normative_llama_28_b3,normative_llama,llama,normative,3,lack of use-cases in which DC is advantageous,context,28
normative_llama_28_b4,normative_llama,llama,normative,4,"uncertain utility interaction (net metering, utility ownership, and agreed standards)",context,28
normative_llama_28_b5,normative_llama,llama,normative,5,lack of pilot projects,context,28
subject-matter_llama_28_b1,subject-matter_llama,llama,subject-matter,1,"power losses, quality and safety issues",context,28
subject-matter_llama_28_b2,subject-matter_llama,llama,subject-matter,2,reduced reliability in DC devices,context,28
subject-matter_llama_28_b3,subject-matter_llama,llama,subject-matter,3,lack of use-cases in which DC is advantageous,context,28
subject-matter_llama_28_b4,subject-matter_llama,llama,subject-matter,4,"uncertain utility interaction (net metering, utility ownership, and agreed standards)",context,28
subject-matter_llama_28_b5,subject-matter_llama,llama,subject-matter,5,lack of pilot projects,context,28
generalist_mistral_28_b1,generalist_mistral,mistral,generalist,1,"power losses, quality and safety issues",context,28
generalist_mistral_28_b2,generalist_mistral,mistral,generalist,2,reduced reliability in DC devices,context,28
generalist_mistral_28_b3,generalist_mistral,mistral,generalist,3,lack of use-cases in which DC is advantageous,context,28
generalist_mistral_28_b4,generalist_mistral,mistral,generalist,4,"uncertain utility interaction (net metering, utility ownership, and agreed standards)",context,28
generalist_mistral_28_b5,generalist_mistral,mistral,generalist,5,lack of pilot projects,context,28
normative_mistral_28_b1,normative_mistral,mistral,normative,1,"power losses, quality and safety issues",context,28
normative_mistral_28_b2,normative_mistral,mistral,normative,2,reduced reliability in DC devices,context,28
normative_mistral_28_b3,normative_mistral,mistral,normative,3,lack of use-cases in which DC is advantageous,context,28
normative_mistral_28_b4,normative_mistral,mistral,normative,4,"uncertain utility interaction (net metering, utility ownership, and agreed standards)",context,28
normative_mistral_28_b5,normative_mistral,mistral,normative,5,lack of pilot projects,context,28
subject-matter_mistral_28_b1,subject-matter_mistral,mistral,subject-matter,1,"power losses, quality and safety issues",context,28
subject-matter_mistral_28_b2,subject-matter_mistral,mistral,subject-matter,2,reduced reliability in DC devices,context,28
subject-matter_mistral_28_b4,subject-matter_mistral,mistral,subject-matter,4,"uncertain utility interaction (net metering, utility ownership, and agreed standards)",context,28
subject-matter_mistral_28_b5,subject-matter_mistral,mistral,subject-matter,5,lack of pilot projects,context,28
subject-matter_mistral_28_b7,subject-matter_mistral,mistral,subject-matter,7,incompatibility of DC systems components,context,28
generalist_gemma3_28_b1,generalist_gemma3,gemma3,generalist,1,"power losses, quality and safety issues",context,28
generalist_gemma3_28_b3,generalist_gemma3,gemma3,generalist,3,lack of use-cases in which DC is advantageous,context,28
generalist_gemma3_28_b4,generalist_gemma3,gemma3,generalist,4,"uncertain utility interaction (net metering, utility ownership, and agreed standards)",context,28
generalist_gemma3_28_b8,generalist_gemma3,gemma3,generalist,8,misconception and lack of knowledge leads to lengthy/expensive design and permit process,context,28
generalist_gemma3_28_b11,generalist_gemma3,gemma3,generalist,11,high costs of DC solutions,context,28
normative_gemma3_28_b1,normative_gemma3,gemma3,normative,1,"power losses, quality and safety issues",context,28
normative_gemma3_28_b5,normative_gemma3,gemma3,normative,5,lack of pilot projects,context,28
normative_gemma3_28_b4,normative_gemma3,gemma3,normative,4,"uncertain utility interaction (net metering, utility ownership, and agreed standards)",context,28
normative_gemma3_28_b8,normative_gemma3,gemma3,normative,8,misconception and lack of knowledge leads to lengthy/expensive design and permit process,context,28
normative_gemma3_28_b10,normative_gemma3,gemma3,normative,10,uncertain regulatory roadmap,context,28
subject-matter_gemma3_28_b1,subject-matter_gemma3,gemma3,subject-matter,1,"power losses, quality and safety issues",context,28
subject-matter_gemma3_28_b5,subject-matter_gemma3,gemma3,subject-matter,5,lack of pilot projects,context,28
subject-matter_gemma3_28_b6,subject-matter_gemma3,gemma3,subject-matter,6,public perception of DC and readiness to 'champion' installations from DC projects,context,28
subject-matter_gemma3_28_b8,subject-matter_gemma3,gemma3,subject-matter,8,misconception and lack of knowledge leads to lengthy/expensive design and permit process,context,28
subject-matter_gemma3_28_b10,subject-matter_gemma3,gemma3,subject-matter,10,uncertain regulatory roadmap,context,28
generalist_phi4_28_b1,generalist_phi4,phi4,generalist,1,"power losses, quality and safety issues",context,28
generalist_phi4_28_b3,generalist_phi4,phi4,generalist,3,lack of use-cases in which DC is advantageous,context,28
generalist_phi4_28_b4,generalist_phi4,phi4,generalist,4,"uncertain utility interaction (net metering, utility ownership, and agreed standards)",context,28
generalist_phi4_28_b5,generalist_phi4,phi4,generalist,5,lack of pilot projects,context,28
generalist_phi4_28_b10,generalist_phi4,phi4,generalist,10,uncertain regulatory roadmap,context,28
normative_phi4_28_b1,normative_phi4,phi4,normative,1,"power losses, quality and safety issues",context,28
normative_phi4_28_b3,normative_phi4,phi4,normative,3,lack of use-cases in which DC is advantageous,context,28
normative_phi4_28_b4,normative_phi4,phi4,normative,4,"uncertain utility interaction (net metering, utility ownership, and agreed standards)",context,28
normative_phi4_28_b5,normative_phi4,phi4,normative,5,lack of pilot projects,context,28
normative_phi4_28_b10,normative_phi4,phi4,normative,10,uncertain regulatory roadmap,context,28
subject-matter_phi4_28_b1,subject-matter_phi4,phi4,subject-matter,1,"power losses, quality and safety issues",context,28
subject-matter_phi4_28_b4,subject-matter_phi4,phi4,subject-matter,4,"uncertain utility interaction (net metering, utility ownership, and agreed standards)",context,28
subject-matter_phi4_28_b5,subject-matter_phi4,phi4,subject-matter,5,lack of pilot projects,context,28
subject-matter_phi4_28_b6,subject-matter_phi4,phi4,subject-matter,6,public perception of DC and readiness to 'champion' installations from DC projects,context,28
subject-matter_phi4_28_b10,subject-matter_phi4,phi4,subject-matter,10,uncertain regulatory roadmap,context,28
generalist_llama_29_b1,generalist_llama,llama,generalist,1,"power losses, quality and safety issues",context,29
generalist_llama_29_b3,generalist_llama,llama,generalist,3,lack of use-cases in which DC is advantageous,context,29
generalist_llama_29_b4,generalist_llama,llama,generalist,4,"uncertain utility interaction (net metering, utility ownership, and agreed standards)",context,29
generalist_llama_29_b7,generalist_llama,llama,generalist,7,incompatibility of DC systems components,context,29
generalist_llama_29_b8,generalist_llama,llama,generalist,8,misconception and lack of knowledge leads to lengthy/expensive design and permit process,context,29
normative_llama_29_b6,normative_llama,llama,normative,6,public perception of DC and readiness to 'champion' installations from DC projects,context,29
normative_llama_29_b7,normative_llama,llama,normative,7,incompatibility of DC systems components,context,29
normative_llama_29_b9,normative_llama,llama,normative,9,lack of enough trained personnel in DC systems,context,29
normative_llama_29_b10,normative_llama,llama,normative,10,uncertain regulatory roadmap,context,29
normative_llama_29_b11,normative_llama,llama,normative,11,high costs of DC solutions,context,29
subject-matter_llama_29_b1,subject-matter_llama,llama,subject-matter,1,"power losses, quality and safety issues",context,29
subject-matter_llama_29_b2,subject-matter_llama,llama,subject-matter,2,reduced reliability in DC devices,context,29
subject-matter_llama_29_b4,subject-matter_llama,llama,subject-matter,4,"uncertain utility interaction (net metering, utility ownership, and agreed standards)",context,29
subject-matter_llama_29_b3,subject-matter_llama,llama,subject-matter,3,lack of use-cases in which DC is advantageous,context,29
subject-matter_llama_29_b6,subject-matter_llama,llama,subject-matter,6,public perception of DC and readiness to 'champion' installations from DC projects,context,29
generalist_mistral_29_b1,generalist_mistral,mistral,generalist,1,"power losses, quality and safety issues",context,29
generalist_mistral_29_b2,generalist_mistral,mistral,generalist,2,reduced reliability in DC devices,context,29
generalist_mistral_29_b4,generalist_mistral,mistral,generalist,4,"uncertain utility interaction (net metering, utility ownership, and agreed standards)",context,29
generalist_mistral_29_b5,generalist_mistral,mistral,generalist,5,lack of pilot projects,context,29
generalist_mistral_29_b9,generalist_mistral,mistral,generalist,9,lack of enough trained personnel in DC systems,context,29
normative_mistral_29_b1,normative_mistral,mistral,normative,1,"power losses, quality and safety issues",context,29
normative_mistral_29_b2,normative_mistral,mistral,normative,2,reduced reliability in DC devices,context,29
normative_mistral_29_b4,normative_mistral,mistral,normative,4,"uncertain utility interaction (net metering, utility ownership, and agreed standards)",context,29
normative_mistral_29_b5,normative_mistral,mistral,normative,5,lack of pilot projects,context,29
normative_mistral_29_b6,normative_mistral,mistral,normative,6,public perception of DC and readiness to 'champion' installations from DC projects,context,29
subject-matter_mistral_29_b1,subject-matter_mistral,mistral,subject-matter,1,"power losses, quality and safety issues",context,29
subject-matter_mistral_29_b2,subject-matter_mistral,mistral,subject-matter,2,reduced reliability in DC devices,context,29
subject-matter_mistral_29_b4,subject-matter_mistral,mistral,subject-matter,4,"uncertain utility interaction (net metering, utility ownership, and agreed standards)",context,29
subject-matter_mistral_29_b5,subject-matter_mistral,mistral,subject-matter,5,lack of pilot projects,context,29
subject-matter_mistral_29_b10,subject-matter_mistral,mistral,subject-matter,10,uncertain regulatory roadmap,context,29
generalist_gemma3_29_b1,generalist_gemma3,gemma3,generalist,1,"power losses, quality and safety issues",context,29
generalist_gemma3_29_b5,generalist_gemma3,gemma3,generalist,5,lack of pilot projects,context,29
generalist_gemma3_29_b6,generalist_gemma3,gemma3,generalist,6,public perception of DC and readiness to 'champion' installations from DC projects,context,29
generalist_gemma3_29_b8,generalist_gemma3,gemma3,generalist,8,misconception and lack of knowledge leads to lengthy/expensive design and permit process,context,29
generalist_gemma3_29_b10,generalist_gemma3,gemma3,generalist,10,uncertain regulatory roadmap,context,29
normative_gemma3_29_b1,normative_gemma3,gemma3,normative,1,"power losses, quality and safety issues",context,29
normative_gemma3_29_b4,normative_gemma3,gemma3,normative,4,"uncertain utility interaction (net metering, utility ownership, and agreed standards)",context,29
normative_gemma3_29_b7,normative_gemma3,gemma3,normative,7,incompatibility of DC systems components,context,29
normative_gemma3_29_b8,normative_gemma3,gemma3,normative,8,misconception and lack of knowledge leads to lengthy/expensive design and permit process,context,29
normative_gemma3_29_b11,normative_gemma3,gemma3,normative,11,high costs of DC solutions,context,29
subject-matter_gemma3_29_b1,subject-matter_gemma3,gemma3,subject-matter,1,"power losses, quality and safety issues",context,29
subject-matter_gemma3_29_b3,subject-matter_gemma3,gemma3,subject-matter,3,lack of use-cases in which DC is advantageous,context,29
subject-matter_gemma3_29_b4,subject-matter_gemma3,gemma3,subject-matter,4,"uncertain utility interaction (net metering, utility ownership, and agreed standards)",context,29
subject-matter_gemma3_29_b8,subject-matter_gemma3,gemma3,subject-matter,8,misconception and lack of knowledge leads to lengthy/expensive design and permit process,context,29
subject-matter_gemma3_29_b10,subject-matter_gemma3,gemma3,subject-matter,10,uncertain regulatory roadmap,context,29
generalist_phi4_29_b1,generalist_phi4,phi4,generalist,1,"power losses, quality and safety issues",context,29
generalist_phi4_29_b3,generalist_phi4,phi4,generalist,3,lack of use-cases in which DC is advantageous,context,29
generalist_phi4_29_b4,generalist_phi4,phi4,generalist,4,"uncertain utility interaction (net metering, utility ownership, and agreed standards)",context,29
generalist_phi4_29_b5,generalist_phi4,phi4,generalist,5,lack of pilot projects,context,29
generalist_phi4_29_b10,generalist_phi4,phi4,generalist,10,uncertain regulatory roadmap,context,29
normative_phi4_29_b1,normative_phi4,phi4,normative,1,"power losses, quality and safety issues",context,29
normative_phi4_29_b4,normative_phi4,phi4,normative,4,"uncertain utility interaction (net metering, utility ownership, and agreed standards)",context,29
normative_phi4_29_b5,normative_phi4,phi4,normative,5,lack of pilot projects,context,29
normative_phi4_29_b9,normative_phi4,phi4,normative,9,lack of enough trained personnel in DC systems,context,29
normative_phi4_29_b10,normative_phi4,phi4,normative,10,uncertain regulatory roadmap,context,29
subject-matter_phi4_29_b1,subject-matter_phi4,phi4,subject-matter,1,"power losses, quality and safety issues",context,29
subject-matter_phi4_29_b3,subject-matter_phi4,phi4,subject-matter,3,lack of use-cases in which DC is advantageous,context,29
subject-matter_phi4_29_b4,subject-matter_phi4,phi4,subject-matter,4,"uncertain utility interaction (net metering, utility ownership, and agreed standards)",context,29
subject-matter_phi4_29_b5,subject-matter_phi4,phi4,subject-matter,5,lack of pilot projects,context,29
subject-matter_phi4_29_b10,subject-matter_phi4,phi4,subject-matter,10,uncertain regulatory roadmap,context,29
generalist_llama_30_b1,generalist_llama,llama,generalist,1,"power losses, quality and safety issues",context,30
generalist_llama_30_b2,generalist_llama,llama,generalist,2,reduced reliability in DC devices,context,30
generalist_llama_30_b3,generalist_llama,llama,generalist,3,lack of use-cases in which DC is advantageous,context,30
generalist_llama_30_b4,generalist_llama,llama,generalist,4,"uncertain utility interaction (net metering, utility ownership, and agreed standards)",context,30
generalist_llama_30_b5,generalist_llama,llama,generalist,5,lack of pilot projects,context,30
normative_llama_30_b1,normative_llama,llama,normative,1,"power losses, quality and safety issues",context,30
normative_llama_30_b2,normative_llama,llama,normative,2,reduced reliability in DC devices,context,30
normative_llama_30_b4,normative_llama,llama,normative,4,"uncertain utility interaction (net metering, utility ownership, and agreed standards)",context,30
normative_llama_30_b5,normative_llama,llama,normative,5,lack of pilot projects,context,30
normative_llama_30_b6,normative_llama,llama,normative,6,public perception of DC and readiness to 'champion' installations from DC projects,context,30
subject-matter_llama_30_b7,subject-matter_llama,llama,subject-matter,7,incompatibility of DC systems components,context,30
subject-matter_llama_30_b11,subject-matter_llama,llama,subject-matter,11,high costs of DC solutions,context,30
subject-matter_llama_30_b3,subject-matter_llama,llama,subject-matter,3,lack of use-cases in which DC is advantageous,context,30
subject-matter_llama_30_b4,subject-matter_llama,llama,subject-matter,4,"uncertain utility interaction (net metering, utility ownership, and agreed standards)",context,30
subject-matter_llama_30_b5,subject-matter_llama,llama,subject-matter,5,lack of pilot projects,context,30
generalist_mistral_30_b1,generalist_mistral,mistral,generalist,1,"power losses, quality and safety issues",context,30
generalist_mistral_30_b2,generalist_mistral,mistral,generalist,2,reduced reliability in DC devices,context,30
generalist_mistral_30_b3,generalist_mistral,mistral,generalist,3,lack of use-cases in which DC is advantageous,context,30
generalist_mistral_30_b4,generalist_mistral,mistral,generalist,4,"uncertain utility interaction (net metering, utility ownership, and agreed standards)",context,30
generalist_mistral_30_b5,generalist_mistral,mistral,generalist,5,lack of pilot projects,context,30
normative_mistral_30_b1,normative_mistral,mistral,normative,1,"power losses, quality and safety issues",context,30
normative_mistral_30_b2,normative_mistral,mistral,normative,2,reduced reliability in DC devices,context,30
normative_mistral_30_b3,normative_mistral,mistral,normative,3,lack of use-cases in which DC is advantageous,context,30
normative_mistral_30_b4,normative_mistral,mistral,normative,4,"uncertain utility interaction (net metering, utility ownership, and agreed standards)",context,30
normative_mistral_30_b5,normative_mistral,mistral,normative,5,lack of pilot projects,context,30
subject-matter_mistral_30_b1,subject-matter_mistral,mistral,subject-matter,1,"power losses, quality and safety issues",context,30
subject-matter_mistral_30_b2,subject-matter_mistral,mistral,subject-matter,2,reduced reliability in DC devices,context,30
subject-matter_mistral_30_b3,subject-matter_mistral,mistral,subject-matter,3,lack of use-cases in which DC is advantageous,context,30
subject-matter_mistral_30_b4,subject-matter_mistral,mistral,subject-matter,4,"uncertain utility interaction (net metering, utility ownership, and agreed standards)",context,30
subject-matter_mistral_30_b5,subject-matter_mistral,mistral,subject-matter,5,lack of pilot projects,context,30
generalist_gemma3_30_b1,generalist_gemma3,gemma3,generalist,1,"power losses, quality and safety issues",context,30
generalist_gemma3_30_b3,generalist_gemma3,gemma3,generalist,3,lack of use-cases in which DC is advantageous,context,30
generalist_gemma3_30_b4,generalist_gemma3,gemma3,generalist,4,"uncertain utility interaction (net metering, utility ownership, and agreed standards)",context,30
generalist_gemma3_30_b8,generalist_gemma3,gemma3,generalist,8,misconception and lack of knowledge leads to lengthy/expensive design and permit process,context,30
generalist_gemma3_30_b11,generalist_gemma3,gemma3,generalist,11,high costs of DC solutions,context,30
normative_gemma3_30_b1,normative_gemma3,gemma3,normative,1,"power losses, quality and safety issues",context,30
normative_gemma3_30_b4,normative_gemma3,gemma3,normative,4,"uncertain utility interaction (net metering, utility ownership, and agreed standards)",context,30
normative_gemma3_30_b7,normative_gemma3,gemma3,normative,7,incompatibility of DC systems components,context,30
normative_gemma3_30_b8,normative_gemma3,gemma3,normative,8,misconception and lack of knowledge leads to lengthy/expensive design and permit process,context,30
normative_gemma3_30_b11,normative_gemma3,gemma3,normative,11,high costs of DC solutions,context,30
subject-matter_gemma3_30_b1,subject-matter_gemma3,gemma3,subject-matter,1,"power losses, quality and safety issues",context,30
subject-matter_gemma3_30_b3,subject-matter_gemma3,gemma3,subject-matter,3,lack of use-cases in which DC is advantageous,context,30
subject-matter_gemma3_30_b4,subject-matter_gemma3,gemma3,subject-matter,4,"uncertain utility interaction (net metering, utility ownership, and agreed standards)",context,30
subject-matter_gemma3_30_b8,subject-matter_gemma3,gemma3,subject-matter,8,misconception and lack of knowledge leads to lengthy/expensive design and permit process,context,30
subject-matter_gemma3_30_b10,subject-matter_gemma3,gemma3,subject-matter,10,uncertain regulatory roadmap,context,30
generalist_phi4_30_b1,generalist_phi4,phi4,generalist,1,"power losses, quality and safety issues",context,30
generalist_phi4_30_b3,generalist_phi4,phi4,generalist,3,lack of use-cases in which DC is advantageous,context,30
generalist_phi4_30_b4,generalist_phi4,phi4,generalist,4,"uncertain utility interaction (net metering, utility ownership, and agreed standards)",context,30
generalist_phi4_30_b5,generalist_phi4,phi4,generalist,5,lack of pilot projects,context,30
generalist_phi4_30_b10,generalist_phi4,phi4,generalist,10,uncertain regulatory roadmap,context,30
normative_phi4_30_b1,normative_phi4,phi4,normative,1,"power losses, quality and safety issues",context,30
normative_phi4_30_b2,normative_phi4,phi4,normative,2,reduced reliability in DC devices,context,30
normative_phi4_30_b3,normative_phi4,phi4,normative,3,lack of use-cases in which DC is advantageous,context,30
normative_phi4_30_b4,normative_phi4,phi4,normative,4,"uncertain utility interaction (net metering, utility ownership, and agreed standards)",context,30
normative_phi4_30_b9,normative_phi4,phi4,normative,9,lack of enough trained personnel in DC systems,context,30
subject-matter_phi4_30_b1,subject-matter_phi4,phi4,subject-matter,1,"power losses, quality and safety issues",context,30
subject-matter_phi4_30_b2,subject-matter_phi4,phi4,subject-matter,2,reduced reliability in DC devices,context,30
subject-matter_phi4_30_b4,subject-matter_phi4,phi4,subject-matter,4,"uncertain utility interaction (net metering, utility ownership, and agreed standards)",context,30
subject-matter_phi4_30_b5,subject-matter_phi4,phi4,subject-matter,5,lack of pilot projects,context,30
subject-matter_phi4_30_b10,subject-matter_phi4,phi4,subject-matter,10,uncertain regulatory roadmap,context,30
generalist_llama_31_b1,generalist_llama,llama,generalist,1,"power losses, quality and safety issues",context,31
generalist_llama_31_b2,generalist_llama,llama,generalist,2,reduced reliability in DC devices,context,31
generalist_llama_31_b3,generalist_llama,llama,generalist,3,lack of use-cases in which DC is advantageous,context,31
generalist_llama_31_b4,generalist_llama,llama,generalist,4,"uncertain utility interaction (net metering, utility ownership, and agreed standards)",context,31
generalist_llama_31_b5,generalist_llama,llama,generalist,5,lack of pilot projects,context,31
normative_llama_31_b1,normative_llama,llama,normative,1,"power losses, quality and safety issues",context,31
normative_llama_31_b2,normative_llama,llama,normative,2,reduced reliability in DC devices,context,31
normative_llama_31_b7,normative_llama,llama,normative,7,incompatibility of DC systems components,context,31
normative_llama_31_b9,normative_llama,llama,normative,9,lack of enough trained personnel in DC systems,context,31
normative_llama_31_b10,normative_llama,llama,normative,10,uncertain regulatory roadmap,context,31
subject-matter_llama_31_b1,subject-matter_llama,llama,subject-matter,1,"power losses, quality and safety issues",context,31
subject-matter_llama_31_b2,subject-matter_llama,llama,subject-matter,2,reduced reliability in DC devices,context,31
subject-matter_llama_31_b3,subject-matter_llama,llama,subject-matter,3,lack of use-cases in which DC is advantageous,context,31
subject-matter_llama_31_b4,subject-matter_llama,llama,subject-matter,4,"uncertain utility interaction (net metering, utility ownership, and agreed standards)",context,31
subject-matter_llama_31_b5,subject-matter_llama,llama,subject-matter,5,lack of pilot projects,context,31
generalist_mistral_31_b1,generalist_mistral,mistral,generalist,1,"power losses, quality and safety issues",context,31
generalist_mistral_31_b2,generalist_mistral,mistral,generalist,2,reduced reliability in DC devices,context,31
generalist_mistral_31_b3,generalist_mistral,mistral,generalist,3,lack of use-cases in which DC is advantageous,context,31
generalist_mistral_31_b4,generalist_mistral,mistral,generalist,4,"uncertain utility interaction (net metering, utility ownership, and agreed standards)",context,31
generalist_mistral_31_b5,generalist_mistral,mistral,generalist,5,lack of pilot projects,context,31
normative_mistral_31_b1,normative_mistral,mistral,normative,1,"power losses, quality and safety issues",context,31
normative_mistral_31_b2,normative_mistral,mistral,normative,2,reduced reliability in DC devices,context,31
normative_mistral_31_b4,normative_mistral,mistral,normative,4,"uncertain utility interaction (net metering, utility ownership, and agreed standards)",context,31
normative_mistral_31_b5,normative_mistral,mistral,normative,5,lack of pilot projects,context,31
normative_mistral_31_b11,normative_mistral,mistral,normative,11,high costs of DC solutions,context,31
subject-matter_mistral_31_b1,subject-matter_mistral,mistral,subject-matter,1,"power losses, quality and safety issues",context,31
subject-matter_mistral_31_b2,subject-matter_mistral,mistral,subject-matter,2,reduced reliability in DC devices,context,31
subject-matter_mistral_31_b3,subject-matter_mistral,mistral,subject-matter,3,lack of use-cases in which DC is advantageous,context,31
subject-matter_mistral_31_b4,subject-matter_mistral,mistral,subject-matter,4,"uncertain utility interaction (net metering, utility ownership, and agreed standards)",context,31
subject-matter_mistral_31_b5,subject-matter_mistral,mistral,subject-matter,5,lack of pilot projects,context,31
generalist_gemma3_31_b1,generalist_gemma3,gemma3,generalist,1,"power losses, quality and safety issues",context,31
generalist_gemma3_31_b5,generalist_gemma3,gemma3,generalist,5,lack of pilot projects,context,31
generalist_gemma3_31_b6,generalist_gemma3,gemma3,generalist,6,public perception of DC and readiness to 'champion' installations from DC projects,context,31
generalist_gemma3_31_b8,generalist_gemma3,gemma3,generalist,8,misconception and lack of knowledge leads to lengthy/expensive design and permit process,context,31
generalist_gemma3_31_b10,generalist_gemma3,gemma3,generalist,10,uncertain regulatory roadmap,context,31
normative_gemma3_31_b1,normative_gemma3,gemma3,normative,1,"power losses, quality and safety issues",context,31
normative_gemma3_31_b4,normative_gemma3,gemma3,normative,4,"uncertain utility interaction (net metering, utility ownership, and agreed standards)",context,31
normative_gemma3_31_b7,normative_gemma3,gemma3,normative,7,incompatibility of DC systems components,context,31
normative_gemma3_31_b8,normative_gemma3,gemma3,normative,8,misconception and lack of knowledge leads to lengthy/expensive design and permit process,context,31
normative_gemma3_31_b11,normative_gemma3,gemma3,normative,11,high costs of DC solutions,context,31
subject-matter_gemma3_31_b1,subject-matter_gemma3,gemma3,subject-matter,1,"power losses, quality and safety issues",context,31
subject-matter_gemma3_31_b5,subject-matter_gemma3,gemma3,subject-matter,5,lack of pilot projects,context,31
subject-matter_gemma3_31_b4,subject-matter_gemma3,gemma3,subject-matter,4,"uncertain utility interaction (net metering, utility ownership, and agreed standards)",context,31
subject-matter_gemma3_31_b8,subject-matter_gemma3,gemma3,subject-matter,8,misconception and lack of knowledge leads to lengthy/expensive design and permit process,context,31
subject-matter_gemma3_31_b10,subject-matter_gemma3,gemma3,subject-matter,10,uncertain regulatory roadmap,context,31
generalist_phi4_31_b1,generalist_phi4,phi4,generalist,1,"power losses, quality and safety issues",context,31
generalist_phi4_31_b3,generalist_phi4,phi4,generalist,3,lack of use-cases in which DC is advantageous,context,31
generalist_phi4_31_b4,generalist_phi4,phi4,generalist,4,"uncertain utility interaction (net metering, utility ownership, and agreed standards)",context,31
generalist_phi4_31_b5,generalist_phi4,phi4,generalist,5,lack of pilot projects,context,31
generalist_phi4_31_b10,generalist_phi4,phi4,generalist,10,uncertain regulatory roadmap,context,31
normative_phi4_31_b1,normative_phi4,phi4,normative,1,"power losses, quality and safety issues",context,31
normative_phi4_31_b3,normative_phi4,phi4,normative,3,lack of use-cases in which DC is advantageous,context,31
normative_phi4_31_b4,normative_phi4,phi4,normative,4,"uncertain utility interaction (net metering, utility ownership, and agreed standards)",context,31
normative_phi4_31_b5,normative_phi4,phi4,normative,5,lack of pilot projects,context,31
normative_phi4_31_b10,normative_phi4,phi4,normative,10,uncertain regulatory roadmap,context,31
subject-matter_phi4_31_b1,subject-matter_phi4,phi4,subject-matter,1,"power losses, quality and safety issues",context,31
subject-matter_phi4_31_b4,subject-matter_phi4,phi4,subject-matter,4,"uncertain utility interaction (net metering, utility ownership, and agreed standards)",context,31
subject-matter_phi4_31_b5,subject-matter_phi4,phi4,subject-matter,5,lack of pilot projects,context,31
subject-matter_phi4_31_b10,subject-matter_phi4,phi4,subject-matter,10,uncertain regulatory roadmap,context,31
subject-matter_phi4_31_b11,subject-matter_phi4,phi4,subject-matter,11,high costs of DC solutions,context,31
generalist_llama_32_b1,generalist_llama,llama,generalist,1,"power losses, quality and safety issues",context,32
generalist_llama_32_b2,generalist_llama,llama,generalist,2,reduced reliability in DC devices,context,32
generalist_llama_32_b3,generalist_llama,llama,generalist,3,lack of use-cases in which DC is advantageous,context,32
generalist_llama_32_b4,generalist_llama,llama,generalist,4,"uncertain utility interaction (net metering, utility ownership, and agreed standards)",context,32
generalist_llama_32_b5,generalist_llama,llama,generalist,5,lack of pilot projects,context,32
normative_llama_32_b1,normative_llama,llama,normative,1,"power losses, quality and safety issues",context,32
normative_llama_32_b6,normative_llama,llama,normative,6,public perception of DC and readiness to 'champion' installations from DC projects,context,32
normative_llama_32_b7,normative_llama,llama,normative,7,incompatibility of DC systems components,context,32
normative_llama_32_b8,normative_llama,llama,normative,8,misconception and lack of knowledge leads to lengthy/expensive design and permit process,context,32
normative_llama_32_b9,normative_llama,llama,normative,9,lack of enough trained personnel in DC systems,context,32
subject-matter_llama_32_b1,subject-matter_llama,llama,subject-matter,1,"power losses, quality and safety issues",context,32
subject-matter_llama_32_b2,subject-matter_llama,llama,subject-matter,2,reduced reliability in DC devices,context,32
subject-matter_llama_32_b3,subject-matter_llama,llama,subject-matter,3,lack of use-cases in which DC is advantageous,context,32
subject-matter_llama_32_b4,subject-matter_llama,llama,subject-matter,4,"uncertain utility interaction (net metering, utility ownership, and agreed standards)",context,32
subject-matter_llama_32_b5,subject-matter_llama,llama,subject-matter,5,lack of pilot projects,context,32
generalist_mistral_32_b1,generalist_mistral,mistral,generalist,1,"power losses, quality and safety issues",context,32
generalist_mistral_32_b2,generalist_mistral,mistral,generalist,2,reduced reliability in DC devices,context,32
generalist_mistral_32_b3,generalist_mistral,mistral,generalist,3,lack of use-cases in which DC is advantageous,context,32
generalist_mistral_32_b4,generalist_mistral,mistral,generalist,4,"uncertain utility interaction (net metering, utility ownership, and agreed standards)",context,32
generalist_mistral_32_b5,generalist_mistral,mistral,generalist,5,lack of pilot projects,context,32
normative_mistral_32_b1,normative_mistral,mistral,normative,1,"power losses, quality and safety issues",context,32
normative_mistral_32_b2,normative_mistral,mistral,normative,2,reduced reliability in DC devices,context,32
normative_mistral_32_b4,normative_mistral,mistral,normative,4,"uncertain utility interaction (net metering, utility ownership, and agreed standards)",context,32
normative_mistral_32_b5,normative_mistral,mistral,normative,5,lack of pilot projects,context,32
normative_mistral_32_b11,normative_mistral,mistral,normative,11,high costs of DC solutions,context,32
subject-matter_mistral_32_b1,subject-matter_mistral,mistral,subject-matter,1,"power losses, quality and safety issues",context,32
subject-matter_mistral_32_b2,subject-matter_mistral,mistral,subject-matter,2,reduced reliability in DC devices,context,32
subject-matter_mistral_32_b4,subject-matter_mistral,mistral,subject-matter,4,"uncertain utility interaction (net metering, utility ownership, and agreed standards)",context,32
subject-matter_mistral_32_b5,subject-matter_mistral,mistral,subject-matter,5,lack of pilot projects,context,32
subject-matter_mistral_32_b10,subject-matter_mistral,mistral,subject-matter,10,uncertain regulatory roadmap,context,32
generalist_gemma3_32_b1,generalist_gemma3,gemma3,generalist,1,"power losses, quality and safety issues",context,32
generalist_gemma3_32_b5,generalist_gemma3,gemma3,generalist,5,lack of pilot projects,context,32
generalist_gemma3_32_b6,generalist_gemma3,gemma3,generalist,6,public perception of DC and readiness to 'champion' installations from DC projects,context,32
generalist_gemma3_32_b8,generalist_gemma3,gemma3,generalist,8,misconception and lack of knowledge leads to lengthy/expensive design and permit process,context,32
generalist_gemma3_32_b10,generalist_gemma3,gemma3,generalist,10,uncertain regulatory roadmap,context,32
normative_gemma3_32_b1,normative_gemma3,gemma3,normative,1,"power losses, quality and safety issues",context,32
normative_gemma3_32_b4,normative_gemma3,gemma3,normative,4,"uncertain utility interaction (net metering, utility ownership, and agreed standards)",context,32
normative_gemma3_32_b7,normative_gemma3,gemma3,normative,7,incompatibility of DC systems components,context,32
normative_gemma3_32_b8,normative_gemma3,gemma3,normative,8,misconception and lack of knowledge leads to lengthy/expensive design and permit process,context,32
normative_gemma3_32_b11,normative_gemma3,gemma3,normative,11,high costs of DC solutions,context,32
subject-matter_gemma3_32_b1,subject-matter_gemma3,gemma3,subject-matter,1,"power losses, quality and safety issues",context,32
subject-matter_gemma3_32_b5,subject-matter_gemma3,gemma3,subject-matter,5,lack of pilot projects,context,32
subject-matter_gemma3_32_b6,subject-matter_gemma3,gemma3,subject-matter,6,public perception of DC and readiness to 'champion' installations from DC projects,context,32
subject-matter_gemma3_32_b8,subject-matter_gemma3,gemma3,subject-matter,8,misconception and lack of knowledge leads to lengthy/expensive design and permit process,context,32
subject-matter_gemma3_32_b10,subject-matter_gemma3,gemma3,subject-matter,10,uncertain regulatory roadmap,context,32
generalist_phi4_32_b1,generalist_phi4,phi4,generalist,1,"power losses, quality and safety issues",context,32
generalist_phi4_32_b3,generalist_phi4,phi4,generalist,3,lack of use-cases in which DC is advantageous,context,32
generalist_phi4_32_b4,generalist_phi4,phi4,generalist,4,"uncertain utility interaction (net metering, utility ownership, and agreed standards)",context,32
generalist_phi4_32_b5,generalist_phi4,phi4,generalist,5,lack of pilot projects,context,32
generalist_phi4_32_b10,generalist_phi4,phi4,generalist,10,uncertain regulatory roadmap,context,32
normative_phi4_32_b1,normative_phi4,phi4,normative,1,"power losses, quality and safety issues",context,32
normative_phi4_32_b2,normative_phi4,phi4,normative,2,reduced reliability in DC devices,context,32
normative_phi4_32_b3,normative_phi4,phi4,normative,3,lack of use-cases in which DC is advantageous,context,32
normative_phi4_32_b4,normative_phi4,phi4,normative,4,"uncertain utility interaction (net metering, utility ownership, and agreed standards)",context,32
normative_phi4_32_b5,normative_phi4,phi4,normative,5,lack of pilot projects,context,32
subject-matter_phi4_32_b1,subject-matter_phi4,phi4,subject-matter,1,"power losses, quality and safety issues",context,32
subject-matter_phi4_32_b3,subject-matter_phi4,phi4,subject-matter,3,lack of use-cases in which DC is advantageous,context,32
subject-matter_phi4_32_b4,subject-matter_phi4,phi4,subject-matter,4,"uncertain utility interaction (net metering, utility ownership, and agreed standards)",context,32
subject-matter_phi4_32_b5,subject-matter_phi4,phi4,subject-matter,5,lack of pilot projects,context,32
subject-matter_phi4_32_b10,subject-matter_phi4,phi4,subject-matter,10,uncertain regulatory roadmap,context,32
generalist_llama_33_b1,generalist_llama,llama,generalist,1,"power losses, quality and safety issues",context,33
generalist_llama_33_b2,generalist_llama,llama,generalist,2,reduced reliability in DC devices,context,33
generalist_llama_33_b3,generalist_llama,llama,generalist,3,lack of use-cases in which DC is advantageous,context,33
generalist_llama_33_b4,generalist_llama,llama,generalist,4,"uncertain utility interaction (net metering, utility ownership, and agreed standards)",context,33
generalist_llama_33_b5,generalist_llama,llama,generalist,5,lack of pilot projects,context,33
normative_llama_33_b1,normative_llama,llama,normative,1,"power losses, quality and safety issues",context,33
normative_llama_33_b2,normative_llama,llama,normative,2,reduced reliability in DC devices,context,33
normative_llama_33_b3,normative_llama,llama,normative,3,lack of use-cases in which DC is advantageous,context,33
normative_llama_33_b4,normative_llama,llama,normative,4,"uncertain utility interaction (net metering, utility ownership, and agreed standards)",context,33
normative_llama_33_b5,normative_llama,llama,normative,5,lack of pilot projects,context,33
subject-matter_llama_33_b1,subject-matter_llama,llama,subject-matter,1,"power losses, quality and safety issues",context,33
subject-matter_llama_33_b4,subject-matter_llama,llama,subject-matter,4,"uncertain utility interaction (net metering, utility ownership, and agreed standards)",context,33
subject-matter_llama_33_b3,subject-matter_llama,llama,subject-matter,3,lack of use-cases in which DC is advantageous,context,33
subject-matter_llama_33_b7,subject-matter_llama,llama,subject-matter,7,incompatibility of DC systems components,context,33
subject-matter_llama_33_b8,subject-matter_llama,llama,subject-matter,8,misconception and lack of knowledge leads to lengthy/expensive design and permit process,context,33
generalist_mistral_33_b1,generalist_mistral,mistral,generalist,1,"power losses, quality and safety issues",context,33
generalist_mistral_33_b2,generalist_mistral,mistral,generalist,2,reduced reliability in DC devices,context,33
generalist_mistral_33_b4,generalist_mistral,mistral,generalist,4,"uncertain utility interaction (net metering, utility ownership, and agreed standards)",context,33
generalist_mistral_33_b5,generalist_mistral,mistral,generalist,5,lack of pilot projects,context,33
generalist_mistral_33_b11,generalist_mistral,mistral,generalist,11,high costs of DC solutions,context,33
normative_mistral_33_b1,normative_mistral,mistral,normative,1,"power losses, quality and safety issues",context,33
normative_mistral_33_b2,normative_mistral,mistral,normative,2,reduced reliability in DC devices,context,33
normative_mistral_33_b4,normative_mistral,mistral,normative,4,"uncertain utility interaction (net metering, utility ownership, and agreed standards)",context,33
normative_mistral_33_b5,normative_mistral,mistral,normative,5,lack of pilot projects,context,33
normative_mistral_33_b11,normative_mistral,mistral,normative,11,high costs of DC solutions,context,33
subject-matter_mistral_33_b1,subject-matter_mistral,mistral,subject-matter,1,"power losses, quality and safety issues",context,33
subject-matter_mistral_33_b2,subject-matter_mistral,mistral,subject-matter,2,reduced reliability in DC devices,context,33
subject-matter_mistral_33_b4,subject-matter_mistral,mistral,subject-matter,4,"uncertain utility interaction (net metering, utility ownership, and agreed standards)",context,33
subject-matter_mistral_33_b5,subject-matter_mistral,mistral,subject-matter,5,lack of pilot projects,context,33
subject-matter_mistral_33_b7,subject-matter_mistral,mistral,subject-matter,7,incompatibility of DC systems components,context,33
generalist_gemma3_33_b1,generalist_gemma3,gemma3,generalist,1,"power losses, quality and safety issues",context,33
generalist_gemma3_33_b5,generalist_gemma3,gemma3,generalist,5,lack of pilot projects,context,33
generalist_gemma3_33_b6,generalist_gemma3,gemma3,generalist,6,public perception of DC and readiness to 'champion' installations from DC projects,context,33
generalist_gemma3_33_b8,generalist_gemma3,gemma3,generalist,8,misconception and lack of knowledge leads to lengthy/expensive design and permit process,context,33
generalist_gemma3_33_b10,generalist_gemma3,gemma3,generalist,10,uncertain regulatory roadmap,context,33
normative_gemma3_33_b1,normative_gemma3,gemma3,normative,1,"power losses, quality and safety issues",context,33
normative_gemma3_33_b4,normative_gemma3,gemma3,normative,4,"uncertain utility interaction (net metering, utility ownership, and agreed standards)",context,33
normative_gemma3_33_b7,normative_gemma3,gemma3,normative,7,incompatibility of DC systems components,context,33
normative_gemma3_33_b8,normative_gemma3,gemma3,normative,8,misconception and lack of knowledge leads to lengthy/expensive design and permit process,context,33
normative_gemma3_33_b11,normative_gemma3,gemma3,normative,11,high costs of DC solutions,context,33
subject-matter_gemma3_33_b1,subject-matter_gemma3,gemma3,subject-matter,1,"power losses, quality and safety issues",context,33
subject-matter_gemma3_33_b4,subject-matter_gemma3,gemma3,subject-matter,4,"uncertain utility interaction (net metering, utility ownership, and agreed standards)",context,33
subject-matter_gemma3_33_b7,subject-matter_gemma3,gemma3,subject-matter,7,incompatibility of DC systems components,context,33
subject-matter_gemma3_33_b8,subject-matter_gemma3,gemma3,subject-matter,8,misconception and lack of knowledge leads to lengthy/expensive design and permit process,context,33
subject-matter_gemma3_33_b11,subject-matter_gemma3,gemma3,subject-matter,11,high costs of DC solutions,context,33
generalist_phi4_33_b1,generalist_phi4,phi4,generalist,1,"power losses, quality and safety issues",context,33
generalist_phi4_33_b3,generalist_phi4,phi4,generalist,3,lack of use-cases in which DC is advantageous,context,33
generalist_phi4_33_b4,generalist_phi4,phi4,generalist,4,"uncertain utility interaction (net metering, utility ownership, and agreed standards)",context,33
generalist_phi4_33_b5,generalist_phi4,phi4,generalist,5,lack of pilot projects,context,33
generalist_phi4_33_b10,generalist_phi4,phi4,generalist,10,uncertain regulatory roadmap,context,33
normative_phi4_33_b1,normative_phi4,phi4,normative,1,"power losses, quality and safety issues",context,33
normative_phi4_33_b3,normative_phi4,phi4,normative,3,lack of use-cases in which DC is advantageous,context,33
normative_phi4_33_b4,normative_phi4,phi4,normative,4,"uncertain utility interaction (net metering, utility ownership, and agreed standards)",context,33
normative_phi4_33_b8,normative_phi4,phi4,normative,8,misconception and lack of knowledge leads to lengthy/expensive design and permit process,context,33
normative_phi4_33_b10,normative_phi4,phi4,normative,10,uncertain regulatory roadmap,context,33
subject-matter_phi4_33_b1,subject-matter_phi4,phi4,subject-matter,1,"power losses, quality and safety issues",context,33
subject-matter_phi4_33_b2,subject-matter_phi4,phi4,subject-matter,2,reduced reliability in DC devices,context,33
subject-matter_phi4_33_b3,subject-matter_phi4,phi4,subject-matter,3,lack of use-cases in which DC is advantageous,context,33
subject-matter_phi4_33_b4,subject-matter_phi4,phi4,subject-matter,4,"uncertain utility interaction (net metering, utility ownership, and agreed standards)",context,33
subject-matter_phi4_33_b5,subject-matter_phi4,phi4,subject-matter,5,lack of pilot projects,context,33
generalist_llama_34_b1,generalist_llama,llama,generalist,1,"power losses, quality and safety issues",context,34
generalist_llama_34_b2,generalist_llama,llama,generalist,2,reduced reliability in DC devices,context,34
generalist_llama_34_b3,generalist_llama,llama,generalist,3,lack of use-cases in which DC is advantageous,context,34
generalist_llama_34_b4,generalist_llama,llama,generalist,4,"uncertain utility interaction (net metering, utility ownership, and agreed standards)",context,34
generalist_llama_34_b5,generalist_llama,llama,generalist,5,lack of pilot projects,context,34
normative_llama_34_b1,normative_llama,llama,normative,1,"power losses, quality and safety issues",context,34
normative_llama_34_b2,normative_llama,llama,normative,2,reduced reliability in DC devices,context,34
normative_llama_34_b4,normative_llama,llama,normative,4,"uncertain utility interaction (net metering, utility ownership, and agreed standards)",context,34
normative_llama_34_b3,normative_llama,llama,normative,3,lack of use-cases in which DC is advantageous,context,34
normative_llama_34_b6,normative_llama,llama,normative,6,public perception of DC and readiness to 'champion' installations from DC projects,context,34
subject-matter_llama_34_b3,subject-matter_llama,llama,subject-matter,3,lack of use-cases in which DC is advantageous,context,34
subject-matter_llama_34_b4,subject-matter_llama,llama,subject-matter,4,"uncertain utility interaction (net metering, utility ownership, and agreed standards)",context,34
subject-matter_llama_34_b6,subject-matter_llama,llama,subject-matter,6,public perception of DC and readiness to 'champion' installations from DC projects,context,34
subject-matter_llama_34_b7,subject-matter_llama,llama,subject-matter,7,incompatibility of DC systems components,context,34
subject-matter_llama_34_b9,subject-matter_llama,llama,subject-matter,9,lack of enough trained personnel in DC systems,context,34
generalist_mistral_34_b1,generalist_mistral,mistral,generalist,1,"power losses, quality and safety issues",context,34
generalist_mistral_34_b2,generalist_mistral,mistral,generalist,2,reduced reliability in DC devices,context,34
generalist_mistral_34_b3,generalist_mistral,mistral,generalist,3,lack of use-cases in which DC is advantageous,context,34
generalist_mistral_34_b4,generalist_mistral,mistral,generalist,4,"uncertain utility interaction (net metering, utility ownership, and agreed standards)",context,34
generalist_mistral_34_b5,generalist_mistral,mistral,generalist,5,lack of pilot projects,context,34
normative_mistral_34_b1,normative_mistral,mistral,normative,1,"power losses, quality and safety issues",context,34
normative_mistral_34_b2,normative_mistral,mistral,normative,2,reduced reliability in DC devices,context,34
normative_mistral_34_b4,normative_mistral,mistral,normative,4,"uncertain utility interaction (net metering, utility ownership, and agreed standards)",context,34
normative_mistral_34_b5,normative_mistral,mistral,normative,5,lack of pilot projects,context,34
normative_mistral_34_b9,normative_mistral,mistral,normative,9,lack of enough trained personnel in DC systems,context,34
subject-matter_mistral_34_b1,subject-matter_mistral,mistral,subject-matter,1,"power losses, quality and safety issues",context,34
subject-matter_mistral_34_b2,subject-matter_mistral,mistral,subject-matter,2,reduced reliability in DC devices,context,34
subject-matter_mistral_34_b3,subject-matter_mistral,mistral,subject-matter,3,lack of use-cases in which DC is advantageous,context,34
subject-matter_mistral_34_b4,subject-matter_mistral,mistral,subject-matter,4,"uncertain utility interaction (net metering, utility ownership, and agreed standards)",context,34
subject-matter_mistral_34_b5,subject-matter_mistral,mistral,subject-matter,5,lack of pilot projects,context,34
generalist_gemma3_34_b1,generalist_gemma3,gemma3,generalist,1,"power losses, quality and safety issues",context,34
generalist_gemma3_34_b5,generalist_gemma3,gemma3,generalist,5,lack of pilot projects,context,34
generalist_gemma3_34_b6,generalist_gemma3,gemma3,generalist,6,public perception of DC and readiness to 'champion' installations from DC projects,context,34
generalist_gemma3_34_b8,generalist_gemma3,gemma3,generalist,8,misconception and lack of knowledge leads to lengthy/expensive design and permit process,context,34
generalist_gemma3_34_b10,generalist_gemma3,gemma3,generalist,10,uncertain regulatory roadmap,context,34
normative_gemma3_34_b1,normative_gemma3,gemma3,normative,1,"power losses, quality and safety issues",context,34
normative_gemma3_34_b4,normative_gemma3,gemma3,normative,4,"uncertain utility interaction (net metering, utility ownership, and agreed standards)",context,34
normative_gemma3_34_b7,normative_gemma3,gemma3,normative,7,incompatibility of DC systems components,context,34
normative_gemma3_34_b8,normative_gemma3,gemma3,normative,8,misconception and lack of knowledge leads to lengthy/expensive design and permit process,context,34
normative_gemma3_34_b11,normative_gemma3,gemma3,normative,11,high costs of DC solutions,context,34
subject-matter_gemma3_34_b1,subject-matter_gemma3,gemma3,subject-matter,1,"power losses, quality and safety issues",context,34
subject-matter_gemma3_34_b4,subject-matter_gemma3,gemma3,subject-matter,4,"uncertain utility interaction (net metering, utility ownership, and agreed standards)",context,34
subject-matter_gemma3_34_b5,subject-matter_gemma3,gemma3,subject-matter,5,lack of pilot projects,context,34
subject-matter_gemma3_34_b8,subject-matter_gemma3,gemma3,subject-matter,8,misconception and lack of knowledge leads to lengthy/expensive design and permit process,context,34
subject-matter_gemma3_34_b10,subject-matter_gemma3,gemma3,subject-matter,10,uncertain regulatory roadmap,context,34
generalist_phi4_34_b1,generalist_phi4,phi4,generalist,1,"power losses, quality and safety issues",context,34
generalist_phi4_34_b3,generalist_phi4,phi4,generalist,3,lack of use-cases in which DC is advantageous,context,34
generalist_phi4_34_b4,generalist_phi4,phi4,generalist,4,"uncertain utility interaction (net metering, utility ownership, and agreed standards)",context,34
generalist_phi4_34_b5,generalist_phi4,phi4,generalist,5,lack of pilot projects,context,34
generalist_phi4_34_b10,generalist_phi4,phi4,generalist,10,uncertain regulatory roadmap,context,34
normative_phi4_34_b1,normative_phi4,phi4,normative,1,"power losses, quality and safety issues",context,34
normative_phi4_34_b2,normative_phi4,phi4,normative,2,reduced reliability in DC devices,context,34
normative_phi4_34_b4,normative_phi4,phi4,normative,4,"uncertain utility interaction (net metering, utility ownership, and agreed standards)",context,34
normative_phi4_34_b5,normative_phi4,phi4,normative,5,lack of pilot projects,context,34
normative_phi4_34_b10,normative_phi4,phi4,normative,10,uncertain regulatory roadmap,context,34
subject-matter_phi4_34_b1,subject-matter_phi4,phi4,subject-matter,1,"power losses, quality and safety issues",context,34
subject-matter_phi4_34_b2,subject-matter_phi4,phi4,subject-matter,2,reduced reliability in DC devices,context,34
subject-matter_phi4_34_b3,subject-matter_phi4,phi4,subject-matter,3,lack of use-cases in which DC is advantageous,context,34
subject-matter_phi4_34_b4,subject-matter_phi4,phi4,subject-matter,4,"uncertain utility interaction (net metering, utility ownership, and agreed standards)",context,34
subject-matter_phi4_34_b5,subject-matter_phi4,phi4,subject-matter,5,lack of pilot projects,context,34
generalist_llama_35_b1,generalist_llama,llama,generalist,1,"power losses, quality and safety issues",context,35
generalist_llama_35_b2,generalist_llama,llama,generalist,2,reduced reliability in DC devices,context,35
generalist_llama_35_b3,generalist_llama,llama,generalist,3,lack of use-cases in which DC is advantageous,context,35
generalist_llama_35_b4,generalist_llama,llama,generalist,4,"uncertain utility interaction (net metering, utility ownership, and agreed standards)",context,35
generalist_llama_35_b5,generalist_llama,llama,generalist,5,lack of pilot projects,context,35
normative_llama_35_b1,normative_llama,llama,normative,1,"power losses, quality and safety issues",context,35
normative_llama_35_b2,normative_llama,llama,normative,2,reduced reliability in DC devices,context,35
normative_llama_35_b3,normative_llama,llama,normative,3,lack of use-cases in which DC is advantageous,context,35
normative_llama_35_b4,normative_llama,llama,normative,4,"uncertain utility interaction (net metering, utility ownership, and agreed standards)",context,35
normative_llama_35_b5,normative_llama,llama,normative,5,lack of pilot projects,context,35
subject-matter_llama_35_b1,subject-matter_llama,llama,subject-matter,1,"power losses, quality and safety issues",context,35
subject-matter_llama_35_b3,subject-matter_llama,llama,subject-matter,3,lack of use-cases in which DC is advantageous,context,35
subject-matter_llama_35_b4,subject-matter_llama,llama,subject-matter,4,"uncertain utility interaction (net metering, utility ownership, and agreed standards)",context,35
subject-matter_llama_35_b7,subject-matter_llama,llama,subject-matter,7,incompatibility of DC systems components,context,35
subject-matter_llama_35_b8,subject-matter_llama,llama,subject-matter,8,misconception and lack of knowledge leads to lengthy/expensive design and permit process,context,35
generalist_mistral_35_b1,generalist_mistral,mistral,generalist,1,"power losses, quality and safety issues",context,35
generalist_mistral_35_b2,generalist_mistral,mistral,generalist,2,reduced reliability in DC devices,context,35
generalist_mistral_35_b3,generalist_mistral,mistral,generalist,3,lack of use-cases in which DC is advantageous,context,35
generalist_mistral_35_b4,generalist_mistral,mistral,generalist,4,"uncertain utility interaction (net metering, utility ownership, and agreed standards)",context,35
generalist_mistral_35_b5,generalist_mistral,mistral,generalist,5,lack of pilot projects,context,35
normative_mistral_35_b1,normative_mistral,mistral,normative,1,"power losses, quality and safety issues",context,35
normative_mistral_35_b2,normative_mistral,mistral,normative,2,reduced reliability in DC devices,context,35
normative_mistral_35_b4,normative_mistral,mistral,normative,4,"uncertain utility interaction (net metering, utility ownership, and agreed standards)",context,35
normative_mistral_35_b5,normative_mistral,mistral,normative,5,lack of pilot projects,context,35
normative_mistral_35_b6,normative_mistral,mistral,normative,6,public perception of DC and readiness to 'champion' installations from DC projects,context,35
subject-matter_mistral_35_b1,subject-matter_mistral,mistral,subject-matter,1,"power losses, quality and safety issues",context,35
subject-matter_mistral_35_b2,subject-matter_mistral,mistral,subject-matter,2,reduced reliability in DC devices,context,35
subject-matter_mistral_35_b4,subject-matter_mistral,mistral,subject-matter,4,"uncertain utility interaction (net metering, utility ownership, and agreed standards)",context,35
subject-matter_mistral_35_b5,subject-matter_mistral,mistral,subject-matter,5,lack of pilot projects,context,35
subject-matter_mistral_35_b7,subject-matter_mistral,mistral,subject-matter,7,incompatibility of DC systems components,context,35
generalist_gemma3_35_b1,generalist_gemma3,gemma3,generalist,1,"power losses, quality and safety issues",context,35
generalist_gemma3_35_b5,generalist_gemma3,gemma3,generalist,5,lack of pilot projects,context,35
generalist_gemma3_35_b6,generalist_gemma3,gemma3,generalist,6,public perception of DC and readiness to 'champion' installations from DC projects,context,35
generalist_gemma3_35_b8,generalist_gemma3,gemma3,generalist,8,misconception and lack of knowledge leads to lengthy/expensive design and permit process,context,35
generalist_gemma3_35_b10,generalist_gemma3,gemma3,generalist,10,uncertain regulatory roadmap,context,35
normative_gemma3_35_b1,normative_gemma3,gemma3,normative,1,"power losses, quality and safety issues",context,35
normative_gemma3_35_b5,normative_gemma3,gemma3,normative,5,lack of pilot projects,context,35
normative_gemma3_35_b6,normative_gemma3,gemma3,normative,6,public perception of DC and readiness to 'champion' installations from DC projects,context,35
normative_gemma3_35_b8,normative_gemma3,gemma3,normative,8,misconception and lack of knowledge leads to lengthy/expensive design and permit process,context,35
normative_gemma3_35_b10,normative_gemma3,gemma3,normative,10,uncertain regulatory roadmap,context,35
subject-matter_gemma3_35_b1,subject-matter_gemma3,gemma3,subject-matter,1,"power losses, quality and safety issues",context,35
subject-matter_gemma3_35_b4,subject-matter_gemma3,gemma3,subject-matter,4,"uncertain utility interaction (net metering, utility ownership, and agreed standards)",context,35
subject-matter_gemma3_35_b7,subject-matter_gemma3,gemma3,subject-matter,7,incompatibility of DC systems components,context,35
subject-matter_gemma3_35_b8,subject-matter_gemma3,gemma3,subject-matter,8,misconception and lack of knowledge leads to lengthy/expensive design and permit process,context,35
subject-matter_gemma3_35_b11,subject-matter_gemma3,gemma3,subject-matter,11,high costs of DC solutions,context,35
generalist_phi4_35_b1,generalist_phi4,phi4,generalist,1,"power losses, quality and safety issues",context,35
generalist_phi4_35_b3,generalist_phi4,phi4,generalist,3,lack of use-cases in which DC is advantageous,context,35
generalist_phi4_35_b4,generalist_phi4,phi4,generalist,4,"uncertain utility interaction (net metering, utility ownership, and agreed standards)",context,35
generalist_phi4_35_b5,generalist_phi4,phi4,generalist,5,lack of pilot projects,context,35
generalist_phi4_35_b10,generalist_phi4,phi4,generalist,10,uncertain regulatory roadmap,context,35
normative_phi4_35_b1,normative_phi4,phi4,normative,1,"power losses, quality and safety issues",context,35
normative_phi4_35_b3,normative_phi4,phi4,normative,3,lack of use-cases in which DC is advantageous,context,35
normative_phi4_35_b4,normative_phi4,phi4,normative,4,"uncertain utility interaction (net metering, utility ownership, and agreed standards)",context,35
normative_phi4_35_b5,normative_phi4,phi4,normative,5,lack of pilot projects,context,35
normative_phi4_35_b10,normative_phi4,phi4,normative,10,uncertain regulatory roadmap,context,35
subject-matter_phi4_35_b1,subject-matter_phi4,phi4,subject-matter,1,"power losses, quality and safety issues",context,35
subject-matter_phi4_35_b3,subject-matter_phi4,phi4,subject-matter,3,lack of use-cases in which DC is advantageous,context,35
subject-matter_phi4_35_b4,subject-matter_phi4,phi4,subject-matter,4,"uncertain utility interaction (net metering, utility ownership, and agreed standards)",context,35
subject-matter_phi4_35_b5,subject-matter_phi4,phi4,subject-matter,5,lack of pilot projects,context,35
subject-matter_phi4_35_b10,subject-matter_phi4,phi4,subject-matter,10,uncertain regulatory roadmap,context,35
generalist_llama_36_b1,generalist_llama,llama,generalist,1,"power losses, quality and safety issues",context,36
generalist_llama_36_b2,generalist_llama,llama,generalist,2,reduced reliability in DC devices,context,36
generalist_llama_36_b3,generalist_llama,llama,generalist,3,lack of use-cases in which DC is advantageous,context,36
generalist_llama_36_b4,generalist_llama,llama,generalist,4,"uncertain utility interaction (net metering, utility ownership, and agreed standards)",context,36
generalist_llama_36_b5,generalist_llama,llama,generalist,5,lack of pilot projects,context,36
normative_llama_36_b1,normative_llama,llama,normative,1,"power losses, quality and safety issues",context,36
normative_llama_36_b2,normative_llama,llama,normative,2,reduced reliability in DC devices,context,36
normative_llama_36_b3,normative_llama,llama,normative,3,lack of use-cases in which DC is advantageous,context,36
normative_llama_36_b4,normative_llama,llama,normative,4,"uncertain utility interaction (net metering, utility ownership, and agreed standards)",context,36
normative_llama_36_b5,normative_llama,llama,normative,5,lack of pilot projects,context,36
subject-matter_llama_36_b1,subject-matter_llama,llama,subject-matter,1,"power losses, quality and safety issues",context,36
subject-matter_llama_36_b2,subject-matter_llama,llama,subject-matter,2,reduced reliability in DC devices,context,36
subject-matter_llama_36_b3,subject-matter_llama,llama,subject-matter,3,lack of use-cases in which DC is advantageous,context,36
subject-matter_llama_36_b4,subject-matter_llama,llama,subject-matter,4,"uncertain utility interaction (net metering, utility ownership, and agreed standards)",context,36
subject-matter_llama_36_b5,subject-matter_llama,llama,subject-matter,5,lack of pilot projects,context,36
generalist_mistral_36_b1,generalist_mistral,mistral,generalist,1,"power losses, quality and safety issues",context,36
generalist_mistral_36_b2,generalist_mistral,mistral,generalist,2,reduced reliability in DC devices,context,36
generalist_mistral_36_b3,generalist_mistral,mistral,generalist,3,lack of use-cases in which DC is advantageous,context,36
generalist_mistral_36_b4,generalist_mistral,mistral,generalist,4,"uncertain utility interaction (net metering, utility ownership, and agreed standards)",context,36
generalist_mistral_36_b5,generalist_mistral,mistral,generalist,5,lack of pilot projects,context,36
normative_mistral_36_b1,normative_mistral,mistral,normative,1,"power losses, quality and safety issues",context,36
normative_mistral_36_b2,normative_mistral,mistral,normative,2,reduced reliability in DC devices,context,36
normative_mistral_36_b4,normative_mistral,mistral,normative,4,"uncertain utility interaction (net metering, utility ownership, and agreed standards)",context,36
normative_mistral_36_b5,normative_mistral,mistral,normative,5,lack of pilot projects,context,36
normative_mistral_36_b11,normative_mistral,mistral,normative,11,high costs of DC solutions,context,36
subject-matter_mistral_36_b1,subject-matter_mistral,mistral,subject-matter,1,"power losses, quality and safety issues",context,36
subject-matter_mistral_36_b2,subject-matter_mistral,mistral,subject-matter,2,reduced reliability in DC devices,context,36
subject-matter_mistral_36_b3,subject-matter_mistral,mistral,subject-matter,3,lack of use-cases in which DC is advantageous,context,36
subject-matter_mistral_36_b4,subject-matter_mistral,mistral,subject-matter,4,"uncertain utility interaction (net metering, utility ownership, and agreed standards)",context,36
subject-matter_mistral_36_b5,subject-matter_mistral,mistral,subject-matter,5,lack of pilot projects,context,36
generalist_gemma3_36_b1,generalist_gemma3,gemma3,generalist,1,"power losses, quality and safety issues",context,36
generalist_gemma3_36_b5,generalist_gemma3,gemma3,generalist,5,lack of pilot projects,context,36
generalist_gemma3_36_b6,generalist_gemma3,gemma3,generalist,6,public perception of DC and readiness to 'champion' installations from DC projects,context,36
generalist_gemma3_36_b8,generalist_gemma3,gemma3,generalist,8,misconception and lack of knowledge leads to lengthy/expensive design and permit process,context,36
generalist_gemma3_36_b10,generalist_gemma3,gemma3,generalist,10,uncertain regulatory roadmap,context,36
normative_gemma3_36_b1,normative_gemma3,gemma3,normative,1,"power losses, quality and safety issues",context,36
normative_gemma3_36_b4,normative_gemma3,gemma3,normative,4,"uncertain utility interaction (net metering, utility ownership, and agreed standards)",context,36
normative_gemma3_36_b7,normative_gemma3,gemma3,normative,7,incompatibility of DC systems components,context,36
normative_gemma3_36_b8,normative_gemma3,gemma3,normative,8,misconception and lack of knowledge leads to lengthy/expensive design and permit process,context,36
normative_gemma3_36_b11,normative_gemma3,gemma3,normative,11,high costs of DC solutions,context,36
subject-matter_gemma3_36_b1,subject-matter_gemma3,gemma3,subject-matter,1,"power losses, quality and safety issues",context,36
subject-matter_gemma3_36_b5,subject-matter_gemma3,gemma3,subject-matter,5,lack of pilot projects,context,36
subject-matter_gemma3_36_b4,subject-matter_gemma3,gemma3,subject-matter,4,"uncertain utility interaction (net metering, utility ownership, and agreed standards)",context,36
subject-matter_gemma3_36_b8,subject-matter_gemma3,gemma3,subject-matter,8,misconception and lack of knowledge leads to lengthy/expensive design and permit process,context,36
subject-matter_gemma3_36_b10,subject-matter_gemma3,gemma3,subject-matter,10,uncertain regulatory roadmap,context,36
generalist_phi4_36_b1,generalist_phi4,phi4,generalist,1,"power losses, quality and safety issues",context,36
generalist_phi4_36_b3,generalist_phi4,phi4,generalist,3,lack of use-cases in which DC is advantageous,context,36
generalist_phi4_36_b4,generalist_phi4,phi4,generalist,4,"uncertain utility interaction (net metering, utility ownership, and agreed standards)",context,36
generalist_phi4_36_b5,generalist_phi4,phi4,generalist,5,lack of pilot projects,context,36
generalist_phi4_36_b10,generalist_phi4,phi4,generalist,10,uncertain regulatory roadmap,context,36
normative_phi4_36_b1,normative_phi4,phi4,normative,1,"power losses, quality and safety issues",context,36
normative_phi4_36_b3,normative_phi4,phi4,normative,3,lack of use-cases in which DC is advantageous,context,36
normative_phi4_36_b4,normative_phi4,phi4,normative,4,"uncertain utility interaction (net metering, utility ownership, and agreed standards)",context,36
normative_phi4_36_b5,normative_phi4,phi4,normative,5,lack of pilot projects,context,36
normative_phi4_36_b10,normative_phi4,phi4,normative,10,uncertain regulatory roadmap,context,36
subject-matter_phi4_36_b1,subject-matter_phi4,phi4,subject-matter,1,"power losses, quality and safety issues",context,36
subject-matter_phi4_36_b2,subject-matter_phi4,phi4,subject-matter,2,reduced reliability in DC devices,context,36
subject-matter_phi4_36_b4,subject-matter_phi4,phi4,subject-matter,4,"uncertain utility interaction (net metering, utility ownership, and agreed standards)",context,36
subject-matter_phi4_36_b5,subject-matter_phi4,phi4,subject-matter,5,lack of pilot projects,context,36
subject-matter_phi4_36_b10,subject-matter_phi4,phi4,subject-matter,10,uncertain regulatory roadmap,context,36
generalist_llama_37_b1,generalist_llama,llama,generalist,1,"power losses, quality and safety issues",context,37
generalist_llama_37_b2,generalist_llama,llama,generalist,2,reduced reliability in DC devices,context,37
generalist_llama_37_b3,generalist_llama,llama,generalist,3,lack of use-cases in which DC is advantageous,context,37
generalist_llama_37_b4,generalist_llama,llama,generalist,4,"uncertain utility interaction (net metering, utility ownership, and agreed standards)",context,37
generalist_llama_37_b5,generalist_llama,llama,generalist,5,lack of pilot projects,context,37
normative_llama_37_b1,normative_llama,llama,normative,1,"power losses, quality and safety issues",context,37
normative_llama_37_b6,normative_llama,llama,normative,6,public perception of DC and readiness to 'champion' installations from DC projects,context,37
normative_llama_37_b7,normative_llama,llama,normative,7,incompatibility of DC systems components,context,37
normative_llama_37_b8,normative_llama,llama,normative,8,misconception and lack of knowledge leads to lengthy/expensive design and permit process,context,37
normative_llama_37_b9,normative_llama,llama,normative,9,lack of enough trained personnel in DC systems,context,37
subject-matter_llama_37_b1,subject-matter_llama,llama,subject-matter,1,"power losses, quality and safety issues",context,37
subject-matter_llama_37_b3,subject-matter_llama,llama,subject-matter,3,lack of use-cases in which DC is advantageous,context,37
subject-matter_llama_37_b4,subject-matter_llama,llama,subject-matter,4,"uncertain utility interaction (net metering, utility ownership, and agreed standards)",context,37
subject-matter_llama_37_b11,subject-matter_llama,llama,subject-matter,11,high costs of DC solutions,context,37
subject-matter_llama_37_b7,subject-matter_llama,llama,subject-matter,7,incompatibility of DC systems components,context,37
generalist_mistral_37_b1,generalist_mistral,mistral,generalist,1,"power losses, quality and safety issues",context,37
generalist_mistral_37_b2,generalist_mistral,mistral,generalist,2,reduced reliability in DC devices,context,37
generalist_mistral_37_b3,generalist_mistral,mistral,generalist,3,lack of use-cases in which DC is advantageous,context,37
generalist_mistral_37_b4,generalist_mistral,mistral,generalist,4,"uncertain utility interaction (net metering, utility ownership, and agreed standards)",context,37
generalist_mistral_37_b5,generalist_mistral,mistral,generalist,5,lack of pilot projects,context,37
normative_mistral_37_b1,normative_mistral,mistral,normative,1,"power losses, quality and safety issues",context,37
normative_mistral_37_b2,normative_mistral,mistral,normative,2,reduced reliability in DC devices,context,37
normative_mistral_37_b4,normative_mistral,mistral,normative,4,"uncertain utility interaction (net metering, utility ownership, and agreed standards)",context,37
normative_mistral_37_b5,normative_mistral,mistral,normative,5,lack of pilot projects,context,37
normative_mistral_37_b7,normative_mistral,mistral,normative,7,incompatibility of DC systems components,context,37
subject-matter_mistral_37_b1,subject-matter_mistral,mistral,subject-matter,1,"power losses, quality and safety issues",context,37
subject-matter_mistral_37_b2,subject-matter_mistral,mistral,subject-matter,2,reduced reliability in DC devices,context,37
subject-matter_mistral_37_b3,subject-matter_mistral,mistral,subject-matter,3,lack of use-cases in which DC is advantageous,context,37
subject-matter_mistral_37_b4,subject-matter_mistral,mistral,subject-matter,4,"uncertain utility interaction (net metering, utility ownership, and agreed standards)",context,37
subject-matter_mistral_37_b11,subject-matter_mistral,mistral,subject-matter,11,high costs of DC solutions,context,37
generalist_gemma3_37_b1,generalist_gemma3,gemma3,generalist,1,"power losses, quality and safety issues",context,37
generalist_gemma3_37_b5,generalist_gemma3,gemma3,generalist,5,lack of pilot projects,context,37
generalist_gemma3_37_b6,generalist_gemma3,gemma3,generalist,6,public perception of DC and readiness to 'champion' installations from DC projects,context,37
generalist_gemma3_37_b8,generalist_gemma3,gemma3,generalist,8,misconception and lack of knowledge leads to lengthy/expensive design and permit process,context,37
generalist_gemma3_37_b10,generalist_gemma3,gemma3,generalist,10,uncertain regulatory roadmap,context,37
normative_gemma3_37_b1,normative_gemma3,gemma3,normative,1,"power losses, quality and safety issues",context,37
normative_gemma3_37_b4,normative_gemma3,gemma3,normative,4,"uncertain utility interaction (net metering, utility ownership, and agreed standards)",context,37
normative_gemma3_37_b5,normative_gemma3,gemma3,normative,5,lack of pilot projects,context,37
normative_gemma3_37_b8,normative_gemma3,gemma3,normative,8,misconception and lack of knowledge leads to lengthy/expensive design and permit process,context,37
normative_gemma3_37_b10,normative_gemma3,gemma3,normative,10,uncertain regulatory roadmap,context,37
subject-matter_gemma3_37_b1,subject-matter_gemma3,gemma3,subject-matter,1,"power losses, quality and safety issues",context,37
subject-matter_gemma3_37_b4,subject-matter_gemma3,gemma3,subject-matter,4,"uncertain utility interaction (net metering, utility ownership, and agreed standards)",context,37
subject-matter_gemma3_37_b8,subject-matter_gemma3,gemma3,subject-matter,8,misconception and lack of knowledge leads to lengthy/expensive design and permit process,context,37
subject-matter_gemma3_37_b9,subject-matter_gemma3,gemma3,subject-matter,9,lack of enough trained personnel in DC systems,context,37
subject-matter_gemma3_37_b10,subject-matter_gemma3,gemma3,subject-matter,10,uncertain regulatory roadmap,context,37
generalist_phi4_37_b1,generalist_phi4,phi4,generalist,1,"power losses, quality and safety issues",context,37
generalist_phi4_37_b2,generalist_phi4,phi4,generalist,2,reduced reliability in DC devices,context,37
generalist_phi4_37_b3,generalist_phi4,phi4,generalist,3,lack of use-cases in which DC is advantageous,context,37
generalist_phi4_37_b4,generalist_phi4,phi4,generalist,4,"uncertain utility interaction (net metering, utility ownership, and agreed standards)",context,37
generalist_phi4_37_b5,generalist_phi4,phi4,generalist,5,lack of pilot projects,context,37
normative_phi4_37_b1,normative_phi4,phi4,normative,1,"power losses, quality and safety issues",context,37
normative_phi4_37_b3,normative_phi4,phi4,normative,3,lack of use-cases in which DC is advantageous,context,37
normative_phi4_37_b4,normative_phi4,phi4,normative,4,"uncertain utility interaction (net metering, utility ownership, and agreed standards)",context,37
normative_phi4_37_b5,normative_phi4,phi4,normative,5,lack of pilot projects,context,37
normative_phi4_37_b10,normative_phi4,phi4,normative,10,uncertain regulatory roadmap,context,37
subject-matter_phi4_37_b1,subject-matter_phi4,phi4,subject-matter,1,"power losses, quality and safety issues",context,37
subject-matter_phi4_37_b4,subject-matter_phi4,phi4,subject-matter,4,"uncertain utility interaction (net metering, utility ownership, and agreed standards)",context,37
subject-matter_phi4_37_b5,subject-matter_phi4,phi4,subject-matter,5,lack of pilot projects,context,37
subject-matter_phi4_37_b10,subject-matter_phi4,phi4,subject-matter,10,uncertain regulatory roadmap,context,37
subject-matter_phi4_37_b11,subject-matter_phi4,phi4,subject-matter,11,high costs of DC solutions,context,37
generalist_llama_38_b1,generalist_llama,llama,generalist,1,"power losses, quality and safety issues",context,38
generalist_llama_38_b2,generalist_llama,llama,generalist,2,reduced reliability in DC devices,context,38
generalist_llama_38_b3,generalist_llama,llama,generalist,3,lack of use-cases in which DC is advantageous,context,38
generalist_llama_38_b4,generalist_llama,llama,generalist,4,"uncertain utility interaction (net metering, utility ownership, and agreed standards)",context,38
generalist_llama_38_b5,generalist_llama,llama,generalist,5,lack of pilot projects,context,38
normative_llama_38_b1,normative_llama,llama,normative,1,"power losses, quality and safety issues",context,38
normative_llama_38_b2,normative_llama,llama,normative,2,reduced reliability in DC devices,context,38
normative_llama_38_b3,normative_llama,llama,normative,3,lack of use-cases in which DC is advantageous,context,38
normative_llama_38_b4,normative_llama,llama,normative,4,"uncertain utility interaction (net metering, utility ownership, and agreed standards)",context,38
normative_llama_38_b5,normative_llama,llama,normative,5,lack of pilot projects,context,38
subject-matter_llama_38_b1,subject-matter_llama,llama,subject-matter,1,"power losses, quality and safety issues",context,38
subject-matter_llama_38_b2,subject-matter_llama,llama,subject-matter,2,reduced reliability in DC devices,context,38
subject-matter_llama_38_b3,subject-matter_llama,llama,subject-matter,3,lack of use-cases in which DC is advantageous,context,38
subject-matter_llama_38_b4,subject-matter_llama,llama,subject-matter,4,"uncertain utility interaction (net metering, utility ownership, and agreed standards)",context,38
subject-matter_llama_38_b5,subject-matter_llama,llama,subject-matter,5,lack of pilot projects,context,38
generalist_mistral_38_b1,generalist_mistral,mistral,generalist,1,"power losses, quality and safety issues",context,38
generalist_mistral_38_b2,generalist_mistral,mistral,generalist,2,reduced reliability in DC devices,context,38
generalist_mistral_38_b3,generalist_mistral,mistral,generalist,3,lack of use-cases in which DC is advantageous,context,38
generalist_mistral_38_b4,generalist_mistral,mistral,generalist,4,"uncertain utility interaction (net metering, utility ownership, and agreed standards)",context,38
generalist_mistral_38_b5,generalist_mistral,mistral,generalist,5,lack of pilot projects,context,38
normative_mistral_38_b1,normative_mistral,mistral,normative,1,"power losses, quality and safety issues",context,38
normative_mistral_38_b2,normative_mistral,mistral,normative,2,reduced reliability in DC devices,context,38
normative_mistral_38_b3,normative_mistral,mistral,normative,3,lack of use-cases in which DC is advantageous,context,38
normative_mistral_38_b4,normative_mistral,mistral,normative,4,"uncertain utility interaction (net metering, utility ownership, and agreed standards)",context,38
normative_mistral_38_b5,normative_mistral,mistral,normative,5,lack of pilot projects,context,38
subject-matter_mistral_38_b1,subject-matter_mistral,mistral,subject-matter,1,"power losses, quality and safety issues",context,38
subject-matter_mistral_38_b2,subject-matter_mistral,mistral,subject-matter,2,reduced reliability in DC devices,context,38
subject-matter_mistral_38_b4,subject-matter_mistral,mistral,subject-matter,4,"uncertain utility interaction (net metering, utility ownership, and agreed standards)",context,38
subject-matter_mistral_38_b5,subject-matter_mistral,mistral,subject-matter,5,lack of pilot projects,context,38
subject-matter_mistral_38_b6,subject-matter_mistral,mistral,subject-matter,6,public perception of DC and readiness to 'champion' installations from DC projects,context,38
generalist_gemma3_38_b1,generalist_gemma3,gemma3,generalist,1,"power losses, quality and safety issues",context,38
generalist_gemma3_38_b5,generalist_gemma3,gemma3,generalist,5,lack of pilot projects,context,38
generalist_gemma3_38_b4,generalist_gemma3,gemma3,generalist,4,"uncertain utility interaction (net metering, utility ownership, and agreed standards)",context,38
generalist_gemma3_38_b8,generalist_gemma3,gemma3,generalist,8,misconception and lack of knowledge leads to lengthy/expensive design and permit process,context,38
generalist_gemma3_38_b10,generalist_gemma3,gemma3,generalist,10,uncertain regulatory roadmap,context,38
normative_gemma3_38_b1,normative_gemma3,gemma3,normative,1,"power losses, quality and safety issues",context,38
normative_gemma3_38_b4,normative_gemma3,gemma3,normative,4,"uncertain utility interaction (net metering, utility ownership, and agreed standards)",context,38
normative_gemma3_38_b7,normative_gemma3,gemma3,normative,7,incompatibility of DC systems components,context,38
normative_gemma3_38_b8,normative_gemma3,gemma3,normative,8,misconception and lack of knowledge leads to lengthy/expensive design and permit process,context,38
normative_gemma3_38_b11,normative_gemma3,gemma3,normative,11,high costs of DC solutions,context,38
subject-matter_gemma3_38_b1,subject-matter_gemma3,gemma3,subject-matter,1,"power losses, quality and safety issues",context,38
subject-matter_gemma3_38_b4,subject-matter_gemma3,gemma3,subject-matter,4,"uncertain utility interaction (net metering, utility ownership, and agreed standards)",context,38
subject-matter_gemma3_38_b7,subject-matter_gemma3,gemma3,subject-matter,7,incompatibility of DC systems components,context,38
subject-matter_gemma3_38_b8,subject-matter_gemma3,gemma3,subject-matter,8,misconception and lack of knowledge leads to lengthy/expensive design and permit process,context,38
subject-matter_gemma3_38_b11,subject-matter_gemma3,gemma3,subject-matter,11,high costs of DC solutions,context,38
generalist_phi4_38_b1,generalist_phi4,phi4,generalist,1,"power losses, quality and safety issues",context,38
generalist_phi4_38_b4,generalist_phi4,phi4,generalist,4,"uncertain utility interaction (net metering, utility ownership, and agreed standards)",context,38
generalist_phi4_38_b5,generalist_phi4,phi4,generalist,5,lack of pilot projects,context,38
generalist_phi4_38_b9,generalist_phi4,phi4,generalist,9,lack of enough trained personnel in DC systems,context,38
generalist_phi4_38_b10,generalist_phi4,phi4,generalist,10,uncertain regulatory roadmap,context,38
normative_phi4_38_b1,normative_phi4,phi4,normative,1,"power losses, quality and safety issues",context,38
normative_phi4_38_b3,normative_phi4,phi4,normative,3,lack of use-cases in which DC is advantageous,context,38
normative_phi4_38_b4,normative_phi4,phi4,normative,4,"uncertain utility interaction (net metering, utility ownership, and agreed standards)",context,38
normative_phi4_38_b5,normative_phi4,phi4,normative,5,lack of pilot projects,context,38
normative_phi4_38_b10,normative_phi4,phi4,normative,10,uncertain regulatory roadmap,context,38
subject-matter_phi4_38_b1,subject-matter_phi4,phi4,subject-matter,1,"power losses, quality and safety issues",context,38
subject-matter_phi4_38_b3,subject-matter_phi4,phi4,subject-matter,3,lack of use-cases in which DC is advantageous,context,38
subject-matter_phi4_38_b4,subject-matter_phi4,phi4,subject-matter,4,"uncertain utility interaction (net metering, utility ownership, and agreed standards)",context,38
subject-matter_phi4_38_b5,subject-matter_phi4,phi4,subject-matter,5,lack of pilot projects,context,38
subject-matter_phi4_38_b10,subject-matter_phi4,phi4,subject-matter,10,uncertain regulatory roadmap,context,38
generalist_llama_39_b3,generalist_llama,llama,generalist,3,lack of use-cases in which DC is advantageous,context,39
generalist_llama_39_b4,generalist_llama,llama,generalist,4,"uncertain utility interaction (net metering, utility ownership, and agreed standards)",context,39
generalist_llama_39_b11,generalist_llama,llama,generalist,11,high costs of DC solutions,context,39
generalist_llama_39_b7,generalist_llama,llama,generalist,7,incompatibility of DC systems components,context,39
generalist_llama_39_b8,generalist_llama,llama,generalist,8,misconception and lack of knowledge leads to lengthy/expensive design and permit process,context,39
normative_llama_39_b1,normative_llama,llama,normative,1,"power losses, quality and safety issues",context,39
normative_llama_39_b2,normative_llama,llama,normative,2,reduced reliability in DC devices,context,39
normative_llama_39_b3,normative_llama,llama,normative,3,lack of use-cases in which DC is advantageous,context,39
normative_llama_39_b4,normative_llama,llama,normative,4,"uncertain utility interaction (net metering, utility ownership, and agreed standards)",context,39
normative_llama_39_b5,normative_llama,llama,normative,5,lack of pilot projects,context,39
subject-matter_llama_39_b1,subject-matter_llama,llama,subject-matter,1,"power losses, quality and safety issues",context,39
subject-matter_llama_39_b2,subject-matter_llama,llama,subject-matter,2,reduced reliability in DC devices,context,39
subject-matter_llama_39_b3,subject-matter_llama,llama,subject-matter,3,lack of use-cases in which DC is advantageous,context,39
subject-matter_llama_39_b4,subject-matter_llama,llama,subject-matter,4,"uncertain utility interaction (net metering, utility ownership, and agreed standards)",context,39
subject-matter_llama_39_b5,subject-matter_llama,llama,subject-matter,5,lack of pilot projects,context,39
generalist_mistral_39_b1,generalist_mistral,mistral,generalist,1,"power losses, quality and safety issues",context,39
generalist_mistral_39_b2,generalist_mistral,mistral,generalist,2,reduced reliability in DC devices,context,39
generalist_mistral_39_b3,generalist_mistral,mistral,generalist,3,lack of use-cases in which DC is advantageous,context,39
generalist_mistral_39_b4,generalist_mistral,mistral,generalist,4,"uncertain utility interaction (net metering, utility ownership, and agreed standards)",context,39
generalist_mistral_39_b5,generalist_mistral,mistral,generalist,5,lack of pilot projects,context,39
normative_mistral_39_b1,normative_mistral,mistral,normative,1,"power losses, quality and safety issues",context,39
normative_mistral_39_b2,normative_mistral,mistral,normative,2,reduced reliability in DC devices,context,39
normative_mistral_39_b4,normative_mistral,mistral,normative,4,"uncertain utility interaction (net metering, utility ownership, and agreed standards)",context,39
normative_mistral_39_b5,normative_mistral,mistral,normative,5,lack of pilot projects,context,39
normative_mistral_39_b11,normative_mistral,mistral,normative,11,high costs of DC solutions,context,39
subject-matter_mistral_39_b1,subject-matter_mistral,mistral,subject-matter,1,"power losses, quality and safety issues",context,39
subject-matter_mistral_39_b2,subject-matter_mistral,mistral,subject-matter,2,reduced reliability in DC devices,context,39
subject-matter_mistral_39_b3,subject-matter_mistral,mistral,subject-matter,3,lack of use-cases in which DC is advantageous,context,39
subject-matter_mistral_39_b4,subject-matter_mistral,mistral,subject-matter,4,"uncertain utility interaction (net metering, utility ownership, and agreed standards)",context,39
subject-matter_mistral_39_b5,subject-matter_mistral,mistral,subject-matter,5,lack of pilot projects,context,39
generalist_gemma3_39_b1,generalist_gemma3,gemma3,generalist,1,"power losses, quality and safety issues",context,39
generalist_gemma3_39_b3,generalist_gemma3,gemma3,generalist,3,lack of use-cases in which DC is advantageous,context,39
generalist_gemma3_39_b4,generalist_gemma3,gemma3,generalist,4,"uncertain utility interaction (net metering, utility ownership, and agreed standards)",context,39
generalist_gemma3_39_b8,generalist_gemma3,gemma3,generalist,8,misconception and lack of knowledge leads to lengthy/expensive design and permit process,context,39
generalist_gemma3_39_b10,generalist_gemma3,gemma3,generalist,10,uncertain regulatory roadmap,context,39
normative_gemma3_39_b1,normative_gemma3,gemma3,normative,1,"power losses, quality and safety issues",context,39
normative_gemma3_39_b4,normative_gemma3,gemma3,normative,4,"uncertain utility interaction (net metering, utility ownership, and agreed standards)",context,39
normative_gemma3_39_b7,normative_gemma3,gemma3,normative,7,incompatibility of DC systems components,context,39
normative_gemma3_39_b8,normative_gemma3,gemma3,normative,8,misconception and lack of knowledge leads to lengthy/expensive design and permit process,context,39
normative_gemma3_39_b11,normative_gemma3,gemma3,normative,11,high costs of DC solutions,context,39
subject-matter_gemma3_39_b1,subject-matter_gemma3,gemma3,subject-matter,1,"power losses, quality and safety issues",context,39
subject-matter_gemma3_39_b5,subject-matter_gemma3,gemma3,subject-matter,5,lack of pilot projects,context,39
subject-matter_gemma3_39_b4,subject-matter_gemma3,gemma3,subject-matter,4,"uncertain utility interaction (net metering, utility ownership, and agreed standards)",context,39
subject-matter_gemma3_39_b8,subject-matter_gemma3,gemma3,subject-matter,8,misconception and lack of knowledge leads to lengthy/expensive design and permit process,context,39
subject-matter_gemma3_39_b10,subject-matter_gemma3,gemma3,subject-matter,10,uncertain regulatory roadmap,context,39
generalist_phi4_39_b1,generalist_phi4,phi4,generalist,1,"power losses, quality and safety issues",context,39
generalist_phi4_39_b3,generalist_phi4,phi4,generalist,3,lack of use-cases in which DC is advantageous,context,39
generalist_phi4_39_b4,generalist_phi4,phi4,generalist,4,"uncertain utility interaction (net metering, utility ownership, and agreed standards)",context,39
generalist_phi4_39_b5,generalist_phi4,phi4,generalist,5,lack of pilot projects,context,39
generalist_phi4_39_b10,generalist_phi4,phi4,generalist,10,uncertain regulatory roadmap,context,39
normative_phi4_39_b1,normative_phi4,phi4,normative,1,"power losses, quality and safety issues",context,39
normative_phi4_39_b2,normative_phi4,phi4,normative,2,reduced reliability in DC devices,context,39
normative_phi4_39_b3,normative_phi4,phi4,normative,3,lack of use-cases in which DC is advantageous,context,39
normative_phi4_39_b4,normative_phi4,phi4,normative,4,"uncertain utility interaction (net metering, utility ownership, and agreed standards)",context,39
normative_phi4_39_b11,normative_phi4,phi4,normative,11,high costs of DC solutions,context,39
subject-matter_phi4_39_b1,subject-matter_phi4,phi4,subject-matter,1,"power losses, quality and safety issues",context,39
subject-matter_phi4_39_b2,subject-matter_phi4,phi4,subject-matter,2,reduced reliability in DC devices,context,39
subject-matter_phi4_39_b3,subject-matter_phi4,phi4,subject-matter,3,lack of use-cases in which DC is advantageous,context,39
subject-matter_phi4_39_b4,subject-matter_phi4,phi4,subject-matter,4,"uncertain utility interaction (net metering, utility ownership, and agreed standards)",context,39
subject-matter_phi4_39_b11,subject-matter_phi4,phi4,subject-matter,11,high costs of DC solutions,context,39
generalist_llama_40_b1,generalist_llama,llama,generalist,1,"power losses, quality and safety issues",context,40
generalist_llama_40_b3,generalist_llama,llama,generalist,3,lack of use-cases in which DC is advantageous,context,40
generalist_llama_40_b4,generalist_llama,llama,generalist,4,"uncertain utility interaction (net metering, utility ownership, and agreed standards)",context,40
generalist_llama_40_b7,generalist_llama,llama,generalist,7,incompatibility of DC systems components,context,40
generalist_llama_40_b8,generalist_llama,llama,generalist,8,misconception and lack of knowledge leads to lengthy/expensive design and permit process,context,40
normative_llama_40_b1,normative_llama,llama,normative,1,"power losses, quality and safety issues",context,40
normative_llama_40_b2,normative_llama,llama,normative,2,reduced reliability in DC devices,context,40
normative_llama_40_b3,normative_llama,llama,normative,3,lack of use-cases in which DC is advantageous,context,40
normative_llama_40_b4,normative_llama,llama,normative,4,"uncertain utility interaction (net metering, utility ownership, and agreed standards)",context,40
normative_llama_40_b5,normative_llama,llama,normative,5,lack of pilot projects,context,40
subject-matter_llama_40_b1,subject-matter_llama,llama,subject-matter,1,"power losses, quality and safety issues",context,40
subject-matter_llama_40_b2,subject-matter_llama,llama,subject-matter,2,reduced reliability in DC devices,context,40
subject-matter_llama_40_b3,subject-matter_llama,llama,subject-matter,3,lack of use-cases in which DC is advantageous,context,40
subject-matter_llama_40_b4,subject-matter_llama,llama,subject-matter,4,"uncertain utility interaction (net metering, utility ownership, and agreed standards)",context,40
subject-matter_llama_40_b11,subject-matter_llama,llama,subject-matter,11,high costs of DC solutions,context,40
generalist_mistral_40_b1,generalist_mistral,mistral,generalist,1,"power losses, quality and safety issues",context,40
generalist_mistral_40_b2,generalist_mistral,mistral,generalist,2,reduced reliability in DC devices,context,40
generalist_mistral_40_b3,generalist_mistral,mistral,generalist,3,lack of use-cases in which DC is advantageous,context,40
generalist_mistral_40_b4,generalist_mistral,mistral,generalist,4,"uncertain utility interaction (net metering, utility ownership, and agreed standards)",context,40
generalist_mistral_40_b5,generalist_mistral,mistral,generalist,5,lack of pilot projects,context,40
normative_mistral_40_b1,normative_mistral,mistral,normative,1,"power losses, quality and safety issues",context,40
normative_mistral_40_b2,normative_mistral,mistral,normative,2,reduced reliability in DC devices,context,40
normative_mistral_40_b4,normative_mistral,mistral,normative,4,"uncertain utility interaction (net metering, utility ownership, and agreed standards)",context,40
normative_mistral_40_b5,normative_mistral,mistral,normative,5,lack of pilot projects,context,40
normative_mistral_40_b6,normative_mistral,mistral,normative,6,public perception of DC and readiness to 'champion' installations from DC projects,context,40
subject-matter_mistral_40_b1,subject-matter_mistral,mistral,subject-matter,1,"power losses, quality and safety issues",context,40
subject-matter_mistral_40_b2,subject-matter_mistral,mistral,subject-matter,2,reduced reliability in DC devices,context,40
subject-matter_mistral_40_b3,subject-matter_mistral,mistral,subject-matter,3,lack of use-cases in which DC is advantageous,context,40
subject-matter_mistral_40_b4,subject-matter_mistral,mistral,subject-matter,4,"uncertain utility interaction (net metering, utility ownership, and agreed standards)",context,40
subject-matter_mistral_40_b5,subject-matter_mistral,mistral,subject-matter,5,lack of pilot projects,context,40
generalist_gemma3_40_b1,generalist_gemma3,gemma3,generalist,1,"power losses, quality and safety issues",context,40
generalist_gemma3_40_b5,generalist_gemma3,gemma3,generalist,5,lack of pilot projects,context,40
generalist_gemma3_40_b6,generalist_gemma3,gemma3,generalist,6,public perception of DC and readiness to 'champion' installations from DC projects,context,40
generalist_gemma3_40_b8,generalist_gemma3,gemma3,generalist,8,misconception and lack of knowledge leads to lengthy/expensive design and permit process,context,40
generalist_gemma3_40_b10,generalist_gemma3,gemma3,generalist,10,uncertain regulatory roadmap,context,40
normative_gemma3_40_b1,normative_gemma3,gemma3,normative,1,"power losses, quality and safety issues",context,40
normative_gemma3_40_b4,normative_gemma3,gemma3,normative,4,"uncertain utility interaction (net metering, utility ownership, and agreed standards)",context,40
normative_gemma3_40_b7,normative_gemma3,gemma3,normative,7,incompatibility of DC systems components,context,40
normative_gemma3_40_b8,normative_gemma3,gemma3,normative,8,misconception and lack of knowledge leads to lengthy/expensive design and permit process,context,40
normative_gemma3_40_b11,normative_gemma3,gemma3,normative,11,high costs of DC solutions,context,40
subject-matter_gemma3_40_b1,subject-matter_gemma3,gemma3,subject-matter,1,"power losses, quality and safety issues",context,40
subject-matter_gemma3_40_b4,subject-matter_gemma3,gemma3,subject-matter,4,"uncertain utility interaction (net metering, utility ownership, and agreed standards)",context,40
subject-matter_gemma3_40_b5,subject-matter_gemma3,gemma3,subject-matter,5,lack of pilot projects,context,40
subject-matter_gemma3_40_b8,subject-matter_gemma3,gemma3,subject-matter,8,misconception and lack of knowledge leads to lengthy/expensive design and permit process,context,40
subject-matter_gemma3_40_b10,subject-matter_gemma3,gemma3,subject-matter,10,uncertain regulatory roadmap,context,40
generalist_phi4_40_b1,generalist_phi4,phi4,generalist,1,"power losses, quality and safety issues",context,40
generalist_phi4_40_b2,generalist_phi4,phi4,generalist,2,reduced reliability in DC devices,context,40
generalist_phi4_40_b3,generalist_phi4,phi4,generalist,3,lack of use-cases in which DC is advantageous,context,40
generalist_phi4_40_b4,generalist_phi4,phi4,generalist,4,"uncertain utility interaction (net metering, utility ownership, and agreed standards)",context,40
generalist_phi4_40_b10,generalist_phi4,phi4,generalist,10,uncertain regulatory roadmap,context,40
normative_phi4_40_b1,normative_phi4,phi4,normative,1,"power losses, quality and safety issues",context,40
normative_phi4_40_b4,normative_phi4,phi4,normative,4,"uncertain utility interaction (net metering, utility ownership, and agreed standards)",context,40
normative_phi4_40_b5,normative_phi4,phi4,normative,5,lack of pilot projects,context,40
normative_phi4_40_b10,normative_phi4,phi4,normative,10,uncertain regulatory roadmap,context,40
normative_phi4_40_b11,normative_phi4,phi4,normative,11,high costs of DC solutions,context,40
subject-matter_phi4_40_b1,subject-matter_phi4,phi4,subject-matter,1,"power losses, quality and safety issues",context,40
subject-matter_phi4_40_b3,subject-matter_phi4,phi4,subject-matter,3,lack of use-cases in which DC is advantageous,context,40
subject-matter_phi4_40_b4,subject-matter_phi4,phi4,subject-matter,4,"uncertain utility interaction (net metering, utility ownership, and agreed standards)",context,40
subject-matter_phi4_40_b5,subject-matter_phi4,phi4,subject-matter,5,lack of pilot projects,context,40
subject-matter_phi4_40_b10,subject-matter_phi4,phi4,subject-matter,10,uncertain regulatory roadmap,context,40
generalist_llama_41_b1,generalist_llama,llama,generalist,1,"power losses, quality and safety issues",context,41
generalist_llama_41_b2,generalist_llama,llama,generalist,2,reduced reliability in DC devices,context,41
generalist_llama_41_b4,generalist_llama,llama,generalist,4,"uncertain utility interaction (net metering, utility ownership, and agreed standards)",context,41
generalist_llama_41_b5,generalist_llama,llama,generalist,5,lack of pilot projects,context,41
generalist_llama_41_b6,generalist_llama,llama,generalist,6,public perception of DC and readiness to 'champion' installations from DC projects,context,41
normative_llama_41_b1,normative_llama,llama,normative,1,"power losses, quality and safety issues",context,41
normative_llama_41_b2,normative_llama,llama,normative,2,reduced reliability in DC devices,context,41
normative_llama_41_b3,normative_llama,llama,normative,3,lack of use-cases in which DC is advantageous,context,41
normative_llama_41_b4,normative_llama,llama,normative,4,"uncertain utility interaction (net metering, utility ownership, and agreed standards)",context,41
normative_llama_41_b5,normative_llama,llama,normative,5,lack of pilot projects,context,41
subject-matter_llama_41_b1,subject-matter_llama,llama,subject-matter,1,"power losses, quality and safety issues",context,41
subject-matter_llama_41_b2,subject-matter_llama,llama,subject-matter,2,reduced reliability in DC devices,context,41
subject-matter_llama_41_b3,subject-matter_llama,llama,subject-matter,3,lack of use-cases in which DC is advantageous,context,41
subject-matter_llama_41_b4,subject-matter_llama,llama,subject-matter,4,"uncertain utility interaction (net metering, utility ownership, and agreed standards)",context,41
subject-matter_llama_41_b5,subject-matter_llama,llama,subject-matter,5,lack of pilot projects,context,41
generalist_mistral_41_b1,generalist_mistral,mistral,generalist,1,"power losses, quality and safety issues",context,41
generalist_mistral_41_b2,generalist_mistral,mistral,generalist,2,reduced reliability in DC devices,context,41
generalist_mistral_41_b4,generalist_mistral,mistral,generalist,4,"uncertain utility interaction (net metering, utility ownership, and agreed standards)",context,41
generalist_mistral_41_b5,generalist_mistral,mistral,generalist,5,lack of pilot projects,context,41
generalist_mistral_41_b6,generalist_mistral,mistral,generalist,6,public perception of DC and readiness to 'champion' installations from DC projects,context,41
normative_mistral_41_b1,normative_mistral,mistral,normative,1,"power losses, quality and safety issues",context,41
normative_mistral_41_b2,normative_mistral,mistral,normative,2,reduced reliability in DC devices,context,41
normative_mistral_41_b3,normative_mistral,mistral,normative,3,lack of use-cases in which DC is advantageous,context,41
normative_mistral_41_b4,normative_mistral,mistral,normative,4,"uncertain utility interaction (net metering, utility ownership, and agreed standards)",context,41
normative_mistral_41_b5,normative_mistral,mistral,normative,5,lack of pilot projects,context,41
subject-matter_mistral_41_b1,subject-matter_mistral,mistral,subject-matter,1,"power losses, quality and safety issues",context,41
subject-matter_mistral_41_b2,subject-matter_mistral,mistral,subject-matter,2,reduced reliability in DC devices,context,41
subject-matter_mistral_41_b3,subject-matter_mistral,mistral,subject-matter,3,lack of use-cases in which DC is advantageous,context,41
subject-matter_mistral_41_b4,subject-matter_mistral,mistral,subject-matter,4,"uncertain utility interaction (net metering, utility ownership, and agreed standards)",context,41
subject-matter_mistral_41_b5,subject-matter_mistral,mistral,subject-matter,5,lack of pilot projects,context,41
generalist_gemma3_41_b1,generalist_gemma3,gemma3,generalist,1,"power losses, quality and safety issues",context,41
generalist_gemma3_41_b5,generalist_gemma3,gemma3,generalist,5,lack of pilot projects,context,41
generalist_gemma3_41_b6,generalist_gemma3,gemma3,generalist,6,public perception of DC and readiness to 'champion' installations from DC projects,context,41
generalist_gemma3_41_b8,generalist_gemma3,gemma3,generalist,8,misconception and lack of knowledge leads to lengthy/expensive design and permit process,context,41
generalist_gemma3_41_b10,generalist_gemma3,gemma3,generalist,10,uncertain regulatory roadmap,context,41
normative_gemma3_41_b1,normative_gemma3,gemma3,normative,1,"power losses, quality and safety issues",context,41
normative_gemma3_41_b5,normative_gemma3,gemma3,normative,5,lack of pilot projects,context,41
normative_gemma3_41_b6,normative_gemma3,gemma3,normative,6,public perception of DC and readiness to 'champion' installations from DC projects,context,41
normative_gemma3_41_b8,normative_gemma3,gemma3,normative,8,misconception and lack of knowledge leads to lengthy/expensive design and permit process,context,41
normative_gemma3_41_b10,normative_gemma3,gemma3,normative,10,uncertain regulatory roadmap,context,41
subject-matter_gemma3_41_b1,subject-matter_gemma3,gemma3,subject-matter,1,"power losses, quality and safety issues",context,41
subject-matter_gemma3_41_b5,subject-matter_gemma3,gemma3,subject-matter,5,lack of pilot projects,context,41
subject-matter_gemma3_41_b4,subject-matter_gemma3,gemma3,subject-matter,4,"uncertain utility interaction (net metering, utility ownership, and agreed standards)",context,41
subject-matter_gemma3_41_b8,subject-matter_gemma3,gemma3,subject-matter,8,misconception and lack of knowledge leads to lengthy/expensive design and permit process,context,41
subject-matter_gemma3_41_b10,subject-matter_gemma3,gemma3,subject-matter,10,uncertain regulatory roadmap,context,41
generalist_phi4_41_b1,generalist_phi4,phi4,generalist,1,"power losses, quality and safety issues",context,41
generalist_phi4_41_b3,generalist_phi4,phi4,generalist,3,lack of use-cases in which DC is advantageous,context,41
generalist_phi4_41_b4,generalist_phi4,phi4,generalist,4,"uncertain utility interaction (net metering, utility ownership, and agreed standards)",context,41
generalist_phi4_41_b5,generalist_phi4,phi4,generalist,5,lack of pilot projects,context,41
generalist_phi4_41_b10,generalist_phi4,phi4,generalist,10,uncertain regulatory roadmap,context,41
normative_phi4_41_b1,normative_phi4,phi4,normative,1,"power losses, quality and safety issues",context,41
normative_phi4_41_b3,normative_phi4,phi4,normative,3,lack of use-cases in which DC is advantageous,context,41
normative_phi4_41_b4,normative_phi4,phi4,normative,4,"uncertain utility interaction (net metering, utility ownership, and agreed standards)",context,41
normative_phi4_41_b8,normative_phi4,phi4,normative,8,misconception and lack of knowledge leads to lengthy/expensive design and permit process,context,41
normative_phi4_41_b10,normative_phi4,phi4,normative,10,uncertain regulatory roadmap,context,41
subject-matter_phi4_41_b1,subject-matter_phi4,phi4,subject-matter,1,"power losses, quality and safety issues",context,41
subject-matter_phi4_41_b3,subject-matter_phi4,phi4,subject-matter,3,lack of use-cases in which DC is advantageous,context,41
subject-matter_phi4_41_b4,subject-matter_phi4,phi4,subject-matter,4,"uncertain utility interaction (net metering, utility ownership, and agreed standards)",context,41
subject-matter_phi4_41_b5,subject-matter_phi4,phi4,subject-matter,5,lack of pilot projects,context,41
subject-matter_phi4_41_b10,subject-matter_phi4,phi4,subject-matter,10,uncertain regulatory roadmap,context,41
generalist_llama_42_b1,generalist_llama,llama,generalist,1,"power losses, quality and safety issues",context,42
generalist_llama_42_b6,generalist_llama,llama,generalist,6,public perception of DC and readiness to 'champion' installations from DC projects,context,42
generalist_llama_42_b7,generalist_llama,llama,generalist,7,incompatibility of DC systems components,context,42
generalist_llama_42_b8,generalist_llama,llama,generalist,8,misconception and lack of knowledge leads to lengthy/expensive design and permit process,context,42
generalist_llama_42_b9,generalist_llama,llama,generalist,9,lack of enough trained personnel in DC systems,context,42
normative_llama_42_b2,normative_llama,llama,normative,2,reduced reliability in DC devices,context,42
normative_llama_42_b3,normative_llama,llama,normative,3,lack of use-cases in which DC is advantageous,context,42
normative_llama_42_b6,normative_llama,llama,normative,6,public perception of DC and readiness to 'champion' installations from DC projects,context,42
normative_llama_42_b7,normative_llama,llama,normative,7,incompatibility of DC systems components,context,42
normative_llama_42_b10,normative_llama,llama,normative,10,uncertain regulatory roadmap,context,42
subject-matter_llama_42_b1,subject-matter_llama,llama,subject-matter,1,"power losses, quality and safety issues",context,42
subject-matter_llama_42_b4,subject-matter_llama,llama,subject-matter,4,"uncertain utility interaction (net metering, utility ownership, and agreed standards)",context,42
subject-matter_llama_42_b3,subject-matter_llama,llama,subject-matter,3,lack of use-cases in which DC is advantageous,context,42
subject-matter_llama_42_b7,subject-matter_llama,llama,subject-matter,7,incompatibility of DC systems components,context,42
subject-matter_llama_42_b11,subject-matter_llama,llama,subject-matter,11,high costs of DC solutions,context,42
generalist_mistral_42_b1,generalist_mistral,mistral,generalist,1,"power losses, quality and safety issues",context,42
generalist_mistral_42_b2,generalist_mistral,mistral,generalist,2,reduced reliability in DC devices,context,42
generalist_mistral_42_b3,generalist_mistral,mistral,generalist,3,lack of use-cases in which DC is advantageous,context,42
generalist_mistral_42_b4,generalist_mistral,mistral,generalist,4,"uncertain utility interaction (net metering, utility ownership, and agreed standards)",context,42
generalist_mistral_42_b5,generalist_mistral,mistral,generalist,5,lack of pilot projects,context,42
normative_mistral_42_b1,normative_mistral,mistral,normative,1,"power losses, quality and safety issues",context,42
normative_mistral_42_b2,normative_mistral,mistral,normative,2,reduced reliability in DC devices,context,42
normative_mistral_42_b4,normative_mistral,mistral,normative,4,"uncertain utility interaction (net metering, utility ownership, and agreed standards)",context,42
normative_mistral_42_b5,normative_mistral,mistral,normative,5,lack of pilot projects,context,42
normative_mistral_42_b6,normative_mistral,mistral,normative,6,public perception of DC and readiness to 'champion' installations from DC projects,context,42
subject-matter_mistral_42_b1,subject-matter_mistral,mistral,subject-matter,1,"power losses, quality and safety issues",context,42
subject-matter_mistral_42_b2,subject-matter_mistral,mistral,subject-matter,2,reduced reliability in DC devices,context,42
subject-matter_mistral_42_b3,subject-matter_mistral,mistral,subject-matter,3,lack of use-cases in which DC is advantageous,context,42
subject-matter_mistral_42_b4,subject-matter_mistral,mistral,subject-matter,4,"uncertain utility interaction (net metering, utility ownership, and agreed standards)",context,42
subject-matter_mistral_42_b5,subject-matter_mistral,mistral,subject-matter,5,lack of pilot projects,context,42
generalist_gemma3_42_b1,generalist_gemma3,gemma3,generalist,1,"power losses, quality and safety issues",context,42
generalist_gemma3_42_b5,generalist_gemma3,gemma3,generalist,5,lack of pilot projects,context,42
generalist_gemma3_42_b6,generalist_gemma3,gemma3,generalist,6,public perception of DC and readiness to 'champion' installations from DC projects,context,42
generalist_gemma3_42_b8,generalist_gemma3,gemma3,generalist,8,misconception and lack of knowledge leads to lengthy/expensive design and permit process,context,42
generalist_gemma3_42_b10,generalist_gemma3,gemma3,generalist,10,uncertain regulatory roadmap,context,42
normative_gemma3_42_b1,normative_gemma3,gemma3,normative,1,"power losses, quality and safety issues",context,42
normative_gemma3_42_b4,normative_gemma3,gemma3,normative,4,"uncertain utility interaction (net metering, utility ownership, and agreed standards)",context,42
normative_gemma3_42_b7,normative_gemma3,gemma3,normative,7,incompatibility of DC systems components,context,42
normative_gemma3_42_b8,normative_gemma3,gemma3,normative,8,misconception and lack of knowledge leads to lengthy/expensive design and permit process,context,42
normative_gemma3_42_b11,normative_gemma3,gemma3,normative,11,high costs of DC solutions,context,42
subject-matter_gemma3_42_b1,subject-matter_gemma3,gemma3,subject-matter,1,"power losses, quality and safety issues",context,42
subject-matter_gemma3_42_b4,subject-matter_gemma3,gemma3,subject-matter,4,"uncertain utility interaction (net metering, utility ownership, and agreed standards)",context,42
subject-matter_gemma3_42_b7,subject-matter_gemma3,gemma3,subject-matter,7,incompatibility of DC systems components,context,42
subject-matter_gemma3_42_b8,subject-matter_gemma3,gemma3,subject-matter,8,misconception and lack of knowledge leads to lengthy/expensive design and permit process,context,42
subject-matter_gemma3_42_b11,subject-matter_gemma3,gemma3,subject-matter,11,high costs of DC solutions,context,42
generalist_phi4_42_b1,generalist_phi4,phi4,generalist,1,"power losses, quality and safety issues",context,42
generalist_phi4_42_b3,generalist_phi4,phi4,generalist,3,lack of use-cases in which DC is advantageous,context,42
generalist_phi4_42_b4,generalist_phi4,phi4,generalist,4,"uncertain utility interaction (net metering, utility ownership, and agreed standards)",context,42
generalist_phi4_42_b5,generalist_phi4,phi4,generalist,5,lack of pilot projects,context,42
generalist_phi4_42_b10,generalist_phi4,phi4,generalist,10,uncertain regulatory roadmap,context,42
normative_phi4_42_b1,normative_phi4,phi4,normative,1,"power losses, quality and safety issues",context,42
normative_phi4_42_b2,normative_phi4,phi4,normative,2,reduced reliability in DC devices,context,42
normative_phi4_42_b4,normative_phi4,phi4,normative,4,"uncertain utility interaction (net metering, utility ownership, and agreed standards)",context,42
normative_phi4_42_b8,normative_phi4,phi4,normative,8,misconception and lack of knowledge leads to lengthy/expensive design and permit process,context,42
normative_phi4_42_b10,normative_phi4,phi4,normative,10,uncertain regulatory roadmap,context,42
subject-matter_phi4_42_b1,subject-matter_phi4,phi4,subject-matter,1,"power losses, quality and safety issues",context,42
subject-matter_phi4_42_b3,subject-matter_phi4,phi4,subject-matter,3,lack of use-cases in which DC is advantageous,context,42
subject-matter_phi4_42_b4,subject-matter_phi4,phi4,subject-matter,4,"uncertain utility interaction (net metering, utility ownership, and agreed standards)",context,42
subject-matter_phi4_42_b5,subject-matter_phi4,phi4,subject-matter,5,lack of pilot projects,context,42
subject-matter_phi4_42_b10,subject-matter_phi4,phi4,subject-matter,10,uncertain regulatory roadmap,context,42
generalist_llama_43_b1,generalist_llama,llama,generalist,1,"power losses, quality and safety issues",context,43
generalist_llama_43_b2,generalist_llama,llama,generalist,2,reduced reliability in DC devices,context,43
generalist_llama_43_b4,generalist_llama,llama,generalist,4,"uncertain utility interaction (net metering, utility ownership, and agreed standards)",context,43
generalist_llama_43_b5,generalist_llama,llama,generalist,5,lack of pilot projects,context,43
generalist_llama_43_b6,generalist_llama,llama,generalist,6,public perception of DC and readiness to 'champion' installations from DC projects,context,43
normative_llama_43_b1,normative_llama,llama,normative,1,"power losses, quality and safety issues",context,43
normative_llama_43_b3,normative_llama,llama,normative,3,lack of use-cases in which DC is advantageous,context,43
normative_llama_43_b4,normative_llama,llama,normative,4,"uncertain utility interaction (net metering, utility ownership, and agreed standards)",context,43
normative_llama_43_b7,normative_llama,llama,normative,7,incompatibility of DC systems components,context,43
normative_llama_43_b8,normative_llama,llama,normative,8,misconception and lack of knowledge leads to lengthy/expensive design and permit process,context,43
subject-matter_llama_43_b1,subject-matter_llama,llama,subject-matter,1,"power losses, quality and safety issues",context,43
subject-matter_llama_43_b2,subject-matter_llama,llama,subject-matter,2,reduced reliability in DC devices,context,43
subject-matter_llama_43_b3,subject-matter_llama,llama,subject-matter,3,lack of use-cases in which DC is advantageous,context,43
subject-matter_llama_43_b4,subject-matter_llama,llama,subject-matter,4,"uncertain utility interaction (net metering, utility ownership, and agreed standards)",context,43
subject-matter_llama_43_b5,subject-matter_llama,llama,subject-matter,5,lack of pilot projects,context,43
generalist_mistral_43_b1,generalist_mistral,mistral,generalist,1,"power losses, quality and safety issues",context,43
generalist_mistral_43_b2,generalist_mistral,mistral,generalist,2,reduced reliability in DC devices,context,43
generalist_mistral_43_b3,generalist_mistral,mistral,generalist,3,lack of use-cases in which DC is advantageous,context,43
generalist_mistral_43_b4,generalist_mistral,mistral,generalist,4,"uncertain utility interaction (net metering, utility ownership, and agreed standards)",context,43
generalist_mistral_43_b5,generalist_mistral,mistral,generalist,5,lack of pilot projects,context,43
normative_mistral_43_b1,normative_mistral,mistral,normative,1,"power losses, quality and safety issues",context,43
normative_mistral_43_b2,normative_mistral,mistral,normative,2,reduced reliability in DC devices,context,43
normative_mistral_43_b4,normative_mistral,mistral,normative,4,"uncertain utility interaction (net metering, utility ownership, and agreed standards)",context,43
normative_mistral_43_b5,normative_mistral,mistral,normative,5,lack of pilot projects,context,43
normative_mistral_43_b6,normative_mistral,mistral,normative,6,public perception of DC and readiness to 'champion' installations from DC projects,context,43
subject-matter_mistral_43_b1,subject-matter_mistral,mistral,subject-matter,1,"power losses, quality and safety issues",context,43
subject-matter_mistral_43_b2,subject-matter_mistral,mistral,subject-matter,2,reduced reliability in DC devices,context,43
subject-matter_mistral_43_b3,subject-matter_mistral,mistral,subject-matter,3,lack of use-cases in which DC is advantageous,context,43
subject-matter_mistral_43_b4,subject-matter_mistral,mistral,subject-matter,4,"uncertain utility interaction (net metering, utility ownership, and agreed standards)",context,43
subject-matter_mistral_43_b5,subject-matter_mistral,mistral,subject-matter,5,lack of pilot projects,context,43
generalist_gemma3_43_b1,generalist_gemma3,gemma3,generalist,1,"power losses, quality and safety issues",context,43
generalist_gemma3_43_b5,generalist_gemma3,gemma3,generalist,5,lack of pilot projects,context,43
generalist_gemma3_43_b6,generalist_gemma3,gemma3,generalist,6,public perception of DC and readiness to 'champion' installations from DC projects,context,43
generalist_gemma3_43_b8,generalist_gemma3,gemma3,generalist,8,misconception and lack of knowledge leads to lengthy/expensive design and permit process,context,43
generalist_gemma3_43_b10,generalist_gemma3,gemma3,generalist,10,uncertain regulatory roadmap,context,43
normative_gemma3_43_b1,normative_gemma3,gemma3,normative,1,"power losses, quality and safety issues",context,43
normative_gemma3_43_b4,normative_gemma3,gemma3,normative,4,"uncertain utility interaction (net metering, utility ownership, and agreed standards)",context,43
normative_gemma3_43_b5,normative_gemma3,gemma3,normative,5,lack of pilot projects,context,43
normative_gemma3_43_b8,normative_gemma3,gemma3,normative,8,misconception and lack of knowledge leads to lengthy/expensive design and permit process,context,43
normative_gemma3_43_b10,normative_gemma3,gemma3,normative,10,uncertain regulatory roadmap,context,43
subject-matter_gemma3_43_b1,subject-matter_gemma3,gemma3,subject-matter,1,"power losses, quality and safety issues",context,43
subject-matter_gemma3_43_b3,subject-matter_gemma3,gemma3,subject-matter,3,lack of use-cases in which DC is advantageous,context,43
subject-matter_gemma3_43_b4,subject-matter_gemma3,gemma3,subject-matter,4,"uncertain utility interaction (net metering, utility ownership, and agreed standards)",context,43
subject-matter_gemma3_43_b8,subject-matter_gemma3,gemma3,subject-matter,8,misconception and lack of knowledge leads to lengthy/expensive design and permit process,context,43
subject-matter_gemma3_43_b10,subject-matter_gemma3,gemma3,subject-matter,10,uncertain regulatory roadmap,context,43
generalist_phi4_43_b1,generalist_phi4,phi4,generalist,1,"power losses, quality and safety issues",context,43
generalist_phi4_43_b2,generalist_phi4,phi4,generalist,2,reduced reliability in DC devices,context,43
generalist_phi4_43_b4,generalist_phi4,phi4,generalist,4,"uncertain utility interaction (net metering, utility ownership, and agreed standards)",context,43
generalist_phi4_43_b5,generalist_phi4,phi4,generalist,5,lack of pilot projects,context,43
generalist_phi4_43_b10,generalist_phi4,phi4,generalist,10,uncertain regulatory roadmap,context,43
normative_phi4_43_b1,normative_phi4,phi4,normative,1,"power losses, quality and safety issues",context,43
normative_phi4_43_b3,normative_phi4,phi4,normative,3,lack of use-cases in which DC is advantageous,context,43
normative_phi4_43_b4,normative_phi4,phi4,normative,4,"uncertain utility interaction (net metering, utility ownership, and agreed standards)",context,43
normative_phi4_43_b5,normative_phi4,phi4,normative,5,lack of pilot projects,context,43
normative_phi4_43_b10,normative_phi4,phi4,normative,10,uncertain regulatory roadmap,context,43
subject-matter_phi4_43_b1,subject-matter_phi4,phi4,subject-matter,1,"power losses, quality and safety issues",context,43
subject-matter_phi4_43_b4,subject-matter_phi4,phi4,subject-matter,4,"uncertain utility interaction (net metering, utility ownership, and agreed standards)",context,43
subject-matter_phi4_43_b5,subject-matter_phi4,phi4,subject-matter,5,lack of pilot projects,context,43
subject-matter_phi4_43_b8,subject-matter_phi4,phi4,subject-matter,8,misconception and lack of knowledge leads to lengthy/expensive design and permit process,context,43
subject-matter_phi4_43_b10,subject-matter_phi4,phi4,subject-matter,10,uncertain regulatory roadmap,context,43
generalist_llama_44_b1,generalist_llama,llama,generalist,1,"power losses, quality and safety issues",context,44
generalist_llama_44_b2,generalist_llama,llama,generalist,2,reduced reliability in DC devices,context,44
generalist_llama_44_b3,generalist_llama,llama,generalist,3,lack of use-cases in which DC is advantageous,context,44
generalist_llama_44_b4,generalist_llama,llama,generalist,4,"uncertain utility interaction (net metering, utility ownership, and agreed standards)",context,44
generalist_llama_44_b5,generalist_llama,llama,generalist,5,lack of pilot projects,context,44
normative_llama_44_b1,normative_llama,llama,normative,1,"power losses, quality and safety issues",context,44
normative_llama_44_b2,normative_llama,llama,normative,2,reduced reliability in DC devices,context,44
normative_llama_44_b3,normative_llama,llama,normative,3,lack of use-cases in which DC is advantageous,context,44
normative_llama_44_b4,normative_llama,llama,normative,4,"uncertain utility interaction (net metering, utility ownership, and agreed standards)",context,44
normative_llama_44_b5,normative_llama,llama,normative,5,lack of pilot projects,context,44
subject-matter_llama_44_b1,subject-matter_llama,llama,subject-matter,1,"power losses, quality and safety issues",context,44
subject-matter_llama_44_b2,subject-matter_llama,llama,subject-matter,2,reduced reliability in DC devices,context,44
subject-matter_llama_44_b3,subject-matter_llama,llama,subject-matter,3,lack of use-cases in which DC is advantageous,context,44
subject-matter_llama_44_b4,subject-matter_llama,llama,subject-matter,4,"uncertain utility interaction (net metering, utility ownership, and agreed standards)",context,44
subject-matter_llama_44_b11,subject-matter_llama,llama,subject-matter,11,high costs of DC solutions,context,44
generalist_mistral_44_b1,generalist_mistral,mistral,generalist,1,"power losses, quality and safety issues",context,44
generalist_mistral_44_b2,generalist_mistral,mistral,generalist,2,reduced reliability in DC devices,context,44
generalist_mistral_44_b3,generalist_mistral,mistral,generalist,3,lack of use-cases in which DC is advantageous,context,44
generalist_mistral_44_b4,generalist_mistral,mistral,generalist,4,"uncertain utility interaction (net metering, utility ownership, and agreed standards)",context,44
generalist_mistral_44_b5,generalist_mistral,mistral,generalist,5,lack of pilot projects,context,44
normative_mistral_44_b1,normative_mistral,mistral,normative,1,"power losses, quality and safety issues",context,44
normative_mistral_44_b2,normative_mistral,mistral,normative,2,reduced reliability in DC devices,context,44
normative_mistral_44_b4,normative_mistral,mistral,normative,4,"uncertain utility interaction (net metering, utility ownership, and agreed standards)",context,44
normative_mistral_44_b5,normative_mistral,mistral,normative,5,lack of pilot projects,context,44
normative_mistral_44_b7,normative_mistral,mistral,normative,7,incompatibility of DC systems components,context,44
subject-matter_mistral_44_b1,subject-matter_mistral,mistral,subject-matter,1,"power losses, quality and safety issues",context,44
subject-matter_mistral_44_b2,subject-matter_mistral,mistral,subject-matter,2,reduced reliability in DC devices,context,44
subject-matter_mistral_44_b4,subject-matter_mistral,mistral,subject-matter,4,"uncertain utility interaction (net metering, utility ownership, and agreed standards)",context,44
subject-matter_mistral_44_b5,subject-matter_mistral,mistral,subject-matter,5,lack of pilot projects,context,44
subject-matter_mistral_44_b7,subject-matter_mistral,mistral,subject-matter,7,incompatibility of DC systems components,context,44
generalist_gemma3_44_b1,generalist_gemma3,gemma3,generalist,1,"power losses, quality and safety issues",context,44
generalist_gemma3_44_b3,generalist_gemma3,gemma3,generalist,3,lack of use-cases in which DC is advantageous,context,44
generalist_gemma3_44_b4,generalist_gemma3,gemma3,generalist,4,"uncertain utility interaction (net metering, utility ownership, and agreed standards)",context,44
generalist_gemma3_44_b8,generalist_gemma3,gemma3,generalist,8,misconception and lack of knowledge leads to lengthy/expensive design and permit process,context,44
generalist_gemma3_44_b10,generalist_gemma3,gemma3,generalist,10,uncertain regulatory roadmap,context,44
normative_gemma3_44_b1,normative_gemma3,gemma3,normative,1,"power losses, quality and safety issues",context,44
normative_gemma3_44_b4,normative_gemma3,gemma3,normative,4,"uncertain utility interaction (net metering, utility ownership, and agreed standards)",context,44
normative_gemma3_44_b7,normative_gemma3,gemma3,normative,7,incompatibility of DC systems components,context,44
normative_gemma3_44_b8,normative_gemma3,gemma3,normative,8,misconception and lack of knowledge leads to lengthy/expensive design and permit process,context,44
normative_gemma3_44_b11,normative_gemma3,gemma3,normative,11,high costs of DC solutions,context,44
subject-matter_gemma3_44_b1,subject-matter_gemma3,gemma3,subject-matter,1,"power losses, quality and safety issues",context,44
subject-matter_gemma3_44_b5,subject-matter_gemma3,gemma3,subject-matter,5,lack of pilot projects,context,44
subject-matter_gemma3_44_b4,subject-matter_gemma3,gemma3,subject-matter,4,"uncertain utility interaction (net metering, utility ownership, and agreed standards)",context,44
subject-matter_gemma3_44_b8,subject-matter_gemma3,gemma3,subject-matter,8,misconception and lack of knowledge leads to lengthy/expensive design and permit process,context,44
subject-matter_gemma3_44_b10,subject-matter_gemma3,gemma3,subject-matter,10,uncertain regulatory roadmap,context,44
generalist_phi4_44_b1,generalist_phi4,phi4,generalist,1,"power losses, quality and safety issues",context,44
generalist_phi4_44_b3,generalist_phi4,phi4,generalist,3,lack of use-cases in which DC is advantageous,context,44
generalist_phi4_44_b4,generalist_phi4,phi4,generalist,4,"uncertain utility interaction (net metering, utility ownership, and agreed standards)",context,44
generalist_phi4_44_b5,generalist_phi4,phi4,generalist,5,lack of pilot projects,context,44
generalist_phi4_44_b10,generalist_phi4,phi4,generalist,10,uncertain regulatory roadmap,context,44
normative_phi4_44_b1,normative_phi4,phi4,normative,1,"power losses, quality and safety issues",context,44
normative_phi4_44_b2,normative_phi4,phi4,normative,2,reduced reliability in DC devices,context,44
normative_phi4_44_b3,normative_phi4,phi4,normative,3,lack of use-cases in which DC is advantageous,context,44
normative_phi4_44_b4,normative_phi4,phi4,normative,4,"uncertain utility interaction (net metering, utility ownership, and agreed standards)",context,44
normative_phi4_44_b5,normative_phi4,phi4,normative,5,lack of pilot projects,context,44
subject-matter_phi4_44_b1,subject-matter_phi4,phi4,subject-matter,1,"power losses, quality and safety issues",context,44
subject-matter_phi4_44_b3,subject-matter_phi4,phi4,subject-matter,3,lack of use-cases in which DC is advantageous,context,44
subject-matter_phi4_44_b4,subject-matter_phi4,phi4,subject-matter,4,"uncertain utility interaction (net metering, utility ownership, and agreed standards)",context,44
subject-matter_phi4_44_b5,subject-matter_phi4,phi4,subject-matter,5,lack of pilot projects,context,44
subject-matter_phi4_44_b10,subject-matter_phi4,phi4,subject-matter,10,uncertain regulatory roadmap,context,44
generalist_llama_45_b3,generalist_llama,llama,generalist,3,lack of use-cases in which DC is advantageous,context,45
generalist_llama_45_b7,generalist_llama,llama,generalist,7,incompatibility of DC systems components,context,45
generalist_llama_45_b11,generalist_llama,llama,generalist,11,high costs of DC solutions,context,45
generalist_llama_45_b4,generalist_llama,llama,generalist,4,"uncertain utility interaction (net metering, utility ownership, and agreed standards)",context,45
generalist_llama_45_b5,generalist_llama,llama,generalist,5,lack of pilot projects,context,45
normative_llama_45_b1,normative_llama,llama,normative,1,"power losses, quality and safety issues",context,45
normative_llama_45_b2,normative_llama,llama,normative,2,reduced reliability in DC devices,context,45
normative_llama_45_b4,normative_llama,llama,normative,4,"uncertain utility interaction (net metering, utility ownership, and agreed standards)",context,45
normative_llama_45_b5,normative_llama,llama,normative,5,lack of pilot projects,context,45
normative_llama_45_b6,normative_llama,llama,normative,6,public perception of DC and readiness to 'champion' installations from DC projects,context,45
subject-matter_llama_45_b1,subject-matter_llama,llama,subject-matter,1,"power losses, quality and safety issues",context,45
subject-matter_llama_45_b2,subject-matter_llama,llama,subject-matter,2,reduced reliability in DC devices,context,45
subject-matter_llama_45_b3,subject-matter_llama,llama,subject-matter,3,lack of use-cases in which DC is advantageous,context,45
subject-matter_llama_45_b4,subject-matter_llama,llama,subject-matter,4,"uncertain utility interaction (net metering, utility ownership, and agreed standards)",context,45
subject-matter_llama_45_b5,subject-matter_llama,llama,subject-matter,5,lack of pilot projects,context,45
generalist_mistral_45_b1,generalist_mistral,mistral,generalist,1,"power losses, quality and safety issues",context,45
generalist_mistral_45_b2,generalist_mistral,mistral,generalist,2,reduced reliability in DC devices,context,45
generalist_mistral_45_b3,generalist_mistral,mistral,generalist,3,lack of use-cases in which DC is advantageous,context,45
generalist_mistral_45_b4,generalist_mistral,mistral,generalist,4,"uncertain utility interaction (net metering, utility ownership, and agreed standards)",context,45
generalist_mistral_45_b7,generalist_mistral,mistral,generalist,7,incompatibility of DC systems components,context,45
normative_mistral_45_b1,normative_mistral,mistral,normative,1,"power losses, quality and safety issues",context,45
normative_mistral_45_b2,normative_mistral,mistral,normative,2,reduced reliability in DC devices,context,45
normative_mistral_45_b4,normative_mistral,mistral,normative,4,"uncertain utility interaction (net metering, utility ownership, and agreed standards)",context,45
normative_mistral_45_b5,normative_mistral,mistral,normative,5,lack of pilot projects,context,45
normative_mistral_45_b9,normative_mistral,mistral,normative,9,lack of enough trained personnel in DC systems,context,45
subject-matter_mistral_45_b1,subject-matter_mistral,mistral,subject-matter,1,"power losses, quality and safety issues",context,45
subject-matter_mistral_45_b2,subject-matter_mistral,mistral,subject-matter,2,reduced reliability in DC devices,context,45
subject-matter_mistral_45_b4,subject-matter_mistral,mistral,subject-matter,4,"uncertain utility interaction (net metering, utility ownership, and agreed standards)",context,45
subject-matter_mistral_45_b5,subject-matter_mistral,mistral,subject-matter,5,lack of pilot projects,context,45
subject-matter_mistral_45_b9,subject-matter_mistral,mistral,subject-matter,9,lack of enough trained personnel in DC systems,context,45
generalist_gemma3_45_b1,generalist_gemma3,gemma3,generalist,1,"power losses, quality and safety issues",context,45
generalist_gemma3_45_b5,generalist_gemma3,gemma3,generalist,5,lack of pilot projects,context,45
generalist_gemma3_45_b6,generalist_gemma3,gemma3,generalist,6,public perception of DC and readiness to 'champion' installations from DC projects,context,45
generalist_gemma3_45_b8,generalist_gemma3,gemma3,generalist,8,misconception and lack of knowledge leads to lengthy/expensive design and permit process,context,45
generalist_gemma3_45_b10,generalist_gemma3,gemma3,generalist,10,uncertain regulatory roadmap,context,45
normative_gemma3_45_b1,normative_gemma3,gemma3,normative,1,"power losses, quality and safety issues",context,45
normative_gemma3_45_b4,normative_gemma3,gemma3,normative,4,"uncertain utility interaction (net metering, utility ownership, and agreed standards)",context,45
normative_gemma3_45_b7,normative_gemma3,gemma3,normative,7,incompatibility of DC systems components,context,45
normative_gemma3_45_b8,normative_gemma3,gemma3,normative,8,misconception and lack of knowledge leads to lengthy/expensive design and permit process,context,45
normative_gemma3_45_b11,normative_gemma3,gemma3,normative,11,high costs of DC solutions,context,45
subject-matter_gemma3_45_b1,subject-matter_gemma3,gemma3,subject-matter,1,"power losses, quality and safety issues",context,45
subject-matter_gemma3_45_b5,subject-matter_gemma3,gemma3,subject-matter,5,lack of pilot projects,context,45
subject-matter_gemma3_45_b4,subject-matter_gemma3,gemma3,subject-matter,4,"uncertain utility interaction (net metering, utility ownership, and agreed standards)",context,45
subject-matter_gemma3_45_b8,subject-matter_gemma3,gemma3,subject-matter,8,misconception and lack of knowledge leads to lengthy/expensive design and permit process,context,45
subject-matter_gemma3_45_b10,subject-matter_gemma3,gemma3,subject-matter,10,uncertain regulatory roadmap,context,45
generalist_phi4_45_b1,generalist_phi4,phi4,generalist,1,"power losses, quality and safety issues",context,45
generalist_phi4_45_b3,generalist_phi4,phi4,generalist,3,lack of use-cases in which DC is advantageous,context,45
generalist_phi4_45_b4,generalist_phi4,phi4,generalist,4,"uncertain utility interaction (net metering, utility ownership, and agreed standards)",context,45
generalist_phi4_45_b5,generalist_phi4,phi4,generalist,5,lack of pilot projects,context,45
generalist_phi4_45_b10,generalist_phi4,phi4,generalist,10,uncertain regulatory roadmap,context,45
normative_phi4_45_b1,normative_phi4,phi4,normative,1,"power losses, quality and safety issues",context,45
normative_phi4_45_b3,normative_phi4,phi4,normative,3,lack of use-cases in which DC is advantageous,context,45
normative_phi4_45_b4,normative_phi4,phi4,normative,4,"uncertain utility interaction (net metering, utility ownership, and agreed standards)",context,45
normative_phi4_45_b5,normative_phi4,phi4,normative,5,lack of pilot projects,context,45
normative_phi4_45_b10,normative_phi4,phi4,normative,10,uncertain regulatory roadmap,context,45
subject-matter_phi4_45_b1,subject-matter_phi4,phi4,subject-matter,1,"power losses, quality and safety issues",context,45
subject-matter_phi4_45_b3,subject-matter_phi4,phi4,subject-matter,3,lack of use-cases in which DC is advantageous,context,45
subject-matter_phi4_45_b4,subject-matter_phi4,phi4,subject-matter,4,"uncertain utility interaction (net metering, utility ownership, and agreed standards)",context,45
subject-matter_phi4_45_b8,subject-matter_phi4,phi4,subject-matter,8,misconception and lack of knowledge leads to lengthy/expensive design and permit process,context,45
subject-matter_phi4_45_b10,subject-matter_phi4,phi4,subject-matter,10,uncertain regulatory roadmap,context,45
generalist_llama_46_b1,generalist_llama,llama,generalist,1,"power losses, quality and safety issues",context,46
generalist_llama_46_b2,generalist_llama,llama,generalist,2,reduced reliability in DC devices,context,46
generalist_llama_46_b3,generalist_llama,llama,generalist,3,lack of use-cases in which DC is advantageous,context,46
generalist_llama_46_b4,generalist_llama,llama,generalist,4,"uncertain utility interaction (net metering, utility ownership, and agreed standards)",context,46
generalist_llama_46_b5,generalist_llama,llama,generalist,5,lack of pilot projects,context,46
normative_llama_46_b1,normative_llama,llama,normative,1,"power losses, quality and safety issues",context,46
normative_llama_46_b2,normative_llama,llama,normative,2,reduced reliability in DC devices,context,46
normative_llama_46_b3,normative_llama,llama,normative,3,lack of use-cases in which DC is advantageous,context,46
normative_llama_46_b4,normative_llama,llama,normative,4,"uncertain utility interaction (net metering, utility ownership, and agreed standards)",context,46
normative_llama_46_b5,normative_llama,llama,normative,5,lack of pilot projects,context,46
subject-matter_llama_46_b1,subject-matter_llama,llama,subject-matter,1,"power losses, quality and safety issues",context,46
subject-matter_llama_46_b2,subject-matter_llama,llama,subject-matter,2,reduced reliability in DC devices,context,46
subject-matter_llama_46_b3,subject-matter_llama,llama,subject-matter,3,lack of use-cases in which DC is advantageous,context,46
subject-matter_llama_46_b4,subject-matter_llama,llama,subject-matter,4,"uncertain utility interaction (net metering, utility ownership, and agreed standards)",context,46
subject-matter_llama_46_b5,subject-matter_llama,llama,subject-matter,5,lack of pilot projects,context,46
generalist_mistral_46_b1,generalist_mistral,mistral,generalist,1,"power losses, quality and safety issues",context,46
generalist_mistral_46_b2,generalist_mistral,mistral,generalist,2,reduced reliability in DC devices,context,46
generalist_mistral_46_b3,generalist_mistral,mistral,generalist,3,lack of use-cases in which DC is advantageous,context,46
generalist_mistral_46_b4,generalist_mistral,mistral,generalist,4,"uncertain utility interaction (net metering, utility ownership, and agreed standards)",context,46
generalist_mistral_46_b5,generalist_mistral,mistral,generalist,5,lack of pilot projects,context,46
normative_mistral_46_b1,normative_mistral,mistral,normative,1,"power losses, quality and safety issues",context,46
normative_mistral_46_b2,normative_mistral,mistral,normative,2,reduced reliability in DC devices,context,46
normative_mistral_46_b3,normative_mistral,mistral,normative,3,lack of use-cases in which DC is advantageous,context,46
normative_mistral_46_b4,normative_mistral,mistral,normative,4,"uncertain utility interaction (net metering, utility ownership, and agreed standards)",context,46
normative_mistral_46_b5,normative_mistral,mistral,normative,5,lack of pilot projects,context,46
subject-matter_mistral_46_b1,subject-matter_mistral,mistral,subject-matter,1,"power losses, quality and safety issues",context,46
subject-matter_mistral_46_b2,subject-matter_mistral,mistral,subject-matter,2,reduced reliability in DC devices,context,46
subject-matter_mistral_46_b3,subject-matter_mistral,mistral,subject-matter,3,lack of use-cases in which DC is advantageous,context,46
subject-matter_mistral_46_b4,subject-matter_mistral,mistral,subject-matter,4,"uncertain utility interaction (net metering, utility ownership, and agreed standards)",context,46
subject-matter_mistral_46_b5,subject-matter_mistral,mistral,subject-matter,5,lack of pilot projects,context,46
generalist_gemma3_46_b1,generalist_gemma3,gemma3,generalist,1,"power losses, quality and safety issues",context,46
generalist_gemma3_46_b5,generalist_gemma3,gemma3,generalist,5,lack of pilot projects,context,46
generalist_gemma3_46_b6,generalist_gemma3,gemma3,generalist,6,public perception of DC and readiness to 'champion' installations from DC projects,context,46
generalist_gemma3_46_b8,generalist_gemma3,gemma3,generalist,8,misconception and lack of knowledge leads to lengthy/expensive design and permit process,context,46
generalist_gemma3_46_b10,generalist_gemma3,gemma3,generalist,10,uncertain regulatory roadmap,context,46
normative_gemma3_46_b1,normative_gemma3,gemma3,normative,1,"power losses, quality and safety issues",context,46
normative_gemma3_46_b4,normative_gemma3,gemma3,normative,4,"uncertain utility interaction (net metering, utility ownership, and agreed standards)",context,46
normative_gemma3_46_b7,normative_gemma3,gemma3,normative,7,incompatibility of DC systems components,context,46
normative_gemma3_46_b8,normative_gemma3,gemma3,normative,8,misconception and lack of knowledge leads to lengthy/expensive design and permit process,context,46
normative_gemma3_46_b11,normative_gemma3,gemma3,normative,11,high costs of DC solutions,context,46
subject-matter_gemma3_46_b1,subject-matter_gemma3,gemma3,subject-matter,1,"power losses, quality and safety issues",context,46
subject-matter_gemma3_46_b4,subject-matter_gemma3,gemma3,subject-matter,4,"uncertain utility interaction (net metering, utility ownership, and agreed standards)",context,46
subject-matter_gemma3_46_b7,subject-matter_gemma3,gemma3,subject-matter,7,incompatibility of DC systems components,context,46
subject-matter_gemma3_46_b8,subject-matter_gemma3,gemma3,subject-matter,8,misconception and lack of knowledge leads to lengthy/expensive design and permit process,context,46
subject-matter_gemma3_46_b11,subject-matter_gemma3,gemma3,subject-matter,11,high costs of DC solutions,context,46
generalist_phi4_46_b1,generalist_phi4,phi4,generalist,1,"power losses, quality and safety issues",context,46
generalist_phi4_46_b2,generalist_phi4,phi4,generalist,2,reduced reliability in DC devices,context,46
generalist_phi4_46_b3,generalist_phi4,phi4,generalist,3,lack of use-cases in which DC is advantageous,context,46
generalist_phi4_46_b4,generalist_phi4,phi4,generalist,4,"uncertain utility interaction (net metering, utility ownership, and agreed standards)",context,46
generalist_phi4_46_b5,generalist_phi4,phi4,generalist,5,lack of pilot projects,context,46
normative_phi4_46_b1,normative_phi4,phi4,normative,1,"power losses, quality and safety issues",context,46
normative_phi4_46_b2,normative_phi4,phi4,normative,2,reduced reliability in DC devices,context,46
normative_phi4_46_b3,normative_phi4,phi4,normative,3,lack of use-cases in which DC is advantageous,context,46
normative_phi4_46_b4,normative_phi4,phi4,normative,4,"uncertain utility interaction (net metering, utility ownership, and agreed standards)",context,46
normative_phi4_46_b5,normative_phi4,phi4,normative,5,lack of pilot projects,context,46
subject-matter_phi4_46_b1,subject-matter_phi4,phi4,subject-matter,1,"power losses, quality and safety issues",context,46
subject-matter_phi4_46_b2,subject-matter_phi4,phi4,subject-matter,2,reduced reliability in DC devices,context,46
subject-matter_phi4_46_b4,subject-matter_phi4,phi4,subject-matter,4,"uncertain utility interaction (net metering, utility ownership, and agreed standards)",context,46
subject-matter_phi4_46_b8,subject-matter_phi4,phi4,subject-matter,8,misconception and lack of knowledge leads to lengthy/expensive design and permit process,context,46
subject-matter_phi4_46_b10,subject-matter_phi4,phi4,subject-matter,10,uncertain regulatory roadmap,context,46
generalist_llama_47_b1,generalist_llama,llama,generalist,1,"power losses, quality and safety issues",context,47
generalist_llama_47_b2,generalist_llama,llama,generalist,2,reduced reliability in DC devices,context,47
generalist_llama_47_b3,generalist_llama,llama,generalist,3,lack of use-cases in which DC is advantageous,context,47
generalist_llama_47_b4,generalist_llama,llama,generalist,4,"uncertain utility interaction (net metering, utility ownership, and agreed standards)",context,47
generalist_llama_47_b5,generalist_llama,llama,generalist,5,lack of pilot projects,context,47
normative_llama_47_b1,normative_llama,llama,normative,1,"power losses, quality and safety issues",context,47
normative_llama_47_b2,normative_llama,llama,normative,2,reduced reliability in DC devices,context,47
normative_llama_47_b4,normative_llama,llama,normative,4,"uncertain utility interaction (net metering, utility ownership, and agreed standards)",context,47
normative_llama_47_b3,normative_llama,llama,normative,3,lack of use-cases in which DC is advantageous,context,47
normative_llama_47_b7,normative_llama,llama,normative,7,incompatibility of DC systems components,context,47
subject-matter_llama_47_b1,subject-matter_llama,llama,subject-matter,1,"power losses, quality and safety issues",context,47
subject-matter_llama_47_b2,subject-matter_llama,llama,subject-matter,2,reduced reliability in DC devices,context,47
subject-matter_llama_47_b3,subject-matter_llama,llama,subject-matter,3,lack of use-cases in which DC is advantageous,context,47
subject-matter_llama_47_b4,subject-matter_llama,llama,subject-matter,4,"uncertain utility interaction (net metering, utility ownership, and agreed standards)",context,47
subject-matter_llama_47_b5,subject-matter_llama,llama,subject-matter,5,lack of pilot projects,context,47
generalist_mistral_47_b1,generalist_mistral,mistral,generalist,1,"power losses, quality and safety issues",context,47
generalist_mistral_47_b2,generalist_mistral,mistral,generalist,2,reduced reliability in DC devices,context,47
generalist_mistral_47_b3,generalist_mistral,mistral,generalist,3,lack of use-cases in which DC is advantageous,context,47
generalist_mistral_47_b4,generalist_mistral,mistral,generalist,4,"uncertain utility interaction (net metering, utility ownership, and agreed standards)",context,47
generalist_mistral_47_b5,generalist_mistral,mistral,generalist,5,lack of pilot projects,context,47
normative_mistral_47_b1,normative_mistral,mistral,normative,1,"power losses, quality and safety issues",context,47
normative_mistral_47_b2,normative_mistral,mistral,normative,2,reduced reliability in DC devices,context,47
normative_mistral_47_b4,normative_mistral,mistral,normative,4,"uncertain utility interaction (net metering, utility ownership, and agreed standards)",context,47
normative_mistral_47_b5,normative_mistral,mistral,normative,5,lack of pilot projects,context,47
normative_mistral_47_b6,normative_mistral,mistral,normative,6,public perception of DC and readiness to 'champion' installations from DC projects,context,47
subject-matter_mistral_47_b1,subject-matter_mistral,mistral,subject-matter,1,"power losses, quality and safety issues",context,47
subject-matter_mistral_47_b2,subject-matter_mistral,mistral,subject-matter,2,reduced reliability in DC devices,context,47
subject-matter_mistral_47_b4,subject-matter_mistral,mistral,subject-matter,4,"uncertain utility interaction (net metering, utility ownership, and agreed standards)",context,47
subject-matter_mistral_47_b5,subject-matter_mistral,mistral,subject-matter,5,lack of pilot projects,context,47
subject-matter_mistral_47_b9,subject-matter_mistral,mistral,subject-matter,9,lack of enough trained personnel in DC systems,context,47
generalist_gemma3_47_b1,generalist_gemma3,gemma3,generalist,1,"power losses, quality and safety issues",context,47
generalist_gemma3_47_b5,generalist_gemma3,gemma3,generalist,5,lack of pilot projects,context,47
generalist_gemma3_47_b4,generalist_gemma3,gemma3,generalist,4,"uncertain utility interaction (net metering, utility ownership, and agreed standards)",context,47
generalist_gemma3_47_b8,generalist_gemma3,gemma3,generalist,8,misconception and lack of knowledge leads to lengthy/expensive design and permit process,context,47
generalist_gemma3_47_b10,generalist_gemma3,gemma3,generalist,10,uncertain regulatory roadmap,context,47
normative_gemma3_47_b1,normative_gemma3,gemma3,normative,1,"power losses, quality and safety issues",context,47
normative_gemma3_47_b5,normative_gemma3,gemma3,normative,5,lack of pilot projects,context,47
normative_gemma3_47_b6,normative_gemma3,gemma3,normative,6,public perception of DC and readiness to 'champion' installations from DC projects,context,47
normative_gemma3_47_b8,normative_gemma3,gemma3,normative,8,misconception and lack of knowledge leads to lengthy/expensive design and permit process,context,47
normative_gemma3_47_b10,normative_gemma3,gemma3,normative,10,uncertain regulatory roadmap,context,47
subject-matter_gemma3_47_b1,subject-matter_gemma3,gemma3,subject-matter,1,"power losses, quality and safety issues",context,47
subject-matter_gemma3_47_b5,subject-matter_gemma3,gemma3,subject-matter,5,lack of pilot projects,context,47
subject-matter_gemma3_47_b4,subject-matter_gemma3,gemma3,subject-matter,4,"uncertain utility interaction (net metering, utility ownership, and agreed standards)",context,47
subject-matter_gemma3_47_b8,subject-matter_gemma3,gemma3,subject-matter,8,misconception and lack of knowledge leads to lengthy/expensive design and permit process,context,47
subject-matter_gemma3_47_b10,subject-matter_gemma3,gemma3,subject-matter,10,uncertain regulatory roadmap,context,47
generalist_phi4_47_b1,generalist_phi4,phi4,generalist,1,"power losses, quality and safety issues",context,47
generalist_phi4_47_b2,generalist_phi4,phi4,generalist,2,reduced reliability in DC devices,context,47
generalist_phi4_47_b3,generalist_phi4,phi4,generalist,3,lack of use-cases in which DC is advantageous,context,47
generalist_phi4_47_b4,generalist_phi4,phi4,generalist,4,"uncertain utility interaction (net metering, utility ownership, and agreed standards)",context,47
generalist_phi4_47_b5,generalist_phi4,phi4,generalist,5,lack of pilot projects,context,47
normative_phi4_47_b1,normative_phi4,phi4,normative,1,"power losses, quality and safety issues",context,47
normative_phi4_47_b3,normative_phi4,phi4,normative,3,lack of use-cases in which DC is advantageous,context,47
normative_phi4_47_b4,normative_phi4,phi4,normative,4,"uncertain utility interaction (net metering, utility ownership, and agreed standards)",context,47
normative_phi4_47_b5,normative_phi4,phi4,normative,5,lack of pilot projects,context,47
normative_phi4_47_b10,normative_phi4,phi4,normative,10,uncertain regulatory roadmap,context,47
subject-matter_phi4_47_b1,subject-matter_phi4,phi4,subject-matter,1,"power losses, quality and safety issues",context,47
subject-matter_phi4_47_b3,subject-matter_phi4,phi4,subject-matter,3,lack of use-cases in which DC is advantageous,context,47
subject-matter_phi4_47_b4,subject-matter_phi4,phi4,subject-matter,4,"uncertain utility interaction (net metering, utility ownership, and agreed standards)",context,47
subject-matter_phi4_47_b8,subject-matter_phi4,phi4,subject-matter,8,misconception and lack of knowledge leads to lengthy/expensive design and permit process,context,47
subject-matter_phi4_47_b10,subject-matter_phi4,phi4,subject-matter,10,uncertain regulatory roadmap,context,47
generalist_llama_48_b1,generalist_llama,llama,generalist,1,"power losses, quality and safety issues",context,48
generalist_llama_48_b3,generalist_llama,llama,generalist,3,lack of use-cases in which DC is advantageous,context,48
generalist_llama_48_b4,generalist_llama,llama,generalist,4,"uncertain utility interaction (net metering, utility ownership, and agreed standards)",context,48
generalist_llama_48_b5,generalist_llama,llama,generalist,5,lack of pilot projects,context,48
generalist_llama_48_b6,generalist_llama,llama,generalist,6,public perception of DC and readiness to 'champion' installations from DC projects,context,48
normative_llama_48_b1,normative_llama,llama,normative,1,"power losses, quality and safety issues",context,48
normative_llama_48_b2,normative_llama,llama,normative,2,reduced reliability in DC devices,context,48
normative_llama_48_b3,normative_llama,llama,normative,3,lack of use-cases in which DC is advantageous,context,48
normative_llama_48_b4,normative_llama,llama,normative,4,"uncertain utility interaction (net metering, utility ownership, and agreed standards)",context,48
normative_llama_48_b5,normative_llama,llama,normative,5,lack of pilot projects,context,48
subject-matter_llama_48_b1,subject-matter_llama,llama,subject-matter,1,"power losses, quality and safety issues",context,48
subject-matter_llama_48_b2,subject-matter_llama,llama,subject-matter,2,reduced reliability in DC devices,context,48
subject-matter_llama_48_b4,subject-matter_llama,llama,subject-matter,4,"uncertain utility interaction (net metering, utility ownership, and agreed standards)",context,48
subject-matter_llama_48_b5,subject-matter_llama,llama,subject-matter,5,lack of pilot projects,context,48
subject-matter_llama_48_b6,subject-matter_llama,llama,subject-matter,6,public perception of DC and readiness to 'champion' installations from DC projects,context,48
generalist_mistral_48_b1,generalist_mistral,mistral,generalist,1,"power losses, quality and safety issues",context,48
generalist_mistral_48_b2,generalist_mistral,mistral,generalist,2,reduced reliability in DC devices,context,48
generalist_mistral_48_b3,generalist_mistral,mistral,generalist,3,lack of use-cases in which DC is advantageous,context,48
generalist_mistral_48_b4,generalist_mistral,mistral,generalist,4,"uncertain utility interaction (net metering, utility ownership, and agreed standards)",context,48
generalist_mistral_48_b5,generalist_mistral,mistral,generalist,5,lack of pilot projects,context,48
normative_mistral_48_b1,normative_mistral,mistral,normative,1,"power losses, quality and safety issues",context,48
normative_mistral_48_b2,normative_mistral,mistral,normative,2,reduced reliability in DC devices,context,48
normative_mistral_48_b3,normative_mistral,mistral,normative,3,lack of use-cases in which DC is advantageous,context,48
normative_mistral_48_b4,normative_mistral,mistral,normative,4,"uncertain utility interaction (net metering, utility ownership, and agreed standards)",context,48
normative_mistral_48_b5,normative_mistral,mistral,normative,5,lack of pilot projects,context,48
subject-matter_mistral_48_b1,subject-matter_mistral,mistral,subject-matter,1,"power losses, quality and safety issues",context,48
subject-matter_mistral_48_b2,subject-matter_mistral,mistral,subject-matter,2,reduced reliability in DC devices,context,48
subject-matter_mistral_48_b3,subject-matter_mistral,mistral,subject-matter,3,lack of use-cases in which DC is advantageous,context,48
subject-matter_mistral_48_b4,subject-matter_mistral,mistral,subject-matter,4,"uncertain utility interaction (net metering, utility ownership, and agreed standards)",context,48
subject-matter_mistral_48_b5,subject-matter_mistral,mistral,subject-matter,5,lack of pilot projects,context,48
generalist_gemma3_48_b1,generalist_gemma3,gemma3,generalist,1,"power losses, quality and safety issues",context,48
generalist_gemma3_48_b3,generalist_gemma3,gemma3,generalist,3,lack of use-cases in which DC is advantageous,context,48
generalist_gemma3_48_b4,generalist_gemma3,gemma3,generalist,4,"uncertain utility interaction (net metering, utility ownership, and agreed standards)",context,48
generalist_gemma3_48_b8,generalist_gemma3,gemma3,generalist,8,misconception and lack of knowledge leads to lengthy/expensive design and permit process,context,48
generalist_gemma3_48_b10,generalist_gemma3,gemma3,generalist,10,uncertain regulatory roadmap,context,48
normative_gemma3_48_b1,normative_gemma3,gemma3,normative,1,"power losses, quality and safety issues",context,48
normative_gemma3_48_b5,normative_gemma3,gemma3,normative,5,lack of pilot projects,context,48
normative_gemma3_48_b6,normative_gemma3,gemma3,normative,6,public perception of DC and readiness to 'champion' installations from DC projects,context,48
normative_gemma3_48_b10,normative_gemma3,gemma3,normative,10,uncertain regulatory roadmap,context,48
normative_gemma3_48_b11,normative_gemma3,gemma3,normative,11,high costs of DC solutions,context,48
subject-matter_gemma3_48_b1,subject-matter_gemma3,gemma3,subject-matter,1,"power losses, quality and safety issues",context,48
subject-matter_gemma3_48_b5,subject-matter_gemma3,gemma3,subject-matter,5,lack of pilot projects,context,48
subject-matter_gemma3_48_b6,subject-matter_gemma3,gemma3,subject-matter,6,public perception of DC and readiness to 'champion' installations from DC projects,context,48
subject-matter_gemma3_48_b8,subject-matter_gemma3,gemma3,subject-matter,8,misconception and lack of knowledge leads to lengthy/expensive design and permit process,context,48
subject-matter_gemma3_48_b10,subject-matter_gemma3,gemma3,subject-matter,10,uncertain regulatory roadmap,context,48
generalist_phi4_48_b1,generalist_phi4,phi4,generalist,1,"power losses, quality and safety issues",context,48
generalist_phi4_48_b4,generalist_phi4,phi4,generalist,4,"uncertain utility interaction (net metering, utility ownership, and agreed standards)",context,48
generalist_phi4_48_b5,generalist_phi4,phi4,generalist,5,lack of pilot projects,context,48
generalist_phi4_48_b9,generalist_phi4,phi4,generalist,9,lack of enough trained personnel in DC systems,context,48
generalist_phi4_48_b10,generalist_phi4,phi4,generalist,10,uncertain regulatory roadmap,context,48
normative_phi4_48_b1,normative_phi4,phi4,normative,1,"power losses, quality and safety issues",context,48
normative_phi4_48_b3,normative_phi4,phi4,normative,3,lack of use-cases in which DC is advantageous,context,48
normative_phi4_48_b4,normative_phi4,phi4,normative,4,"uncertain utility interaction (net metering, utility ownership, and agreed standards)",context,48
normative_phi4_48_b8,normative_phi4,phi4,normative,8,misconception and lack of knowledge leads to lengthy/expensive design and permit process,context,48
normative_phi4_48_b10,normative_phi4,phi4,normative,10,uncertain regulatory roadmap,context,48
subject-matter_phi4_48_b1,subject-matter_phi4,phi4,subject-matter,1,"power losses, quality and safety issues",context,48
subject-matter_phi4_48_b3,subject-matter_phi4,phi4,subject-matter,3,lack of use-cases in which DC is advantageous,context,48
subject-matter_phi4_48_b4,subject-matter_phi4,phi4,subject-matter,4,"uncertain utility interaction (net metering, utility ownership, and agreed standards)",context,48
subject-matter_phi4_48_b5,subject-matter_phi4,phi4,subject-matter,5,lack of pilot projects,context,48
subject-matter_phi4_48_b10,subject-matter_phi4,phi4,subject-matter,10,uncertain regulatory roadmap,context,48
generalist_llama_49_b3,generalist_llama,llama,generalist,3,lack of use-cases in which DC is advantageous,context,49
generalist_llama_49_b7,generalist_llama,llama,generalist,7,incompatibility of DC systems components,context,49
generalist_llama_49_b1,generalist_llama,llama,generalist,1,"power losses, quality and safety issues",context,49
generalist_llama_49_b4,generalist_llama,llama,generalist,4,"uncertain utility interaction (net metering, utility ownership, and agreed standards)",context,49
generalist_llama_49_b11,generalist_llama,llama,generalist,11,high costs of DC solutions,context,49
normative_llama_49_b1,normative_llama,llama,normative,1,"power losses, quality and safety issues",context,49
normative_llama_49_b2,normative_llama,llama,normative,2,reduced reliability in DC devices,context,49
normative_llama_49_b4,normative_llama,llama,normative,4,"uncertain utility interaction (net metering, utility ownership, and agreed standards)",context,49
normative_llama_49_b5,normative_llama,llama,normative,5,lack of pilot projects,context,49
normative_llama_49_b6,normative_llama,llama,normative,6,public perception of DC and readiness to 'champion' installations from DC projects,context,49
subject-matter_llama_49_b1,subject-matter_llama,llama,subject-matter,1,"power losses, quality and safety issues",context,49
subject-matter_llama_49_b2,subject-matter_llama,llama,subject-matter,2,reduced reliability in DC devices,context,49
subject-matter_llama_49_b3,subject-matter_llama,llama,subject-matter,3,lack of use-cases in which DC is advantageous,context,49
subject-matter_llama_49_b4,subject-matter_llama,llama,subject-matter,4,"uncertain utility interaction (net metering, utility ownership, and agreed standards)",context,49
subject-matter_llama_49_b5,subject-matter_llama,llama,subject-matter,5,lack of pilot projects,context,49
generalist_mistral_49_b1,generalist_mistral,mistral,generalist,1,"power losses, quality and safety issues",context,49
generalist_mistral_49_b2,generalist_mistral,mistral,generalist,2,reduced reliability in DC devices,context,49
generalist_mistral_49_b4,generalist_mistral,mistral,generalist,4,"uncertain utility interaction (net metering, utility ownership, and agreed standards)",context,49
generalist_mistral_49_b5,generalist_mistral,mistral,generalist,5,lack of pilot projects,context,49
generalist_mistral_49_b6,generalist_mistral,mistral,generalist,6,public perception of DC and readiness to 'champion' installations from DC projects,context,49
normative_mistral_49_b1,normative_mistral,mistral,normative,1,"power losses, quality and safety issues",context,49
normative_mistral_49_b2,normative_mistral,mistral,normative,2,reduced reliability in DC devices,context,49
normative_mistral_49_b4,normative_mistral,mistral,normative,4,"uncertain utility interaction (net metering, utility ownership, and agreed standards)",context,49
normative_mistral_49_b5,normative_mistral,mistral,normative,5,lack of pilot projects,context,49
normative_mistral_49_b6,normative_mistral,mistral,normative,6,public perception of DC and readiness to 'champion' installations from DC projects,context,49
subject-matter_mistral_49_b1,subject-matter_mistral,mistral,subject-matter,1,"power losses, quality and safety issues",context,49
subject-matter_mistral_49_b2,subject-matter_mistral,mistral,subject-matter,2,reduced reliability in DC devices,context,49
subject-matter_mistral_49_b4,subject-matter_mistral,mistral,subject-matter,4,"uncertain utility interaction (net metering, utility ownership, and agreed standards)",context,49
subject-matter_mistral_49_b5,subject-matter_mistral,mistral,subject-matter,5,lack of pilot projects,context,49
subject-matter_mistral_49_b7,subject-matter_mistral,mistral,subject-matter,7,incompatibility of DC systems components,context,49
generalist_gemma3_49_b1,generalist_gemma3,gemma3,generalist,1,"power losses, quality and safety issues",context,49
generalist_gemma3_49_b3,generalist_gemma3,gemma3,generalist,3,lack of use-cases in which DC is advantageous,context,49
generalist_gemma3_49_b4,generalist_gemma3,gemma3,generalist,4,"uncertain utility interaction (net metering, utility ownership, and agreed standards)",context,49
generalist_gemma3_49_b8,generalist_gemma3,gemma3,generalist,8,misconception and lack of knowledge leads to lengthy/expensive design and permit process,context,49
generalist_gemma3_49_b10,generalist_gemma3,gemma3,generalist,10,uncertain regulatory roadmap,context,49
normative_gemma3_49_b1,normative_gemma3,gemma3,normative,1,"power losses, quality and safety issues",context,49
normative_gemma3_49_b5,normative_gemma3,gemma3,normative,5,lack of pilot projects,context,49
normative_gemma3_49_b4,normative_gemma3,gemma3,normative,4,"uncertain utility interaction (net metering, utility ownership, and agreed standards)",context,49
normative_gemma3_49_b8,normative_gemma3,gemma3,normative,8,misconception and lack of knowledge leads to lengthy/expensive design and permit process,context,49
normative_gemma3_49_b10,normative_gemma3,gemma3,normative,10,uncertain regulatory roadmap,context,49
subject-matter_gemma3_49_b1,subject-matter_gemma3,gemma3,subject-matter,1,"power losses, quality and safety issues",context,49
subject-matter_gemma3_49_b3,subject-matter_gemma3,gemma3,subject-matter,3,lack of use-cases in which DC is advantageous,context,49
subject-matter_gemma3_49_b4,subject-matter_gemma3,gemma3,subject-matter,4,"uncertain utility interaction (net metering, utility ownership, and agreed standards)",context,49
subject-matter_gemma3_49_b8,subject-matter_gemma3,gemma3,subject-matter,8,misconception and lack of knowledge leads to lengthy/expensive design and permit process,context,49
subject-matter_gemma3_49_b10,subject-matter_gemma3,gemma3,subject-matter,10,uncertain regulatory roadmap,context,49
generalist_phi4_49_b1,generalist_phi4,phi4,generalist,1,"power losses, quality and safety issues",context,49
generalist_phi4_49_b3,generalist_phi4,phi4,generalist,3,lack of use-cases in which DC is advantageous,context,49
generalist_phi4_49_b4,generalist_phi4,phi4,generalist,4,"uncertain utility interaction (net metering, utility ownership, and agreed standards)",context,49
generalist_phi4_49_b8,generalist_phi4,phi4,generalist,8,misconception and lack of knowledge leads to lengthy/expensive design and permit process,context,49
generalist_phi4_49_b10,generalist_phi4,phi4,generalist,10,uncertain regulatory roadmap,context,49
normative_phi4_49_b1,normative_phi4,phi4,normative,1,"power losses, quality and safety issues",context,49
normative_phi4_49_b3,normative_phi4,phi4,normative,3,lack of use-cases in which DC is advantageous,context,49
normative_phi4_49_b4,normative_phi4,phi4,normative,4,"uncertain utility interaction (net metering, utility ownership, and agreed standards)",context,49
normative_phi4_49_b5,normative_phi4,phi4,normative,5,lack of pilot projects,context,49
normative_phi4_49_b10,normative_phi4,phi4,normative,10,uncertain regulatory roadmap,context,49
subject-matter_phi4_49_b1,subject-matter_phi4,phi4,subject-matter,1,"power losses, quality and safety issues",context,49
subject-matter_phi4_49_b3,subject-matter_phi4,phi4,subject-matter,3,lack of use-cases in which DC is advantageous,context,49
subject-matter_phi4_49_b4,subject-matter_phi4,phi4,subject-matter,4,"uncertain utility interaction (net metering, utility ownership, and agreed standards)",context,49
subject-matter_phi4_49_b8,subject-matter_phi4,phi4,subject-matter,8,misconception and lack of knowledge leads to lengthy/expensive design and permit process,context,49
subject-matter_phi4_49_b10,subject-matter_phi4,phi4,subject-matter,10,uncertain regulatory roadmap,context,49
phi4_generalist_00_b1,phi4_generalist,phi4,generalist,1,"power losses, quality and safety issues",zeroshot,0
phi4_generalist_00_b3,phi4_generalist,phi4,generalist,3,lack of use-cases in which DC is advantageous,zeroshot,0
phi4_generalist_00_b4,phi4_generalist,phi4,generalist,4,"uncertain utility interaction (net metering, utility ownership, and agreed standards)",zeroshot,0
phi4_generalist_00_b8,phi4_generalist,phi4,generalist,8,misconception and lack of knowledge leads to lengthy/expensive design and permit process,zeroshot,0
phi4_generalist_00_b10,phi4_generalist,phi4,generalist,10,uncertain regulatory roadmap,zeroshot,0
phi4_normative_00_b1,phi4_normative,phi4,normative,1,"power losses, quality and safety issues",zeroshot,0
phi4_normative_00_b3,phi4_normative,phi4,normative,3,lack of use-cases in which DC is advantageous,zeroshot,0
phi4_normative_00_b4,phi4_normative,phi4,normative,4,"uncertain utility interaction (net metering, utility ownership, and agreed standards)",zeroshot,0
phi4_normative_00_b5,phi4_normative,phi4,normative,5,lack of pilot projects,zeroshot,0
phi4_normative_00_b10,phi4_normative,phi4,normative,10,uncertain regulatory roadmap,zeroshot,0
phi4_subject-matter_00_b1,phi4_subject-matter,phi4,subject-matter,1,"power losses, quality and safety issues",zeroshot,0
phi4_subject-matter_00_b3,phi4_subject-matter,phi4,subject-matter,3,lack of use-cases in which DC is advantageous,zeroshot,0
phi4_subject-matter_00_b4,phi4_subject-matter,phi4,subject-matter,4,"uncertain utility interaction (net metering, utility ownership, and agreed standards)",zeroshot,0
phi4_subject-matter_00_b5,phi4_subject-matter,phi4,subject-matter,5,lack of pilot projects,zeroshot,0
phi4_subject-matter_00_b10,phi4_subject-matter,phi4,subject-matter,10,uncertain regulatory roadmap,zeroshot,0
gemma3_generalist_00_b1,gemma3_generalist,gemma3,generalist,1,"power losses, quality and safety issues",zeroshot,0
gemma3_generalist_00_b5,gemma3_generalist,gemma3,generalist,5,lack of pilot projects,zeroshot,0
gemma3_generalist_00_b6,gemma3_generalist,gemma3,generalist,6,public perception of DC and readiness to 'champion' installations from DC projects,zeroshot,0
gemma3_generalist_00_b9,gemma3_generalist,gemma3,generalist,9,lack of enough trained personnel in DC systems,zeroshot,0
gemma3_generalist_00_b11,gemma3_generalist,gemma3,generalist,11,high costs of DC solutions,zeroshot,0
gemma3_normative_00_b1,gemma3_normative,gemma3,normative,1,"power losses, quality and safety issues",zeroshot,0
gemma3_normative_00_b4,gemma3_normative,gemma3,normative,4,"uncertain utility interaction (net metering, utility ownership, and agreed standards)",zeroshot,0
gemma3_normative_00_b8,gemma3_normative,gemma3,normative,8,misconception and lack of knowledge leads to lengthy/expensive design and permit process,zeroshot,0
gemma3_normative_00_b9,gemma3_normative,gemma3,normative,9,lack of enough trained personnel in DC systems,zeroshot,0
gemma3_normative_00_b11,gemma3_normative,gemma3,normative,11,high costs of DC solutions,zeroshot,0
gemma3_subject-matter_00_b1,gemma3_subject-matter,gemma3,subject-matter,1,"power losses, quality and safety issues",zeroshot,0
gemma3_subject-matter_00_b5,gemma3_subject-matter,gemma3,subject-matter,5,lack of pilot projects,zeroshot,0
gemma3_subject-matter_00_b4,gemma3_subject-matter,gemma3,subject-matter,4,"uncertain utility interaction (net metering, utility ownership, and agreed standards)",zeroshot,0
gemma3_subject-matter_00_b8,gemma3_subject-matter,gemma3,subject-matter,8,misconception and lack of knowledge leads to lengthy/expensive design and permit process,zeroshot,0
gemma3_subject-matter_00_b10,gemma3_subject-matter,gemma3,subject-matter,10,uncertain regulatory roadmap,zeroshot,0
llama_generalist_00_b1,llama_generalist,llama,generalist,1,"power losses, quality and safety issues",zeroshot,0
llama_generalist_00_b3,llama_generalist,llama,generalist,3,lack of use-cases in which DC is advantageous,zeroshot,0
llama_generalist_00_b4,llama_generalist,llama,generalist,4,"uncertain utility interaction (net metering, utility ownership, and agreed standards)",zeroshot,0
llama_generalist_00_b5,llama_generalist,llama,generalist,5,lack of pilot projects,zeroshot,0
llama_generalist_00_b6,llama_generalist,llama,generalist,6,public perception of DC and readiness to 'champion' installations from DC projects,zeroshot,0
llama_normative_00_b1,llama_normative,llama,normative,1,"power losses, quality and safety issues",zeroshot,0
llama_normative_00_b2,llama_normative,llama,normative,2,reduced reliability in DC devices,zeroshot,0
llama_normative_00_b3,llama_normative,llama,normative,3,lack of use-cases in which DC is advantageous,zeroshot,0
llama_normative_00_b4,llama_normative,llama,normative,4,"uncertain utility interaction (net metering, utility ownership, and agreed standards)",zeroshot,0
llama_normative_00_b5,llama_normative,llama,normative,5,lack of pilot projects,zeroshot,0
llama_subject-matter_00_b1,llama_subject-matter,llama,subject-matter,1,"power losses, quality and safety issues",zeroshot,0
llama_subject-matter_00_b3,llama_subject-matter,llama,subject-matter,3,lack of use-cases in which DC is advantageous,zeroshot,0
llama_subject-matter_00_b4,llama_subject-matter,llama,subject-matter,4,"uncertain utility interaction (net metering, utility ownership, and agreed standards)",zeroshot,0
llama_subject-matter_00_b5,llama_subject-matter,llama,subject-matter,5,lack of pilot projects,zeroshot,0
llama_subject-matter_00_b6,llama_subject-matter,llama,subject-matter,6,public perception of DC and readiness to 'champion' installations from DC projects,zeroshot,0
mistral_generalist_00_b1,mistral_generalist,mistral,generalist,1,"power losses, quality and safety issues",zeroshot,0
mistral_generalist_00_b2,mistral_generalist,mistral,generalist,2,reduced reliability in DC devices,zeroshot,0
mistral_generalist_00_b3,mistral_generalist,mistral,generalist,3,lack of use-cases in which DC is advantageous,zeroshot,0
mistral_generalist_00_b4,mistral_generalist,mistral,generalist,4,"uncertain utility interaction (net metering, utility ownership, and agreed standards)",zeroshot,0
mistral_generalist_00_b5,mistral_generalist,mistral,generalist,5,lack of pilot projects,zeroshot,0
mistral_normative_00_b1,mistral_normative,mistral,normative,1,"power losses, quality and safety issues",zeroshot,0
mistral_normative_00_b2,mistral_normative,mistral,normative,2,reduced reliability in DC devices,zeroshot,0
mistral_normative_00_b4,mistral_normative,mistral,normative,4,"uncertain utility interaction (net metering, utility ownership, and agreed standards)",zeroshot,0
mistral_normative_00_b5,mistral_normative,mistral,normative,5,lack of pilot projects,zeroshot,0
mistral_normative_00_b11,mistral_normative,mistral,normative,11,high costs of DC solutions,zeroshot,0
mistral_subject-matter_00_b1,mistral_subject-matter,mistral,subject-matter,1,"power losses, quality and safety issues",zeroshot,0
mistral_subject-matter_00_b2,mistral_subject-matter,mistral,subject-matter,2,reduced reliability in DC devices,zeroshot,0
mistral_subject-matter_00_b4,mistral_subject-matter,mistral,subject-matter,4,"uncertain utility interaction (net metering, utility ownership, and agreed standards)",zeroshot,0
mistral_subject-matter_00_b5,mistral_subject-matter,mistral,subject-matter,5,lack of pilot projects,zeroshot,0
mistral_subject-matter_00_b10,mistral_subject-matter,mistral,subject-matter,10,uncertain regulatory roadmap,zeroshot,0
phi4_generalist_01_b1,phi4_generalist,phi4,generalist,1,"power losses, quality and safety issues",zeroshot,1
phi4_generalist_01_b3,phi4_generalist,phi4,generalist,3,lack of use-cases in which DC is advantageous,zeroshot,1
phi4_generalist_01_b4,phi4_generalist,phi4,generalist,4,"uncertain utility interaction (net metering, utility ownership, and agreed standards)",zeroshot,1
phi4_generalist_01_b5,phi4_generalist,phi4,generalist,5,lack of pilot projects,zeroshot,1
phi4_generalist_01_b10,phi4_generalist,phi4,generalist,10,uncertain regulatory roadmap,zeroshot,1
phi4_normative_01_b1,phi4_normative,phi4,normative,1,"power losses, quality and safety issues",zeroshot,1
phi4_normative_01_b2,phi4_normative,phi4,normative,2,reduced reliability in DC devices,zeroshot,1
phi4_normative_01_b3,phi4_normative,phi4,normative,3,lack of use-cases in which DC is advantageous,zeroshot,1
phi4_normative_01_b4,phi4_normative,phi4,normative,4,"uncertain utility interaction (net metering, utility ownership, and agreed standards)",zeroshot,1
phi4_normative_01_b5,phi4_normative,phi4,normative,5,lack of pilot projects,zeroshot,1
phi4_subject-matter_01_b1,phi4_subject-matter,phi4,subject-matter,1,"power losses, quality and safety issues",zeroshot,1
phi4_subject-matter_01_b2,phi4_subject-matter,phi4,subject-matter,2,reduced reliability in DC devices,zeroshot,1
phi4_subject-matter_01_b3,phi4_subject-matter,phi4,subject-matter,3,lack of use-cases in which DC is advantageous,zeroshot,1
phi4_subject-matter_01_b4,phi4_subject-matter,phi4,subject-matter,4,"uncertain utility interaction (net metering, utility ownership, and agreed standards)",zeroshot,1
phi4_subject-matter_01_b5,phi4_subject-matter,phi4,subject-matter,5,lack of pilot projects,zeroshot,1
gemma3_generalist_01_b1,gemma3_generalist,gemma3,generalist,1,"power losses, quality and safety issues",zeroshot,1
gemma3_generalist_01_b5,gemma3_generalist,gemma3,generalist,5,lack of pilot projects,zeroshot,1
gemma3_generalist_01_b6,gemma3_generalist,gemma3,generalist,6,public perception of DC and readiness to 'champion' installations from DC projects,zeroshot,1
gemma3_generalist_01_b8,gemma3_generalist,gemma3,generalist,8,misconception and lack of knowledge leads to lengthy/expensive design and permit process,zeroshot,1
gemma3_generalist_01_b11,gemma3_generalist,gemma3,generalist,11,high costs of DC solutions,zeroshot,1
gemma3_normative_01_b1,gemma3_normative,gemma3,normative,1,"power losses, quality and safety issues",zeroshot,1
gemma3_normative_01_b4,gemma3_normative,gemma3,normative,4,"uncertain utility interaction (net metering, utility ownership, and agreed standards)",zeroshot,1
gemma3_normative_01_b8,gemma3_normative,gemma3,normative,8,misconception and lack of knowledge leads to lengthy/expensive design and permit process,zeroshot,1
gemma3_normative_01_b9,gemma3_normative,gemma3,normative,9,lack of enough trained personnel in DC systems,zeroshot,1
gemma3_normative_01_b11,gemma3_normative,gemma3,normative,11,high costs of DC solutions,zeroshot,1
gemma3_subject-matter_01_b1,gemma3_subject-matter,gemma3,subject-matter,1,"power losses, quality and safety issues",zeroshot,1
gemma3_subject-matter_01_b5,gemma3_subject-matter,gemma3,subject-matter,5,lack of pilot projects,zeroshot,1
gemma3_subject-matter_01_b6,gemma3_subject-matter,gemma3,subject-matter,6,public perception of DC and readiness to 'champion' installations from DC projects,zeroshot,1
gemma3_subject-matter_01_b9,gemma3_subject-matter,gemma3,subject-matter,9,lack of enough trained personnel in DC systems,zeroshot,1
gemma3_subject-matter_01_b10,gemma3_subject-matter,gemma3,subject-matter,10,uncertain regulatory roadmap,zeroshot,1
llama_generalist_01_b3,llama_generalist,llama,generalist,3,lack of use-cases in which DC is advantageous,zeroshot,1
llama_generalist_01_b4,llama_generalist,llama,generalist,4,"uncertain utility interaction (net metering, utility ownership, and agreed standards)",zeroshot,1
llama_generalist_01_b7,llama_generalist,llama,generalist,7,incompatibility of DC systems components,zeroshot,1
llama_generalist_01_b8,llama_generalist,llama,generalist,8,misconception and lack of knowledge leads to lengthy/expensive design and permit process,zeroshot,1
llama_generalist_01_b9,llama_generalist,llama,generalist,9,lack of enough trained personnel in DC systems,zeroshot,1
llama_normative_01_b1,llama_normative,llama,normative,1,"power losses, quality and safety issues",zeroshot,1
llama_normative_01_b2,llama_normative,llama,normative,2,reduced reliability in DC devices,zeroshot,1
llama_normative_01_b3,llama_normative,llama,normative,3,lack of use-cases in which DC is advantageous,zeroshot,1
llama_normative_01_b4,llama_normative,llama,normative,4,"uncertain utility interaction (net metering, utility ownership, and agreed standards)",zeroshot,1
llama_normative_01_b5,llama_normative,llama,normative,5,lack of pilot projects,zeroshot,1
llama_subject-matter_01_b1,llama_subject-matter,llama,subject-matter,1,"power losses, quality and safety issues",zeroshot,1
llama_subject-matter_01_b4,llama_subject-matter,llama,subject-matter,4,"uncertain utility interaction (net metering, utility ownership, and agreed standards)",zeroshot,1
llama_subject-matter_01_b3,llama_subject-matter,llama,subject-matter,3,lack of use-cases in which DC is advantageous,zeroshot,1
llama_subject-matter_01_b7,llama_subject-matter,llama,subject-matter,7,incompatibility of DC systems components,zeroshot,1
llama_subject-matter_01_b6,llama_subject-matter,llama,subject-matter,6,public perception of DC and readiness to 'champion' installations from DC projects,zeroshot,1
mistral_generalist_01_b1,mistral_generalist,mistral,generalist,1,"power losses, quality and safety issues",zeroshot,1
mistral_generalist_01_b2,mistral_generalist,mistral,generalist,2,reduced reliability in DC devices,zeroshot,1
mistral_generalist_01_b3,mistral_generalist,mistral,generalist,3,lack of use-cases in which DC is advantageous,zeroshot,1
mistral_generalist_01_b4,mistral_generalist,mistral,generalist,4,"uncertain utility interaction (net metering, utility ownership, and agreed standards)",zeroshot,1
mistral_generalist_01_b5,mistral_generalist,mistral,generalist,5,lack of pilot projects,zeroshot,1
mistral_normative_01_b1,mistral_normative,mistral,normative,1,"power losses, quality and safety issues",zeroshot,1
mistral_normative_01_b2,mistral_normative,mistral,normative,2,reduced reliability in DC devices,zeroshot,1
mistral_normative_01_b4,mistral_normative,mistral,normative,4,"uncertain utility interaction (net metering, utility ownership, and agreed standards)",zeroshot,1
mistral_normative_01_b5,mistral_normative,mistral,normative,5,lack of pilot projects,zeroshot,1
mistral_normative_01_b11,mistral_normative,mistral,normative,11,high costs of DC solutions,zeroshot,1
mistral_subject-matter_01_b1,mistral_subject-matter,mistral,subject-matter,1,"power losses, quality and safety issues",zeroshot,1
mistral_subject-matter_01_b2,mistral_subject-matter,mistral,subject-matter,2,reduced reliability in DC devices,zeroshot,1
mistral_subject-matter_01_b4,mistral_subject-matter,mistral,subject-matter,4,"uncertain utility interaction (net metering, utility ownership, and agreed standards)",zeroshot,1
mistral_subject-matter_01_b5,mistral_subject-matter,mistral,subject-matter,5,lack of pilot projects,zeroshot,1
mistral_subject-matter_01_b7,mistral_subject-matter,mistral,subject-matter,7,incompatibility of DC systems components,zeroshot,1
phi4_generalist_02_b1,phi4_generalist,phi4,generalist,1,"power losses, quality and safety issues",zeroshot,2
phi4_generalist_02_b3,phi4_generalist,phi4,generalist,3,lack of use-cases in which DC is advantageous,zeroshot,2
phi4_generalist_02_b4,phi4_generalist,phi4,generalist,4,"uncertain utility interaction (net metering, utility ownership, and agreed standards)",zeroshot,2
phi4_generalist_02_b5,phi4_generalist,phi4,generalist,5,lack of pilot projects,zeroshot,2
phi4_generalist_02_b10,phi4_generalist,phi4,generalist,10,uncertain regulatory roadmap,zeroshot,2
phi4_normative_02_b1,phi4_normative,phi4,normative,1,"power losses, quality and safety issues",zeroshot,2
phi4_normative_02_b4,phi4_normative,phi4,normative,4,"uncertain utility interaction (net metering, utility ownership, and agreed standards)",zeroshot,2
phi4_normative_02_b6,phi4_normative,phi4,normative,6,public perception of DC and readiness to 'champion' installations from DC projects,zeroshot,2
phi4_normative_02_b8,phi4_normative,phi4,normative,8,misconception and lack of knowledge leads to lengthy/expensive design and permit process,zeroshot,2
phi4_normative_02_b10,phi4_normative,phi4,normative,10,uncertain regulatory roadmap,zeroshot,2
phi4_subject-matter_02_b1,phi4_subject-matter,phi4,subject-matter,1,"power losses, quality and safety issues",zeroshot,2
phi4_subject-matter_02_b4,phi4_subject-matter,phi4,subject-matter,4,"uncertain utility interaction (net metering, utility ownership, and agreed standards)",zeroshot,2
phi4_subject-matter_02_b5,phi4_subject-matter,phi4,subject-matter,5,lack of pilot projects,zeroshot,2
phi4_subject-matter_02_b9,phi4_subject-matter,phi4,subject-matter,9,lack of enough trained personnel in DC systems,zeroshot,2
phi4_subject-matter_02_b10,phi4_subject-matter,phi4,subject-matter,10,uncertain regulatory roadmap,zeroshot,2
gemma3_generalist_02_b1,gemma3_generalist,gemma3,generalist,1,"power losses, quality and safety issues",zeroshot,2
gemma3_generalist_02_b5,gemma3_generalist,gemma3,generalist,5,lack of pilot projects,zeroshot,2
gemma3_generalist_02_b6,gemma3_generalist,gemma3,generalist,6,public perception of DC and readiness to 'champion' installations from DC projects,zeroshot,2
gemma3_generalist_02_b9,gemma3_generalist,gemma3,generalist,9,lack of enough trained personnel in DC systems,zeroshot,2
gemma3_generalist_02_b11,gemma3_generalist,gemma3,generalist,11,high costs of DC solutions,zeroshot,2
gemma3_normative_02_b1,gemma3_normative,gemma3,normative,1,"power losses, quality and safety issues",zeroshot,2
gemma3_normative_02_b4,gemma3_normative,gemma3,normative,4,"uncertain utility interaction (net metering, utility ownership, and agreed standards)",zeroshot,2
gemma3_normative_02_b8,gemma3_normative,gemma3,normative,8,misconception and lack of knowledge leads to lengthy/expensive design and permit process,zeroshot,2
gemma3_normative_02_b9,gemma3_normative,gemma3,normative,9,lack of enough trained personnel in DC systems,zeroshot,2
gemma3_normative_02_b11,gemma3_normative,gemma3,normative,11,high costs of DC solutions,zeroshot,2
gemma3_subject-matter_02_b1,gemma3_subject-matter,gemma3,subject-matter,1,"power losses, quality and safety issues",zeroshot,2
gemma3_subject-matter_02_b4,gemma3_subject-matter,gemma3,subject-matter,4,"uncertain utility interaction (net metering, utility ownership, and agreed standards)",zeroshot,2
gemma3_subject-matter_02_b8,gemma3_subject-matter,gemma3,subject-matter,8,misconception and lack of knowledge leads to lengthy/expensive design and permit process,zeroshot,2
gemma3_subject-matter_02_b9,gemma3_subject-matter,gemma3,subject-matter,9,lack of enough trained personnel in DC systems,zeroshot,2
gemma3_subject-matter_02_b11,gemma3_subject-matter,gemma3,subject-matter,11,high costs of DC solutions,zeroshot,2
llama_generalist_02_b1,llama_generalist,llama,generalist,1,"power losses, quality and safety issues",zeroshot,2
llama_generalist_02_b3,llama_generalist,llama,generalist,3,lack of use-cases in which DC is advantageous,zeroshot,2
llama_generalist_02_b4,llama_generalist,llama,generalist,4,"uncertain utility interaction (net metering, utility ownership, and agreed standards)",zeroshot,2
llama_generalist_02_b5,llama_generalist,llama,generalist,5,lack of pilot projects,zeroshot,2
llama_generalist_02_b6,llama_generalist,llama,generalist,6,public perception of DC and readiness to 'champion' installations from DC projects,zeroshot,2
llama_normative_02_b1,llama_normative,llama,normative,1,"power losses, quality and safety issues",zeroshot,2
llama_normative_02_b4,llama_normative,llama,normative,4,"uncertain utility interaction (net metering, utility ownership, and agreed standards)",zeroshot,2
llama_normative_02_b3,llama_normative,llama,normative,3,lack of use-cases in which DC is advantageous,zeroshot,2
llama_normative_02_b6,llama_normative,llama,normative,6,public perception of DC and readiness to 'champion' installations from DC projects,zeroshot,2
llama_normative_02_b7,llama_normative,llama,normative,7,incompatibility of DC systems components,zeroshot,2
llama_subject-matter_02_b1,llama_subject-matter,llama,subject-matter,1,"power losses, quality and safety issues",zeroshot,2
llama_subject-matter_02_b4,llama_subject-matter,llama,subject-matter,4,"uncertain utility interaction (net metering, utility ownership, and agreed standards)",zeroshot,2
llama_subject-matter_02_b3,llama_subject-matter,llama,subject-matter,3,lack of use-cases in which DC is advantageous,zeroshot,2
llama_subject-matter_02_b6,llama_subject-matter,llama,subject-matter,6,public perception of DC and readiness to 'champion' installations from DC projects,zeroshot,2
llama_subject-matter_02_b7,llama_subject-matter,llama,subject-matter,7,incompatibility of DC systems components,zeroshot,2
mistral_generalist_02_b1,mistral_generalist,mistral,generalist,1,"power losses, quality and safety issues",zeroshot,2
mistral_generalist_02_b4,mistral_generalist,mistral,generalist,4,"uncertain utility interaction (net metering, utility ownership, and agreed standards)",zeroshot,2
mistral_generalist_02_b5,mistral_generalist,mistral,generalist,5,lack of pilot projects,zeroshot,2
mistral_generalist_02_b7,mistral_generalist,mistral,generalist,7,incompatibility of DC systems components,zeroshot,2
mistral_generalist_02_b11,mistral_generalist,mistral,generalist,11,high costs of DC solutions,zeroshot,2
mistral_normative_02_b1,mistral_normative,mistral,normative,1,"power losses, quality and safety issues",zeroshot,2
mistral_normative_02_b4,mistral_normative,mistral,normative,4,"uncertain utility interaction (net metering, utility ownership, and agreed standards)",zeroshot,2
mistral_normative_02_b5,mistral_normative,mistral,normative,5,lack of pilot projects,zeroshot,2
mistral_normative_02_b8,mistral_normative,mistral,normative,8,misconception and lack of knowledge leads to lengthy/expensive design and permit process,zeroshot,2
mistral_normative_02_b10,mistral_normative,mistral,normative,10,uncertain regulatory roadmap,zeroshot,2
mistral_subject-matter_02_b1,mistral_subject-matter,mistral,subject-matter,1,"power losses, quality and safety issues",zeroshot,2
mistral_subject-matter_02_b2,mistral_subject-matter,mistral,subject-matter,2,reduced reliability in DC devices,zeroshot,2
mistral_subject-matter_02_b4,mistral_subject-matter,mistral,subject-matter,4,"uncertain utility interaction (net metering, utility ownership, and agreed standards)",zeroshot,2
mistral_subject-matter_02_b5,mistral_subject-matter,mistral,subject-matter,5,lack of pilot projects,zeroshot,2
mistral_subject-matter_02_b10,mistral_subject-matter,mistral,subject-matter,10,uncertain regulatory roadmap,zeroshot,2
phi4_generalist_03_b1,phi4_generalist,phi4,generalist,1,"power losses, quality and safety issues",zeroshot,3
phi4_generalist_03_b3,phi4_generalist,phi4,generalist,3,lack of use-cases in which DC is advantageous,zeroshot,3
phi4_generalist_03_b4,phi4_generalist,phi4,generalist,4,"uncertain utility interaction (net metering, utility ownership, and agreed standards)",zeroshot,3
phi4_generalist_03_b5,phi4_generalist,phi4,generalist,5,lack of pilot projects,zeroshot,3
phi4_generalist_03_b10,phi4_generalist,phi4,generalist,10,uncertain regulatory roadmap,zeroshot,3
phi4_normative_03_b1,phi4_normative,phi4,normative,1,"power losses, quality and safety issues",zeroshot,3
phi4_normative_03_b4,phi4_normative,phi4,normative,4,"uncertain utility interaction (net metering, utility ownership, and agreed standards)",zeroshot,3
phi4_normative_03_b5,phi4_normative,phi4,normative,5,lack of pilot projects,zeroshot,3
phi4_normative_03_b8,phi4_normative,phi4,normative,8,misconception and lack of knowledge leads to lengthy/expensive design and permit process,zeroshot,3
phi4_normative_03_b10,phi4_normative,phi4,normative,10,uncertain regulatory roadmap,zeroshot,3
phi4_subject-matter_03_b1,phi4_subject-matter,phi4,subject-matter,1,"power losses, quality and safety issues",zeroshot,3
phi4_subject-matter_03_b4,phi4_subject-matter,phi4,subject-matter,4,"uncertain utility interaction (net metering, utility ownership, and agreed standards)",zeroshot,3
phi4_subject-matter_03_b5,phi4_subject-matter,phi4,subject-matter,5,lack of pilot projects,zeroshot,3
phi4_subject-matter_03_b8,phi4_subject-matter,phi4,subject-matter,8,misconception and lack of knowledge leads to lengthy/expensive design and permit process,zeroshot,3
phi4_subject-matter_03_b10,phi4_subject-matter,phi4,subject-matter,10,uncertain regulatory roadmap,zeroshot,3
gemma3_generalist_03_b1,gemma3_generalist,gemma3,generalist,1,"power losses, quality and safety issues",zeroshot,3
gemma3_generalist_03_b5,gemma3_generalist,gemma3,generalist,5,lack of pilot projects,zeroshot,3
gemma3_generalist_03_b6,gemma3_generalist,gemma3,generalist,6,public perception of DC and readiness to 'champion' installations from DC projects,zeroshot,3
gemma3_generalist_03_b8,gemma3_generalist,gemma3,generalist,8,misconception and lack of knowledge leads to lengthy/expensive design and permit process,zeroshot,3
gemma3_generalist_03_b11,gemma3_generalist,gemma3,generalist,11,high costs of DC solutions,zeroshot,3
gemma3_normative_03_b1,gemma3_normative,gemma3,normative,1,"power losses, quality and safety issues",zeroshot,3
gemma3_normative_03_b4,gemma3_normative,gemma3,normative,4,"uncertain utility interaction (net metering, utility ownership, and agreed standards)",zeroshot,3
gemma3_normative_03_b8,gemma3_normative,gemma3,normative,8,misconception and lack of knowledge leads to lengthy/expensive design and permit process,zeroshot,3
gemma3_normative_03_b9,gemma3_normative,gemma3,normative,9,lack of enough trained personnel in DC systems,zeroshot,3
gemma3_normative_03_b11,gemma3_normative,gemma3,normative,11,high costs of DC solutions,zeroshot,3
gemma3_subject-matter_03_b1,gemma3_subject-matter,gemma3,subject-matter,1,"power losses, quality and safety issues",zeroshot,3
gemma3_subject-matter_03_b5,gemma3_subject-matter,gemma3,subject-matter,5,lack of pilot projects,zeroshot,3
gemma3_subject-matter_03_b6,gemma3_subject-matter,gemma3,subject-matter,6,public perception of DC and readiness to 'champion' installations from DC projects,zeroshot,3
gemma3_subject-matter_03_b8,gemma3_subject-matter,gemma3,subject-matter,8,misconception and lack of knowledge leads to lengthy/expensive design and permit process,zeroshot,3
gemma3_subject-matter_03_b10,gemma3_subject-matter,gemma3,subject-matter,10,uncertain regulatory roadmap,zeroshot,3
llama_generalist_03_b1,llama_generalist,llama,generalist,1,"power losses, quality and safety issues",zeroshot,3
llama_generalist_03_b2,llama_generalist,llama,generalist,2,reduced reliability in DC devices,zeroshot,3
llama_generalist_03_b3,llama_generalist,llama,generalist,3,lack of use-cases in which DC is advantageous,zeroshot,3
llama_generalist_03_b4,llama_generalist,llama,generalist,4,"uncertain utility interaction (net metering, utility ownership, and agreed standards)",zeroshot,3
llama_generalist_03_b5,llama_generalist,llama,generalist,5,lack of pilot projects,zeroshot,3
llama_normative_03_b1,llama_normative,llama,normative,1,"power losses, quality and safety issues",zeroshot,3
llama_normative_03_b3,llama_normative,llama,normative,3,lack of use-cases in which DC is advantageous,zeroshot,3
llama_normative_03_b4,llama_normative,llama,normative,4,"uncertain utility interaction (net metering, utility ownership, and agreed standards)",zeroshot,3
llama_normative_03_b6,llama_normative,llama,normative,6,public perception of DC and readiness to 'champion' installations from DC projects,zeroshot,3
llama_normative_03_b7,llama_normative,llama,normative,7,incompatibility of DC systems components,zeroshot,3
llama_subject-matter_03_b3,llama_subject-matter,llama,subject-matter,3,lack of use-cases in which DC is advantageous,zeroshot,3
llama_subject-matter_03_b1,llama_subject-matter,llama,subject-matter,1,"power losses, quality and safety issues",zeroshot,3
llama_subject-matter_03_b7,llama_subject-matter,llama,subject-matter,7,incompatibility of DC systems components,zeroshot,3
llama_subject-matter_03_b4,llama_subject-matter,llama,subject-matter,4,"uncertain utility interaction (net metering, utility ownership, and agreed standards)",zeroshot,3
llama_subject-matter_03_b11,llama_subject-matter,llama,subject-matter,11,high costs of DC solutions,zeroshot,3
mistral_generalist_03_b1,mistral_generalist,mistral,generalist,1,"power losses, quality and safety issues",zeroshot,3
mistral_generalist_03_b2,mistral_generalist,mistral,generalist,2,reduced reliability in DC devices,zeroshot,3
mistral_generalist_03_b4,mistral_generalist,mistral,generalist,4,"uncertain utility interaction (net metering, utility ownership, and agreed standards)",zeroshot,3
mistral_generalist_03_b5,mistral_generalist,mistral,generalist,5,lack of pilot projects,zeroshot,3
mistral_generalist_03_b6,mistral_generalist,mistral,generalist,6,public perception of DC and readiness to 'champion' installations from DC projects,zeroshot,3
mistral_normative_03_b1,mistral_normative,mistral,normative,1,"power losses, quality and safety issues",zeroshot,3
mistral_normative_03_b2,mistral_normative,mistral,normative,2,reduced reliability in DC devices,zeroshot,3
mistral_normative_03_b3,mistral_normative,mistral,normative,3,lack of use-cases in which DC is advantageous,zeroshot,3
mistral_normative_03_b4,mistral_normative,mistral,normative,4,"uncertain utility interaction (net metering, utility ownership, and agreed standards)",zeroshot,3
mistral_normative_03_b11,mistral_normative,mistral,normative,11,high costs of DC solutions,zeroshot,3
mistral_subject-matter_03_b1,mistral_subject-matter,mistral,subject-matter,1,"power losses, quality and safety issues",zeroshot,3
mistral_subject-matter_03_b2,mistral_subject-matter,mistral,subject-matter,2,reduced reliability in DC devices,zeroshot,3
mistral_subject-matter_03_b4,mistral_subject-matter,mistral,subject-matter,4,"uncertain utility interaction (net metering, utility ownership, and agreed standards)",zeroshot,3
mistral_subject-matter_03_b5,mistral_subject-matter,mistral,subject-matter,5,lack of pilot projects,zeroshot,3
mistral_subject-matter_03_b7,mistral_subject-matter,mistral,subject-matter,7,incompatibility of DC systems components,zeroshot,3
phi4_generalist_04_b1,phi4_generalist,phi4,generalist,1,"power losses, quality and safety issues",zeroshot,4
phi4_generalist_04_b3,phi4_generalist,phi4,generalist,3,lack of use-cases in which DC is advantageous,zeroshot,4
phi4_generalist_04_b4,phi4_generalist,phi4,generalist,4,"uncertain utility interaction (net metering, utility ownership, and agreed standards)",zeroshot,4
phi4_generalist_04_b5,phi4_generalist,phi4,generalist,5,lack of pilot projects,zeroshot,4
phi4_generalist_04_b10,phi4_generalist,phi4,generalist,10,uncertain regulatory roadmap,zeroshot,4
phi4_normative_04_b1,phi4_normative,phi4,normative,1,"power losses, quality and safety issues",zeroshot,4
phi4_normative_04_b2,phi4_normative,phi4,normative,2,reduced reliability in DC devices,zeroshot,4
phi4_normative_04_b4,phi4_normative,phi4,normative,4,"uncertain utility interaction (net metering, utility ownership, and agreed standards)",zeroshot,4
phi4_normative_04_b8,phi4_normative,phi4,normative,8,misconception and lack of knowledge leads to lengthy/expensive design and permit process,zeroshot,4
phi4_normative_04_b10,phi4_normative,phi4,normative,10,uncertain regulatory roadmap,zeroshot,4
phi4_subject-matter_04_b1,phi4_subject-matter,phi4,subject-matter,1,"power losses, quality and safety issues",zeroshot,4
phi4_subject-matter_04_b4,phi4_subject-matter,phi4,subject-matter,4,"uncertain utility interaction (net metering, utility ownership, and agreed standards)",zeroshot,4
phi4_subject-matter_04_b5,phi4_subject-matter,phi4,subject-matter,5,lack of pilot projects,zeroshot,4
phi4_subject-matter_04_b9,phi4_subject-matter,phi4,subject-matter,9,lack of enough trained personnel in DC systems,zeroshot,4
phi4_subject-matter_04_b10,phi4_subject-matter,phi4,subject-matter,10,uncertain regulatory roadmap,zeroshot,4
gemma3_generalist_04_b1,gemma3_generalist,gemma3,generalist,1,"power losses, quality and safety issues",zeroshot,4
gemma3_generalist_04_b5,gemma3_generalist,gemma3,generalist,5,lack of pilot projects,zeroshot,4
gemma3_generalist_04_b6,gemma3_generalist,gemma3,generalist,6,public perception of DC and readiness to 'champion' installations from DC projects,zeroshot,4
gemma3_generalist_04_b8,gemma3_generalist,gemma3,generalist,8,misconception and lack of knowledge leads to lengthy/expensive design and permit process,zeroshot,4
gemma3_generalist_04_b11,gemma3_generalist,gemma3,generalist,11,high costs of DC solutions,zeroshot,4
gemma3_normative_04_b1,gemma3_normative,gemma3,normative,1,"power losses, quality and safety issues",zeroshot,4
gemma3_normative_04_b4,gemma3_normative,gemma3,normative,4,"uncertain utility interaction (net metering, utility ownership, and agreed standards)",zeroshot,4
gemma3_normative_04_b7,gemma3_normative,gemma3,normative,7,incompatibility of DC systems components,zeroshot,4
gemma3_normative_04_b8,gemma3_normative,gemma3,normative,8,misconception and lack of knowledge leads to lengthy/expensive design and permit process,zeroshot,4
gemma3_normative_04_b11,gemma3_normative,gemma3,normative,11,high costs of DC solutions,zeroshot,4
gemma3_subject-matter_04_b1,gemma3_subject-matter,gemma3,subject-matter,1,"power losses, quality and safety issues",zeroshot,4
gemma3_subject-matter_04_b5,gemma3_subject-matter,gemma3,subject-matter,5,lack of pilot projects,zeroshot,4
gemma3_subject-matter_04_b6,gemma3_subject-matter,gemma3,subject-matter,6,public perception of DC and readiness to 'champion' installations from DC projects,zeroshot,4
gemma3_subject-matter_04_b9,gemma3_subject-matter,gemma3,subject-matter,9,lack of enough trained personnel in DC systems,zeroshot,4
gemma3_subject-matter_04_b10,gemma3_subject-matter,gemma3,subject-matter,10,uncertain regulatory roadmap,zeroshot,4
llama_generalist_04_b1,llama_generalist,llama,generalist,1,"power losses, quality and safety issues",zeroshot,4
llama_generalist_04_b3,llama_generalist,llama,generalist,3,lack of use-cases in which DC is advantageous,zeroshot,4
llama_generalist_04_b4,llama_generalist,llama,generalist,4,"uncertain utility interaction (net metering, utility ownership, and agreed standards)",zeroshot,4
llama_generalist_04_b7,llama_generalist,llama,generalist,7,incompatibility of DC systems components,zeroshot,4
llama_generalist_04_b11,llama_generalist,llama,generalist,11,high costs of DC solutions,zeroshot,4
llama_normative_04_b3,llama_normative,llama,normative,3,lack of use-cases in which DC is advantageous,zeroshot,4
llama_normative_04_b4,llama_normative,llama,normative,4,"uncertain utility interaction (net metering, utility ownership, and agreed standards)",zeroshot,4
llama_normative_04_b11,llama_normative,llama,normative,11,high costs of DC solutions,zeroshot,4
llama_normative_04_b7,llama_normative,llama,normative,7,incompatibility of DC systems components,zeroshot,4
llama_normative_04_b8,llama_normative,llama,normative,8,misconception and lack of knowledge leads to lengthy/expensive design and permit process,zeroshot,4
llama_subject-matter_04_b1,llama_subject-matter,llama,subject-matter,1,"power losses, quality and safety issues",zeroshot,4
llama_subject-matter_04_b4,llama_subject-matter,llama,subject-matter,4,"uncertain utility interaction (net metering, utility ownership, and agreed standards)",zeroshot,4
llama_subject-matter_04_b3,llama_subject-matter,llama,subject-matter,3,lack of use-cases in which DC is advantageous,zeroshot,4
llama_subject-matter_04_b7,llama_subject-matter,llama,subject-matter,7,incompatibility of DC systems components,zeroshot,4
llama_subject-matter_04_b8,llama_subject-matter,llama,subject-matter,8,misconception and lack of knowledge leads to lengthy/expensive design and permit process,zeroshot,4
mistral_generalist_04_b1,mistral_generalist,mistral,generalist,1,"power losses, quality and safety issues",zeroshot,4
mistral_generalist_04_b2,mistral_generalist,mistral,generalist,2,reduced reliability in DC devices,zeroshot,4
mistral_generalist_04_b4,mistral_generalist,mistral,generalist,4,"uncertain utility interaction (net metering, utility ownership, and agreed standards)",zeroshot,4
mistral_generalist_04_b5,mistral_generalist,mistral,generalist,5,lack of pilot projects,zeroshot,4
mistral_generalist_04_b7,mistral_generalist,mistral,generalist,7,incompatibility of DC systems components,zeroshot,4
mistral_normative_04_b1,mistral_normative,mistral,normative,1,"power losses, quality and safety issues",zeroshot,4
mistral_normative_04_b2,mistral_normative,mistral,normative,2,reduced reliability in DC devices,zeroshot,4
mistral_normative_04_b3,mistral_normative,mistral,normative,3,lack of use-cases in which DC is advantageous,zeroshot,4
mistral_normative_04_b4,mistral_normative,mistral,normative,4,"uncertain utility interaction (net metering, utility ownership, and agreed standards)",zeroshot,4
mistral_normative_04_b5,mistral_normative,mistral,normative,5,lack of pilot projects,zeroshot,4
mistral_subject-matter_04_b1,mistral_subject-matter,mistral,subject-matter,1,"power losses, quality and safety issues",zeroshot,4
mistral_subject-matter_04_b4,mistral_subject-matter,mistral,subject-matter,4,"uncertain utility interaction (net metering, utility ownership, and agreed standards)",zeroshot,4
mistral_subject-matter_04_b5,mistral_subject-matter,mistral,subject-matter,5,lack of pilot projects,zeroshot,4
mistral_subject-matter_04_b7,mistral_subject-matter,mistral,subject-matter,7,incompatibility of DC systems components,zeroshot,4
mistral_subject-matter_04_b10,mistral_subject-matter,mistral,subject-matter,10,uncertain regulatory roadmap,zeroshot,4
phi4_generalist_05_b1,phi4_generalist,phi4,generalist,1,"power losses, quality and safety issues",zeroshot,5
phi4_generalist_05_b3,phi4_generalist,phi4,generalist,3,lack of use-cases in which DC is advantageous,zeroshot,5
phi4_generalist_05_b4,phi4_generalist,phi4,generalist,4,"uncertain utility interaction (net metering, utility ownership, and agreed standards)",zeroshot,5
phi4_generalist_05_b5,phi4_generalist,phi4,generalist,5,lack of pilot projects,zeroshot,5
phi4_generalist_05_b9,phi4_generalist,phi4,generalist,9,lack of enough trained personnel in DC systems,zeroshot,5
phi4_normative_05_b1,phi4_normative,phi4,normative,1,"power losses, quality and safety issues",zeroshot,5
phi4_normative_05_b3,phi4_normative,phi4,normative,3,lack of use-cases in which DC is advantageous,zeroshot,5
phi4_normative_05_b4,phi4_normative,phi4,normative,4,"uncertain utility interaction (net metering, utility ownership, and agreed standards)",zeroshot,5
phi4_normative_05_b8,phi4_normative,phi4,normative,8,misconception and lack of knowledge leads to lengthy/expensive design and permit process,zeroshot,5
phi4_normative_05_b10,phi4_normative,phi4,normative,10,uncertain regulatory roadmap,zeroshot,5
phi4_subject-matter_05_b1,phi4_subject-matter,phi4,subject-matter,1,"power losses, quality and safety issues",zeroshot,5
phi4_subject-matter_05_b4,phi4_subject-matter,phi4,subject-matter,4,"uncertain utility interaction (net metering, utility ownership, and agreed standards)",zeroshot,5
phi4_subject-matter_05_b5,phi4_subject-matter,phi4,subject-matter,5,lack of pilot projects,zeroshot,5
phi4_subject-matter_05_b8,phi4_subject-matter,phi4,subject-matter,8,misconception and lack of knowledge leads to lengthy/expensive design and permit process,zeroshot,5
phi4_subject-matter_05_b10,phi4_subject-matter,phi4,subject-matter,10,uncertain regulatory roadmap,zeroshot,5
gemma3_generalist_05_b1,gemma3_generalist,gemma3,generalist,1,"power losses, quality and safety issues",zeroshot,5
gemma3_generalist_05_b5,gemma3_generalist,gemma3,generalist,5,lack of pilot projects,zeroshot,5
gemma3_generalist_05_b6,gemma3_generalist,gemma3,generalist,6,public perception of DC and readiness to 'champion' installations from DC projects,zeroshot,5
gemma3_generalist_05_b8,gemma3_generalist,gemma3,generalist,8,misconception and lack of knowledge leads to lengthy/expensive design and permit process,zeroshot,5
gemma3_generalist_05_b11,gemma3_generalist,gemma3,generalist,11,high costs of DC solutions,zeroshot,5
gemma3_normative_05_b1,gemma3_normative,gemma3,normative,1,"power losses, quality and safety issues",zeroshot,5
gemma3_normative_05_b4,gemma3_normative,gemma3,normative,4,"uncertain utility interaction (net metering, utility ownership, and agreed standards)",zeroshot,5
gemma3_normative_05_b8,gemma3_normative,gemma3,normative,8,misconception and lack of knowledge leads to lengthy/expensive design and permit process,zeroshot,5
gemma3_normative_05_b9,gemma3_normative,gemma3,normative,9,lack of enough trained personnel in DC systems,zeroshot,5
gemma3_normative_05_b11,gemma3_normative,gemma3,normative,11,high costs of DC solutions,zeroshot,5
gemma3_subject-matter_05_b1,gemma3_subject-matter,gemma3,subject-matter,1,"power losses, quality and safety issues",zeroshot,5
gemma3_subject-matter_05_b5,gemma3_subject-matter,gemma3,subject-matter,5,lack of pilot projects,zeroshot,5
gemma3_subject-matter_05_b6,gemma3_subject-matter,gemma3,subject-matter,6,public perception of DC and readiness to 'champion' installations from DC projects,zeroshot,5
gemma3_subject-matter_05_b9,gemma3_subject-matter,gemma3,subject-matter,9,lack of enough trained personnel in DC systems,zeroshot,5
gemma3_subject-matter_05_b10,gemma3_subject-matter,gemma3,subject-matter,10,uncertain regulatory roadmap,zeroshot,5
llama_generalist_05_b3,llama_generalist,llama,generalist,3,lack of use-cases in which DC is advantageous,zeroshot,5
llama_generalist_05_b4,llama_generalist,llama,generalist,4,"uncertain utility interaction (net metering, utility ownership, and agreed standards)",zeroshot,5
llama_generalist_05_b7,llama_generalist,llama,generalist,7,incompatibility of DC systems components,zeroshot,5
llama_generalist_05_b8,llama_generalist,llama,generalist,8,misconception and lack of knowledge leads to lengthy/expensive design and permit process,zeroshot,5
llama_generalist_05_b9,llama_generalist,llama,generalist,9,lack of enough trained personnel in DC systems,zeroshot,5
llama_normative_05_b5,llama_normative,llama,normative,5,lack of pilot projects,zeroshot,5
llama_normative_05_b6,llama_normative,llama,normative,6,public perception of DC and readiness to 'champion' installations from DC projects,zeroshot,5
llama_normative_05_b7,llama_normative,llama,normative,7,incompatibility of DC systems components,zeroshot,5
llama_normative_05_b8,llama_normative,llama,normative,8,misconception and lack of knowledge leads to lengthy/expensive design and permit process,zeroshot,5
llama_normative_05_b9,llama_normative,llama,normative,9,lack of enough trained personnel in DC systems,zeroshot,5
llama_subject-matter_05_b1,llama_subject-matter,llama,subject-matter,1,"power losses, quality and safety issues",zeroshot,5
llama_subject-matter_05_b2,llama_subject-matter,llama,subject-matter,2,reduced reliability in DC devices,zeroshot,5
llama_subject-matter_05_b4,llama_subject-matter,llama,subject-matter,4,"uncertain utility interaction (net metering, utility ownership, and agreed standards)",zeroshot,5
llama_subject-matter_05_b3,llama_subject-matter,llama,subject-matter,3,lack of use-cases in which DC is advantageous,zeroshot,5
llama_subject-matter_05_b8,llama_subject-matter,llama,subject-matter,8,misconception and lack of knowledge leads to lengthy/expensive design and permit process,zeroshot,5
mistral_generalist_05_b1,mistral_generalist,mistral,generalist,1,"power losses, quality and safety issues",zeroshot,5
mistral_generalist_05_b2,mistral_generalist,mistral,generalist,2,reduced reliability in DC devices,zeroshot,5
mistral_generalist_05_b4,mistral_generalist,mistral,generalist,4,"uncertain utility interaction (net metering, utility ownership, and agreed standards)",zeroshot,5
mistral_generalist_05_b5,mistral_generalist,mistral,generalist,5,lack of pilot projects,zeroshot,5
mistral_generalist_05_b11,mistral_generalist,mistral,generalist,11,high costs of DC solutions,zeroshot,5
mistral_normative_05_b1,mistral_normative,mistral,normative,1,"power losses, quality and safety issues",zeroshot,5
mistral_normative_05_b2,mistral_normative,mistral,normative,2,reduced reliability in DC devices,zeroshot,5
mistral_normative_05_b4,mistral_normative,mistral,normative,4,"uncertain utility interaction (net metering, utility ownership, and agreed standards)",zeroshot,5
mistral_normative_05_b5,mistral_normative,mistral,normative,5,lack of pilot projects,zeroshot,5
mistral_normative_05_b10,mistral_normative,mistral,normative,10,uncertain regulatory roadmap,zeroshot,5
mistral_subject-matter_05_b1,mistral_subject-matter,mistral,subject-matter,1,"power losses, quality and safety issues",zeroshot,5
mistral_subject-matter_05_b4,mistral_subject-matter,mistral,subject-matter,4,"uncertain utility interaction (net metering, utility ownership, and agreed standards)",zeroshot,5
mistral_subject-matter_05_b5,mistral_subject-matter,mistral,subject-matter,5,lack of pilot projects,zeroshot,5
mistral_subject-matter_05_b7,mistral_subject-matter,mistral,subject-matter,7,incompatibility of DC systems components,zeroshot,5
mistral_subject-matter_05_b9,mistral_subject-matter,mistral,subject-matter,9,lack of enough trained personnel in DC systems,zeroshot,5
phi4_generalist_06_b1,phi4_generalist,phi4,generalist,1,"power losses, quality and safety issues",zeroshot,6
phi4_generalist_06_b3,phi4_generalist,phi4,generalist,3,lack of use-cases in which DC is advantageous,zeroshot,6
phi4_generalist_06_b4,phi4_generalist,phi4,generalist,4,"uncertain utility interaction (net metering, utility ownership, and agreed standards)",zeroshot,6
phi4_generalist_06_b5,phi4_generalist,phi4,generalist,5,lack of pilot projects,zeroshot,6
phi4_generalist_06_b9,phi4_generalist,phi4,generalist,9,lack of enough trained personnel in DC systems,zeroshot,6
phi4_normative_06_b1,phi4_normative,phi4,normative,1,"power losses, quality and safety issues",zeroshot,6
phi4_normative_06_b4,phi4_normative,phi4,normative,4,"uncertain utility interaction (net metering, utility ownership, and agreed standards)",zeroshot,6
phi4_normative_06_b6,phi4_normative,phi4,normative,6,public perception of DC and readiness to 'champion' installations from DC projects,zeroshot,6
phi4_normative_06_b9,phi4_normative,phi4,normative,9,lack of enough trained personnel in DC systems,zeroshot,6
phi4_normative_06_b10,phi4_normative,phi4,normative,10,uncertain regulatory roadmap,zeroshot,6
phi4_subject-matter_06_b1,phi4_subject-matter,phi4,subject-matter,1,"power losses, quality and safety issues",zeroshot,6
phi4_subject-matter_06_b2,phi4_subject-matter,phi4,subject-matter,2,reduced reliability in DC devices,zeroshot,6
phi4_subject-matter_06_b4,phi4_subject-matter,phi4,subject-matter,4,"uncertain utility interaction (net metering, utility ownership, and agreed standards)",zeroshot,6
phi4_subject-matter_06_b5,phi4_subject-matter,phi4,subject-matter,5,lack of pilot projects,zeroshot,6
phi4_subject-matter_06_b9,phi4_subject-matter,phi4,subject-matter,9,lack of enough trained personnel in DC systems,zeroshot,6
gemma3_generalist_06_b1,gemma3_generalist,gemma3,generalist,1,"power losses, quality and safety issues",zeroshot,6
gemma3_generalist_06_b5,gemma3_generalist,gemma3,generalist,5,lack of pilot projects,zeroshot,6
gemma3_generalist_06_b6,gemma3_generalist,gemma3,generalist,6,public perception of DC and readiness to 'champion' installations from DC projects,zeroshot,6
gemma3_generalist_06_b8,gemma3_generalist,gemma3,generalist,8,misconception and lack of knowledge leads to lengthy/expensive design and permit process,zeroshot,6
gemma3_generalist_06_b11,gemma3_generalist,gemma3,generalist,11,high costs of DC solutions,zeroshot,6
gemma3_normative_06_b1,gemma3_normative,gemma3,normative,1,"power losses, quality and safety issues",zeroshot,6
gemma3_normative_06_b4,gemma3_normative,gemma3,normative,4,"uncertain utility interaction (net metering, utility ownership, and agreed standards)",zeroshot,6
gemma3_normative_06_b8,gemma3_normative,gemma3,normative,8,misconception and lack of knowledge leads to lengthy/expensive design and permit process,zeroshot,6
gemma3_normative_06_b9,gemma3_normative,gemma3,normative,9,lack of enough trained personnel in DC systems,zeroshot,6
gemma3_normative_06_b11,gemma3_normative,gemma3,normative,11,high costs of DC solutions,zeroshot,6
gemma3_subject-matter_06_b1,gemma3_subject-matter,gemma3,subject-matter,1,"power losses, quality and safety issues",zeroshot,6
gemma3_subject-matter_06_b5,gemma3_subject-matter,gemma3,subject-matter,5,lack of pilot projects,zeroshot,6
gemma3_subject-matter_06_b6,gemma3_subject-matter,gemma3,subject-matter,6,public perception of DC and readiness to 'champion' installations from DC projects,zeroshot,6
gemma3_subject-matter_06_b4,gemma3_subject-matter,gemma3,subject-matter,4,"uncertain utility interaction (net metering, utility ownership, and agreed standards)",zeroshot,6
gemma3_subject-matter_06_b11,gemma3_subject-matter,gemma3,subject-matter,11,high costs of DC solutions,zeroshot,6
llama_generalist_06_b1,llama_generalist,llama,generalist,1,"power losses, quality and safety issues",zeroshot,6
llama_generalist_06_b3,llama_generalist,llama,generalist,3,lack of use-cases in which DC is advantageous,zeroshot,6
llama_generalist_06_b4,llama_generalist,llama,generalist,4,"uncertain utility interaction (net metering, utility ownership, and agreed standards)",zeroshot,6
llama_generalist_06_b5,llama_generalist,llama,generalist,5,lack of pilot projects,zeroshot,6
llama_generalist_06_b6,llama_generalist,llama,generalist,6,public perception of DC and readiness to 'champion' installations from DC projects,zeroshot,6
llama_normative_06_b1,llama_normative,llama,normative,1,"power losses, quality and safety issues",zeroshot,6
llama_normative_06_b7,llama_normative,llama,normative,7,incompatibility of DC systems components,zeroshot,6
llama_normative_06_b3,llama_normative,llama,normative,3,lack of use-cases in which DC is advantageous,zeroshot,6
llama_normative_06_b4,llama_normative,llama,normative,4,"uncertain utility interaction (net metering, utility ownership, and agreed standards)",zeroshot,6
llama_normative_06_b6,llama_normative,llama,normative,6,public perception of DC and readiness to 'champion' installations from DC projects,zeroshot,6
llama_subject-matter_06_b1,llama_subject-matter,llama,subject-matter,1,"power losses, quality and safety issues",zeroshot,6
llama_subject-matter_06_b3,llama_subject-matter,llama,subject-matter,3,lack of use-cases in which DC is advantageous,zeroshot,6
llama_subject-matter_06_b4,llama_subject-matter,llama,subject-matter,4,"uncertain utility interaction (net metering, utility ownership, and agreed standards)",zeroshot,6
llama_subject-matter_06_b7,llama_subject-matter,llama,subject-matter,7,incompatibility of DC systems components,zeroshot,6
llama_subject-matter_06_b8,llama_subject-matter,llama,subject-matter,8,misconception and lack of knowledge leads to lengthy/expensive design and permit process,zeroshot,6
mistral_generalist_06_b1,mistral_generalist,mistral,generalist,1,"power losses, quality and safety issues",zeroshot,6
mistral_generalist_06_b3,mistral_generalist,mistral,generalist,3,lack of use-cases in which DC is advantageous,zeroshot,6
mistral_generalist_06_b4,mistral_generalist,mistral,generalist,4,"uncertain utility interaction (net metering, utility ownership, and agreed standards)",zeroshot,6
mistral_generalist_06_b7,mistral_generalist,mistral,generalist,7,incompatibility of DC systems components,zeroshot,6
mistral_generalist_06_b11,mistral_generalist,mistral,generalist,11,high costs of DC solutions,zeroshot,6
mistral_normative_06_b1,mistral_normative,mistral,normative,1,"power losses, quality and safety issues",zeroshot,6
mistral_normative_06_b2,mistral_normative,mistral,normative,2,reduced reliability in DC devices,zeroshot,6
mistral_normative_06_b4,mistral_normative,mistral,normative,4,"uncertain utility interaction (net metering, utility ownership, and agreed standards)",zeroshot,6
mistral_normative_06_b5,mistral_normative,mistral,normative,5,lack of pilot projects,zeroshot,6
mistral_normative_06_b10,mistral_normative,mistral,normative,10,uncertain regulatory roadmap,zeroshot,6
mistral_subject-matter_06_b1,mistral_subject-matter,mistral,subject-matter,1,"power losses, quality and safety issues",zeroshot,6
mistral_subject-matter_06_b2,mistral_subject-matter,mistral,subject-matter,2,reduced reliability in DC devices,zeroshot,6
mistral_subject-matter_06_b4,mistral_subject-matter,mistral,subject-matter,4,"uncertain utility interaction (net metering, utility ownership, and agreed standards)",zeroshot,6
mistral_subject-matter_06_b5,mistral_subject-matter,mistral,subject-matter,5,lack of pilot projects,zeroshot,6
mistral_subject-matter_06_b10,mistral_subject-matter,mistral,subject-matter,10,uncertain regulatory roadmap,zeroshot,6
phi4_generalist_07_b1,phi4_generalist,phi4,generalist,1,"power losses, quality and safety issues",zeroshot,7
phi4_generalist_07_b4,phi4_generalist,phi4,generalist,4,"uncertain utility interaction (net metering, utility ownership, and agreed standards)",zeroshot,7
phi4_generalist_07_b5,phi4_generalist,phi4,generalist,5,lack of pilot projects,zeroshot,7
phi4_generalist_07_b9,phi4_generalist,phi4,generalist,9,lack of enough trained personnel in DC systems,zeroshot,7
phi4_generalist_07_b10,phi4_generalist,phi4,generalist,10,uncertain regulatory roadmap,zeroshot,7
phi4_normative_07_b1,phi4_normative,phi4,normative,1,"power losses, quality and safety issues",zeroshot,7
phi4_normative_07_b2,phi4_normative,phi4,normative,2,reduced reliability in DC devices,zeroshot,7
phi4_normative_07_b4,phi4_normative,phi4,normative,4,"uncertain utility interaction (net metering, utility ownership, and agreed standards)",zeroshot,7
phi4_normative_07_b5,phi4_normative,phi4,normative,5,lack of pilot projects,zeroshot,7
phi4_normative_07_b9,phi4_normative,phi4,normative,9,lack of enough trained personnel in DC systems,zeroshot,7
phi4_subject-matter_07_b1,phi4_subject-matter,phi4,subject-matter,1,"power losses, quality and safety issues",zeroshot,7
phi4_subject-matter_07_b2,phi4_subject-matter,phi4,subject-matter,2,reduced reliability in DC devices,zeroshot,7
phi4_subject-matter_07_b3,phi4_subject-matter,phi4,subject-matter,3,lack of use-cases in which DC is advantageous,zeroshot,7
phi4_subject-matter_07_b4,phi4_subject-matter,phi4,subject-matter,4,"uncertain utility interaction (net metering, utility ownership, and agreed standards)",zeroshot,7
phi4_subject-matter_07_b5,phi4_subject-matter,phi4,subject-matter,5,lack of pilot projects,zeroshot,7
gemma3_generalist_07_b1,gemma3_generalist,gemma3,generalist,1,"power losses, quality and safety issues",zeroshot,7
gemma3_generalist_07_b5,gemma3_generalist,gemma3,generalist,5,lack of pilot projects,zeroshot,7
gemma3_generalist_07_b6,gemma3_generalist,gemma3,generalist,6,public perception of DC and readiness to 'champion' installations from DC projects,zeroshot,7
gemma3_generalist_07_b9,gemma3_generalist,gemma3,generalist,9,lack of enough trained personnel in DC systems,zeroshot,7
gemma3_generalist_07_b11,gemma3_generalist,gemma3,generalist,11,high costs of DC solutions,zeroshot,7
gemma3_normative_07_b1,gemma3_normative,gemma3,normative,1,"power losses, quality and safety issues",zeroshot,7
gemma3_normative_07_b4,gemma3_normative,gemma3,normative,4,"uncertain utility interaction (net metering, utility ownership, and agreed standards)",zeroshot,7
gemma3_normative_07_b8,gemma3_normative,gemma3,normative,8,misconception and lack of knowledge leads to lengthy/expensive design and permit process,zeroshot,7
gemma3_normative_07_b9,gemma3_normative,gemma3,normative,9,lack of enough trained personnel in DC systems,zeroshot,7
gemma3_normative_07_b11,gemma3_normative,gemma3,normative,11,high costs of DC solutions,zeroshot,7
gemma3_subject-matter_07_b1,gemma3_subject-matter,gemma3,subject-matter,1,"power losses, quality and safety issues",zeroshot,7
gemma3_subject-matter_07_b4,gemma3_subject-matter,gemma3,subject-matter,4,"uncertain utility interaction (net metering, utility ownership, and agreed standards)",zeroshot,7
gemma3_subject-matter_07_b8,gemma3_subject-matter,gemma3,subject-matter,8,misconception and lack of knowledge leads to lengthy/expensive design and permit process,zeroshot,7
gemma3_subject-matter_07_b9,gemma3_subject-matter,gemma3,subject-matter,9,lack of enough trained personnel in DC systems,zeroshot,7
gemma3_subject-matter_07_b11,gemma3_subject-matter,gemma3,subject-matter,11,high costs of DC solutions,zeroshot,7
llama_generalist_07_b1,llama_generalist,llama,generalist,1,"power losses, quality and safety issues",zeroshot,7
llama_generalist_07_b2,llama_generalist,llama,generalist,2,reduced reliability in DC devices,zeroshot,7
llama_generalist_07_b3,llama_generalist,llama,generalist,3,lack of use-cases in which DC is advantageous,zeroshot,7
llama_generalist_07_b4,llama_generalist,llama,generalist,4,"uncertain utility interaction (net metering, utility ownership, and agreed standards)",zeroshot,7
llama_generalist_07_b5,llama_generalist,llama,generalist,5,lack of pilot projects,zeroshot,7
llama_normative_07_b1,llama_normative,llama,normative,1,"power losses, quality and safety issues",zeroshot,7
llama_normative_07_b2,llama_normative,llama,normative,2,reduced reliability in DC devices,zeroshot,7
llama_normative_07_b3,llama_normative,llama,normative,3,lack of use-cases in which DC is advantageous,zeroshot,7
llama_normative_07_b4,llama_normative,llama,normative,4,"uncertain utility interaction (net metering, utility ownership, and agreed standards)",zeroshot,7
llama_normative_07_b5,llama_normative,llama,normative,5,lack of pilot projects,zeroshot,7
llama_subject-matter_07_b1,llama_subject-matter,llama,subject-matter,1,"power losses, quality and safety issues",zeroshot,7
llama_subject-matter_07_b2,llama_subject-matter,llama,subject-matter,2,reduced reliability in DC devices,zeroshot,7
llama_subject-matter_07_b3,llama_subject-matter,llama,subject-matter,3,lack of use-cases in which DC is advantageous,zeroshot,7
llama_subject-matter_07_b4,llama_subject-matter,llama,subject-matter,4,"uncertain utility interaction (net metering, utility ownership, and agreed standards)",zeroshot,7
llama_subject-matter_07_b5,llama_subject-matter,llama,subject-matter,5,lack of pilot projects,zeroshot,7
mistral_generalist_07_b1,mistral_generalist,mistral,generalist,1,"power losses, quality and safety issues",zeroshot,7
mistral_generalist_07_b4,mistral_generalist,mistral,generalist,4,"uncertain utility interaction (net metering, utility ownership, and agreed standards)",zeroshot,7
mistral_generalist_07_b5,mistral_generalist,mistral,generalist,5,lack of pilot projects,zeroshot,7
mistral_generalist_07_b7,mistral_generalist,mistral,generalist,7,incompatibility of DC systems components,zeroshot,7
mistral_generalist_07_b8,mistral_generalist,mistral,generalist,8,misconception and lack of knowledge leads to lengthy/expensive design and permit process,zeroshot,7
mistral_normative_07_b1,mistral_normative,mistral,normative,1,"power losses, quality and safety issues",zeroshot,7
mistral_normative_07_b2,mistral_normative,mistral,normative,2,reduced reliability in DC devices,zeroshot,7
mistral_normative_07_b4,mistral_normative,mistral,normative,4,"uncertain utility interaction (net metering, utility ownership, and agreed standards)",zeroshot,7
mistral_normative_07_b5,mistral_normative,mistral,normative,5,lack of pilot projects,zeroshot,7
mistral_normative_07_b6,mistral_normative,mistral,normative,6,public perception of DC and readiness to 'champion' installations from DC projects,zeroshot,7
mistral_subject-matter_07_b1,mistral_subject-matter,mistral,subject-matter,1,"power losses, quality and safety issues",zeroshot,7
mistral_subject-matter_07_b2,mistral_subject-matter,mistral,subject-matter,2,reduced reliability in DC devices,zeroshot,7
mistral_subject-matter_07_b3,mistral_subject-matter,mistral,subject-matter,3,lack of use-cases in which DC is advantageous,zeroshot,7
mistral_subject-matter_07_b4,mistral_subject-matter,mistral,subject-matter,4,"uncertain utility interaction (net metering, utility ownership, and agreed standards)",zeroshot,7
mistral_subject-matter_07_b5,mistral_subject-matter,mistral,subject-matter,5,lack of pilot projects,zeroshot,7
phi4_generalist_08_b1,phi4_generalist,phi4,generalist,1,"power losses, quality and safety issues",zeroshot,8
phi4_generalist_08_b2,phi4_generalist,phi4,generalist,2,reduced reliability in DC devices,zeroshot,8
phi4_generalist_08_b3,phi4_generalist,phi4,generalist,3,lack of use-cases in which DC is advantageous,zeroshot,8
phi4_generalist_08_b4,phi4_generalist,phi4,generalist,4,"uncertain utility interaction (net metering, utility ownership, and agreed standards)",zeroshot,8
phi4_generalist_08_b9,phi4_generalist,phi4,generalist,9,lack of enough trained personnel in DC systems,zeroshot,8
phi4_normative_08_b1,phi4_normative,phi4,normative,1,"power losses, quality and safety issues",zeroshot,8
phi4_normative_08_b4,phi4_normative,phi4,normative,4,"uncertain utility interaction (net metering, utility ownership, and agreed standards)",zeroshot,8
phi4_normative_08_b6,phi4_normative,phi4,normative,6,public perception of DC and readiness to 'champion' installations from DC projects,zeroshot,8
phi4_normative_08_b8,phi4_normative,phi4,normative,8,misconception and lack of knowledge leads to lengthy/expensive design and permit process,zeroshot,8
phi4_normative_08_b10,phi4_normative,phi4,normative,10,uncertain regulatory roadmap,zeroshot,8
phi4_subject-matter_08_b1,phi4_subject-matter,phi4,subject-matter,1,"power losses, quality and safety issues",zeroshot,8
phi4_subject-matter_08_b2,phi4_subject-matter,phi4,subject-matter,2,reduced reliability in DC devices,zeroshot,8
phi4_subject-matter_08_b4,phi4_subject-matter,phi4,subject-matter,4,"uncertain utility interaction (net metering, utility ownership, and agreed standards)",zeroshot,8
phi4_subject-matter_08_b8,phi4_subject-matter,phi4,subject-matter,8,misconception and lack of knowledge leads to lengthy/expensive design and permit process,zeroshot,8
phi4_subject-matter_08_b10,phi4_subject-matter,phi4,subject-matter,10,uncertain regulatory roadmap,zeroshot,8
gemma3_generalist_08_b1,gemma3_generalist,gemma3,generalist,1,"power losses, quality and safety issues",zeroshot,8
gemma3_generalist_08_b5,gemma3_generalist,gemma3,generalist,5,lack of pilot projects,zeroshot,8
gemma3_generalist_08_b6,gemma3_generalist,gemma3,generalist,6,public perception of DC and readiness to 'champion' installations from DC projects,zeroshot,8
gemma3_generalist_08_b8,gemma3_generalist,gemma3,generalist,8,misconception and lack of knowledge leads to lengthy/expensive design and permit process,zeroshot,8
gemma3_generalist_08_b11,gemma3_generalist,gemma3,generalist,11,high costs of DC solutions,zeroshot,8
gemma3_normative_08_b1,gemma3_normative,gemma3,normative,1,"power losses, quality and safety issues",zeroshot,8
gemma3_normative_08_b4,gemma3_normative,gemma3,normative,4,"uncertain utility interaction (net metering, utility ownership, and agreed standards)",zeroshot,8
gemma3_normative_08_b8,gemma3_normative,gemma3,normative,8,misconception and lack of knowledge leads to lengthy/expensive design and permit process,zeroshot,8
gemma3_normative_08_b9,gemma3_normative,gemma3,normative,9,lack of enough trained personnel in DC systems,zeroshot,8
gemma3_normative_08_b11,gemma3_normative,gemma3,normative,11,high costs of DC solutions,zeroshot,8
gemma3_subject-matter_08_b1,gemma3_subject-matter,gemma3,subject-matter,1,"power losses, quality and safety issues",zeroshot,8
gemma3_subject-matter_08_b5,gemma3_subject-matter,gemma3,subject-matter,5,lack of pilot projects,zeroshot,8
gemma3_subject-matter_08_b6,gemma3_subject-matter,gemma3,subject-matter,6,public perception of DC and readiness to 'champion' installations from DC projects,zeroshot,8
gemma3_subject-matter_08_b9,gemma3_subject-matter,gemma3,subject-matter,9,lack of enough trained personnel in DC systems,zeroshot,8
gemma3_subject-matter_08_b10,gemma3_subject-matter,gemma3,subject-matter,10,uncertain regulatory roadmap,zeroshot,8
llama_generalist_08_b1,llama_generalist,llama,generalist,1,"power losses, quality and safety issues",zeroshot,8
llama_generalist_08_b2,llama_generalist,llama,generalist,2,reduced reliability in DC devices,zeroshot,8
llama_generalist_08_b3,llama_generalist,llama,generalist,3,lack of use-cases in which DC is advantageous,zeroshot,8
llama_generalist_08_b4,llama_generalist,llama,generalist,4,"uncertain utility interaction (net metering, utility ownership, and agreed standards)",zeroshot,8
llama_generalist_08_b5,llama_generalist,llama,generalist,5,lack of pilot projects,zeroshot,8
llama_normative_08_b1,llama_normative,llama,normative,1,"power losses, quality and safety issues",zeroshot,8
llama_normative_08_b2,llama_normative,llama,normative,2,reduced reliability in DC devices,zeroshot,8
llama_normative_08_b3,llama_normative,llama,normative,3,lack of use-cases in which DC is advantageous,zeroshot,8
llama_normative_08_b4,llama_normative,llama,normative,4,"uncertain utility interaction (net metering, utility ownership, and agreed standards)",zeroshot,8
llama_normative_08_b5,llama_normative,llama,normative,5,lack of pilot projects,zeroshot,8
llama_subject-matter_08_b1,llama_subject-matter,llama,subject-matter,1,"power losses, quality and safety issues",zeroshot,8
llama_subject-matter_08_b3,llama_subject-matter,llama,subject-matter,3,lack of use-cases in which DC is advantageous,zeroshot,8
llama_subject-matter_08_b4,llama_subject-matter,llama,subject-matter,4,"uncertain utility interaction (net metering, utility ownership, and agreed standards)",zeroshot,8
llama_subject-matter_08_b5,llama_subject-matter,llama,subject-matter,5,lack of pilot projects,zeroshot,8
llama_subject-matter_08_b6,llama_subject-matter,llama,subject-matter,6,public perception of DC and readiness to 'champion' installations from DC projects,zeroshot,8
mistral_generalist_08_b1,mistral_generalist,mistral,generalist,1,"power losses, quality and safety issues",zeroshot,8
mistral_generalist_08_b2,mistral_generalist,mistral,generalist,2,reduced reliability in DC devices,zeroshot,8
mistral_generalist_08_b3,mistral_generalist,mistral,generalist,3,lack of use-cases in which DC is advantageous,zeroshot,8
mistral_generalist_08_b4,mistral_generalist,mistral,generalist,4,"uncertain utility interaction (net metering, utility ownership, and agreed standards)",zeroshot,8
mistral_generalist_08_b11,mistral_generalist,mistral,generalist,11,high costs of DC solutions,zeroshot,8
mistral_normative_08_b1,mistral_normative,mistral,normative,1,"power losses, quality and safety issues",zeroshot,8
mistral_normative_08_b2,mistral_normative,mistral,normative,2,reduced reliability in DC devices,zeroshot,8
mistral_normative_08_b4,mistral_normative,mistral,normative,4,"uncertain utility interaction (net metering, utility ownership, and agreed standards)",zeroshot,8
mistral_normative_08_b5,mistral_normative,mistral,normative,5,lack of pilot projects,zeroshot,8
mistral_normative_08_b11,mistral_normative,mistral,normative,11,high costs of DC solutions,zeroshot,8
mistral_subject-matter_08_b1,mistral_subject-matter,mistral,subject-matter,1,"power losses, quality and safety issues",zeroshot,8
mistral_subject-matter_08_b2,mistral_subject-matter,mistral,subject-matter,2,reduced reliability in DC devices,zeroshot,8
mistral_subject-matter_08_b3,mistral_subject-matter,mistral,subject-matter,3,lack of use-cases in which DC is advantageous,zeroshot,8
mistral_subject-matter_08_b4,mistral_subject-matter,mistral,subject-matter,4,"uncertain utility interaction (net metering, utility ownership, and agreed standards)",zeroshot,8
mistral_subject-matter_08_b5,mistral_subject-matter,mistral,subject-matter,5,lack of pilot projects,zeroshot,8
phi4_generalist_09_b1,phi4_generalist,phi4,generalist,1,"power losses, quality and safety issues",zeroshot,9
phi4_generalist_09_b4,phi4_generalist,phi4,generalist,4,"uncertain utility interaction (net metering, utility ownership, and agreed standards)",zeroshot,9
phi4_generalist_09_b5,phi4_generalist,phi4,generalist,5,lack of pilot projects,zeroshot,9
phi4_generalist_09_b9,phi4_generalist,phi4,generalist,9,lack of enough trained personnel in DC systems,zeroshot,9
phi4_generalist_09_b10,phi4_generalist,phi4,generalist,10,uncertain regulatory roadmap,zeroshot,9
phi4_normative_09_b1,phi4_normative,phi4,normative,1,"power losses, quality and safety issues",zeroshot,9
phi4_normative_09_b3,phi4_normative,phi4,normative,3,lack of use-cases in which DC is advantageous,zeroshot,9
phi4_normative_09_b4,phi4_normative,phi4,normative,4,"uncertain utility interaction (net metering, utility ownership, and agreed standards)",zeroshot,9
phi4_normative_09_b8,phi4_normative,phi4,normative,8,misconception and lack of knowledge leads to lengthy/expensive design and permit process,zeroshot,9
phi4_normative_09_b10,phi4_normative,phi4,normative,10,uncertain regulatory roadmap,zeroshot,9
phi4_subject-matter_09_b1,phi4_subject-matter,phi4,subject-matter,1,"power losses, quality and safety issues",zeroshot,9
phi4_subject-matter_09_b3,phi4_subject-matter,phi4,subject-matter,3,lack of use-cases in which DC is advantageous,zeroshot,9
phi4_subject-matter_09_b4,phi4_subject-matter,phi4,subject-matter,4,"uncertain utility interaction (net metering, utility ownership, and agreed standards)",zeroshot,9
phi4_subject-matter_09_b8,phi4_subject-matter,phi4,subject-matter,8,misconception and lack of knowledge leads to lengthy/expensive design and permit process,zeroshot,9
phi4_subject-matter_09_b10,phi4_subject-matter,phi4,subject-matter,10,uncertain regulatory roadmap,zeroshot,9
gemma3_generalist_09_b1,gemma3_generalist,gemma3,generalist,1,"power losses, quality and safety issues",zeroshot,9
gemma3_generalist_09_b5,gemma3_generalist,gemma3,generalist,5,lack of pilot projects,zeroshot,9
gemma3_generalist_09_b6,gemma3_generalist,gemma3,generalist,6,public perception of DC and readiness to 'champion' installations from DC projects,zeroshot,9
gemma3_generalist_09_b8,gemma3_generalist,gemma3,generalist,8,misconception and lack of knowledge leads to lengthy/expensive design and permit process,zeroshot,9
gemma3_generalist_09_b11,gemma3_generalist,gemma3,generalist,11,high costs of DC solutions,zeroshot,9
gemma3_normative_09_b1,gemma3_normative,gemma3,normative,1,"power losses, quality and safety issues",zeroshot,9
gemma3_normative_09_b4,gemma3_normative,gemma3,normative,4,"uncertain utility interaction (net metering, utility ownership, and agreed standards)",zeroshot,9
gemma3_normative_09_b8,gemma3_normative,gemma3,normative,8,misconception and lack of knowledge leads to lengthy/expensive design and permit process,zeroshot,9
gemma3_normative_09_b9,gemma3_normative,gemma3,normative,9,lack of enough trained personnel in DC systems,zeroshot,9
gemma3_normative_09_b11,gemma3_normative,gemma3,normative,11,high costs of DC solutions,zeroshot,9
gemma3_subject-matter_09_b1,gemma3_subject-matter,gemma3,subject-matter,1,"power losses, quality and safety issues",zeroshot,9
gemma3_subject-matter_09_b5,gemma3_subject-matter,gemma3,subject-matter,5,lack of pilot projects,zeroshot,9
gemma3_subject-matter_09_b6,gemma3_subject-matter,gemma3,subject-matter,6,public perception of DC and readiness to 'champion' installations from DC projects,zeroshot,9
gemma3_subject-matter_09_b8,gemma3_subject-matter,gemma3,subject-matter,8,misconception and lack of knowledge leads to lengthy/expensive design and permit process,zeroshot,9
gemma3_subject-matter_09_b10,gemma3_subject-matter,gemma3,subject-matter,10,uncertain regulatory roadmap,zeroshot,9
llama_generalist_09_b1,llama_generalist,llama,generalist,1,"power losses, quality and safety issues",zeroshot,9
llama_generalist_09_b2,llama_generalist,llama,generalist,2,reduced reliability in DC devices,zeroshot,9
llama_generalist_09_b4,llama_generalist,llama,generalist,4,"uncertain utility interaction (net metering, utility ownership, and agreed standards)",zeroshot,9
llama_generalist_09_b5,llama_generalist,llama,generalist,5,lack of pilot projects,zeroshot,9
llama_generalist_09_b6,llama_generalist,llama,generalist,6,public perception of DC and readiness to 'champion' installations from DC projects,zeroshot,9
llama_normative_09_b1,llama_normative,llama,normative,1,"power losses, quality and safety issues",zeroshot,9
llama_normative_09_b2,llama_normative,llama,normative,2,reduced reliability in DC devices,zeroshot,9
llama_normative_09_b4,llama_normative,llama,normative,4,"uncertain utility interaction (net metering, utility ownership, and agreed standards)",zeroshot,9
llama_normative_09_b5,llama_normative,llama,normative,5,lack of pilot projects,zeroshot,9
llama_normative_09_b6,llama_normative,llama,normative,6,public perception of DC and readiness to 'champion' installations from DC projects,zeroshot,9
llama_subject-matter_09_b1,llama_subject-matter,llama,subject-matter,1,"power losses, quality and safety issues",zeroshot,9
llama_subject-matter_09_b2,llama_subject-matter,llama,subject-matter,2,reduced reliability in DC devices,zeroshot,9
llama_subject-matter_09_b3,llama_subject-matter,llama,subject-matter,3,lack of use-cases in which DC is advantageous,zeroshot,9
llama_subject-matter_09_b4,llama_subject-matter,llama,subject-matter,4,"uncertain utility interaction (net metering, utility ownership, and agreed standards)",zeroshot,9
llama_subject-matter_09_b5,llama_subject-matter,llama,subject-matter,5,lack of pilot projects,zeroshot,9
mistral_generalist_09_b1,mistral_generalist,mistral,generalist,1,"power losses, quality and safety issues",zeroshot,9
mistral_generalist_09_b4,mistral_generalist,mistral,generalist,4,"uncertain utility interaction (net metering, utility ownership, and agreed standards)",zeroshot,9
mistral_generalist_09_b3,mistral_generalist,mistral,generalist,3,lack of use-cases in which DC is advantageous,zeroshot,9
mistral_generalist_09_b7,mistral_generalist,mistral,generalist,7,incompatibility of DC systems components,zeroshot,9
mistral_generalist_09_b5,mistral_generalist,mistral,generalist,5,lack of pilot projects,zeroshot,9
mistral_normative_09_b1,mistral_normative,mistral,normative,1,"power losses, quality and safety issues",zeroshot,9
mistral_normative_09_b2,mistral_normative,mistral,normative,2,reduced reliability in DC devices,zeroshot,9
mistral_normative_09_b4,mistral_normative,mistral,normative,4,"uncertain utility interaction (net metering, utility ownership, and agreed standards)",zeroshot,9
mistral_normative_09_b5,mistral_normative,mistral,normative,5,lack of pilot projects,zeroshot,9
mistral_normative_09_b11,mistral_normative,mistral,normative,11,high costs of DC solutions,zeroshot,9
mistral_subject-matter_09_b1,mistral_subject-matter,mistral,subject-matter,1,"power losses, quality and safety issues",zeroshot,9
mistral_subject-matter_09_b2,mistral_subject-matter,mistral,subject-matter,2,reduced reliability in DC devices,zeroshot,9
mistral_subject-matter_09_b3,mistral_subject-matter,mistral,subject-matter,3,lack of use-cases in which DC is advantageous,zeroshot,9
mistral_subject-matter_09_b4,mistral_subject-matter,mistral,subject-matter,4,"uncertain utility interaction (net metering, utility ownership, and agreed standards)",zeroshot,9
mistral_subject-matter_09_b5,mistral_subject-matter,mistral,subject-matter,5,lack of pilot projects,zeroshot,9
phi4_generalist_10_b1,phi4_generalist,phi4,generalist,1,"power losses, quality and safety issues",zeroshot,10
phi4_generalist_10_b3,phi4_generalist,phi4,generalist,3,lack of use-cases in which DC is advantageous,zeroshot,10
phi4_generalist_10_b4,phi4_generalist,phi4,generalist,4,"uncertain utility interaction (net metering, utility ownership, and agreed standards)",zeroshot,10
phi4_generalist_10_b8,phi4_generalist,phi4,generalist,8,misconception and lack of knowledge leads to lengthy/expensive design and permit process,zeroshot,10
phi4_generalist_10_b10,phi4_generalist,phi4,generalist,10,uncertain regulatory roadmap,zeroshot,10
phi4_normative_10_b1,phi4_normative,phi4,normative,1,"power losses, quality and safety issues",zeroshot,10
phi4_normative_10_b2,phi4_normative,phi4,normative,2,reduced reliability in DC devices,zeroshot,10
phi4_normative_10_b4,phi4_normative,phi4,normative,4,"uncertain utility interaction (net metering, utility ownership, and agreed standards)",zeroshot,10
phi4_normative_10_b8,phi4_normative,phi4,normative,8,misconception and lack of knowledge leads to lengthy/expensive design and permit process,zeroshot,10
phi4_normative_10_b10,phi4_normative,phi4,normative,10,uncertain regulatory roadmap,zeroshot,10
phi4_subject-matter_10_b1,phi4_subject-matter,phi4,subject-matter,1,"power losses, quality and safety issues",zeroshot,10
phi4_subject-matter_10_b4,phi4_subject-matter,phi4,subject-matter,4,"uncertain utility interaction (net metering, utility ownership, and agreed standards)",zeroshot,10
phi4_subject-matter_10_b5,phi4_subject-matter,phi4,subject-matter,5,lack of pilot projects,zeroshot,10
phi4_subject-matter_10_b8,phi4_subject-matter,phi4,subject-matter,8,misconception and lack of knowledge leads to lengthy/expensive design and permit process,zeroshot,10
phi4_subject-matter_10_b10,phi4_subject-matter,phi4,subject-matter,10,uncertain regulatory roadmap,zeroshot,10
gemma3_generalist_10_b1,gemma3_generalist,gemma3,generalist,1,"power losses, quality and safety issues",zeroshot,10
gemma3_generalist_10_b5,gemma3_generalist,gemma3,generalist,5,lack of pilot projects,zeroshot,10
gemma3_generalist_10_b6,gemma3_generalist,gemma3,generalist,6,public perception of DC and readiness to 'champion' installations from DC projects,zeroshot,10
gemma3_generalist_10_b8,gemma3_generalist,gemma3,generalist,8,misconception and lack of knowledge leads to lengthy/expensive design and permit process,zeroshot,10
gemma3_generalist_10_b11,gemma3_generalist,gemma3,generalist,11,high costs of DC solutions,zeroshot,10
gemma3_normative_10_b1,gemma3_normative,gemma3,normative,1,"power losses, quality and safety issues",zeroshot,10
gemma3_normative_10_b4,gemma3_normative,gemma3,normative,4,"uncertain utility interaction (net metering, utility ownership, and agreed standards)",zeroshot,10
gemma3_normative_10_b8,gemma3_normative,gemma3,normative,8,misconception and lack of knowledge leads to lengthy/expensive design and permit process,zeroshot,10
gemma3_normative_10_b9,gemma3_normative,gemma3,normative,9,lack of enough trained personnel in DC systems,zeroshot,10
gemma3_normative_10_b11,gemma3_normative,gemma3,normative,11,high costs of DC solutions,zeroshot,10
gemma3_subject-matter_10_b1,gemma3_subject-matter,gemma3,subject-matter,1,"power losses, quality and safety issues",zeroshot,10
gemma3_subject-matter_10_b5,gemma3_subject-matter,gemma3,subject-matter,5,lack of pilot projects,zeroshot,10
gemma3_subject-matter_10_b6,gemma3_subject-matter,gemma3,subject-matter,6,public perception of DC and readiness to 'champion' installations from DC projects,zeroshot,10
gemma3_subject-matter_10_b9,gemma3_subject-matter,gemma3,subject-matter,9,lack of enough trained personnel in DC systems,zeroshot,10
gemma3_subject-matter_10_b10,gemma3_subject-matter,gemma3,subject-matter,10,uncertain regulatory roadmap,zeroshot,10
llama_generalist_10_b1,llama_generalist,llama,generalist,1,"power losses, quality and safety issues",zeroshot,10
llama_generalist_10_b2,llama_generalist,llama,generalist,2,reduced reliability in DC devices,zeroshot,10
llama_generalist_10_b3,llama_generalist,llama,generalist,3,lack of use-cases in which DC is advantageous,zeroshot,10
llama_generalist_10_b4,llama_generalist,llama,generalist,4,"uncertain utility interaction (net metering, utility ownership, and agreed standards)",zeroshot,10
llama_generalist_10_b5,llama_generalist,llama,generalist,5,lack of pilot projects,zeroshot,10
llama_normative_10_b1,llama_normative,llama,normative,1,"power losses, quality and safety issues",zeroshot,10
llama_normative_10_b2,llama_normative,llama,normative,2,reduced reliability in DC devices,zeroshot,10
llama_normative_10_b3,llama_normative,llama,normative,3,lack of use-cases in which DC is advantageous,zeroshot,10
llama_normative_10_b4,llama_normative,llama,normative,4,"uncertain utility interaction (net metering, utility ownership, and agreed standards)",zeroshot,10
llama_normative_10_b5,llama_normative,llama,normative,5,lack of pilot projects,zeroshot,10
llama_subject-matter_10_b1,llama_subject-matter,llama,subject-matter,1,"power losses, quality and safety issues",zeroshot,10
llama_subject-matter_10_b2,llama_subject-matter,llama,subject-matter,2,reduced reliability in DC devices,zeroshot,10
llama_subject-matter_10_b3,llama_subject-matter,llama,subject-matter,3,lack of use-cases in which DC is advantageous,zeroshot,10
llama_subject-matter_10_b4,llama_subject-matter,llama,subject-matter,4,"uncertain utility interaction (net metering, utility ownership, and agreed standards)",zeroshot,10
llama_subject-matter_10_b5,llama_subject-matter,llama,subject-matter,5,lack of pilot projects,zeroshot,10
mistral_generalist_10_b1,mistral_generalist,mistral,generalist,1,"power losses, quality and safety issues",zeroshot,10
mistral_generalist_10_b6,mistral_generalist,mistral,generalist,6,public perception of DC and readiness to 'champion' installations from DC projects,zeroshot,10
mistral_generalist_10_b7,mistral_generalist,mistral,generalist,7,incompatibility of DC systems components,zeroshot,10
mistral_generalist_10_b8,mistral_generalist,mistral,generalist,8,misconception and lack of knowledge leads to lengthy/expensive design and permit process,zeroshot,10
mistral_generalist_10_b10,mistral_generalist,mistral,generalist,10,uncertain regulatory roadmap,zeroshot,10
mistral_normative_10_b1,mistral_normative,mistral,normative,1,"power losses, quality and safety issues",zeroshot,10
mistral_normative_10_b2,mistral_normative,mistral,normative,2,reduced reliability in DC devices,zeroshot,10
mistral_normative_10_b4,mistral_normative,mistral,normative,4,"uncertain utility interaction (net metering, utility ownership, and agreed standards)",zeroshot,10
mistral_normative_10_b5,mistral_normative,mistral,normative,5,lack of pilot projects,zeroshot,10
mistral_normative_10_b11,mistral_normative,mistral,normative,11,high costs of DC solutions,zeroshot,10
mistral_subject-matter_10_b1,mistral_subject-matter,mistral,subject-matter,1,"power losses, quality and safety issues",zeroshot,10
mistral_subject-matter_10_b2,mistral_subject-matter,mistral,subject-matter,2,reduced reliability in DC devices,zeroshot,10
mistral_subject-matter_10_b4,mistral_subject-matter,mistral,subject-matter,4,"uncertain utility interaction (net metering, utility ownership, and agreed standards)",zeroshot,10
mistral_subject-matter_10_b5,mistral_subject-matter,mistral,subject-matter,5,lack of pilot projects,zeroshot,10
mistral_subject-matter_10_b10,mistral_subject-matter,mistral,subject-matter,10,uncertain regulatory roadmap,zeroshot,10
phi4_generalist_11_b1,phi4_generalist,phi4,generalist,1,"power losses, quality and safety issues",zeroshot,11
phi4_generalist_11_b3,phi4_generalist,phi4,generalist,3,lack of use-cases in which DC is advantageous,zeroshot,11
phi4_generalist_11_b4,phi4_generalist,phi4,generalist,4,"uncertain utility interaction (net metering, utility ownership, and agreed standards)",zeroshot,11
phi4_generalist_11_b8,phi4_generalist,phi4,generalist,8,misconception and lack of knowledge leads to lengthy/expensive design and permit process,zeroshot,11
phi4_generalist_11_b10,phi4_generalist,phi4,generalist,10,uncertain regulatory roadmap,zeroshot,11
phi4_normative_11_b1,phi4_normative,phi4,normative,1,"power losses, quality and safety issues",zeroshot,11
phi4_normative_11_b2,phi4_normative,phi4,normative,2,reduced reliability in DC devices,zeroshot,11
phi4_normative_11_b4,phi4_normative,phi4,normative,4,"uncertain utility interaction (net metering, utility ownership, and agreed standards)",zeroshot,11
phi4_normative_11_b8,phi4_normative,phi4,normative,8,misconception and lack of knowledge leads to lengthy/expensive design and permit process,zeroshot,11
phi4_normative_11_b10,phi4_normative,phi4,normative,10,uncertain regulatory roadmap,zeroshot,11
phi4_subject-matter_11_b1,phi4_subject-matter,phi4,subject-matter,1,"power losses, quality and safety issues",zeroshot,11
phi4_subject-matter_11_b4,phi4_subject-matter,phi4,subject-matter,4,"uncertain utility interaction (net metering, utility ownership, and agreed standards)",zeroshot,11
phi4_subject-matter_11_b5,phi4_subject-matter,phi4,subject-matter,5,lack of pilot projects,zeroshot,11
phi4_subject-matter_11_b9,phi4_subject-matter,phi4,subject-matter,9,lack of enough trained personnel in DC systems,zeroshot,11
phi4_subject-matter_11_b10,phi4_subject-matter,phi4,subject-matter,10,uncertain regulatory roadmap,zeroshot,11
gemma3_generalist_11_b1,gemma3_generalist,gemma3,generalist,1,"power losses, quality and safety issues",zeroshot,11
gemma3_generalist_11_b5,gemma3_generalist,gemma3,generalist,5,lack of pilot projects,zeroshot,11
gemma3_generalist_11_b6,gemma3_generalist,gemma3,generalist,6,public perception of DC and readiness to 'champion' installations from DC projects,zeroshot,11
gemma3_generalist_11_b8,gemma3_generalist,gemma3,generalist,8,misconception and lack of knowledge leads to lengthy/expensive design and permit process,zeroshot,11
gemma3_generalist_11_b11,gemma3_generalist,gemma3,generalist,11,high costs of DC solutions,zeroshot,11
gemma3_normative_11_b1,gemma3_normative,gemma3,normative,1,"power losses, quality and safety issues",zeroshot,11
gemma3_normative_11_b4,gemma3_normative,gemma3,normative,4,"uncertain utility interaction (net metering, utility ownership, and agreed standards)",zeroshot,11
gemma3_normative_11_b8,gemma3_normative,gemma3,normative,8,misconception and lack of knowledge leads to lengthy/expensive design and permit process,zeroshot,11
gemma3_normative_11_b11,gemma3_normative,gemma3,normative,11,high costs of DC solutions,zeroshot,11
gemma3_normative_11_b10,gemma3_normative,gemma3,normative,10,uncertain regulatory roadmap,zeroshot,11
gemma3_subject-matter_11_b1,gemma3_subject-matter,gemma3,subject-matter,1,"power losses, quality and safety issues",zeroshot,11
gemma3_subject-matter_11_b5,gemma3_subject-matter,gemma3,subject-matter,5,lack of pilot projects,zeroshot,11
gemma3_subject-matter_11_b6,gemma3_subject-matter,gemma3,subject-matter,6,public perception of DC and readiness to 'champion' installations from DC projects,zeroshot,11
gemma3_subject-matter_11_b9,gemma3_subject-matter,gemma3,subject-matter,9,lack of enough trained personnel in DC systems,zeroshot,11
gemma3_subject-matter_11_b11,gemma3_subject-matter,gemma3,subject-matter,11,high costs of DC solutions,zeroshot,11
llama_generalist_11_b1,llama_generalist,llama,generalist,1,"power losses, quality and safety issues",zeroshot,11
llama_generalist_11_b3,llama_generalist,llama,generalist,3,lack of use-cases in which DC is advantageous,zeroshot,11
llama_generalist_11_b4,llama_generalist,llama,generalist,4,"uncertain utility interaction (net metering, utility ownership, and agreed standards)",zeroshot,11
llama_generalist_11_b6,llama_generalist,llama,generalist,6,public perception of DC and readiness to 'champion' installations from DC projects,zeroshot,11
llama_generalist_11_b7,llama_generalist,llama,generalist,7,incompatibility of DC systems components,zeroshot,11
llama_normative_11_b5,llama_normative,llama,normative,5,lack of pilot projects,zeroshot,11
llama_normative_11_b7,llama_normative,llama,normative,7,incompatibility of DC systems components,zeroshot,11
llama_normative_11_b8,llama_normative,llama,normative,8,misconception and lack of knowledge leads to lengthy/expensive design and permit process,zeroshot,11
llama_normative_11_b9,llama_normative,llama,normative,9,lack of enough trained personnel in DC systems,zeroshot,11
llama_normative_11_b10,llama_normative,llama,normative,10,uncertain regulatory roadmap,zeroshot,11
llama_subject-matter_11_b1,llama_subject-matter,llama,subject-matter,1,"power losses, quality and safety issues",zeroshot,11
llama_subject-matter_11_b3,llama_subject-matter,llama,subject-matter,3,lack of use-cases in which DC is advantageous,zeroshot,11
llama_subject-matter_11_b4,llama_subject-matter,llama,subject-matter,4,"uncertain utility interaction (net metering, utility ownership, and agreed standards)",zeroshot,11
llama_subject-matter_11_b7,llama_subject-matter,llama,subject-matter,7,incompatibility of DC systems components,zeroshot,11
llama_subject-matter_11_b8,llama_subject-matter,llama,subject-matter,8,misconception and lack of knowledge leads to lengthy/expensive design and permit process,zeroshot,11
mistral_generalist_11_b1,mistral_generalist,mistral,generalist,1,"power losses, quality and safety issues",zeroshot,11
mistral_generalist_11_b4,mistral_generalist,mistral,generalist,4,"uncertain utility interaction (net metering, utility ownership, and agreed standards)",zeroshot,11
mistral_generalist_11_b5,mistral_generalist,mistral,generalist,5,lack of pilot projects,zeroshot,11
mistral_generalist_11_b7,mistral_generalist,mistral,generalist,7,incompatibility of DC systems components,zeroshot,11
mistral_generalist_11_b11,mistral_generalist,mistral,generalist,11,high costs of DC solutions,zeroshot,11
mistral_normative_11_b1,mistral_normative,mistral,normative,1,"power losses, quality and safety issues",zeroshot,11
mistral_normative_11_b2,mistral_normative,mistral,normative,2,reduced reliability in DC devices,zeroshot,11
mistral_normative_11_b4,mistral_normative,mistral,normative,4,"uncertain utility interaction (net metering, utility ownership, and agreed standards)",zeroshot,11
mistral_normative_11_b5,mistral_normative,mistral,normative,5,lack of pilot projects,zeroshot,11
mistral_normative_11_b11,mistral_normative,mistral,normative,11,high costs of DC solutions,zeroshot,11
mistral_subject-matter_11_b1,mistral_subject-matter,mistral,subject-matter,1,"power losses, quality and safety issues",zeroshot,11
mistral_subject-matter_11_b2,mistral_subject-matter,mistral,subject-matter,2,reduced reliability in DC devices,zeroshot,11
mistral_subject-matter_11_b4,mistral_subject-matter,mistral,subject-matter,4,"uncertain utility interaction (net metering, utility ownership, and agreed standards)",zeroshot,11
mistral_subject-matter_11_b5,mistral_subject-matter,mistral,subject-matter,5,lack of pilot projects,zeroshot,11
mistral_subject-matter_11_b9,mistral_subject-matter,mistral,subject-matter,9,lack of enough trained personnel in DC systems,zeroshot,11
phi4_generalist_12_b1,phi4_generalist,phi4,generalist,1,"power losses, quality and safety issues",zeroshot,12
phi4_generalist_12_b3,phi4_generalist,phi4,generalist,3,lack of use-cases in which DC is advantageous,zeroshot,12
phi4_generalist_12_b4,phi4_generalist,phi4,generalist,4,"uncertain utility interaction (net metering, utility ownership, and agreed standards)",zeroshot,12
phi4_generalist_12_b5,phi4_generalist,phi4,generalist,5,lack of pilot projects,zeroshot,12
phi4_generalist_12_b10,phi4_generalist,phi4,generalist,10,uncertain regulatory roadmap,zeroshot,12
phi4_normative_12_b1,phi4_normative,phi4,normative,1,"power losses, quality and safety issues",zeroshot,12
phi4_normative_12_b4,phi4_normative,phi4,normative,4,"uncertain utility interaction (net metering, utility ownership, and agreed standards)",zeroshot,12
phi4_normative_12_b5,phi4_normative,phi4,normative,5,lack of pilot projects,zeroshot,12
phi4_normative_12_b6,phi4_normative,phi4,normative,6,public perception of DC and readiness to 'champion' installations from DC projects,zeroshot,12
phi4_normative_12_b10,phi4_normative,phi4,normative,10,uncertain regulatory roadmap,zeroshot,12
phi4_subject-matter_12_b1,phi4_subject-matter,phi4,subject-matter,1,"power losses, quality and safety issues",zeroshot,12
phi4_subject-matter_12_b2,phi4_subject-matter,phi4,subject-matter,2,reduced reliability in DC devices,zeroshot,12
phi4_subject-matter_12_b3,phi4_subject-matter,phi4,subject-matter,3,lack of use-cases in which DC is advantageous,zeroshot,12
phi4_subject-matter_12_b4,phi4_subject-matter,phi4,subject-matter,4,"uncertain utility interaction (net metering, utility ownership, and agreed standards)",zeroshot,12
phi4_subject-matter_12_b5,phi4_subject-matter,phi4,subject-matter,5,lack of pilot projects,zeroshot,12
gemma3_generalist_12_b1,gemma3_generalist,gemma3,generalist,1,"power losses, quality and safety issues",zeroshot,12
gemma3_generalist_12_b5,gemma3_generalist,gemma3,generalist,5,lack of pilot projects,zeroshot,12
gemma3_generalist_12_b6,gemma3_generalist,gemma3,generalist,6,public perception of DC and readiness to 'champion' installations from DC projects,zeroshot,12
gemma3_generalist_12_b8,gemma3_generalist,gemma3,generalist,8,misconception and lack of knowledge leads to lengthy/expensive design and permit process,zeroshot,12
gemma3_generalist_12_b11,gemma3_generalist,gemma3,generalist,11,high costs of DC solutions,zeroshot,12
gemma3_normative_12_b1,gemma3_normative,gemma3,normative,1,"power losses, quality and safety issues",zeroshot,12
gemma3_normative_12_b4,gemma3_normative,gemma3,normative,4,"uncertain utility interaction (net metering, utility ownership, and agreed standards)",zeroshot,12
gemma3_normative_12_b6,gemma3_normative,gemma3,normative,6,public perception of DC and readiness to 'champion' installations from DC projects,zeroshot,12
gemma3_normative_12_b8,gemma3_normative,gemma3,normative,8,misconception and lack of knowledge leads to lengthy/expensive design and permit process,zeroshot,12
gemma3_normative_12_b11,gemma3_normative,gemma3,normative,11,high costs of DC solutions,zeroshot,12
gemma3_subject-matter_12_b1,gemma3_subject-matter,gemma3,subject-matter,1,"power losses, quality and safety issues",zeroshot,12
gemma3_subject-matter_12_b5,gemma3_subject-matter,gemma3,subject-matter,5,lack of pilot projects,zeroshot,12
gemma3_subject-matter_12_b4,gemma3_subject-matter,gemma3,subject-matter,4,"uncertain utility interaction (net metering, utility ownership, and agreed standards)",zeroshot,12
gemma3_subject-matter_12_b8,gemma3_subject-matter,gemma3,subject-matter,8,misconception and lack of knowledge leads to lengthy/expensive design and permit process,zeroshot,12
gemma3_subject-matter_12_b10,gemma3_subject-matter,gemma3,subject-matter,10,uncertain regulatory roadmap,zeroshot,12
llama_generalist_12_b1,llama_generalist,llama,generalist,1,"power losses, quality and safety issues",zeroshot,12
llama_generalist_12_b2,llama_generalist,llama,generalist,2,reduced reliability in DC devices,zeroshot,12
llama_generalist_12_b3,llama_generalist,llama,generalist,3,lack of use-cases in which DC is advantageous,zeroshot,12
llama_generalist_12_b4,llama_generalist,llama,generalist,4,"uncertain utility interaction (net metering, utility ownership, and agreed standards)",zeroshot,12
llama_generalist_12_b5,llama_generalist,llama,generalist,5,lack of pilot projects,zeroshot,12
llama_normative_12_b3,llama_normative,llama,normative,3,lack of use-cases in which DC is advantageous,zeroshot,12
llama_normative_12_b4,llama_normative,llama,normative,4,"uncertain utility interaction (net metering, utility ownership, and agreed standards)",zeroshot,12
llama_normative_12_b11,llama_normative,llama,normative,11,high costs of DC solutions,zeroshot,12
llama_normative_12_b7,llama_normative,llama,normative,7,incompatibility of DC systems components,zeroshot,12
llama_normative_12_b8,llama_normative,llama,normative,8,misconception and lack of knowledge leads to lengthy/expensive design and permit process,zeroshot,12
llama_subject-matter_12_b1,llama_subject-matter,llama,subject-matter,1,"power losses, quality and safety issues",zeroshot,12
llama_subject-matter_12_b2,llama_subject-matter,llama,subject-matter,2,reduced reliability in DC devices,zeroshot,12
llama_subject-matter_12_b4,llama_subject-matter,llama,subject-matter,4,"uncertain utility interaction (net metering, utility ownership, and agreed standards)",zeroshot,12
llama_subject-matter_12_b5,llama_subject-matter,llama,subject-matter,5,lack of pilot projects,zeroshot,12
llama_subject-matter_12_b6,llama_subject-matter,llama,subject-matter,6,public perception of DC and readiness to 'champion' installations from DC projects,zeroshot,12
mistral_generalist_12_b1,mistral_generalist,mistral,generalist,1,"power losses, quality and safety issues",zeroshot,12
mistral_generalist_12_b2,mistral_generalist,mistral,generalist,2,reduced reliability in DC devices,zeroshot,12
mistral_generalist_12_b4,mistral_generalist,mistral,generalist,4,"uncertain utility interaction (net metering, utility ownership, and agreed standards)",zeroshot,12
mistral_generalist_12_b5,mistral_generalist,mistral,generalist,5,lack of pilot projects,zeroshot,12
mistral_generalist_12_b11,mistral_generalist,mistral,generalist,11,high costs of DC solutions,zeroshot,12
mistral_normative_12_b1,mistral_normative,mistral,normative,1,"power losses, quality and safety issues",zeroshot,12
mistral_normative_12_b4,mistral_normative,mistral,normative,4,"uncertain utility interaction (net metering, utility ownership, and agreed standards)",zeroshot,12
mistral_normative_12_b5,mistral_normative,mistral,normative,5,lack of pilot projects,zeroshot,12
mistral_normative_12_b8,mistral_normative,mistral,normative,8,misconception and lack of knowledge leads to lengthy/expensive design and permit process,zeroshot,12
mistral_normative_12_b10,mistral_normative,mistral,normative,10,uncertain regulatory roadmap,zeroshot,12
mistral_subject-matter_12_b1,mistral_subject-matter,mistral,subject-matter,1,"power losses, quality and safety issues",zeroshot,12
mistral_subject-matter_12_b4,mistral_subject-matter,mistral,subject-matter,4,"uncertain utility interaction (net metering, utility ownership, and agreed standards)",zeroshot,12
mistral_subject-matter_12_b5,mistral_subject-matter,mistral,subject-matter,5,lack of pilot projects,zeroshot,12
mistral_subject-matter_12_b7,mistral_subject-matter,mistral,subject-matter,7,incompatibility of DC systems components,zeroshot,12
mistral_subject-matter_12_b9,mistral_subject-matter,mistral,subject-matter,9,lack of enough trained personnel in DC systems,zeroshot,12
phi4_generalist_13_b1,phi4_generalist,phi4,generalist,1,"power losses, quality and safety issues",zeroshot,13
phi4_generalist_13_b3,phi4_generalist,phi4,generalist,3,lack of use-cases in which DC is advantageous,zeroshot,13
phi4_generalist_13_b4,phi4_generalist,phi4,generalist,4,"uncertain utility interaction (net metering, utility ownership, and agreed standards)",zeroshot,13
phi4_generalist_13_b5,phi4_generalist,phi4,generalist,5,lack of pilot projects,zeroshot,13
phi4_generalist_13_b10,phi4_generalist,phi4,generalist,10,uncertain regulatory roadmap,zeroshot,13
phi4_normative_13_b1,phi4_normative,phi4,normative,1,"power losses, quality and safety issues",zeroshot,13
phi4_normative_13_b4,phi4_normative,phi4,normative,4,"uncertain utility interaction (net metering, utility ownership, and agreed standards)",zeroshot,13
phi4_normative_13_b6,phi4_normative,phi4,normative,6,public perception of DC and readiness to 'champion' installations from DC projects,zeroshot,13
phi4_normative_13_b8,phi4_normative,phi4,normative,8,misconception and lack of knowledge leads to lengthy/expensive design and permit process,zeroshot,13
phi4_normative_13_b10,phi4_normative,phi4,normative,10,uncertain regulatory roadmap,zeroshot,13
phi4_subject-matter_13_b1,phi4_subject-matter,phi4,subject-matter,1,"power losses, quality and safety issues",zeroshot,13
phi4_subject-matter_13_b4,phi4_subject-matter,phi4,subject-matter,4,"uncertain utility interaction (net metering, utility ownership, and agreed standards)",zeroshot,13
phi4_subject-matter_13_b5,phi4_subject-matter,phi4,subject-matter,5,lack of pilot projects,zeroshot,13
phi4_subject-matter_13_b8,phi4_subject-matter,phi4,subject-matter,8,misconception and lack of knowledge leads to lengthy/expensive design and permit process,zeroshot,13
phi4_subject-matter_13_b10,phi4_subject-matter,phi4,subject-matter,10,uncertain regulatory roadmap,zeroshot,13
gemma3_generalist_13_b1,gemma3_generalist,gemma3,generalist,1,"power losses, quality and safety issues",zeroshot,13
gemma3_generalist_13_b5,gemma3_generalist,gemma3,generalist,5,lack of pilot projects,zeroshot,13
gemma3_generalist_13_b6,gemma3_generalist,gemma3,generalist,6,public perception of DC and readiness to 'champion' installations from DC projects,zeroshot,13
gemma3_generalist_13_b8,gemma3_generalist,gemma3,generalist,8,misconception and lack of knowledge leads to lengthy/expensive design and permit process,zeroshot,13
gemma3_generalist_13_b11,gemma3_generalist,gemma3,generalist,11,high costs of DC solutions,zeroshot,13
gemma3_normative_13_b1,gemma3_normative,gemma3,normative,1,"power losses, quality and safety issues",zeroshot,13
gemma3_normative_13_b4,gemma3_normative,gemma3,normative,4,"uncertain utility interaction (net metering, utility ownership, and agreed standards)",zeroshot,13
gemma3_normative_13_b8,gemma3_normative,gemma3,normative,8,misconception and lack of knowledge leads to lengthy/expensive design and permit process,zeroshot,13
gemma3_normative_13_b9,gemma3_normative,gemma3,normative,9,lack of enough trained personnel in DC systems,zeroshot,13
gemma3_normative_13_b11,gemma3_normative,gemma3,normative,11,high costs of DC solutions,zeroshot,13
gemma3_subject-matter_13_b1,gemma3_subject-matter,gemma3,subject-matter,1,"power losses, quality and safety issues",zeroshot,13
gemma3_subject-matter_13_b5,gemma3_subject-matter,gemma3,subject-matter,5,lack of pilot projects,zeroshot,13
gemma3_subject-matter_13_b6,gemma3_subject-matter,gemma3,subject-matter,6,public perception of DC and readiness to 'champion' installations from DC projects,zeroshot,13
gemma3_subject-matter_13_b9,gemma3_subject-matter,gemma3,subject-matter,9,lack of enough trained personnel in DC systems,zeroshot,13
gemma3_subject-matter_13_b10,gemma3_subject-matter,gemma3,subject-matter,10,uncertain regulatory roadmap,zeroshot,13
llama_generalist_13_b1,llama_generalist,llama,generalist,1,"power losses, quality and safety issues",zeroshot,13
llama_generalist_13_b3,llama_generalist,llama,generalist,3,lack of use-cases in which DC is advantageous,zeroshot,13
llama_generalist_13_b4,llama_generalist,llama,generalist,4,"uncertain utility interaction (net metering, utility ownership, and agreed standards)",zeroshot,13
llama_generalist_13_b5,llama_generalist,llama,generalist,5,lack of pilot projects,zeroshot,13
llama_generalist_13_b6,llama_generalist,llama,generalist,6,public perception of DC and readiness to 'champion' installations from DC projects,zeroshot,13
llama_normative_13_b1,llama_normative,llama,normative,1,"power losses, quality and safety issues",zeroshot,13
llama_normative_13_b2,llama_normative,llama,normative,2,reduced reliability in DC devices,zeroshot,13
llama_normative_13_b4,llama_normative,llama,normative,4,"uncertain utility interaction (net metering, utility ownership, and agreed standards)",zeroshot,13
llama_normative_13_b3,llama_normative,llama,normative,3,lack of use-cases in which DC is advantageous,zeroshot,13
llama_normative_13_b7,llama_normative,llama,normative,7,incompatibility of DC systems components,zeroshot,13
llama_subject-matter_13_b1,llama_subject-matter,llama,subject-matter,1,"power losses, quality and safety issues",zeroshot,13
llama_subject-matter_13_b3,llama_subject-matter,llama,subject-matter,3,lack of use-cases in which DC is advantageous,zeroshot,13
llama_subject-matter_13_b4,llama_subject-matter,llama,subject-matter,4,"uncertain utility interaction (net metering, utility ownership, and agreed standards)",zeroshot,13
llama_subject-matter_13_b7,llama_subject-matter,llama,subject-matter,7,incompatibility of DC systems components,zeroshot,13
llama_subject-matter_13_b8,llama_subject-matter,llama,subject-matter,8,misconception and lack of knowledge leads to lengthy/expensive design and permit process,zeroshot,13
mistral_generalist_13_b1,mistral_generalist,mistral,generalist,1,"power losses, quality and safety issues",zeroshot,13
mistral_generalist_13_b2,mistral_generalist,mistral,generalist,2,reduced reliability in DC devices,zeroshot,13
mistral_generalist_13_b3,mistral_generalist,mistral,generalist,3,lack of use-cases in which DC is advantageous,zeroshot,13
mistral_generalist_13_b4,mistral_generalist,mistral,generalist,4,"uncertain utility interaction (net metering, utility ownership, and agreed standards)",zeroshot,13
mistral_generalist_13_b5,mistral_generalist,mistral,generalist,5,lack of pilot projects,zeroshot,13
mistral_normative_13_b1,mistral_normative,mistral,normative,1,"power losses, quality and safety issues",zeroshot,13
mistral_normative_13_b4,mistral_normative,mistral,normative,4,"uncertain utility interaction (net metering, utility ownership, and agreed standards)",zeroshot,13
mistral_normative_13_b3,mistral_normative,mistral,normative,3,lack of use-cases in which DC is advantageous,zeroshot,13
mistral_normative_13_b7,mistral_normative,mistral,normative,7,incompatibility of DC systems components,zeroshot,13
mistral_normative_13_b11,mistral_normative,mistral,normative,11,high costs of DC solutions,zeroshot,13
mistral_subject-matter_13_b1,mistral_subject-matter,mistral,subject-matter,1,"power losses, quality and safety issues",zeroshot,13
mistral_subject-matter_13_b2,mistral_subject-matter,mistral,subject-matter,2,reduced reliability in DC devices,zeroshot,13
mistral_subject-matter_13_b3,mistral_subject-matter,mistral,subject-matter,3,lack of use-cases in which DC is advantageous,zeroshot,13
mistral_subject-matter_13_b4,mistral_subject-matter,mistral,subject-matter,4,"uncertain utility interaction (net metering, utility ownership, and agreed standards)",zeroshot,13
mistral_subject-matter_13_b5,mistral_subject-matter,mistral,subject-matter,5,lack of pilot projects,zeroshot,13
phi4_generalist_14_b1,phi4_generalist,phi4,generalist,1,"power losses, quality and safety issues",zeroshot,14
phi4_generalist_14_b3,phi4_generalist,phi4,generalist,3,lack of use-cases in which DC is advantageous,zeroshot,14
phi4_generalist_14_b4,phi4_generalist,phi4,generalist,4,"uncertain utility interaction (net metering, utility ownership, and agreed standards)",zeroshot,14
phi4_generalist_14_b5,phi4_generalist,phi4,generalist,5,lack of pilot projects,zeroshot,14
phi4_generalist_14_b10,phi4_generalist,phi4,generalist,10,uncertain regulatory roadmap,zeroshot,14
phi4_normative_14_b1,phi4_normative,phi4,normative,1,"power losses, quality and safety issues",zeroshot,14
phi4_normative_14_b3,phi4_normative,phi4,normative,3,lack of use-cases in which DC is advantageous,zeroshot,14
phi4_normative_14_b4,phi4_normative,phi4,normative,4,"uncertain utility interaction (net metering, utility ownership, and agreed standards)",zeroshot,14
phi4_normative_14_b8,phi4_normative,phi4,normative,8,misconception and lack of knowledge leads to lengthy/expensive design and permit process,zeroshot,14
phi4_normative_14_b10,phi4_normative,phi4,normative,10,uncertain regulatory roadmap,zeroshot,14
phi4_subject-matter_14_b1,phi4_subject-matter,phi4,subject-matter,1,"power losses, quality and safety issues",zeroshot,14
phi4_subject-matter_14_b2,phi4_subject-matter,phi4,subject-matter,2,reduced reliability in DC devices,zeroshot,14
phi4_subject-matter_14_b3,phi4_subject-matter,phi4,subject-matter,3,lack of use-cases in which DC is advantageous,zeroshot,14
phi4_subject-matter_14_b4,phi4_subject-matter,phi4,subject-matter,4,"uncertain utility interaction (net metering, utility ownership, and agreed standards)",zeroshot,14
phi4_subject-matter_14_b11,phi4_subject-matter,phi4,subject-matter,11,high costs of DC solutions,zeroshot,14
gemma3_generalist_14_b1,gemma3_generalist,gemma3,generalist,1,"power losses, quality and safety issues",zeroshot,14
gemma3_generalist_14_b5,gemma3_generalist,gemma3,generalist,5,lack of pilot projects,zeroshot,14
gemma3_generalist_14_b6,gemma3_generalist,gemma3,generalist,6,public perception of DC and readiness to 'champion' installations from DC projects,zeroshot,14
gemma3_generalist_14_b8,gemma3_generalist,gemma3,generalist,8,misconception and lack of knowledge leads to lengthy/expensive design and permit process,zeroshot,14
gemma3_generalist_14_b11,gemma3_generalist,gemma3,generalist,11,high costs of DC solutions,zeroshot,14
gemma3_normative_14_b1,gemma3_normative,gemma3,normative,1,"power losses, quality and safety issues",zeroshot,14
gemma3_normative_14_b4,gemma3_normative,gemma3,normative,4,"uncertain utility interaction (net metering, utility ownership, and agreed standards)",zeroshot,14
gemma3_normative_14_b8,gemma3_normative,gemma3,normative,8,misconception and lack of knowledge leads to lengthy/expensive design and permit process,zeroshot,14
gemma3_normative_14_b9,gemma3_normative,gemma3,normative,9,lack of enough trained personnel in DC systems,zeroshot,14
gemma3_normative_14_b11,gemma3_normative,gemma3,normative,11,high costs of DC solutions,zeroshot,14
gemma3_subject-matter_14_b1,gemma3_subject-matter,gemma3,subject-matter,1,"power losses, quality and safety issues",zeroshot,14
gemma3_subject-matter_14_b5,gemma3_subject-matter,gemma3,subject-matter,5,lack of pilot projects,zeroshot,14
gemma3_subject-matter_14_b4,gemma3_subject-matter,gemma3,subject-matter,4,"uncertain utility interaction (net metering, utility ownership, and agreed standards)",zeroshot,14
gemma3_subject-matter_14_b8,gemma3_subject-matter,gemma3,subject-matter,8,misconception and lack of knowledge leads to lengthy/expensive design and permit process,zeroshot,14
gemma3_subject-matter_14_b11,gemma3_subject-matter,gemma3,subject-matter,11,high costs of DC solutions,zeroshot,14
llama_generalist_14_b1,llama_generalist,llama,generalist,1,"power losses, quality and safety issues",zeroshot,14
llama_generalist_14_b2,llama_generalist,llama,generalist,2,reduced reliability in DC devices,zeroshot,14
llama_generalist_14_b3,llama_generalist,llama,generalist,3,lack of use-cases in which DC is advantageous,zeroshot,14
llama_generalist_14_b4,llama_generalist,llama,generalist,4,"uncertain utility interaction (net metering, utility ownership, and agreed standards)",zeroshot,14
llama_generalist_14_b5,llama_generalist,llama,generalist,5,lack of pilot projects,zeroshot,14
llama_normative_14_b1,llama_normative,llama,normative,1,"power losses, quality and safety issues",zeroshot,14
llama_normative_14_b2,llama_normative,llama,normative,2,reduced reliability in DC devices,zeroshot,14
llama_normative_14_b3,llama_normative,llama,normative,3,lack of use-cases in which DC is advantageous,zeroshot,14
llama_normative_14_b4,llama_normative,llama,normative,4,"uncertain utility interaction (net metering, utility ownership, and agreed standards)",zeroshot,14
llama_normative_14_b5,llama_normative,llama,normative,5,lack of pilot projects,zeroshot,14
llama_subject-matter_14_b1,llama_subject-matter,llama,subject-matter,1,"power losses, quality and safety issues",zeroshot,14
llama_subject-matter_14_b2,llama_subject-matter,llama,subject-matter,2,reduced reliability in DC devices,zeroshot,14
llama_subject-matter_14_b3,llama_subject-matter,llama,subject-matter,3,lack of use-cases in which DC is advantageous,zeroshot,14
llama_subject-matter_14_b4,llama_subject-matter,llama,subject-matter,4,"uncertain utility interaction (net metering, utility ownership, and agreed standards)",zeroshot,14
llama_subject-matter_14_b5,llama_subject-matter,llama,subject-matter,5,lack of pilot projects,zeroshot,14
mistral_generalist_14_b1,mistral_generalist,mistral,generalist,1,"power losses, quality and safety issues",zeroshot,14
mistral_generalist_14_b4,mistral_generalist,mistral,generalist,4,"uncertain utility interaction (net metering, utility ownership, and agreed standards)",zeroshot,14
mistral_generalist_14_b5,mistral_generalist,mistral,generalist,5,lack of pilot projects,zeroshot,14
mistral_generalist_14_b7,mistral_generalist,mistral,generalist,7,incompatibility of DC systems components,zeroshot,14
mistral_generalist_14_b11,mistral_generalist,mistral,generalist,11,high costs of DC solutions,zeroshot,14
mistral_normative_14_b1,mistral_normative,mistral,normative,1,"power losses, quality and safety issues",zeroshot,14
mistral_normative_14_b2,mistral_normative,mistral,normative,2,reduced reliability in DC devices,zeroshot,14
mistral_normative_14_b4,mistral_normative,mistral,normative,4,"uncertain utility interaction (net metering, utility ownership, and agreed standards)",zeroshot,14
mistral_normative_14_b5,mistral_normative,mistral,normative,5,lack of pilot projects,zeroshot,14
mistral_normative_14_b9,mistral_normative,mistral,normative,9,lack of enough trained personnel in DC systems,zeroshot,14
mistral_subject-matter_14_b1,mistral_subject-matter,mistral,subject-matter,1,"power losses, quality and safety issues",zeroshot,14
mistral_subject-matter_14_b2,mistral_subject-matter,mistral,subject-matter,2,reduced reliability in DC devices,zeroshot,14
mistral_subject-matter_14_b3,mistral_subject-matter,mistral,subject-matter,3,lack of use-cases in which DC is advantageous,zeroshot,14
mistral_subject-matter_14_b4,mistral_subject-matter,mistral,subject-matter,4,"uncertain utility interaction (net metering, utility ownership, and agreed standards)",zeroshot,14
mistral_subject-matter_14_b11,mistral_subject-matter,mistral,subject-matter,11,high costs of DC solutions,zeroshot,14
phi4_generalist_15_b1,phi4_generalist,phi4,generalist,1,"power losses, quality and safety issues",zeroshot,15
phi4_generalist_15_b3,phi4_generalist,phi4,generalist,3,lack of use-cases in which DC is advantageous,zeroshot,15
phi4_generalist_15_b4,phi4_generalist,phi4,generalist,4,"uncertain utility interaction (net metering, utility ownership, and agreed standards)",zeroshot,15
phi4_generalist_15_b8,phi4_generalist,phi4,generalist,8,misconception and lack of knowledge leads to lengthy/expensive design and permit process,zeroshot,15
phi4_generalist_15_b10,phi4_generalist,phi4,generalist,10,uncertain regulatory roadmap,zeroshot,15
phi4_normative_15_b1,phi4_normative,phi4,normative,1,"power losses, quality and safety issues",zeroshot,15
phi4_normative_15_b3,phi4_normative,phi4,normative,3,lack of use-cases in which DC is advantageous,zeroshot,15
phi4_normative_15_b4,phi4_normative,phi4,normative,4,"uncertain utility interaction (net metering, utility ownership, and agreed standards)",zeroshot,15
phi4_normative_15_b8,phi4_normative,phi4,normative,8,misconception and lack of knowledge leads to lengthy/expensive design and permit process,zeroshot,15
phi4_normative_15_b10,phi4_normative,phi4,normative,10,uncertain regulatory roadmap,zeroshot,15
phi4_subject-matter_15_b1,phi4_subject-matter,phi4,subject-matter,1,"power losses, quality and safety issues",zeroshot,15
phi4_subject-matter_15_b4,phi4_subject-matter,phi4,subject-matter,4,"uncertain utility interaction (net metering, utility ownership, and agreed standards)",zeroshot,15
phi4_subject-matter_15_b5,phi4_subject-matter,phi4,subject-matter,5,lack of pilot projects,zeroshot,15
phi4_subject-matter_15_b7,phi4_subject-matter,phi4,subject-matter,7,incompatibility of DC systems components,zeroshot,15
phi4_subject-matter_15_b9,phi4_subject-matter,phi4,subject-matter,9,lack of enough trained personnel in DC systems,zeroshot,15
gemma3_generalist_15_b1,gemma3_generalist,gemma3,generalist,1,"power losses, quality and safety issues",zeroshot,15
gemma3_generalist_15_b5,gemma3_generalist,gemma3,generalist,5,lack of pilot projects,zeroshot,15
gemma3_generalist_15_b6,gemma3_generalist,gemma3,generalist,6,public perception of DC and readiness to 'champion' installations from DC projects,zeroshot,15
gemma3_generalist_15_b8,gemma3_generalist,gemma3,generalist,8,misconception and lack of knowledge leads to lengthy/expensive design and permit process,zeroshot,15
gemma3_generalist_15_b11,gemma3_generalist,gemma3,generalist,11,high costs of DC solutions,zeroshot,15
gemma3_normative_15_b1,gemma3_normative,gemma3,normative,1,"power losses, quality and safety issues",zeroshot,15
gemma3_normative_15_b5,gemma3_normative,gemma3,normative,5,lack of pilot projects,zeroshot,15
gemma3_normative_15_b6,gemma3_normative,gemma3,normative,6,public perception of DC and readiness to 'champion' installations from DC projects,zeroshot,15
gemma3_normative_15_b4,gemma3_normative,gemma3,normative,4,"uncertain utility interaction (net metering, utility ownership, and agreed standards)",zeroshot,15
gemma3_normative_15_b11,gemma3_normative,gemma3,normative,11,high costs of DC solutions,zeroshot,15
gemma3_subject-matter_15_b1,gemma3_subject-matter,gemma3,subject-matter,1,"power losses, quality and safety issues",zeroshot,15
gemma3_subject-matter_15_b5,gemma3_subject-matter,gemma3,subject-matter,5,lack of pilot projects,zeroshot,15
gemma3_subject-matter_15_b4,gemma3_subject-matter,gemma3,subject-matter,4,"uncertain utility interaction (net metering, utility ownership, and agreed standards)",zeroshot,15
gemma3_subject-matter_15_b8,gemma3_subject-matter,gemma3,subject-matter,8,misconception and lack of knowledge leads to lengthy/expensive design and permit process,zeroshot,15
gemma3_subject-matter_15_b11,gemma3_subject-matter,gemma3,subject-matter,11,high costs of DC solutions,zeroshot,15
llama_generalist_15_b1,llama_generalist,llama,generalist,1,"power losses, quality and safety issues",zeroshot,15
llama_generalist_15_b3,llama_generalist,llama,generalist,3,lack of use-cases in which DC is advantageous,zeroshot,15
llama_generalist_15_b4,llama_generalist,llama,generalist,4,"uncertain utility interaction (net metering, utility ownership, and agreed standards)",zeroshot,15
llama_generalist_15_b6,llama_generalist,llama,generalist,6,public perception of DC and readiness to 'champion' installations from DC projects,zeroshot,15
llama_generalist_15_b7,llama_generalist,llama,generalist,7,incompatibility of DC systems components,zeroshot,15
llama_normative_15_b1,llama_normative,llama,normative,1,"power losses, quality and safety issues",zeroshot,15
llama_normative_15_b2,llama_normative,llama,normative,2,reduced reliability in DC devices,zeroshot,15
llama_normative_15_b3,llama_normative,llama,normative,3,lack of use-cases in which DC is advantageous,zeroshot,15
llama_normative_15_b4,llama_normative,llama,normative,4,"uncertain utility interaction (net metering, utility ownership, and agreed standards)",zeroshot,15
llama_normative_15_b5,llama_normative,llama,normative,5,lack of pilot projects,zeroshot,15
llama_subject-matter_15_b1,llama_subject-matter,llama,subject-matter,1,"power losses, quality and safety issues",zeroshot,15
llama_subject-matter_15_b2,llama_subject-matter,llama,subject-matter,2,reduced reliability in DC devices,zeroshot,15
llama_subject-matter_15_b3,llama_subject-matter,llama,subject-matter,3,lack of use-cases in which DC is advantageous,zeroshot,15
llama_subject-matter_15_b4,llama_subject-matter,llama,subject-matter,4,"uncertain utility interaction (net metering, utility ownership, and agreed standards)",zeroshot,15
llama_subject-matter_15_b11,llama_subject-matter,llama,subject-matter,11,high costs of DC solutions,zeroshot,15
mistral_generalist_15_b1,mistral_generalist,mistral,generalist,1,"power losses, quality and safety issues",zeroshot,15
mistral_generalist_15_b4,mistral_generalist,mistral,generalist,4,"uncertain utility interaction (net metering, utility ownership, and agreed standards)",zeroshot,15
mistral_generalist_15_b5,mistral_generalist,mistral,generalist,5,lack of pilot projects,zeroshot,15
mistral_generalist_15_b7,mistral_generalist,mistral,generalist,7,incompatibility of DC systems components,zeroshot,15
mistral_generalist_15_b8,mistral_generalist,mistral,generalist,8,misconception and lack of knowledge leads to lengthy/expensive design and permit process,zeroshot,15
mistral_normative_15_b1,mistral_normative,mistral,normative,1,"power losses, quality and safety issues",zeroshot,15
mistral_normative_15_b2,mistral_normative,mistral,normative,2,reduced reliability in DC devices,zeroshot,15
mistral_normative_15_b4,mistral_normative,mistral,normative,4,"uncertain utility interaction (net metering, utility ownership, and agreed standards)",zeroshot,15
mistral_normative_15_b5,mistral_normative,mistral,normative,5,lack of pilot projects,zeroshot,15
mistral_normative_15_b9,mistral_normative,mistral,normative,9,lack of enough trained personnel in DC systems,zeroshot,15
mistral_subject-matter_15_b1,mistral_subject-matter,mistral,subject-matter,1,"power losses, quality and safety issues",zeroshot,15
mistral_subject-matter_15_b2,mistral_subject-matter,mistral,subject-matter,2,reduced reliability in DC devices,zeroshot,15
mistral_subject-matter_15_b4,mistral_subject-matter,mistral,subject-matter,4,"uncertain utility interaction (net metering, utility ownership, and agreed standards)",zeroshot,15
mistral_subject-matter_15_b5,mistral_subject-matter,mistral,subject-matter,5,lack of pilot projects,zeroshot,15
mistral_subject-matter_15_b7,mistral_subject-matter,mistral,subject-matter,7,incompatibility of DC systems components,zeroshot,15
phi4_generalist_16_b1,phi4_generalist,phi4,generalist,1,"power losses, quality and safety issues",zeroshot,16
phi4_generalist_16_b3,phi4_generalist,phi4,generalist,3,lack of use-cases in which DC is advantageous,zeroshot,16
phi4_generalist_16_b4,phi4_generalist,phi4,generalist,4,"uncertain utility interaction (net metering, utility ownership, and agreed standards)",zeroshot,16
phi4_generalist_16_b8,phi4_generalist,phi4,generalist,8,misconception and lack of knowledge leads to lengthy/expensive design and permit process,zeroshot,16
phi4_generalist_16_b10,phi4_generalist,phi4,generalist,10,uncertain regulatory roadmap,zeroshot,16
phi4_normative_16_b1,phi4_normative,phi4,normative,1,"power losses, quality and safety issues",zeroshot,16
phi4_normative_16_b4,phi4_normative,phi4,normative,4,"uncertain utility interaction (net metering, utility ownership, and agreed standards)",zeroshot,16
phi4_normative_16_b6,phi4_normative,phi4,normative,6,public perception of DC and readiness to 'champion' installations from DC projects,zeroshot,16
phi4_normative_16_b8,phi4_normative,phi4,normative,8,misconception and lack of knowledge leads to lengthy/expensive design and permit process,zeroshot,16
phi4_normative_16_b10,phi4_normative,phi4,normative,10,uncertain regulatory roadmap,zeroshot,16
phi4_subject-matter_16_b1,phi4_subject-matter,phi4,subject-matter,1,"power losses, quality and safety issues",zeroshot,16
phi4_subject-matter_16_b3,phi4_subject-matter,phi4,subject-matter,3,lack of use-cases in which DC is advantageous,zeroshot,16
phi4_subject-matter_16_b4,phi4_subject-matter,phi4,subject-matter,4,"uncertain utility interaction (net metering, utility ownership, and agreed standards)",zeroshot,16
phi4_subject-matter_16_b8,phi4_subject-matter,phi4,subject-matter,8,misconception and lack of knowledge leads to lengthy/expensive design and permit process,zeroshot,16
phi4_subject-matter_16_b10,phi4_subject-matter,phi4,subject-matter,10,uncertain regulatory roadmap,zeroshot,16
gemma3_generalist_16_b1,gemma3_generalist,gemma3,generalist,1,"power losses, quality and safety issues",zeroshot,16
gemma3_generalist_16_b5,gemma3_generalist,gemma3,generalist,5,lack of pilot projects,zeroshot,16
gemma3_generalist_16_b6,gemma3_generalist,gemma3,generalist,6,public perception of DC and readiness to 'champion' installations from DC projects,zeroshot,16
gemma3_generalist_16_b8,gemma3_generalist,gemma3,generalist,8,misconception and lack of knowledge leads to lengthy/expensive design and permit process,zeroshot,16
gemma3_generalist_16_b11,gemma3_generalist,gemma3,generalist,11,high costs of DC solutions,zeroshot,16
gemma3_normative_16_b1,gemma3_normative,gemma3,normative,1,"power losses, quality and safety issues",zeroshot,16
gemma3_normative_16_b4,gemma3_normative,gemma3,normative,4,"uncertain utility interaction (net metering, utility ownership, and agreed standards)",zeroshot,16
gemma3_normative_16_b6,gemma3_normative,gemma3,normative,6,public perception of DC and readiness to 'champion' installations from DC projects,zeroshot,16
gemma3_normative_16_b8,gemma3_normative,gemma3,normative,8,misconception and lack of knowledge leads to lengthy/expensive design and permit process,zeroshot,16
gemma3_normative_16_b11,gemma3_normative,gemma3,normative,11,high costs of DC solutions,zeroshot,16
gemma3_subject-matter_16_b1,gemma3_subject-matter,gemma3,subject-matter,1,"power losses, quality and safety issues",zeroshot,16
gemma3_subject-matter_16_b5,gemma3_subject-matter,gemma3,subject-matter,5,lack of pilot projects,zeroshot,16
gemma3_subject-matter_16_b6,gemma3_subject-matter,gemma3,subject-matter,6,public perception of DC and readiness to 'champion' installations from DC projects,zeroshot,16
gemma3_subject-matter_16_b9,gemma3_subject-matter,gemma3,subject-matter,9,lack of enough trained personnel in DC systems,zeroshot,16
gemma3_subject-matter_16_b11,gemma3_subject-matter,gemma3,subject-matter,11,high costs of DC solutions,zeroshot,16
llama_generalist_16_b1,llama_generalist,llama,generalist,1,"power losses, quality and safety issues",zeroshot,16
llama_generalist_16_b3,llama_generalist,llama,generalist,3,lack of use-cases in which DC is advantageous,zeroshot,16
llama_generalist_16_b4,llama_generalist,llama,generalist,4,"uncertain utility interaction (net metering, utility ownership, and agreed standards)",zeroshot,16
llama_generalist_16_b5,llama_generalist,llama,generalist,5,lack of pilot projects,zeroshot,16
llama_generalist_16_b6,llama_generalist,llama,generalist,6,public perception of DC and readiness to 'champion' installations from DC projects,zeroshot,16
llama_normative_16_b1,llama_normative,llama,normative,1,"power losses, quality and safety issues",zeroshot,16
llama_normative_16_b3,llama_normative,llama,normative,3,lack of use-cases in which DC is advantageous,zeroshot,16
llama_normative_16_b4,llama_normative,llama,normative,4,"uncertain utility interaction (net metering, utility ownership, and agreed standards)",zeroshot,16
llama_normative_16_b5,llama_normative,llama,normative,5,lack of pilot projects,zeroshot,16
llama_normative_16_b6,llama_normative,llama,normative,6,public perception of DC and readiness to 'champion' installations from DC projects,zeroshot,16
llama_subject-matter_16_b1,llama_subject-matter,llama,subject-matter,1,"power losses, quality and safety issues",zeroshot,16
llama_subject-matter_16_b3,llama_subject-matter,llama,subject-matter,3,lack of use-cases in which DC is advantageous,zeroshot,16
llama_subject-matter_16_b4,llama_subject-matter,llama,subject-matter,4,"uncertain utility interaction (net metering, utility ownership, and agreed standards)",zeroshot,16
llama_subject-matter_16_b6,llama_subject-matter,llama,subject-matter,6,public perception of DC and readiness to 'champion' installations from DC projects,zeroshot,16
llama_subject-matter_16_b7,llama_subject-matter,llama,subject-matter,7,incompatibility of DC systems components,zeroshot,16
mistral_generalist_16_b1,mistral_generalist,mistral,generalist,1,"power losses, quality and safety issues",zeroshot,16
mistral_generalist_16_b2,mistral_generalist,mistral,generalist,2,reduced reliability in DC devices,zeroshot,16
mistral_generalist_16_b4,mistral_generalist,mistral,generalist,4,"uncertain utility interaction (net metering, utility ownership, and agreed standards)",zeroshot,16
mistral_generalist_16_b5,mistral_generalist,mistral,generalist,5,lack of pilot projects,zeroshot,16
mistral_generalist_16_b6,mistral_generalist,mistral,generalist,6,public perception of DC and readiness to 'champion' installations from DC projects,zeroshot,16
mistral_normative_16_b1,mistral_normative,mistral,normative,1,"power losses, quality and safety issues",zeroshot,16
mistral_normative_16_b2,mistral_normative,mistral,normative,2,reduced reliability in DC devices,zeroshot,16
mistral_normative_16_b4,mistral_normative,mistral,normative,4,"uncertain utility interaction (net metering, utility ownership, and agreed standards)",zeroshot,16
mistral_normative_16_b5,mistral_normative,mistral,normative,5,lack of pilot projects,zeroshot,16
mistral_normative_16_b7,mistral_normative,mistral,normative,7,incompatibility of DC systems components,zeroshot,16
mistral_subject-matter_16_b1,mistral_subject-matter,mistral,subject-matter,1,"power losses, quality and safety issues",zeroshot,16
mistral_subject-matter_16_b2,mistral_subject-matter,mistral,subject-matter,2,reduced reliability in DC devices,zeroshot,16
mistral_subject-matter_16_b4,mistral_subject-matter,mistral,subject-matter,4,"uncertain utility interaction (net metering, utility ownership, and agreed standards)",zeroshot,16
mistral_subject-matter_16_b5,mistral_subject-matter,mistral,subject-matter,5,lack of pilot projects,zeroshot,16
mistral_subject-matter_16_b9,mistral_subject-matter,mistral,subject-matter,9,lack of enough trained personnel in DC systems,zeroshot,16
phi4_generalist_17_b1,phi4_generalist,phi4,generalist,1,"power losses, quality and safety issues",zeroshot,17
phi4_generalist_17_b3,phi4_generalist,phi4,generalist,3,lack of use-cases in which DC is advantageous,zeroshot,17
phi4_generalist_17_b4,phi4_generalist,phi4,generalist,4,"uncertain utility interaction (net metering, utility ownership, and agreed standards)",zeroshot,17
phi4_generalist_17_b5,phi4_generalist,phi4,generalist,5,lack of pilot projects,zeroshot,17
phi4_generalist_17_b10,phi4_generalist,phi4,generalist,10,uncertain regulatory roadmap,zeroshot,17
phi4_normative_17_b1,phi4_normative,phi4,normative,1,"power losses, quality and safety issues",zeroshot,17
phi4_normative_17_b4,phi4_normative,phi4,normative,4,"uncertain utility interaction (net metering, utility ownership, and agreed standards)",zeroshot,17
phi4_normative_17_b5,phi4_normative,phi4,normative,5,lack of pilot projects,zeroshot,17
phi4_normative_17_b8,phi4_normative,phi4,normative,8,misconception and lack of knowledge leads to lengthy/expensive design and permit process,zeroshot,17
phi4_normative_17_b10,phi4_normative,phi4,normative,10,uncertain regulatory roadmap,zeroshot,17
phi4_subject-matter_17_b1,phi4_subject-matter,phi4,subject-matter,1,"power losses, quality and safety issues",zeroshot,17
phi4_subject-matter_17_b4,phi4_subject-matter,phi4,subject-matter,4,"uncertain utility interaction (net metering, utility ownership, and agreed standards)",zeroshot,17
phi4_subject-matter_17_b5,phi4_subject-matter,phi4,subject-matter,5,lack of pilot projects,zeroshot,17
phi4_subject-matter_17_b9,phi4_subject-matter,phi4,subject-matter,9,lack of enough trained personnel in DC systems,zeroshot,17
phi4_subject-matter_17_b10,phi4_subject-matter,phi4,subject-matter,10,uncertain regulatory roadmap,zeroshot,17
gemma3_generalist_17_b1,gemma3_generalist,gemma3,generalist,1,"power losses, quality and safety issues",zeroshot,17
gemma3_generalist_17_b5,gemma3_generalist,gemma3,generalist,5,lack of pilot projects,zeroshot,17
gemma3_generalist_17_b6,gemma3_generalist,gemma3,generalist,6,public perception of DC and readiness to 'champion' installations from DC projects,zeroshot,17
gemma3_generalist_17_b8,gemma3_generalist,gemma3,generalist,8,misconception and lack of knowledge leads to lengthy/expensive design and permit process,zeroshot,17
gemma3_generalist_17_b11,gemma3_generalist,gemma3,generalist,11,high costs of DC solutions,zeroshot,17
gemma3_normative_17_b1,gemma3_normative,gemma3,normative,1,"power losses, quality and safety issues",zeroshot,17
gemma3_normative_17_b4,gemma3_normative,gemma3,normative,4,"uncertain utility interaction (net metering, utility ownership, and agreed standards)",zeroshot,17
gemma3_normative_17_b7,gemma3_normative,gemma3,normative,7,incompatibility of DC systems components,zeroshot,17
gemma3_normative_17_b8,gemma3_normative,gemma3,normative,8,misconception and lack of knowledge leads to lengthy/expensive design and permit process,zeroshot,17
gemma3_normative_17_b11,gemma3_normative,gemma3,normative,11,high costs of DC solutions,zeroshot,17
gemma3_subject-matter_17_b1,gemma3_subject-matter,gemma3,subject-matter,1,"power losses, quality and safety issues",zeroshot,17
gemma3_subject-matter_17_b5,gemma3_subject-matter,gemma3,subject-matter,5,lack of pilot projects,zeroshot,17
gemma3_subject-matter_17_b6,gemma3_subject-matter,gemma3,subject-matter,6,public perception of DC and readiness to 'champion' installations from DC projects,zeroshot,17
gemma3_subject-matter_17_b9,gemma3_subject-matter,gemma3,subject-matter,9,lack of enough trained personnel in DC systems,zeroshot,17
gemma3_subject-matter_17_b11,gemma3_subject-matter,gemma3,subject-matter,11,high costs of DC solutions,zeroshot,17
llama_generalist_17_b1,llama_generalist,llama,generalist,1,"power losses, quality and safety issues",zeroshot,17
llama_generalist_17_b2,llama_generalist,llama,generalist,2,reduced reliability in DC devices,zeroshot,17
llama_generalist_17_b3,llama_generalist,llama,generalist,3,lack of use-cases in which DC is advantageous,zeroshot,17
llama_generalist_17_b4,llama_generalist,llama,generalist,4,"uncertain utility interaction (net metering, utility ownership, and agreed standards)",zeroshot,17
llama_generalist_17_b5,llama_generalist,llama,generalist,5,lack of pilot projects,zeroshot,17
llama_normative_17_b1,llama_normative,llama,normative,1,"power losses, quality and safety issues",zeroshot,17
llama_normative_17_b3,llama_normative,llama,normative,3,lack of use-cases in which DC is advantageous,zeroshot,17
llama_normative_17_b4,llama_normative,llama,normative,4,"uncertain utility interaction (net metering, utility ownership, and agreed standards)",zeroshot,17
llama_normative_17_b7,llama_normative,llama,normative,7,incompatibility of DC systems components,zeroshot,17
llama_normative_17_b8,llama_normative,llama,normative,8,misconception and lack of knowledge leads to lengthy/expensive design and permit process,zeroshot,17
llama_subject-matter_17_b1,llama_subject-matter,llama,subject-matter,1,"power losses, quality and safety issues",zeroshot,17
llama_subject-matter_17_b2,llama_subject-matter,llama,subject-matter,2,reduced reliability in DC devices,zeroshot,17
llama_subject-matter_17_b4,llama_subject-matter,llama,subject-matter,4,"uncertain utility interaction (net metering, utility ownership, and agreed standards)",zeroshot,17
llama_subject-matter_17_b5,llama_subject-matter,llama,subject-matter,5,lack of pilot projects,zeroshot,17
llama_subject-matter_17_b7,llama_subject-matter,llama,subject-matter,7,incompatibility of DC systems components,zeroshot,17
mistral_generalist_17_b1,mistral_generalist,mistral,generalist,1,"power losses, quality and safety issues",zeroshot,17
mistral_generalist_17_b4,mistral_generalist,mistral,generalist,4,"uncertain utility interaction (net metering, utility ownership, and agreed standards)",zeroshot,17
mistral_generalist_17_b3,mistral_generalist,mistral,generalist,3,lack of use-cases in which DC is advantageous,zeroshot,17
mistral_generalist_17_b7,mistral_generalist,mistral,generalist,7,incompatibility of DC systems components,zeroshot,17
mistral_generalist_17_b5,mistral_generalist,mistral,generalist,5,lack of pilot projects,zeroshot,17
mistral_normative_17_b1,mistral_normative,mistral,normative,1,"power losses, quality and safety issues",zeroshot,17
mistral_normative_17_b4,mistral_normative,mistral,normative,4,"uncertain utility interaction (net metering, utility ownership, and agreed standards)",zeroshot,17
mistral_normative_17_b5,mistral_normative,mistral,normative,5,lack of pilot projects,zeroshot,17
mistral_normative_17_b7,mistral_normative,mistral,normative,7,incompatibility of DC systems components,zeroshot,17
mistral_normative_17_b9,mistral_normative,mistral,normative,9,lack of enough trained personnel in DC systems,zeroshot,17
mistral_subject-matter_17_b1,mistral_subject-matter,mistral,subject-matter,1,"power losses, quality and safety issues",zeroshot,17
mistral_subject-matter_17_b2,mistral_subject-matter,mistral,subject-matter,2,reduced reliability in DC devices,zeroshot,17
mistral_subject-matter_17_b4,mistral_subject-matter,mistral,subject-matter,4,"uncertain utility interaction (net metering, utility ownership, and agreed standards)",zeroshot,17
mistral_subject-matter_17_b5,mistral_subject-matter,mistral,subject-matter,5,lack of pilot projects,zeroshot,17
mistral_subject-matter_17_b7,mistral_subject-matter,mistral,subject-matter,7,incompatibility of DC systems components,zeroshot,17
phi4_generalist_18_b1,phi4_generalist,phi4,generalist,1,"power losses, quality and safety issues",zeroshot,18
phi4_generalist_18_b3,phi4_generalist,phi4,generalist,3,lack of use-cases in which DC is advantageous,zeroshot,18
phi4_generalist_18_b4,phi4_generalist,phi4,generalist,4,"uncertain utility interaction (net metering, utility ownership, and agreed standards)",zeroshot,18
phi4_generalist_18_b5,phi4_generalist,phi4,generalist,5,lack of pilot projects,zeroshot,18
phi4_generalist_18_b10,phi4_generalist,phi4,generalist,10,uncertain regulatory roadmap,zeroshot,18
phi4_normative_18_b1,phi4_normative,phi4,normative,1,"power losses, quality and safety issues",zeroshot,18
phi4_normative_18_b4,phi4_normative,phi4,normative,4,"uncertain utility interaction (net metering, utility ownership, and agreed standards)",zeroshot,18
phi4_normative_18_b5,phi4_normative,phi4,normative,5,lack of pilot projects,zeroshot,18
phi4_normative_18_b9,phi4_normative,phi4,normative,9,lack of enough trained personnel in DC systems,zeroshot,18
phi4_normative_18_b10,phi4_normative,phi4,normative,10,uncertain regulatory roadmap,zeroshot,18
phi4_subject-matter_18_b1,phi4_subject-matter,phi4,subject-matter,1,"power losses, quality and safety issues",zeroshot,18
phi4_subject-matter_18_b3,phi4_subject-matter,phi4,subject-matter,3,lack of use-cases in which DC is advantageous,zeroshot,18
phi4_subject-matter_18_b4,phi4_subject-matter,phi4,subject-matter,4,"uncertain utility interaction (net metering, utility ownership, and agreed standards)",zeroshot,18
phi4_subject-matter_18_b5,phi4_subject-matter,phi4,subject-matter,5,lack of pilot projects,zeroshot,18
phi4_subject-matter_18_b10,phi4_subject-matter,phi4,subject-matter,10,uncertain regulatory roadmap,zeroshot,18
gemma3_generalist_18_b1,gemma3_generalist,gemma3,generalist,1,"power losses, quality and safety issues",zeroshot,18
gemma3_generalist_18_b5,gemma3_generalist,gemma3,generalist,5,lack of pilot projects,zeroshot,18
gemma3_generalist_18_b6,gemma3_generalist,gemma3,generalist,6,public perception of DC and readiness to 'champion' installations from DC projects,zeroshot,18
gemma3_generalist_18_b8,gemma3_generalist,gemma3,generalist,8,misconception and lack of knowledge leads to lengthy/expensive design and permit process,zeroshot,18
gemma3_generalist_18_b11,gemma3_generalist,gemma3,generalist,11,high costs of DC solutions,zeroshot,18
gemma3_normative_18_b1,gemma3_normative,gemma3,normative,1,"power losses, quality and safety issues",zeroshot,18
gemma3_normative_18_b4,gemma3_normative,gemma3,normative,4,"uncertain utility interaction (net metering, utility ownership, and agreed standards)",zeroshot,18
gemma3_normative_18_b8,gemma3_normative,gemma3,normative,8,misconception and lack of knowledge leads to lengthy/expensive design and permit process,zeroshot,18
gemma3_normative_18_b9,gemma3_normative,gemma3,normative,9,lack of enough trained personnel in DC systems,zeroshot,18
gemma3_normative_18_b11,gemma3_normative,gemma3,normative,11,high costs of DC solutions,zeroshot,18
gemma3_subject-matter_18_b1,gemma3_subject-matter,gemma3,subject-matter,1,"power losses, quality and safety issues",zeroshot,18
gemma3_subject-matter_18_b4,gemma3_subject-matter,gemma3,subject-matter,4,"uncertain utility interaction (net metering, utility ownership, and agreed standards)",zeroshot,18
gemma3_subject-matter_18_b8,gemma3_subject-matter,gemma3,subject-matter,8,misconception and lack of knowledge leads to lengthy/expensive design and permit process,zeroshot,18
gemma3_subject-matter_18_b11,gemma3_subject-matter,gemma3,subject-matter,11,high costs of DC solutions,zeroshot,18
gemma3_subject-matter_18_b10,gemma3_subject-matter,gemma3,subject-matter,10,uncertain regulatory roadmap,zeroshot,18
llama_generalist_18_b1,llama_generalist,llama,generalist,1,"power losses, quality and safety issues",zeroshot,18
llama_generalist_18_b2,llama_generalist,llama,generalist,2,reduced reliability in DC devices,zeroshot,18
llama_generalist_18_b3,llama_generalist,llama,generalist,3,lack of use-cases in which DC is advantageous,zeroshot,18
llama_generalist_18_b4,llama_generalist,llama,generalist,4,"uncertain utility interaction (net metering, utility ownership, and agreed standards)",zeroshot,18
llama_generalist_18_b5,llama_generalist,llama,generalist,5,lack of pilot projects,zeroshot,18
llama_normative_18_b1,llama_normative,llama,normative,1,"power losses, quality and safety issues",zeroshot,18
llama_normative_18_b2,llama_normative,llama,normative,2,reduced reliability in DC devices,zeroshot,18
llama_normative_18_b3,llama_normative,llama,normative,3,lack of use-cases in which DC is advantageous,zeroshot,18
llama_normative_18_b4,llama_normative,llama,normative,4,"uncertain utility interaction (net metering, utility ownership, and agreed standards)",zeroshot,18
llama_normative_18_b5,llama_normative,llama,normative,5,lack of pilot projects,zeroshot,18
llama_subject-matter_18_b1,llama_subject-matter,llama,subject-matter,1,"power losses, quality and safety issues",zeroshot,18
llama_subject-matter_18_b7,llama_subject-matter,llama,subject-matter,7,incompatibility of DC systems components,zeroshot,18
llama_subject-matter_18_b3,llama_subject-matter,llama,subject-matter,3,lack of use-cases in which DC is advantageous,zeroshot,18
llama_subject-matter_18_b4,llama_subject-matter,llama,subject-matter,4,"uncertain utility interaction (net metering, utility ownership, and agreed standards)",zeroshot,18
llama_subject-matter_18_b5,llama_subject-matter,llama,subject-matter,5,lack of pilot projects,zeroshot,18
mistral_generalist_18_b1,mistral_generalist,mistral,generalist,1,"power losses, quality and safety issues",zeroshot,18
mistral_generalist_18_b2,mistral_generalist,mistral,generalist,2,reduced reliability in DC devices,zeroshot,18
mistral_generalist_18_b3,mistral_generalist,mistral,generalist,3,lack of use-cases in which DC is advantageous,zeroshot,18
mistral_generalist_18_b4,mistral_generalist,mistral,generalist,4,"uncertain utility interaction (net metering, utility ownership, and agreed standards)",zeroshot,18
mistral_generalist_18_b5,mistral_generalist,mistral,generalist,5,lack of pilot projects,zeroshot,18
mistral_normative_18_b1,mistral_normative,mistral,normative,1,"power losses, quality and safety issues",zeroshot,18
mistral_normative_18_b2,mistral_normative,mistral,normative,2,reduced reliability in DC devices,zeroshot,18
mistral_normative_18_b3,mistral_normative,mistral,normative,3,lack of use-cases in which DC is advantageous,zeroshot,18
mistral_normative_18_b4,mistral_normative,mistral,normative,4,"uncertain utility interaction (net metering, utility ownership, and agreed standards)",zeroshot,18
mistral_normative_18_b5,mistral_normative,mistral,normative,5,lack of pilot projects,zeroshot,18
mistral_subject-matter_18_b1,mistral_subject-matter,mistral,subject-matter,1,"power losses, quality and safety issues",zeroshot,18
mistral_subject-matter_18_b2,mistral_subject-matter,mistral,subject-matter,2,reduced reliability in DC devices,zeroshot,18
mistral_subject-matter_18_b4,mistral_subject-matter,mistral,subject-matter,4,"uncertain utility interaction (net metering, utility ownership, and agreed standards)",zeroshot,18
mistral_subject-matter_18_b5,mistral_subject-matter,mistral,subject-matter,5,lack of pilot projects,zeroshot,18
mistral_subject-matter_18_b11,mistral_subject-matter,mistral,subject-matter,11,high costs of DC solutions,zeroshot,18
phi4_generalist_19_b1,phi4_generalist,phi4,generalist,1,"power losses, quality and safety issues",zeroshot,19
phi4_generalist_19_b3,phi4_generalist,phi4,generalist,3,lack of use-cases in which DC is advantageous,zeroshot,19
phi4_generalist_19_b4,phi4_generalist,phi4,generalist,4,"uncertain utility interaction (net metering, utility ownership, and agreed standards)",zeroshot,19
phi4_generalist_19_b5,phi4_generalist,phi4,generalist,5,lack of pilot projects,zeroshot,19
phi4_generalist_19_b9,phi4_generalist,phi4,generalist,9,lack of enough trained personnel in DC systems,zeroshot,19
phi4_normative_19_b1,phi4_normative,phi4,normative,1,"power losses, quality and safety issues",zeroshot,19
phi4_normative_19_b2,phi4_normative,phi4,normative,2,reduced reliability in DC devices,zeroshot,19
phi4_normative_19_b4,phi4_normative,phi4,normative,4,"uncertain utility interaction (net metering, utility ownership, and agreed standards)",zeroshot,19
phi4_normative_19_b8,phi4_normative,phi4,normative,8,misconception and lack of knowledge leads to lengthy/expensive design and permit process,zeroshot,19
phi4_normative_19_b10,phi4_normative,phi4,normative,10,uncertain regulatory roadmap,zeroshot,19
phi4_subject-matter_19_b1,phi4_subject-matter,phi4,subject-matter,1,"power losses, quality and safety issues",zeroshot,19
phi4_subject-matter_19_b4,phi4_subject-matter,phi4,subject-matter,4,"uncertain utility interaction (net metering, utility ownership, and agreed standards)",zeroshot,19
phi4_subject-matter_19_b5,phi4_subject-matter,phi4,subject-matter,5,lack of pilot projects,zeroshot,19
phi4_subject-matter_19_b9,phi4_subject-matter,phi4,subject-matter,9,lack of enough trained personnel in DC systems,zeroshot,19
phi4_subject-matter_19_b10,phi4_subject-matter,phi4,subject-matter,10,uncertain regulatory roadmap,zeroshot,19
gemma3_generalist_19_b1,gemma3_generalist,gemma3,generalist,1,"power losses, quality and safety issues",zeroshot,19
gemma3_generalist_19_b5,gemma3_generalist,gemma3,generalist,5,lack of pilot projects,zeroshot,19
gemma3_generalist_19_b6,gemma3_generalist,gemma3,generalist,6,public perception of DC and readiness to 'champion' installations from DC projects,zeroshot,19
gemma3_generalist_19_b8,gemma3_generalist,gemma3,generalist,8,misconception and lack of knowledge leads to lengthy/expensive design and permit process,zeroshot,19
gemma3_generalist_19_b11,gemma3_generalist,gemma3,generalist,11,high costs of DC solutions,zeroshot,19
gemma3_normative_19_b1,gemma3_normative,gemma3,normative,1,"power losses, quality and safety issues",zeroshot,19
gemma3_normative_19_b4,gemma3_normative,gemma3,normative,4,"uncertain utility interaction (net metering, utility ownership, and agreed standards)",zeroshot,19
gemma3_normative_19_b8,gemma3_normative,gemma3,normative,8,misconception and lack of knowledge leads to lengthy/expensive design and permit process,zeroshot,19
gemma3_normative_19_b9,gemma3_normative,gemma3,normative,9,lack of enough trained personnel in DC systems,zeroshot,19
gemma3_normative_19_b11,gemma3_normative,gemma3,normative,11,high costs of DC solutions,zeroshot,19
gemma3_subject-matter_19_b1,gemma3_subject-matter,gemma3,subject-matter,1,"power losses, quality and safety issues",zeroshot,19
gemma3_subject-matter_19_b5,gemma3_subject-matter,gemma3,subject-matter,5,lack of pilot projects,zeroshot,19
gemma3_subject-matter_19_b6,gemma3_subject-matter,gemma3,subject-matter,6,public perception of DC and readiness to 'champion' installations from DC projects,zeroshot,19
gemma3_subject-matter_19_b9,gemma3_subject-matter,gemma3,subject-matter,9,lack of enough trained personnel in DC systems,zeroshot,19
gemma3_subject-matter_19_b10,gemma3_subject-matter,gemma3,subject-matter,10,uncertain regulatory roadmap,zeroshot,19
llama_generalist_19_b1,llama_generalist,llama,generalist,1,"power losses, quality and safety issues",zeroshot,19
llama_generalist_19_b2,llama_generalist,llama,generalist,2,reduced reliability in DC devices,zeroshot,19
llama_generalist_19_b3,llama_generalist,llama,generalist,3,lack of use-cases in which DC is advantageous,zeroshot,19
llama_generalist_19_b4,llama_generalist,llama,generalist,4,"uncertain utility interaction (net metering, utility ownership, and agreed standards)",zeroshot,19
llama_generalist_19_b5,llama_generalist,llama,generalist,5,lack of pilot projects,zeroshot,19
llama_normative_19_b1,llama_normative,llama,normative,1,"power losses, quality and safety issues",zeroshot,19
llama_normative_19_b2,llama_normative,llama,normative,2,reduced reliability in DC devices,zeroshot,19
llama_normative_19_b3,llama_normative,llama,normative,3,lack of use-cases in which DC is advantageous,zeroshot,19
llama_normative_19_b4,llama_normative,llama,normative,4,"uncertain utility interaction (net metering, utility ownership, and agreed standards)",zeroshot,19
llama_normative_19_b5,llama_normative,llama,normative,5,lack of pilot projects,zeroshot,19
llama_subject-matter_19_b1,llama_subject-matter,llama,subject-matter,1,"power losses, quality and safety issues",zeroshot,19
llama_subject-matter_19_b2,llama_subject-matter,llama,subject-matter,2,reduced reliability in DC devices,zeroshot,19
llama_subject-matter_19_b3,llama_subject-matter,llama,subject-matter,3,lack of use-cases in which DC is advantageous,zeroshot,19
llama_subject-matter_19_b4,llama_subject-matter,llama,subject-matter,4,"uncertain utility interaction (net metering, utility ownership, and agreed standards)",zeroshot,19
llama_subject-matter_19_b5,llama_subject-matter,llama,subject-matter,5,lack of pilot projects,zeroshot,19
mistral_generalist_19_b1,mistral_generalist,mistral,generalist,1,"power losses, quality and safety issues",zeroshot,19
mistral_generalist_19_b4,mistral_generalist,mistral,generalist,4,"uncertain utility interaction (net metering, utility ownership, and agreed standards)",zeroshot,19
mistral_generalist_19_b5,mistral_generalist,mistral,generalist,5,lack of pilot projects,zeroshot,19
mistral_generalist_19_b7,mistral_generalist,mistral,generalist,7,incompatibility of DC systems components,zeroshot,19
mistral_generalist_19_b9,mistral_generalist,mistral,generalist,9,lack of enough trained personnel in DC systems,zeroshot,19
mistral_normative_19_b1,mistral_normative,mistral,normative,1,"power losses, quality and safety issues",zeroshot,19
mistral_normative_19_b2,mistral_normative,mistral,normative,2,reduced reliability in DC devices,zeroshot,19
mistral_normative_19_b4,mistral_normative,mistral,normative,4,"uncertain utility interaction (net metering, utility ownership, and agreed standards)",zeroshot,19
mistral_normative_19_b5,mistral_normative,mistral,normative,5,lack of pilot projects,zeroshot,19
mistral_normative_19_b10,mistral_normative,mistral,normative,10,uncertain regulatory roadmap,zeroshot,19
mistral_subject-matter_19_b1,mistral_subject-matter,mistral,subject-matter,1,"power losses, quality and safety issues",zeroshot,19
mistral_subject-matter_19_b6,mistral_subject-matter,mistral,subject-matter,6,public perception of DC and readiness to 'champion' installations from DC projects,zeroshot,19
mistral_subject-matter_19_b7,mistral_subject-matter,mistral,subject-matter,7,incompatibility of DC systems components,zeroshot,19
mistral_subject-matter_19_b8,mistral_subject-matter,mistral,subject-matter,8,misconception and lack of knowledge leads to lengthy/expensive design and permit process,zeroshot,19
mistral_subject-matter_19_b10,mistral_subject-matter,mistral,subject-matter,10,uncertain regulatory roadmap,zeroshot,19
phi4_generalist_20_b1,phi4_generalist,phi4,generalist,1,"power losses, quality and safety issues",zeroshot,20
phi4_generalist_20_b2,phi4_generalist,phi4,generalist,2,reduced reliability in DC devices,zeroshot,20
phi4_generalist_20_b3,phi4_generalist,phi4,generalist,3,lack of use-cases in which DC is advantageous,zeroshot,20
phi4_generalist_20_b4,phi4_generalist,phi4,generalist,4,"uncertain utility interaction (net metering, utility ownership, and agreed standards)",zeroshot,20
phi4_generalist_20_b9,phi4_generalist,phi4,generalist,9,lack of enough trained personnel in DC systems,zeroshot,20
phi4_normative_20_b1,phi4_normative,phi4,normative,1,"power losses, quality and safety issues",zeroshot,20
phi4_normative_20_b4,phi4_normative,phi4,normative,4,"uncertain utility interaction (net metering, utility ownership, and agreed standards)",zeroshot,20
phi4_normative_20_b6,phi4_normative,phi4,normative,6,public perception of DC and readiness to 'champion' installations from DC projects,zeroshot,20
phi4_normative_20_b8,phi4_normative,phi4,normative,8,misconception and lack of knowledge leads to lengthy/expensive design and permit process,zeroshot,20
phi4_normative_20_b10,phi4_normative,phi4,normative,10,uncertain regulatory roadmap,zeroshot,20
phi4_subject-matter_20_b1,phi4_subject-matter,phi4,subject-matter,1,"power losses, quality and safety issues",zeroshot,20
phi4_subject-matter_20_b3,phi4_subject-matter,phi4,subject-matter,3,lack of use-cases in which DC is advantageous,zeroshot,20
phi4_subject-matter_20_b4,phi4_subject-matter,phi4,subject-matter,4,"uncertain utility interaction (net metering, utility ownership, and agreed standards)",zeroshot,20
phi4_subject-matter_20_b8,phi4_subject-matter,phi4,subject-matter,8,misconception and lack of knowledge leads to lengthy/expensive design and permit process,zeroshot,20
phi4_subject-matter_20_b10,phi4_subject-matter,phi4,subject-matter,10,uncertain regulatory roadmap,zeroshot,20
gemma3_generalist_20_b1,gemma3_generalist,gemma3,generalist,1,"power losses, quality and safety issues",zeroshot,20
gemma3_generalist_20_b5,gemma3_generalist,gemma3,generalist,5,lack of pilot projects,zeroshot,20
gemma3_generalist_20_b6,gemma3_generalist,gemma3,generalist,6,public perception of DC and readiness to 'champion' installations from DC projects,zeroshot,20
gemma3_generalist_20_b8,gemma3_generalist,gemma3,generalist,8,misconception and lack of knowledge leads to lengthy/expensive design and permit process,zeroshot,20
gemma3_generalist_20_b11,gemma3_generalist,gemma3,generalist,11,high costs of DC solutions,zeroshot,20
gemma3_normative_20_b1,gemma3_normative,gemma3,normative,1,"power losses, quality and safety issues",zeroshot,20
gemma3_normative_20_b4,gemma3_normative,gemma3,normative,4,"uncertain utility interaction (net metering, utility ownership, and agreed standards)",zeroshot,20
gemma3_normative_20_b6,gemma3_normative,gemma3,normative,6,public perception of DC and readiness to 'champion' installations from DC projects,zeroshot,20
gemma3_normative_20_b8,gemma3_normative,gemma3,normative,8,misconception and lack of knowledge leads to lengthy/expensive design and permit process,zeroshot,20
gemma3_normative_20_b11,gemma3_normative,gemma3,normative,11,high costs of DC solutions,zeroshot,20
gemma3_subject-matter_20_b1,gemma3_subject-matter,gemma3,subject-matter,1,"power losses, quality and safety issues",zeroshot,20
gemma3_subject-matter_20_b5,gemma3_subject-matter,gemma3,subject-matter,5,lack of pilot projects,zeroshot,20
gemma3_subject-matter_20_b6,gemma3_subject-matter,gemma3,subject-matter,6,public perception of DC and readiness to 'champion' installations from DC projects,zeroshot,20
gemma3_subject-matter_20_b8,gemma3_subject-matter,gemma3,subject-matter,8,misconception and lack of knowledge leads to lengthy/expensive design and permit process,zeroshot,20
gemma3_subject-matter_20_b10,gemma3_subject-matter,gemma3,subject-matter,10,uncertain regulatory roadmap,zeroshot,20
llama_generalist_20_b1,llama_generalist,llama,generalist,1,"power losses, quality and safety issues",zeroshot,20
llama_generalist_20_b3,llama_generalist,llama,generalist,3,lack of use-cases in which DC is advantageous,zeroshot,20
llama_generalist_20_b4,llama_generalist,llama,generalist,4,"uncertain utility interaction (net metering, utility ownership, and agreed standards)",zeroshot,20
llama_generalist_20_b5,llama_generalist,llama,generalist,5,lack of pilot projects,zeroshot,20
llama_generalist_20_b6,llama_generalist,llama,generalist,6,public perception of DC and readiness to 'champion' installations from DC projects,zeroshot,20
llama_normative_20_b1,llama_normative,llama,normative,1,"power losses, quality and safety issues",zeroshot,20
llama_normative_20_b2,llama_normative,llama,normative,2,reduced reliability in DC devices,zeroshot,20
llama_normative_20_b3,llama_normative,llama,normative,3,lack of use-cases in which DC is advantageous,zeroshot,20
llama_normative_20_b4,llama_normative,llama,normative,4,"uncertain utility interaction (net metering, utility ownership, and agreed standards)",zeroshot,20
llama_normative_20_b5,llama_normative,llama,normative,5,lack of pilot projects,zeroshot,20
llama_subject-matter_20_b1,llama_subject-matter,llama,subject-matter,1,"power losses, quality and safety issues",zeroshot,20
llama_subject-matter_20_b3,llama_subject-matter,llama,subject-matter,3,lack of use-cases in which DC is advantageous,zeroshot,20
llama_subject-matter_20_b4,llama_subject-matter,llama,subject-matter,4,"uncertain utility interaction (net metering, utility ownership, and agreed standards)",zeroshot,20
llama_subject-matter_20_b11,llama_subject-matter,llama,subject-matter,11,high costs of DC solutions,zeroshot,20
llama_subject-matter_20_b6,llama_subject-matter,llama,subject-matter,6,public perception of DC and readiness to 'champion' installations from DC projects,zeroshot,20
mistral_generalist_20_b1,mistral_generalist,mistral,generalist,1,"power losses, quality and safety issues",zeroshot,20
mistral_generalist_20_b2,mistral_generalist,mistral,generalist,2,reduced reliability in DC devices,zeroshot,20
mistral_generalist_20_b4,mistral_generalist,mistral,generalist,4,"uncertain utility interaction (net metering, utility ownership, and agreed standards)",zeroshot,20
mistral_generalist_20_b5,mistral_generalist,mistral,generalist,5,lack of pilot projects,zeroshot,20
mistral_generalist_20_b6,mistral_generalist,mistral,generalist,6,public perception of DC and readiness to 'champion' installations from DC projects,zeroshot,20
mistral_normative_20_b1,mistral_normative,mistral,normative,1,"power losses, quality and safety issues",zeroshot,20
mistral_normative_20_b2,mistral_normative,mistral,normative,2,reduced reliability in DC devices,zeroshot,20
mistral_normative_20_b4,mistral_normative,mistral,normative,4,"uncertain utility interaction (net metering, utility ownership, and agreed standards)",zeroshot,20
mistral_normative_20_b5,mistral_normative,mistral,normative,5,lack of pilot projects,zeroshot,20
mistral_normative_20_b11,mistral_normative,mistral,normative,11,high costs of DC solutions,zeroshot,20
mistral_subject-matter_20_b1,mistral_subject-matter,mistral,subject-matter,1,"power losses, quality and safety issues",zeroshot,20
mistral_subject-matter_20_b4,mistral_subject-matter,mistral,subject-matter,4,"uncertain utility interaction (net metering, utility ownership, and agreed standards)",zeroshot,20
mistral_subject-matter_20_b5,mistral_subject-matter,mistral,subject-matter,5,lack of pilot projects,zeroshot,20
mistral_subject-matter_20_b7,mistral_subject-matter,mistral,subject-matter,7,incompatibility of DC systems components,zeroshot,20
mistral_subject-matter_20_b9,mistral_subject-matter,mistral,subject-matter,9,lack of enough trained personnel in DC systems,zeroshot,20
phi4_generalist_21_b1,phi4_generalist,phi4,generalist,1,"power losses, quality and safety issues",zeroshot,21
phi4_generalist_21_b2,phi4_generalist,phi4,generalist,2,reduced reliability in DC devices,zeroshot,21
phi4_generalist_21_b3,phi4_generalist,phi4,generalist,3,lack of use-cases in which DC is advantageous,zeroshot,21
phi4_generalist_21_b4,phi4_generalist,phi4,generalist,4,"uncertain utility interaction (net metering, utility ownership, and agreed standards)",zeroshot,21
phi4_generalist_21_b8,phi4_generalist,phi4,generalist,8,misconception and lack of knowledge leads to lengthy/expensive design and permit process,zeroshot,21
phi4_normative_21_b1,phi4_normative,phi4,normative,1,"power losses, quality and safety issues",zeroshot,21
phi4_normative_21_b2,phi4_normative,phi4,normative,2,reduced reliability in DC devices,zeroshot,21
phi4_normative_21_b4,phi4_normative,phi4,normative,4,"uncertain utility interaction (net metering, utility ownership, and agreed standards)",zeroshot,21
phi4_normative_21_b8,phi4_normative,phi4,normative,8,misconception and lack of knowledge leads to lengthy/expensive design and permit process,zeroshot,21
phi4_normative_21_b10,phi4_normative,phi4,normative,10,uncertain regulatory roadmap,zeroshot,21
phi4_subject-matter_21_b1,phi4_subject-matter,phi4,subject-matter,1,"power losses, quality and safety issues",zeroshot,21
phi4_subject-matter_21_b3,phi4_subject-matter,phi4,subject-matter,3,lack of use-cases in which DC is advantageous,zeroshot,21
phi4_subject-matter_21_b4,phi4_subject-matter,phi4,subject-matter,4,"uncertain utility interaction (net metering, utility ownership, and agreed standards)",zeroshot,21
phi4_subject-matter_21_b8,phi4_subject-matter,phi4,subject-matter,8,misconception and lack of knowledge leads to lengthy/expensive design and permit process,zeroshot,21
phi4_subject-matter_21_b10,phi4_subject-matter,phi4,subject-matter,10,uncertain regulatory roadmap,zeroshot,21
gemma3_generalist_21_b1,gemma3_generalist,gemma3,generalist,1,"power losses, quality and safety issues",zeroshot,21
gemma3_generalist_21_b5,gemma3_generalist,gemma3,generalist,5,lack of pilot projects,zeroshot,21
gemma3_generalist_21_b6,gemma3_generalist,gemma3,generalist,6,public perception of DC and readiness to 'champion' installations from DC projects,zeroshot,21
gemma3_generalist_21_b8,gemma3_generalist,gemma3,generalist,8,misconception and lack of knowledge leads to lengthy/expensive design and permit process,zeroshot,21
gemma3_generalist_21_b11,gemma3_generalist,gemma3,generalist,11,high costs of DC solutions,zeroshot,21
gemma3_normative_21_b1,gemma3_normative,gemma3,normative,1,"power losses, quality and safety issues",zeroshot,21
gemma3_normative_21_b4,gemma3_normative,gemma3,normative,4,"uncertain utility interaction (net metering, utility ownership, and agreed standards)",zeroshot,21
gemma3_normative_21_b8,gemma3_normative,gemma3,normative,8,misconception and lack of knowledge leads to lengthy/expensive design and permit process,zeroshot,21
gemma3_normative_21_b9,gemma3_normative,gemma3,normative,9,lack of enough trained personnel in DC systems,zeroshot,21
gemma3_normative_21_b11,gemma3_normative,gemma3,normative,11,high costs of DC solutions,zeroshot,21
gemma3_subject-matter_21_b1,gemma3_subject-matter,gemma3,subject-matter,1,"power losses, quality and safety issues",zeroshot,21
gemma3_subject-matter_21_b5,gemma3_subject-matter,gemma3,subject-matter,5,lack of pilot projects,zeroshot,21
gemma3_subject-matter_21_b6,gemma3_subject-matter,gemma3,subject-matter,6,public perception of DC and readiness to 'champion' installations from DC projects,zeroshot,21
gemma3_subject-matter_21_b9,gemma3_subject-matter,gemma3,subject-matter,9,lack of enough trained personnel in DC systems,zeroshot,21
gemma3_subject-matter_21_b11,gemma3_subject-matter,gemma3,subject-matter,11,high costs of DC solutions,zeroshot,21
llama_generalist_21_b1,llama_generalist,llama,generalist,1,"power losses, quality and safety issues",zeroshot,21
llama_generalist_21_b2,llama_generalist,llama,generalist,2,reduced reliability in DC devices,zeroshot,21
llama_generalist_21_b3,llama_generalist,llama,generalist,3,lack of use-cases in which DC is advantageous,zeroshot,21
llama_generalist_21_b4,llama_generalist,llama,generalist,4,"uncertain utility interaction (net metering, utility ownership, and agreed standards)",zeroshot,21
llama_generalist_21_b5,llama_generalist,llama,generalist,5,lack of pilot projects,zeroshot,21
llama_normative_21_b1,llama_normative,llama,normative,1,"power losses, quality and safety issues",zeroshot,21
llama_normative_21_b2,llama_normative,llama,normative,2,reduced reliability in DC devices,zeroshot,21
llama_normative_21_b3,llama_normative,llama,normative,3,lack of use-cases in which DC is advantageous,zeroshot,21
llama_normative_21_b4,llama_normative,llama,normative,4,"uncertain utility interaction (net metering, utility ownership, and agreed standards)",zeroshot,21
llama_normative_21_b5,llama_normative,llama,normative,5,lack of pilot projects,zeroshot,21
llama_subject-matter_21_b1,llama_subject-matter,llama,subject-matter,1,"power losses, quality and safety issues",zeroshot,21
llama_subject-matter_21_b2,llama_subject-matter,llama,subject-matter,2,reduced reliability in DC devices,zeroshot,21
llama_subject-matter_21_b4,llama_subject-matter,llama,subject-matter,4,"uncertain utility interaction (net metering, utility ownership, and agreed standards)",zeroshot,21
llama_subject-matter_21_b5,llama_subject-matter,llama,subject-matter,5,lack of pilot projects,zeroshot,21
llama_subject-matter_21_b6,llama_subject-matter,llama,subject-matter,6,public perception of DC and readiness to 'champion' installations from DC projects,zeroshot,21
mistral_generalist_21_b1,mistral_generalist,mistral,generalist,1,"power losses, quality and safety issues",zeroshot,21
mistral_generalist_21_b2,mistral_generalist,mistral,generalist,2,reduced reliability in DC devices,zeroshot,21
mistral_generalist_21_b4,mistral_generalist,mistral,generalist,4,"uncertain utility interaction (net metering, utility ownership, and agreed standards)",zeroshot,21
mistral_generalist_21_b5,mistral_generalist,mistral,generalist,5,lack of pilot projects,zeroshot,21
mistral_generalist_21_b8,mistral_generalist,mistral,generalist,8,misconception and lack of knowledge leads to lengthy/expensive design and permit process,zeroshot,21
mistral_normative_21_b1,mistral_normative,mistral,normative,1,"power losses, quality and safety issues",zeroshot,21
mistral_normative_21_b2,mistral_normative,mistral,normative,2,reduced reliability in DC devices,zeroshot,21
mistral_normative_21_b3,mistral_normative,mistral,normative,3,lack of use-cases in which DC is advantageous,zeroshot,21
mistral_normative_21_b4,mistral_normative,mistral,normative,4,"uncertain utility interaction (net metering, utility ownership, and agreed standards)",zeroshot,21
mistral_normative_21_b5,mistral_normative,mistral,normative,5,lack of pilot projects,zeroshot,21
mistral_subject-matter_21_b1,mistral_subject-matter,mistral,subject-matter,1,"power losses, quality and safety issues",zeroshot,21
mistral_subject-matter_21_b4,mistral_subject-matter,mistral,subject-matter,4,"uncertain utility interaction (net metering, utility ownership, and agreed standards)",zeroshot,21
mistral_subject-matter_21_b5,mistral_subject-matter,mistral,subject-matter,5,lack of pilot projects,zeroshot,21
mistral_subject-matter_21_b8,mistral_subject-matter,mistral,subject-matter,8,misconception and lack of knowledge leads to lengthy/expensive design and permit process,zeroshot,21
mistral_subject-matter_21_b10,mistral_subject-matter,mistral,subject-matter,10,uncertain regulatory roadmap,zeroshot,21
phi4_generalist_22_b1,phi4_generalist,phi4,generalist,1,"power losses, quality and safety issues",zeroshot,22
phi4_generalist_22_b3,phi4_generalist,phi4,generalist,3,lack of use-cases in which DC is advantageous,zeroshot,22
phi4_generalist_22_b4,phi4_generalist,phi4,generalist,4,"uncertain utility interaction (net metering, utility ownership, and agreed standards)",zeroshot,22
phi4_generalist_22_b5,phi4_generalist,phi4,generalist,5,lack of pilot projects,zeroshot,22
phi4_generalist_22_b10,phi4_generalist,phi4,generalist,10,uncertain regulatory roadmap,zeroshot,22
phi4_normative_22_b1,phi4_normative,phi4,normative,1,"power losses, quality and safety issues",zeroshot,22
phi4_normative_22_b2,phi4_normative,phi4,normative,2,reduced reliability in DC devices,zeroshot,22
phi4_normative_22_b3,phi4_normative,phi4,normative,3,lack of use-cases in which DC is advantageous,zeroshot,22
phi4_normative_22_b4,phi4_normative,phi4,normative,4,"uncertain utility interaction (net metering, utility ownership, and agreed standards)",zeroshot,22
phi4_normative_22_b5,phi4_normative,phi4,normative,5,lack of pilot projects,zeroshot,22
phi4_subject-matter_22_b1,phi4_subject-matter,phi4,subject-matter,1,"power losses, quality and safety issues",zeroshot,22
phi4_subject-matter_22_b2,phi4_subject-matter,phi4,subject-matter,2,reduced reliability in DC devices,zeroshot,22
phi4_subject-matter_22_b3,phi4_subject-matter,phi4,subject-matter,3,lack of use-cases in which DC is advantageous,zeroshot,22
phi4_subject-matter_22_b4,phi4_subject-matter,phi4,subject-matter,4,"uncertain utility interaction (net metering, utility ownership, and agreed standards)",zeroshot,22
phi4_subject-matter_22_b10,phi4_subject-matter,phi4,subject-matter,10,uncertain regulatory roadmap,zeroshot,22
gemma3_generalist_22_b1,gemma3_generalist,gemma3,generalist,1,"power losses, quality and safety issues",zeroshot,22
gemma3_generalist_22_b5,gemma3_generalist,gemma3,generalist,5,lack of pilot projects,zeroshot,22
gemma3_generalist_22_b6,gemma3_generalist,gemma3,generalist,6,public perception of DC and readiness to 'champion' installations from DC projects,zeroshot,22
gemma3_generalist_22_b8,gemma3_generalist,gemma3,generalist,8,misconception and lack of knowledge leads to lengthy/expensive design and permit process,zeroshot,22
gemma3_generalist_22_b11,gemma3_generalist,gemma3,generalist,11,high costs of DC solutions,zeroshot,22
gemma3_normative_22_b1,gemma3_normative,gemma3,normative,1,"power losses, quality and safety issues",zeroshot,22
gemma3_normative_22_b4,gemma3_normative,gemma3,normative,4,"uncertain utility interaction (net metering, utility ownership, and agreed standards)",zeroshot,22
gemma3_normative_22_b8,gemma3_normative,gemma3,normative,8,misconception and lack of knowledge leads to lengthy/expensive design and permit process,zeroshot,22
gemma3_normative_22_b9,gemma3_normative,gemma3,normative,9,lack of enough trained personnel in DC systems,zeroshot,22
gemma3_normative_22_b11,gemma3_normative,gemma3,normative,11,high costs of DC solutions,zeroshot,22
gemma3_subject-matter_22_b1,gemma3_subject-matter,gemma3,subject-matter,1,"power losses, quality and safety issues",zeroshot,22
gemma3_subject-matter_22_b5,gemma3_subject-matter,gemma3,subject-matter,5,lack of pilot projects,zeroshot,22
gemma3_subject-matter_22_b6,gemma3_subject-matter,gemma3,subject-matter,6,public perception of DC and readiness to 'champion' installations from DC projects,zeroshot,22
gemma3_subject-matter_22_b8,gemma3_subject-matter,gemma3,subject-matter,8,misconception and lack of knowledge leads to lengthy/expensive design and permit process,zeroshot,22
gemma3_subject-matter_22_b10,gemma3_subject-matter,gemma3,subject-matter,10,uncertain regulatory roadmap,zeroshot,22
llama_generalist_22_b1,llama_generalist,llama,generalist,1,"power losses, quality and safety issues",zeroshot,22
llama_generalist_22_b3,llama_generalist,llama,generalist,3,lack of use-cases in which DC is advantageous,zeroshot,22
llama_generalist_22_b4,llama_generalist,llama,generalist,4,"uncertain utility interaction (net metering, utility ownership, and agreed standards)",zeroshot,22
llama_generalist_22_b11,llama_generalist,llama,generalist,11,high costs of DC solutions,zeroshot,22
llama_generalist_22_b9,llama_generalist,llama,generalist,9,lack of enough trained personnel in DC systems,zeroshot,22
llama_normative_22_b1,llama_normative,llama,normative,1,"power losses, quality and safety issues",zeroshot,22
llama_normative_22_b2,llama_normative,llama,normative,2,reduced reliability in DC devices,zeroshot,22
llama_normative_22_b3,llama_normative,llama,normative,3,lack of use-cases in which DC is advantageous,zeroshot,22
llama_normative_22_b4,llama_normative,llama,normative,4,"uncertain utility interaction (net metering, utility ownership, and agreed standards)",zeroshot,22
llama_normative_22_b5,llama_normative,llama,normative,5,lack of pilot projects,zeroshot,22
llama_subject-matter_22_b1,llama_subject-matter,llama,subject-matter,1,"power losses, quality and safety issues",zeroshot,22
llama_subject-matter_22_b3,llama_subject-matter,llama,subject-matter,3,lack of use-cases in which DC is advantageous,zeroshot,22
llama_subject-matter_22_b4,llama_subject-matter,llama,subject-matter,4,"uncertain utility interaction (net metering, utility ownership, and agreed standards)",zeroshot,22
llama_subject-matter_22_b7,llama_subject-matter,llama,subject-matter,7,incompatibility of DC systems components,zeroshot,22
llama_subject-matter_22_b8,llama_subject-matter,llama,subject-matter,8,misconception and lack of knowledge leads to lengthy/expensive design and permit process,zeroshot,22
mistral_generalist_22_b1,mistral_generalist,mistral,generalist,1,"power losses, quality and safety issues",zeroshot,22
mistral_generalist_22_b2,mistral_generalist,mistral,generalist,2,reduced reliability in DC devices,zeroshot,22
mistral_generalist_22_b4,mistral_generalist,mistral,generalist,4,"uncertain utility interaction (net metering, utility ownership, and agreed standards)",zeroshot,22
mistral_generalist_22_b5,mistral_generalist,mistral,generalist,5,lack of pilot projects,zeroshot,22
mistral_generalist_22_b7,mistral_generalist,mistral,generalist,7,incompatibility of DC systems components,zeroshot,22
mistral_normative_22_b1,mistral_normative,mistral,normative,1,"power losses, quality and safety issues",zeroshot,22
mistral_normative_22_b2,mistral_normative,mistral,normative,2,reduced reliability in DC devices,zeroshot,22
mistral_normative_22_b4,mistral_normative,mistral,normative,4,"uncertain utility interaction (net metering, utility ownership, and agreed standards)",zeroshot,22
mistral_normative_22_b5,mistral_normative,mistral,normative,5,lack of pilot projects,zeroshot,22
mistral_normative_22_b11,mistral_normative,mistral,normative,11,high costs of DC solutions,zeroshot,22
mistral_subject-matter_22_b1,mistral_subject-matter,mistral,subject-matter,1,"power losses, quality and safety issues",zeroshot,22
mistral_subject-matter_22_b4,mistral_subject-matter,mistral,subject-matter,4,"uncertain utility interaction (net metering, utility ownership, and agreed standards)",zeroshot,22
mistral_subject-matter_22_b5,mistral_subject-matter,mistral,subject-matter,5,lack of pilot projects,zeroshot,22
mistral_subject-matter_22_b8,mistral_subject-matter,mistral,subject-matter,8,misconception and lack of knowledge leads to lengthy/expensive design and permit process,zeroshot,22
mistral_subject-matter_22_b9,mistral_subject-matter,mistral,subject-matter,9,lack of enough trained personnel in DC systems,zeroshot,22
phi4_generalist_23_b1,phi4_generalist,phi4,generalist,1,"power losses, quality and safety issues",zeroshot,23
phi4_generalist_23_b3,phi4_generalist,phi4,generalist,3,lack of use-cases in which DC is advantageous,zeroshot,23
phi4_generalist_23_b4,phi4_generalist,phi4,generalist,4,"uncertain utility interaction (net metering, utility ownership, and agreed standards)",zeroshot,23
phi4_generalist_23_b8,phi4_generalist,phi4,generalist,8,misconception and lack of knowledge leads to lengthy/expensive design and permit process,zeroshot,23
phi4_generalist_23_b10,phi4_generalist,phi4,generalist,10,uncertain regulatory roadmap,zeroshot,23
phi4_normative_23_b1,phi4_normative,phi4,normative,1,"power losses, quality and safety issues",zeroshot,23
phi4_normative_23_b3,phi4_normative,phi4,normative,3,lack of use-cases in which DC is advantageous,zeroshot,23
phi4_normative_23_b4,phi4_normative,phi4,normative,4,"uncertain utility interaction (net metering, utility ownership, and agreed standards)",zeroshot,23
phi4_normative_23_b8,phi4_normative,phi4,normative,8,misconception and lack of knowledge leads to lengthy/expensive design and permit process,zeroshot,23
phi4_normative_23_b10,phi4_normative,phi4,normative,10,uncertain regulatory roadmap,zeroshot,23
phi4_subject-matter_23_b1,phi4_subject-matter,phi4,subject-matter,1,"power losses, quality and safety issues",zeroshot,23
phi4_subject-matter_23_b2,phi4_subject-matter,phi4,subject-matter,2,reduced reliability in DC devices,zeroshot,23
phi4_subject-matter_23_b4,phi4_subject-matter,phi4,subject-matter,4,"uncertain utility interaction (net metering, utility ownership, and agreed standards)",zeroshot,23
phi4_subject-matter_23_b7,phi4_subject-matter,phi4,subject-matter,7,incompatibility of DC systems components,zeroshot,23
phi4_subject-matter_23_b10,phi4_subject-matter,phi4,subject-matter,10,uncertain regulatory roadmap,zeroshot,23
gemma3_generalist_23_b1,gemma3_generalist,gemma3,generalist,1,"power losses, quality and safety issues",zeroshot,23
gemma3_generalist_23_b5,gemma3_generalist,gemma3,generalist,5,lack of pilot projects,zeroshot,23
gemma3_generalist_23_b6,gemma3_generalist,gemma3,generalist,6,public perception of DC and readiness to 'champion' installations from DC projects,zeroshot,23
gemma3_generalist_23_b8,gemma3_generalist,gemma3,generalist,8,misconception and lack of knowledge leads to lengthy/expensive design and permit process,zeroshot,23
gemma3_generalist_23_b11,gemma3_generalist,gemma3,generalist,11,high costs of DC solutions,zeroshot,23
gemma3_normative_23_b1,gemma3_normative,gemma3,normative,1,"power losses, quality and safety issues",zeroshot,23
gemma3_normative_23_b4,gemma3_normative,gemma3,normative,4,"uncertain utility interaction (net metering, utility ownership, and agreed standards)",zeroshot,23
gemma3_normative_23_b8,gemma3_normative,gemma3,normative,8,misconception and lack of knowledge leads to lengthy/expensive design and permit process,zeroshot,23
gemma3_normative_23_b9,gemma3_normative,gemma3,normative,9,lack of enough trained personnel in DC systems,zeroshot,23
gemma3_normative_23_b11,gemma3_normative,gemma3,normative,11,high costs of DC solutions,zeroshot,23
gemma3_subject-matter_23_b1,gemma3_subject-matter,gemma3,subject-matter,1,"power losses, quality and safety issues",zeroshot,23
gemma3_subject-matter_23_b5,gemma3_subject-matter,gemma3,subject-matter,5,lack of pilot projects,zeroshot,23
gemma3_subject-matter_23_b6,gemma3_subject-matter,gemma3,subject-matter,6,public perception of DC and readiness to 'champion' installations from DC projects,zeroshot,23
gemma3_subject-matter_23_b8,gemma3_subject-matter,gemma3,subject-matter,8,misconception and lack of knowledge leads to lengthy/expensive design and permit process,zeroshot,23
gemma3_subject-matter_23_b10,gemma3_subject-matter,gemma3,subject-matter,10,uncertain regulatory roadmap,zeroshot,23
llama_generalist_23_b1,llama_generalist,llama,generalist,1,"power losses, quality and safety issues",zeroshot,23
llama_generalist_23_b2,llama_generalist,llama,generalist,2,reduced reliability in DC devices,zeroshot,23
llama_generalist_23_b3,llama_generalist,llama,generalist,3,lack of use-cases in which DC is advantageous,zeroshot,23
llama_generalist_23_b4,llama_generalist,llama,generalist,4,"uncertain utility interaction (net metering, utility ownership, and agreed standards)",zeroshot,23
llama_generalist_23_b5,llama_generalist,llama,generalist,5,lack of pilot projects,zeroshot,23
llama_normative_23_b1,llama_normative,llama,normative,1,"power losses, quality and safety issues",zeroshot,23
llama_normative_23_b2,llama_normative,llama,normative,2,reduced reliability in DC devices,zeroshot,23
llama_normative_23_b3,llama_normative,llama,normative,3,lack of use-cases in which DC is advantageous,zeroshot,23
llama_normative_23_b4,llama_normative,llama,normative,4,"uncertain utility interaction (net metering, utility ownership, and agreed standards)",zeroshot,23
llama_normative_23_b5,llama_normative,llama,normative,5,lack of pilot projects,zeroshot,23
llama_subject-matter_23_b1,llama_subject-matter,llama,subject-matter,1,"power losses, quality and safety issues",zeroshot,23
llama_subject-matter_23_b2,llama_subject-matter,llama,subject-matter,2,reduced reliability in DC devices,zeroshot,23
llama_subject-matter_23_b3,llama_subject-matter,llama,subject-matter,3,lack of use-cases in which DC is advantageous,zeroshot,23
llama_subject-matter_23_b4,llama_subject-matter,llama,subject-matter,4,"uncertain utility interaction (net metering, utility ownership, and agreed standards)",zeroshot,23
llama_subject-matter_23_b5,llama_subject-matter,llama,subject-matter,5,lack of pilot projects,zeroshot,23
mistral_generalist_23_b1,mistral_generalist,mistral,generalist,1,"power losses, quality and safety issues",zeroshot,23
mistral_generalist_23_b4,mistral_generalist,mistral,generalist,4,"uncertain utility interaction (net metering, utility ownership, and agreed standards)",zeroshot,23
mistral_generalist_23_b5,mistral_generalist,mistral,generalist,5,lack of pilot projects,zeroshot,23
mistral_generalist_23_b7,mistral_generalist,mistral,generalist,7,incompatibility of DC systems components,zeroshot,23
mistral_generalist_23_b8,mistral_generalist,mistral,generalist,8,misconception and lack of knowledge leads to lengthy/expensive design and permit process,zeroshot,23
mistral_normative_23_b1,mistral_normative,mistral,normative,1,"power losses, quality and safety issues",zeroshot,23
mistral_normative_23_b2,mistral_normative,mistral,normative,2,reduced reliability in DC devices,zeroshot,23
mistral_normative_23_b4,mistral_normative,mistral,normative,4,"uncertain utility interaction (net metering, utility ownership, and agreed standards)",zeroshot,23
mistral_normative_23_b5,mistral_normative,mistral,normative,5,lack of pilot projects,zeroshot,23
mistral_normative_23_b11,mistral_normative,mistral,normative,11,high costs of DC solutions,zeroshot,23
mistral_subject-matter_23_b1,mistral_subject-matter,mistral,subject-matter,1,"power losses, quality and safety issues",zeroshot,23
mistral_subject-matter_23_b2,mistral_subject-matter,mistral,subject-matter,2,reduced reliability in DC devices,zeroshot,23
mistral_subject-matter_23_b4,mistral_subject-matter,mistral,subject-matter,4,"uncertain utility interaction (net metering, utility ownership, and agreed standards)",zeroshot,23
mistral_subject-matter_23_b5,mistral_subject-matter,mistral,subject-matter,5,lack of pilot projects,zeroshot,23
mistral_subject-matter_23_b7,mistral_subject-matter,mistral,subject-matter,7,incompatibility of DC systems components,zeroshot,23
phi4_generalist_24_b1,phi4_generalist,phi4,generalist,1,"power losses, quality and safety issues",zeroshot,24
phi4_generalist_24_b3,phi4_generalist,phi4,generalist,3,lack of use-cases in which DC is advantageous,zeroshot,24
phi4_generalist_24_b4,phi4_generalist,phi4,generalist,4,"uncertain utility interaction (net metering, utility ownership, and agreed standards)",zeroshot,24
phi4_generalist_24_b5,phi4_generalist,phi4,generalist,5,lack of pilot projects,zeroshot,24
phi4_generalist_24_b10,phi4_generalist,phi4,generalist,10,uncertain regulatory roadmap,zeroshot,24
phi4_normative_24_b1,phi4_normative,phi4,normative,1,"power losses, quality and safety issues",zeroshot,24
phi4_normative_24_b2,phi4_normative,phi4,normative,2,reduced reliability in DC devices,zeroshot,24
phi4_normative_24_b4,phi4_normative,phi4,normative,4,"uncertain utility interaction (net metering, utility ownership, and agreed standards)",zeroshot,24
phi4_normative_24_b8,phi4_normative,phi4,normative,8,misconception and lack of knowledge leads to lengthy/expensive design and permit process,zeroshot,24
phi4_normative_24_b10,phi4_normative,phi4,normative,10,uncertain regulatory roadmap,zeroshot,24
phi4_subject-matter_24_b1,phi4_subject-matter,phi4,subject-matter,1,"power losses, quality and safety issues",zeroshot,24
phi4_subject-matter_24_b2,phi4_subject-matter,phi4,subject-matter,2,reduced reliability in DC devices,zeroshot,24
phi4_subject-matter_24_b3,phi4_subject-matter,phi4,subject-matter,3,lack of use-cases in which DC is advantageous,zeroshot,24
phi4_subject-matter_24_b4,phi4_subject-matter,phi4,subject-matter,4,"uncertain utility interaction (net metering, utility ownership, and agreed standards)",zeroshot,24
phi4_subject-matter_24_b7,phi4_subject-matter,phi4,subject-matter,7,incompatibility of DC systems components,zeroshot,24
gemma3_generalist_24_b1,gemma3_generalist,gemma3,generalist,1,"power losses, quality and safety issues",zeroshot,24
gemma3_generalist_24_b5,gemma3_generalist,gemma3,generalist,5,lack of pilot projects,zeroshot,24
gemma3_generalist_24_b6,gemma3_generalist,gemma3,generalist,6,public perception of DC and readiness to 'champion' installations from DC projects,zeroshot,24
gemma3_generalist_24_b8,gemma3_generalist,gemma3,generalist,8,misconception and lack of knowledge leads to lengthy/expensive design and permit process,zeroshot,24
gemma3_generalist_24_b11,gemma3_generalist,gemma3,generalist,11,high costs of DC solutions,zeroshot,24
gemma3_normative_24_b1,gemma3_normative,gemma3,normative,1,"power losses, quality and safety issues",zeroshot,24
gemma3_normative_24_b4,gemma3_normative,gemma3,normative,4,"uncertain utility interaction (net metering, utility ownership, and agreed standards)",zeroshot,24
gemma3_normative_24_b6,gemma3_normative,gemma3,normative,6,public perception of DC and readiness to 'champion' installations from DC projects,zeroshot,24
gemma3_normative_24_b8,gemma3_normative,gemma3,normative,8,misconception and lack of knowledge leads to lengthy/expensive design and permit process,zeroshot,24
gemma3_normative_24_b11,gemma3_normative,gemma3,normative,11,high costs of DC solutions,zeroshot,24
gemma3_subject-matter_24_b1,gemma3_subject-matter,gemma3,subject-matter,1,"power losses, quality and safety issues",zeroshot,24
gemma3_subject-matter_24_b5,gemma3_subject-matter,gemma3,subject-matter,5,lack of pilot projects,zeroshot,24
gemma3_subject-matter_24_b6,gemma3_subject-matter,gemma3,subject-matter,6,public perception of DC and readiness to 'champion' installations from DC projects,zeroshot,24
gemma3_subject-matter_24_b8,gemma3_subject-matter,gemma3,subject-matter,8,misconception and lack of knowledge leads to lengthy/expensive design and permit process,zeroshot,24
gemma3_subject-matter_24_b10,gemma3_subject-matter,gemma3,subject-matter,10,uncertain regulatory roadmap,zeroshot,24
llama_generalist_24_b1,llama_generalist,llama,generalist,1,"power losses, quality and safety issues",zeroshot,24
llama_generalist_24_b2,llama_generalist,llama,generalist,2,reduced reliability in DC devices,zeroshot,24
llama_generalist_24_b3,llama_generalist,llama,generalist,3,lack of use-cases in which DC is advantageous,zeroshot,24
llama_generalist_24_b4,llama_generalist,llama,generalist,4,"uncertain utility interaction (net metering, utility ownership, and agreed standards)",zeroshot,24
llama_generalist_24_b5,llama_generalist,llama,generalist,5,lack of pilot projects,zeroshot,24
llama_normative_24_b1,llama_normative,llama,normative,1,"power losses, quality and safety issues",zeroshot,24
llama_normative_24_b2,llama_normative,llama,normative,2,reduced reliability in DC devices,zeroshot,24
llama_normative_24_b3,llama_normative,llama,normative,3,lack of use-cases in which DC is advantageous,zeroshot,24
llama_normative_24_b4,llama_normative,llama,normative,4,"uncertain utility interaction (net metering, utility ownership, and agreed standards)",zeroshot,24
llama_normative_24_b5,llama_normative,llama,normative,5,lack of pilot projects,zeroshot,24
llama_subject-matter_24_b1,llama_subject-matter,llama,subject-matter,1,"power losses, quality and safety issues",zeroshot,24
llama_subject-matter_24_b3,llama_subject-matter,llama,subject-matter,3,lack of use-cases in which DC is advantageous,zeroshot,24
llama_subject-matter_24_b4,llama_subject-matter,llama,subject-matter,4,"uncertain utility interaction (net metering, utility ownership, and agreed standards)",zeroshot,24
llama_subject-matter_24_b5,llama_subject-matter,llama,subject-matter,5,lack of pilot projects,zeroshot,24
llama_subject-matter_24_b6,llama_subject-matter,llama,subject-matter,6,public perception of DC and readiness to 'champion' installations from DC projects,zeroshot,24
mistral_generalist_24_b1,mistral_generalist,mistral,generalist,1,"power losses, quality and safety issues",zeroshot,24
mistral_generalist_24_b2,mistral_generalist,mistral,generalist,2,reduced reliability in DC devices,zeroshot,24
mistral_generalist_24_b4,mistral_generalist,mistral,generalist,4,"uncertain utility interaction (net metering, utility ownership, and agreed standards)",zeroshot,24
mistral_generalist_24_b5,mistral_generalist,mistral,generalist,5,lack of pilot projects,zeroshot,24
mistral_generalist_24_b8,mistral_generalist,mistral,generalist,8,misconception and lack of knowledge leads to lengthy/expensive design and permit process,zeroshot,24
mistral_normative_24_b1,mistral_normative,mistral,normative,1,"power losses, quality and safety issues",zeroshot,24
mistral_normative_24_b2,mistral_normative,mistral,normative,2,reduced reliability in DC devices,zeroshot,24
mistral_normative_24_b4,mistral_normative,mistral,normative,4,"uncertain utility interaction (net metering, utility ownership, and agreed standards)",zeroshot,24
mistral_normative_24_b5,mistral_normative,mistral,normative,5,lack of pilot projects,zeroshot,24
mistral_normative_24_b11,mistral_normative,mistral,normative,11,high costs of DC solutions,zeroshot,24
mistral_subject-matter_24_b1,mistral_subject-matter,mistral,subject-matter,1,"power losses, quality and safety issues",zeroshot,24
mistral_subject-matter_24_b2,mistral_subject-matter,mistral,subject-matter,2,reduced reliability in DC devices,zeroshot,24
mistral_subject-matter_24_b4,mistral_subject-matter,mistral,subject-matter,4,"uncertain utility interaction (net metering, utility ownership, and agreed standards)",zeroshot,24
mistral_subject-matter_24_b5,mistral_subject-matter,mistral,subject-matter,5,lack of pilot projects,zeroshot,24
mistral_subject-matter_24_b10,mistral_subject-matter,mistral,subject-matter,10,uncertain regulatory roadmap,zeroshot,24
phi4_generalist_25_b1,phi4_generalist,phi4,generalist,1,"power losses, quality and safety issues",zeroshot,25
phi4_generalist_25_b3,phi4_generalist,phi4,generalist,3,lack of use-cases in which DC is advantageous,zeroshot,25
phi4_generalist_25_b4,phi4_generalist,phi4,generalist,4,"uncertain utility interaction (net metering, utility ownership, and agreed standards)",zeroshot,25
phi4_generalist_25_b5,phi4_generalist,phi4,generalist,5,lack of pilot projects,zeroshot,25
phi4_generalist_25_b10,phi4_generalist,phi4,generalist,10,uncertain regulatory roadmap,zeroshot,25
phi4_normative_25_b1,phi4_normative,phi4,normative,1,"power losses, quality and safety issues",zeroshot,25
phi4_normative_25_b4,phi4_normative,phi4,normative,4,"uncertain utility interaction (net metering, utility ownership, and agreed standards)",zeroshot,25
phi4_normative_25_b6,phi4_normative,phi4,normative,6,public perception of DC and readiness to 'champion' installations from DC projects,zeroshot,25
phi4_normative_25_b8,phi4_normative,phi4,normative,8,misconception and lack of knowledge leads to lengthy/expensive design and permit process,zeroshot,25
phi4_normative_25_b10,phi4_normative,phi4,normative,10,uncertain regulatory roadmap,zeroshot,25
phi4_subject-matter_25_b1,phi4_subject-matter,phi4,subject-matter,1,"power losses, quality and safety issues",zeroshot,25
phi4_subject-matter_25_b4,phi4_subject-matter,phi4,subject-matter,4,"uncertain utility interaction (net metering, utility ownership, and agreed standards)",zeroshot,25
phi4_subject-matter_25_b5,phi4_subject-matter,phi4,subject-matter,5,lack of pilot projects,zeroshot,25
phi4_subject-matter_25_b8,phi4_subject-matter,phi4,subject-matter,8,misconception and lack of knowledge leads to lengthy/expensive design and permit process,zeroshot,25
phi4_subject-matter_25_b10,phi4_subject-matter,phi4,subject-matter,10,uncertain regulatory roadmap,zeroshot,25
gemma3_generalist_25_b1,gemma3_generalist,gemma3,generalist,1,"power losses, quality and safety issues",zeroshot,25
gemma3_generalist_25_b5,gemma3_generalist,gemma3,generalist,5,lack of pilot projects,zeroshot,25
gemma3_generalist_25_b6,gemma3_generalist,gemma3,generalist,6,public perception of DC and readiness to 'champion' installations from DC projects,zeroshot,25
gemma3_generalist_25_b8,gemma3_generalist,gemma3,generalist,8,misconception and lack of knowledge leads to lengthy/expensive design and permit process,zeroshot,25
gemma3_generalist_25_b11,gemma3_generalist,gemma3,generalist,11,high costs of DC solutions,zeroshot,25
gemma3_normative_25_b1,gemma3_normative,gemma3,normative,1,"power losses, quality and safety issues",zeroshot,25
gemma3_normative_25_b4,gemma3_normative,gemma3,normative,4,"uncertain utility interaction (net metering, utility ownership, and agreed standards)",zeroshot,25
gemma3_normative_25_b8,gemma3_normative,gemma3,normative,8,misconception and lack of knowledge leads to lengthy/expensive design and permit process,zeroshot,25
gemma3_normative_25_b6,gemma3_normative,gemma3,normative,6,public perception of DC and readiness to 'champion' installations from DC projects,zeroshot,25
gemma3_normative_25_b11,gemma3_normative,gemma3,normative,11,high costs of DC solutions,zeroshot,25
gemma3_subject-matter_25_b1,gemma3_subject-matter,gemma3,subject-matter,1,"power losses, quality and safety issues",zeroshot,25
gemma3_subject-matter_25_b5,gemma3_subject-matter,gemma3,subject-matter,5,lack of pilot projects,zeroshot,25
gemma3_subject-matter_25_b6,gemma3_subject-matter,gemma3,subject-matter,6,public perception of DC and readiness to 'champion' installations from DC projects,zeroshot,25
gemma3_subject-matter_25_b9,gemma3_subject-matter,gemma3,subject-matter,9,lack of enough trained personnel in DC systems,zeroshot,25
gemma3_subject-matter_25_b10,gemma3_subject-matter,gemma3,subject-matter,10,uncertain regulatory roadmap,zeroshot,25
llama_generalist_25_b1,llama_generalist,llama,generalist,1,"power losses, quality and safety issues",zeroshot,25
llama_generalist_25_b2,llama_generalist,llama,generalist,2,reduced reliability in DC devices,zeroshot,25
llama_generalist_25_b3,llama_generalist,llama,generalist,3,lack of use-cases in which DC is advantageous,zeroshot,25
llama_generalist_25_b4,llama_generalist,llama,generalist,4,"uncertain utility interaction (net metering, utility ownership, and agreed standards)",zeroshot,25
llama_generalist_25_b5,llama_generalist,llama,generalist,5,lack of pilot projects,zeroshot,25
llama_normative_25_b1,llama_normative,llama,normative,1,"power losses, quality and safety issues",zeroshot,25
llama_normative_25_b3,llama_normative,llama,normative,3,lack of use-cases in which DC is advantageous,zeroshot,25
llama_normative_25_b4,llama_normative,llama,normative,4,"uncertain utility interaction (net metering, utility ownership, and agreed standards)",zeroshot,25
llama_normative_25_b11,llama_normative,llama,normative,11,high costs of DC solutions,zeroshot,25
llama_normative_25_b9,llama_normative,llama,normative,9,lack of enough trained personnel in DC systems,zeroshot,25
llama_subject-matter_25_b1,llama_subject-matter,llama,subject-matter,1,"power losses, quality and safety issues",zeroshot,25
llama_subject-matter_25_b2,llama_subject-matter,llama,subject-matter,2,reduced reliability in DC devices,zeroshot,25
llama_subject-matter_25_b4,llama_subject-matter,llama,subject-matter,4,"uncertain utility interaction (net metering, utility ownership, and agreed standards)",zeroshot,25
llama_subject-matter_25_b5,llama_subject-matter,llama,subject-matter,5,lack of pilot projects,zeroshot,25
llama_subject-matter_25_b6,llama_subject-matter,llama,subject-matter,6,public perception of DC and readiness to 'champion' installations from DC projects,zeroshot,25
mistral_generalist_25_b1,mistral_generalist,mistral,generalist,1,"power losses, quality and safety issues",zeroshot,25
mistral_generalist_25_b2,mistral_generalist,mistral,generalist,2,reduced reliability in DC devices,zeroshot,25
mistral_generalist_25_b4,mistral_generalist,mistral,generalist,4,"uncertain utility interaction (net metering, utility ownership, and agreed standards)",zeroshot,25
mistral_generalist_25_b3,mistral_generalist,mistral,generalist,3,lack of use-cases in which DC is advantageous,zeroshot,25
mistral_generalist_25_b10,mistral_generalist,mistral,generalist,10,uncertain regulatory roadmap,zeroshot,25
mistral_normative_25_b1,mistral_normative,mistral,normative,1,"power losses, quality and safety issues",zeroshot,25
mistral_normative_25_b2,mistral_normative,mistral,normative,2,reduced reliability in DC devices,zeroshot,25
mistral_normative_25_b4,mistral_normative,mistral,normative,4,"uncertain utility interaction (net metering, utility ownership, and agreed standards)",zeroshot,25
mistral_normative_25_b5,mistral_normative,mistral,normative,5,lack of pilot projects,zeroshot,25
mistral_normative_25_b9,mistral_normative,mistral,normative,9,lack of enough trained personnel in DC systems,zeroshot,25
mistral_subject-matter_25_b1,mistral_subject-matter,mistral,subject-matter,1,"power losses, quality and safety issues",zeroshot,25
mistral_subject-matter_25_b2,mistral_subject-matter,mistral,subject-matter,2,reduced reliability in DC devices,zeroshot,25
mistral_subject-matter_25_b3,mistral_subject-matter,mistral,subject-matter,3,lack of use-cases in which DC is advantageous,zeroshot,25
mistral_subject-matter_25_b4,mistral_subject-matter,mistral,subject-matter,4,"uncertain utility interaction (net metering, utility ownership, and agreed standards)",zeroshot,25
mistral_subject-matter_25_b5,mistral_subject-matter,mistral,subject-matter,5,lack of pilot projects,zeroshot,25
phi4_generalist_26_b1,phi4_generalist,phi4,generalist,1,"power losses, quality and safety issues",zeroshot,26
phi4_generalist_26_b4,phi4_generalist,phi4,generalist,4,"uncertain utility interaction (net metering, utility ownership, and agreed standards)",zeroshot,26
phi4_generalist_26_b5,phi4_generalist,phi4,generalist,5,lack of pilot projects,zeroshot,26
phi4_generalist_26_b8,phi4_generalist,phi4,generalist,8,misconception and lack of knowledge leads to lengthy/expensive design and permit process,zeroshot,26
phi4_generalist_26_b10,phi4_generalist,phi4,generalist,10,uncertain regulatory roadmap,zeroshot,26
phi4_normative_26_b1,phi4_normative,phi4,normative,1,"power losses, quality and safety issues",zeroshot,26
phi4_normative_26_b4,phi4_normative,phi4,normative,4,"uncertain utility interaction (net metering, utility ownership, and agreed standards)",zeroshot,26
phi4_normative_26_b5,phi4_normative,phi4,normative,5,lack of pilot projects,zeroshot,26
phi4_normative_26_b6,phi4_normative,phi4,normative,6,public perception of DC and readiness to 'champion' installations from DC projects,zeroshot,26
phi4_normative_26_b10,phi4_normative,phi4,normative,10,uncertain regulatory roadmap,zeroshot,26
phi4_subject-matter_26_b1,phi4_subject-matter,phi4,subject-matter,1,"power losses, quality and safety issues",zeroshot,26
phi4_subject-matter_26_b4,phi4_subject-matter,phi4,subject-matter,4,"uncertain utility interaction (net metering, utility ownership, and agreed standards)",zeroshot,26
phi4_subject-matter_26_b5,phi4_subject-matter,phi4,subject-matter,5,lack of pilot projects,zeroshot,26
phi4_subject-matter_26_b8,phi4_subject-matter,phi4,subject-matter,8,misconception and lack of knowledge leads to lengthy/expensive design and permit process,zeroshot,26
phi4_subject-matter_26_b10,phi4_subject-matter,phi4,subject-matter,10,uncertain regulatory roadmap,zeroshot,26
gemma3_generalist_26_b1,gemma3_generalist,gemma3,generalist,1,"power losses, quality and safety issues",zeroshot,26
gemma3_generalist_26_b5,gemma3_generalist,gemma3,generalist,5,lack of pilot projects,zeroshot,26
gemma3_generalist_26_b6,gemma3_generalist,gemma3,generalist,6,public perception of DC and readiness to 'champion' installations from DC projects,zeroshot,26
gemma3_generalist_26_b8,gemma3_generalist,gemma3,generalist,8,misconception and lack of knowledge leads to lengthy/expensive design and permit process,zeroshot,26
gemma3_generalist_26_b11,gemma3_generalist,gemma3,generalist,11,high costs of DC solutions,zeroshot,26
gemma3_normative_26_b1,gemma3_normative,gemma3,normative,1,"power losses, quality and safety issues",zeroshot,26
gemma3_normative_26_b4,gemma3_normative,gemma3,normative,4,"uncertain utility interaction (net metering, utility ownership, and agreed standards)",zeroshot,26
gemma3_normative_26_b8,gemma3_normative,gemma3,normative,8,misconception and lack of knowledge leads to lengthy/expensive design and permit process,zeroshot,26
gemma3_normative_26_b9,gemma3_normative,gemma3,normative,9,lack of enough trained personnel in DC systems,zeroshot,26
gemma3_normative_26_b11,gemma3_normative,gemma3,normative,11,high costs of DC solutions,zeroshot,26
gemma3_subject-matter_26_b1,gemma3_subject-matter,gemma3,subject-matter,1,"power losses, quality and safety issues",zeroshot,26
gemma3_subject-matter_26_b5,gemma3_subject-matter,gemma3,subject-matter,5,lack of pilot projects,zeroshot,26
gemma3_subject-matter_26_b6,gemma3_subject-matter,gemma3,subject-matter,6,public perception of DC and readiness to 'champion' installations from DC projects,zeroshot,26
gemma3_subject-matter_26_b9,gemma3_subject-matter,gemma3,subject-matter,9,lack of enough trained personnel in DC systems,zeroshot,26
gemma3_subject-matter_26_b11,gemma3_subject-matter,gemma3,subject-matter,11,high costs of DC solutions,zeroshot,26
llama_generalist_26_b3,llama_generalist,llama,generalist,3,lack of use-cases in which DC is advantageous,zeroshot,26
llama_generalist_26_b4,llama_generalist,llama,generalist,4,"uncertain utility interaction (net metering, utility ownership, and agreed standards)",zeroshot,26
llama_generalist_26_b7,llama_generalist,llama,generalist,7,incompatibility of DC systems components,zeroshot,26
llama_generalist_26_b6,llama_generalist,llama,generalist,6,public perception of DC and readiness to 'champion' installations from DC projects,zeroshot,26
llama_generalist_26_b9,llama_generalist,llama,generalist,9,lack of enough trained personnel in DC systems,zeroshot,26
llama_normative_26_b1,llama_normative,llama,normative,1,"power losses, quality and safety issues",zeroshot,26
llama_normative_26_b3,llama_normative,llama,normative,3,lack of use-cases in which DC is advantageous,zeroshot,26
llama_normative_26_b4,llama_normative,llama,normative,4,"uncertain utility interaction (net metering, utility ownership, and agreed standards)",zeroshot,26
llama_normative_26_b5,llama_normative,llama,normative,5,lack of pilot projects,zeroshot,26
llama_normative_26_b6,llama_normative,llama,normative,6,public perception of DC and readiness to 'champion' installations from DC projects,zeroshot,26
llama_subject-matter_26_b1,llama_subject-matter,llama,subject-matter,1,"power losses, quality and safety issues",zeroshot,26
llama_subject-matter_26_b2,llama_subject-matter,llama,subject-matter,2,reduced reliability in DC devices,zeroshot,26
llama_subject-matter_26_b4,llama_subject-matter,llama,subject-matter,4,"uncertain utility interaction (net metering, utility ownership, and agreed standards)",zeroshot,26
llama_subject-matter_26_b3,llama_subject-matter,llama,subject-matter,3,lack of use-cases in which DC is advantageous,zeroshot,26
llama_subject-matter_26_b7,llama_subject-matter,llama,subject-matter,7,incompatibility of DC systems components,zeroshot,26
mistral_generalist_26_b1,mistral_generalist,mistral,generalist,1,"power losses, quality and safety issues",zeroshot,26
mistral_generalist_26_b2,mistral_generalist,mistral,generalist,2,reduced reliability in DC devices,zeroshot,26
mistral_generalist_26_b4,mistral_generalist,mistral,generalist,4,"uncertain utility interaction (net metering, utility ownership, and agreed standards)",zeroshot,26
mistral_generalist_26_b5,mistral_generalist,mistral,generalist,5,lack of pilot projects,zeroshot,26
mistral_generalist_26_b9,mistral_generalist,mistral,generalist,9,lack of enough trained personnel in DC systems,zeroshot,26
mistral_normative_26_b1,mistral_normative,mistral,normative,1,"power losses, quality and safety issues",zeroshot,26
mistral_normative_26_b2,mistral_normative,mistral,normative,2,reduced reliability in DC devices,zeroshot,26
mistral_normative_26_b4,mistral_normative,mistral,normative,4,"uncertain utility interaction (net metering, utility ownership, and agreed standards)",zeroshot,26
mistral_normative_26_b5,mistral_normative,mistral,normative,5,lack of pilot projects,zeroshot,26
mistral_normative_26_b10,mistral_normative,mistral,normative,10,uncertain regulatory roadmap,zeroshot,26
mistral_subject-matter_26_b1,mistral_subject-matter,mistral,subject-matter,1,"power losses, quality and safety issues",zeroshot,26
mistral_subject-matter_26_b2,mistral_subject-matter,mistral,subject-matter,2,reduced reliability in DC devices,zeroshot,26
mistral_subject-matter_26_b3,mistral_subject-matter,mistral,subject-matter,3,lack of use-cases in which DC is advantageous,zeroshot,26
mistral_subject-matter_26_b4,mistral_subject-matter,mistral,subject-matter,4,"uncertain utility interaction (net metering, utility ownership, and agreed standards)",zeroshot,26
mistral_subject-matter_26_b5,mistral_subject-matter,mistral,subject-matter,5,lack of pilot projects,zeroshot,26
phi4_generalist_27_b1,phi4_generalist,phi4,generalist,1,"power losses, quality and safety issues",zeroshot,27
phi4_generalist_27_b3,phi4_generalist,phi4,generalist,3,lack of use-cases in which DC is advantageous,zeroshot,27
phi4_generalist_27_b4,phi4_generalist,phi4,generalist,4,"uncertain utility interaction (net metering, utility ownership, and agreed standards)",zeroshot,27
phi4_generalist_27_b5,phi4_generalist,phi4,generalist,5,lack of pilot projects,zeroshot,27
phi4_generalist_27_b10,phi4_generalist,phi4,generalist,10,uncertain regulatory roadmap,zeroshot,27
phi4_normative_27_b1,phi4_normative,phi4,normative,1,"power losses, quality and safety issues",zeroshot,27
phi4_normative_27_b2,phi4_normative,phi4,normative,2,reduced reliability in DC devices,zeroshot,27
phi4_normative_27_b4,phi4_normative,phi4,normative,4,"uncertain utility interaction (net metering, utility ownership, and agreed standards)",zeroshot,27
phi4_normative_27_b8,phi4_normative,phi4,normative,8,misconception and lack of knowledge leads to lengthy/expensive design and permit process,zeroshot,27
phi4_normative_27_b10,phi4_normative,phi4,normative,10,uncertain regulatory roadmap,zeroshot,27
phi4_subject-matter_27_b1,phi4_subject-matter,phi4,subject-matter,1,"power losses, quality and safety issues",zeroshot,27
phi4_subject-matter_27_b3,phi4_subject-matter,phi4,subject-matter,3,lack of use-cases in which DC is advantageous,zeroshot,27
phi4_subject-matter_27_b4,phi4_subject-matter,phi4,subject-matter,4,"uncertain utility interaction (net metering, utility ownership, and agreed standards)",zeroshot,27
phi4_subject-matter_27_b8,phi4_subject-matter,phi4,subject-matter,8,misconception and lack of knowledge leads to lengthy/expensive design and permit process,zeroshot,27
phi4_subject-matter_27_b10,phi4_subject-matter,phi4,subject-matter,10,uncertain regulatory roadmap,zeroshot,27
gemma3_generalist_27_b1,gemma3_generalist,gemma3,generalist,1,"power losses, quality and safety issues",zeroshot,27
gemma3_generalist_27_b5,gemma3_generalist,gemma3,generalist,5,lack of pilot projects,zeroshot,27
gemma3_generalist_27_b6,gemma3_generalist,gemma3,generalist,6,public perception of DC and readiness to 'champion' installations from DC projects,zeroshot,27
gemma3_generalist_27_b8,gemma3_generalist,gemma3,generalist,8,misconception and lack of knowledge leads to lengthy/expensive design and permit process,zeroshot,27
gemma3_generalist_27_b11,gemma3_generalist,gemma3,generalist,11,high costs of DC solutions,zeroshot,27
gemma3_normative_27_b1,gemma3_normative,gemma3,normative,1,"power losses, quality and safety issues",zeroshot,27
gemma3_normative_27_b4,gemma3_normative,gemma3,normative,4,"uncertain utility interaction (net metering, utility ownership, and agreed standards)",zeroshot,27
gemma3_normative_27_b8,gemma3_normative,gemma3,normative,8,misconception and lack of knowledge leads to lengthy/expensive design and permit process,zeroshot,27
gemma3_normative_27_b9,gemma3_normative,gemma3,normative,9,lack of enough trained personnel in DC systems,zeroshot,27
gemma3_normative_27_b11,gemma3_normative,gemma3,normative,11,high costs of DC solutions,zeroshot,27
gemma3_subject-matter_27_b1,gemma3_subject-matter,gemma3,subject-matter,1,"power losses, quality and safety issues",zeroshot,27
gemma3_subject-matter_27_b5,gemma3_subject-matter,gemma3,subject-matter,5,lack of pilot projects,zeroshot,27
gemma3_subject-matter_27_b6,gemma3_subject-matter,gemma3,subject-matter,6,public perception of DC and readiness to 'champion' installations from DC projects,zeroshot,27
gemma3_subject-matter_27_b9,gemma3_subject-matter,gemma3,subject-matter,9,lack of enough trained personnel in DC systems,zeroshot,27
gemma3_subject-matter_27_b11,gemma3_subject-matter,gemma3,subject-matter,11,high costs of DC solutions,zeroshot,27
llama_generalist_27_b1,llama_generalist,llama,generalist,1,"power losses, quality and safety issues",zeroshot,27
llama_generalist_27_b3,llama_generalist,llama,generalist,3,lack of use-cases in which DC is advantageous,zeroshot,27
llama_generalist_27_b4,llama_generalist,llama,generalist,4,"uncertain utility interaction (net metering, utility ownership, and agreed standards)",zeroshot,27
llama_generalist_27_b5,llama_generalist,llama,generalist,5,lack of pilot projects,zeroshot,27
llama_generalist_27_b6,llama_generalist,llama,generalist,6,public perception of DC and readiness to 'champion' installations from DC projects,zeroshot,27
llama_normative_27_b1,llama_normative,llama,normative,1,"power losses, quality and safety issues",zeroshot,27
llama_normative_27_b2,llama_normative,llama,normative,2,reduced reliability in DC devices,zeroshot,27
llama_normative_27_b4,llama_normative,llama,normative,4,"uncertain utility interaction (net metering, utility ownership, and agreed standards)",zeroshot,27
llama_normative_27_b5,llama_normative,llama,normative,5,lack of pilot projects,zeroshot,27
llama_normative_27_b6,llama_normative,llama,normative,6,public perception of DC and readiness to 'champion' installations from DC projects,zeroshot,27
llama_subject-matter_27_b1,llama_subject-matter,llama,subject-matter,1,"power losses, quality and safety issues",zeroshot,27
llama_subject-matter_27_b3,llama_subject-matter,llama,subject-matter,3,lack of use-cases in which DC is advantageous,zeroshot,27
llama_subject-matter_27_b4,llama_subject-matter,llama,subject-matter,4,"uncertain utility interaction (net metering, utility ownership, and agreed standards)",zeroshot,27
llama_subject-matter_27_b5,llama_subject-matter,llama,subject-matter,5,lack of pilot projects,zeroshot,27
llama_subject-matter_27_b6,llama_subject-matter,llama,subject-matter,6,public perception of DC and readiness to 'champion' installations from DC projects,zeroshot,27
mistral_generalist_27_b1,mistral_generalist,mistral,generalist,1,"power losses, quality and safety issues",zeroshot,27
mistral_generalist_27_b4,mistral_generalist,mistral,generalist,4,"uncertain utility interaction (net metering, utility ownership, and agreed standards)",zeroshot,27
mistral_generalist_27_b5,mistral_generalist,mistral,generalist,5,lack of pilot projects,zeroshot,27
mistral_generalist_27_b7,mistral_generalist,mistral,generalist,7,incompatibility of DC systems components,zeroshot,27
mistral_generalist_27_b11,mistral_generalist,mistral,generalist,11,high costs of DC solutions,zeroshot,27
mistral_normative_27_b1,mistral_normative,mistral,normative,1,"power losses, quality and safety issues",zeroshot,27
mistral_normative_27_b2,mistral_normative,mistral,normative,2,reduced reliability in DC devices,zeroshot,27
mistral_normative_27_b3,mistral_normative,mistral,normative,3,lack of use-cases in which DC is advantageous,zeroshot,27
mistral_normative_27_b4,mistral_normative,mistral,normative,4,"uncertain utility interaction (net metering, utility ownership, and agreed standards)",zeroshot,27
mistral_normative_27_b5,mistral_normative,mistral,normative,5,lack of pilot projects,zeroshot,27
mistral_subject-matter_27_b1,mistral_subject-matter,mistral,subject-matter,1,"power losses, quality and safety issues",zeroshot,27
mistral_subject-matter_27_b2,mistral_subject-matter,mistral,subject-matter,2,reduced reliability in DC devices,zeroshot,27
mistral_subject-matter_27_b4,mistral_subject-matter,mistral,subject-matter,4,"uncertain utility interaction (net metering, utility ownership, and agreed standards)",zeroshot,27
mistral_subject-matter_27_b5,mistral_subject-matter,mistral,subject-matter,5,lack of pilot projects,zeroshot,27
mistral_subject-matter_27_b11,mistral_subject-matter,mistral,subject-matter,11,high costs of DC solutions,zeroshot,27
phi4_generalist_28_b1,phi4_generalist,phi4,generalist,1,"power losses, quality and safety issues",zeroshot,28
phi4_generalist_28_b3,phi4_generalist,phi4,generalist,3,lack of use-cases in which DC is advantageous,zeroshot,28
phi4_generalist_28_b4,phi4_generalist,phi4,generalist,4,"uncertain utility interaction (net metering, utility ownership, and agreed standards)",zeroshot,28
phi4_generalist_28_b5,phi4_generalist,phi4,generalist,5,lack of pilot projects,zeroshot,28
phi4_generalist_28_b9,phi4_generalist,phi4,generalist,9,lack of enough trained personnel in DC systems,zeroshot,28
phi4_normative_28_b1,phi4_normative,phi4,normative,1,"power losses, quality and safety issues",zeroshot,28
phi4_normative_28_b3,phi4_normative,phi4,normative,3,lack of use-cases in which DC is advantageous,zeroshot,28
phi4_normative_28_b4,phi4_normative,phi4,normative,4,"uncertain utility interaction (net metering, utility ownership, and agreed standards)",zeroshot,28
phi4_normative_28_b8,phi4_normative,phi4,normative,8,misconception and lack of knowledge leads to lengthy/expensive design and permit process,zeroshot,28
phi4_normative_28_b10,phi4_normative,phi4,normative,10,uncertain regulatory roadmap,zeroshot,28
phi4_subject-matter_28_b1,phi4_subject-matter,phi4,subject-matter,1,"power losses, quality and safety issues",zeroshot,28
phi4_subject-matter_28_b3,phi4_subject-matter,phi4,subject-matter,3,lack of use-cases in which DC is advantageous,zeroshot,28
phi4_subject-matter_28_b4,phi4_subject-matter,phi4,subject-matter,4,"uncertain utility interaction (net metering, utility ownership, and agreed standards)",zeroshot,28
phi4_subject-matter_28_b5,phi4_subject-matter,phi4,subject-matter,5,lack of pilot projects,zeroshot,28
phi4_subject-matter_28_b9,phi4_subject-matter,phi4,subject-matter,9,lack of enough trained personnel in DC systems,zeroshot,28
gemma3_generalist_28_b1,gemma3_generalist,gemma3,generalist,1,"power losses, quality and safety issues",zeroshot,28
gemma3_generalist_28_b5,gemma3_generalist,gemma3,generalist,5,lack of pilot projects,zeroshot,28
gemma3_generalist_28_b6,gemma3_generalist,gemma3,generalist,6,public perception of DC and readiness to 'champion' installations from DC projects,zeroshot,28
gemma3_generalist_28_b8,gemma3_generalist,gemma3,generalist,8,misconception and lack of knowledge leads to lengthy/expensive design and permit process,zeroshot,28
gemma3_generalist_28_b11,gemma3_generalist,gemma3,generalist,11,high costs of DC solutions,zeroshot,28
gemma3_normative_28_b1,gemma3_normative,gemma3,normative,1,"power losses, quality and safety issues",zeroshot,28
gemma3_normative_28_b4,gemma3_normative,gemma3,normative,4,"uncertain utility interaction (net metering, utility ownership, and agreed standards)",zeroshot,28
gemma3_normative_28_b6,gemma3_normative,gemma3,normative,6,public perception of DC and readiness to 'champion' installations from DC projects,zeroshot,28
gemma3_normative_28_b8,gemma3_normative,gemma3,normative,8,misconception and lack of knowledge leads to lengthy/expensive design and permit process,zeroshot,28
gemma3_normative_28_b11,gemma3_normative,gemma3,normative,11,high costs of DC solutions,zeroshot,28
gemma3_subject-matter_28_b1,gemma3_subject-matter,gemma3,subject-matter,1,"power losses, quality and safety issues",zeroshot,28
gemma3_subject-matter_28_b5,gemma3_subject-matter,gemma3,subject-matter,5,lack of pilot projects,zeroshot,28
gemma3_subject-matter_28_b6,gemma3_subject-matter,gemma3,subject-matter,6,public perception of DC and readiness to 'champion' installations from DC projects,zeroshot,28
gemma3_subject-matter_28_b8,gemma3_subject-matter,gemma3,subject-matter,8,misconception and lack of knowledge leads to lengthy/expensive design and permit process,zeroshot,28
gemma3_subject-matter_28_b10,gemma3_subject-matter,gemma3,subject-matter,10,uncertain regulatory roadmap,zeroshot,28
llama_generalist_28_b1,llama_generalist,llama,generalist,1,"power losses, quality and safety issues",zeroshot,28
llama_generalist_28_b2,llama_generalist,llama,generalist,2,reduced reliability in DC devices,zeroshot,28
llama_generalist_28_b3,llama_generalist,llama,generalist,3,lack of use-cases in which DC is advantageous,zeroshot,28
llama_generalist_28_b4,llama_generalist,llama,generalist,4,"uncertain utility interaction (net metering, utility ownership, and agreed standards)",zeroshot,28
llama_generalist_28_b5,llama_generalist,llama,generalist,5,lack of pilot projects,zeroshot,28
llama_normative_28_b1,llama_normative,llama,normative,1,"power losses, quality and safety issues",zeroshot,28
llama_normative_28_b2,llama_normative,llama,normative,2,reduced reliability in DC devices,zeroshot,28
llama_normative_28_b3,llama_normative,llama,normative,3,lack of use-cases in which DC is advantageous,zeroshot,28
llama_normative_28_b4,llama_normative,llama,normative,4,"uncertain utility interaction (net metering, utility ownership, and agreed standards)",zeroshot,28
llama_normative_28_b5,llama_normative,llama,normative,5,lack of pilot projects,zeroshot,28
llama_subject-matter_28_b1,llama_subject-matter,llama,subject-matter,1,"power losses, quality and safety issues",zeroshot,28
llama_subject-matter_28_b2,llama_subject-matter,llama,subject-matter,2,reduced reliability in DC devices,zeroshot,28
llama_subject-matter_28_b3,llama_subject-matter,llama,subject-matter,3,lack of use-cases in which DC is advantageous,zeroshot,28
llama_subject-matter_28_b4,llama_subject-matter,llama,subject-matter,4,"uncertain utility interaction (net metering, utility ownership, and agreed standards)",zeroshot,28
llama_subject-matter_28_b5,llama_subject-matter,llama,subject-matter,5,lack of pilot projects,zeroshot,28
mistral_generalist_28_b1,mistral_generalist,mistral,generalist,1,"power losses, quality and safety issues",zeroshot,28
mistral_generalist_28_b4,mistral_generalist,mistral,generalist,4,"uncertain utility interaction (net metering, utility ownership, and agreed standards)",zeroshot,28
mistral_generalist_28_b5,mistral_generalist,mistral,generalist,5,lack of pilot projects,zeroshot,28
mistral_generalist_28_b8,mistral_generalist,mistral,generalist,8,misconception and lack of knowledge leads to lengthy/expensive design and permit process,zeroshot,28
mistral_generalist_28_b9,mistral_generalist,mistral,generalist,9,lack of enough trained personnel in DC systems,zeroshot,28
mistral_normative_28_b1,mistral_normative,mistral,normative,1,"power losses, quality and safety issues",zeroshot,28
mistral_normative_28_b2,mistral_normative,mistral,normative,2,reduced reliability in DC devices,zeroshot,28
mistral_normative_28_b4,mistral_normative,mistral,normative,4,"uncertain utility interaction (net metering, utility ownership, and agreed standards)",zeroshot,28
mistral_normative_28_b5,mistral_normative,mistral,normative,5,lack of pilot projects,zeroshot,28
mistral_normative_28_b6,mistral_normative,mistral,normative,6,public perception of DC and readiness to 'champion' installations from DC projects,zeroshot,28
mistral_subject-matter_28_b1,mistral_subject-matter,mistral,subject-matter,1,"power losses, quality and safety issues",zeroshot,28
mistral_subject-matter_28_b4,mistral_subject-matter,mistral,subject-matter,4,"uncertain utility interaction (net metering, utility ownership, and agreed standards)",zeroshot,28
mistral_subject-matter_28_b5,mistral_subject-matter,mistral,subject-matter,5,lack of pilot projects,zeroshot,28
mistral_subject-matter_28_b7,mistral_subject-matter,mistral,subject-matter,7,incompatibility of DC systems components,zeroshot,28
mistral_subject-matter_28_b8,mistral_subject-matter,mistral,subject-matter,8,misconception and lack of knowledge leads to lengthy/expensive design and permit process,zeroshot,28
phi4_generalist_29_b1,phi4_generalist,phi4,generalist,1,"power losses, quality and safety issues",zeroshot,29
phi4_generalist_29_b3,phi4_generalist,phi4,generalist,3,lack of use-cases in which DC is advantageous,zeroshot,29
phi4_generalist_29_b4,phi4_generalist,phi4,generalist,4,"uncertain utility interaction (net metering, utility ownership, and agreed standards)",zeroshot,29
phi4_generalist_29_b5,phi4_generalist,phi4,generalist,5,lack of pilot projects,zeroshot,29
phi4_generalist_29_b9,phi4_generalist,phi4,generalist,9,lack of enough trained personnel in DC systems,zeroshot,29
phi4_normative_29_b1,phi4_normative,phi4,normative,1,"power losses, quality and safety issues",zeroshot,29
phi4_normative_29_b3,phi4_normative,phi4,normative,3,lack of use-cases in which DC is advantageous,zeroshot,29
phi4_normative_29_b4,phi4_normative,phi4,normative,4,"uncertain utility interaction (net metering, utility ownership, and agreed standards)",zeroshot,29
phi4_normative_29_b8,phi4_normative,phi4,normative,8,misconception and lack of knowledge leads to lengthy/expensive design and permit process,zeroshot,29
phi4_normative_29_b10,phi4_normative,phi4,normative,10,uncertain regulatory roadmap,zeroshot,29
phi4_subject-matter_29_b1,phi4_subject-matter,phi4,subject-matter,1,"power losses, quality and safety issues",zeroshot,29
phi4_subject-matter_29_b3,phi4_subject-matter,phi4,subject-matter,3,lack of use-cases in which DC is advantageous,zeroshot,29
phi4_subject-matter_29_b4,phi4_subject-matter,phi4,subject-matter,4,"uncertain utility interaction (net metering, utility ownership, and agreed standards)",zeroshot,29
phi4_subject-matter_29_b5,phi4_subject-matter,phi4,subject-matter,5,lack of pilot projects,zeroshot,29
phi4_subject-matter_29_b10,phi4_subject-matter,phi4,subject-matter,10,uncertain regulatory roadmap,zeroshot,29
gemma3_generalist_29_b1,gemma3_generalist,gemma3,generalist,1,"power losses, quality and safety issues",zeroshot,29
gemma3_generalist_29_b5,gemma3_generalist,gemma3,generalist,5,lack of pilot projects,zeroshot,29
gemma3_generalist_29_b6,gemma3_generalist,gemma3,generalist,6,public perception of DC and readiness to 'champion' installations from DC projects,zeroshot,29
gemma3_generalist_29_b8,gemma3_generalist,gemma3,generalist,8,misconception and lack of knowledge leads to lengthy/expensive design and permit process,zeroshot,29
gemma3_generalist_29_b11,gemma3_generalist,gemma3,generalist,11,high costs of DC solutions,zeroshot,29
gemma3_normative_29_b1,gemma3_normative,gemma3,normative,1,"power losses, quality and safety issues",zeroshot,29
gemma3_normative_29_b4,gemma3_normative,gemma3,normative,4,"uncertain utility interaction (net metering, utility ownership, and agreed standards)",zeroshot,29
gemma3_normative_29_b8,gemma3_normative,gemma3,normative,8,misconception and lack of knowledge leads to lengthy/expensive design and permit process,zeroshot,29
gemma3_normative_29_b9,gemma3_normative,gemma3,normative,9,lack of enough trained personnel in DC systems,zeroshot,29
gemma3_normative_29_b11,gemma3_normative,gemma3,normative,11,high costs of DC solutions,zeroshot,29
gemma3_subject-matter_29_b1,gemma3_subject-matter,gemma3,subject-matter,1,"power losses, quality and safety issues",zeroshot,29
gemma3_subject-matter_29_b4,gemma3_subject-matter,gemma3,subject-matter,4,"uncertain utility interaction (net metering, utility ownership, and agreed standards)",zeroshot,29
gemma3_subject-matter_29_b8,gemma3_subject-matter,gemma3,subject-matter,8,misconception and lack of knowledge leads to lengthy/expensive design and permit process,zeroshot,29
gemma3_subject-matter_29_b11,gemma3_subject-matter,gemma3,subject-matter,11,high costs of DC solutions,zeroshot,29
gemma3_subject-matter_29_b10,gemma3_subject-matter,gemma3,subject-matter,10,uncertain regulatory roadmap,zeroshot,29
llama_generalist_29_b1,llama_generalist,llama,generalist,1,"power losses, quality and safety issues",zeroshot,29
llama_generalist_29_b3,llama_generalist,llama,generalist,3,lack of use-cases in which DC is advantageous,zeroshot,29
llama_generalist_29_b4,llama_generalist,llama,generalist,4,"uncertain utility interaction (net metering, utility ownership, and agreed standards)",zeroshot,29
llama_generalist_29_b7,llama_generalist,llama,generalist,7,incompatibility of DC systems components,zeroshot,29
llama_generalist_29_b11,llama_generalist,llama,generalist,11,high costs of DC solutions,zeroshot,29
llama_normative_29_b1,llama_normative,llama,normative,1,"power losses, quality and safety issues",zeroshot,29
llama_normative_29_b2,llama_normative,llama,normative,2,reduced reliability in DC devices,zeroshot,29
llama_normative_29_b3,llama_normative,llama,normative,3,lack of use-cases in which DC is advantageous,zeroshot,29
llama_normative_29_b4,llama_normative,llama,normative,4,"uncertain utility interaction (net metering, utility ownership, and agreed standards)",zeroshot,29
llama_normative_29_b5,llama_normative,llama,normative,5,lack of pilot projects,zeroshot,29
llama_subject-matter_29_b1,llama_subject-matter,llama,subject-matter,1,"power losses, quality and safety issues",zeroshot,29
llama_subject-matter_29_b2,llama_subject-matter,llama,subject-matter,2,reduced reliability in DC devices,zeroshot,29
llama_subject-matter_29_b3,llama_subject-matter,llama,subject-matter,3,lack of use-cases in which DC is advantageous,zeroshot,29
llama_subject-matter_29_b4,llama_subject-matter,llama,subject-matter,4,"uncertain utility interaction (net metering, utility ownership, and agreed standards)",zeroshot,29
llama_subject-matter_29_b5,llama_subject-matter,llama,subject-matter,5,lack of pilot projects,zeroshot,29
mistral_generalist_29_b1,mistral_generalist,mistral,generalist,1,"power losses, quality and safety issues",zeroshot,29
mistral_generalist_29_b4,mistral_generalist,mistral,generalist,4,"uncertain utility interaction (net metering, utility ownership, and agreed standards)",zeroshot,29
mistral_generalist_29_b3,mistral_generalist,mistral,generalist,3,lack of use-cases in which DC is advantageous,zeroshot,29
mistral_generalist_29_b7,mistral_generalist,mistral,generalist,7,incompatibility of DC systems components,zeroshot,29
mistral_generalist_29_b8,mistral_generalist,mistral,generalist,8,misconception and lack of knowledge leads to lengthy/expensive design and permit process,zeroshot,29
mistral_normative_29_b1,mistral_normative,mistral,normative,1,"power losses, quality and safety issues",zeroshot,29
mistral_normative_29_b4,mistral_normative,mistral,normative,4,"uncertain utility interaction (net metering, utility ownership, and agreed standards)",zeroshot,29
mistral_normative_29_b5,mistral_normative,mistral,normative,5,lack of pilot projects,zeroshot,29
mistral_normative_29_b8,mistral_normative,mistral,normative,8,misconception and lack of knowledge leads to lengthy/expensive design and permit process,zeroshot,29
mistral_normative_29_b10,mistral_normative,mistral,normative,10,uncertain regulatory roadmap,zeroshot,29
mistral_subject-matter_29_b1,mistral_subject-matter,mistral,subject-matter,1,"power losses, quality and safety issues",zeroshot,29
mistral_subject-matter_29_b2,mistral_subject-matter,mistral,subject-matter,2,reduced reliability in DC devices,zeroshot,29
mistral_subject-matter_29_b4,mistral_subject-matter,mistral,subject-matter,4,"uncertain utility interaction (net metering, utility ownership, and agreed standards)",zeroshot,29
mistral_subject-matter_29_b5,mistral_subject-matter,mistral,subject-matter,5,lack of pilot projects,zeroshot,29
mistral_subject-matter_29_b11,mistral_subject-matter,mistral,subject-matter,11,high costs of DC solutions,zeroshot,29
phi4_generalist_30_b1,phi4_generalist,phi4,generalist,1,"power losses, quality and safety issues",zeroshot,30
phi4_generalist_30_b3,phi4_generalist,phi4,generalist,3,lack of use-cases in which DC is advantageous,zeroshot,30
phi4_generalist_30_b4,phi4_generalist,phi4,generalist,4,"uncertain utility interaction (net metering, utility ownership, and agreed standards)",zeroshot,30
phi4_generalist_30_b5,phi4_generalist,phi4,generalist,5,lack of pilot projects,zeroshot,30
phi4_generalist_30_b10,phi4_generalist,phi4,generalist,10,uncertain regulatory roadmap,zeroshot,30
phi4_normative_30_b1,phi4_normative,phi4,normative,1,"power losses, quality and safety issues",zeroshot,30
phi4_normative_30_b3,phi4_normative,phi4,normative,3,lack of use-cases in which DC is advantageous,zeroshot,30
phi4_normative_30_b4,phi4_normative,phi4,normative,4,"uncertain utility interaction (net metering, utility ownership, and agreed standards)",zeroshot,30
phi4_normative_30_b8,phi4_normative,phi4,normative,8,misconception and lack of knowledge leads to lengthy/expensive design and permit process,zeroshot,30
phi4_normative_30_b10,phi4_normative,phi4,normative,10,uncertain regulatory roadmap,zeroshot,30
phi4_subject-matter_30_b1,phi4_subject-matter,phi4,subject-matter,1,"power losses, quality and safety issues",zeroshot,30
phi4_subject-matter_30_b2,phi4_subject-matter,phi4,subject-matter,2,reduced reliability in DC devices,zeroshot,30
phi4_subject-matter_30_b3,phi4_subject-matter,phi4,subject-matter,3,lack of use-cases in which DC is advantageous,zeroshot,30
phi4_subject-matter_30_b4,phi4_subject-matter,phi4,subject-matter,4,"uncertain utility interaction (net metering, utility ownership, and agreed standards)",zeroshot,30
phi4_subject-matter_30_b5,phi4_subject-matter,phi4,subject-matter,5,lack of pilot projects,zeroshot,30
gemma3_generalist_30_b1,gemma3_generalist,gemma3,generalist,1,"power losses, quality and safety issues",zeroshot,30
gemma3_generalist_30_b5,gemma3_generalist,gemma3,generalist,5,lack of pilot projects,zeroshot,30
gemma3_generalist_30_b6,gemma3_generalist,gemma3,generalist,6,public perception of DC and readiness to 'champion' installations from DC projects,zeroshot,30
gemma3_generalist_30_b8,gemma3_generalist,gemma3,generalist,8,misconception and lack of knowledge leads to lengthy/expensive design and permit process,zeroshot,30
gemma3_generalist_30_b11,gemma3_generalist,gemma3,generalist,11,high costs of DC solutions,zeroshot,30
gemma3_normative_30_b1,gemma3_normative,gemma3,normative,1,"power losses, quality and safety issues",zeroshot,30
gemma3_normative_30_b4,gemma3_normative,gemma3,normative,4,"uncertain utility interaction (net metering, utility ownership, and agreed standards)",zeroshot,30
gemma3_normative_30_b6,gemma3_normative,gemma3,normative,6,public perception of DC and readiness to 'champion' installations from DC projects,zeroshot,30
gemma3_normative_30_b8,gemma3_normative,gemma3,normative,8,misconception and lack of knowledge leads to lengthy/expensive design and permit process,zeroshot,30
gemma3_normative_30_b11,gemma3_normative,gemma3,normative,11,high costs of DC solutions,zeroshot,30
gemma3_subject-matter_30_b1,gemma3_subject-matter,gemma3,subject-matter,1,"power losses, quality and safety issues",zeroshot,30
gemma3_subject-matter_30_b5,gemma3_subject-matter,gemma3,subject-matter,5,lack of pilot projects,zeroshot,30
gemma3_subject-matter_30_b6,gemma3_subject-matter,gemma3,subject-matter,6,public perception of DC and readiness to 'champion' installations from DC projects,zeroshot,30
gemma3_subject-matter_30_b9,gemma3_subject-matter,gemma3,subject-matter,9,lack of enough trained personnel in DC systems,zeroshot,30
gemma3_subject-matter_30_b10,gemma3_subject-matter,gemma3,subject-matter,10,uncertain regulatory roadmap,zeroshot,30
llama_generalist_30_b1,llama_generalist,llama,generalist,1,"power losses, quality and safety issues",zeroshot,30
llama_generalist_30_b3,llama_generalist,llama,generalist,3,lack of use-cases in which DC is advantageous,zeroshot,30
llama_generalist_30_b4,llama_generalist,llama,generalist,4,"uncertain utility interaction (net metering, utility ownership, and agreed standards)",zeroshot,30
llama_generalist_30_b5,llama_generalist,llama,generalist,5,lack of pilot projects,zeroshot,30
llama_generalist_30_b6,llama_generalist,llama,generalist,6,public perception of DC and readiness to 'champion' installations from DC projects,zeroshot,30
llama_normative_30_b1,llama_normative,llama,normative,1,"power losses, quality and safety issues",zeroshot,30
llama_normative_30_b3,llama_normative,llama,normative,3,lack of use-cases in which DC is advantageous,zeroshot,30
llama_normative_30_b4,llama_normative,llama,normative,4,"uncertain utility interaction (net metering, utility ownership, and agreed standards)",zeroshot,30
llama_normative_30_b6,llama_normative,llama,normative,6,public perception of DC and readiness to 'champion' installations from DC projects,zeroshot,30
llama_normative_30_b7,llama_normative,llama,normative,7,incompatibility of DC systems components,zeroshot,30
llama_subject-matter_30_b1,llama_subject-matter,llama,subject-matter,1,"power losses, quality and safety issues",zeroshot,30
llama_subject-matter_30_b2,llama_subject-matter,llama,subject-matter,2,reduced reliability in DC devices,zeroshot,30
llama_subject-matter_30_b3,llama_subject-matter,llama,subject-matter,3,lack of use-cases in which DC is advantageous,zeroshot,30
llama_subject-matter_30_b4,llama_subject-matter,llama,subject-matter,4,"uncertain utility interaction (net metering, utility ownership, and agreed standards)",zeroshot,30
llama_subject-matter_30_b5,llama_subject-matter,llama,subject-matter,5,lack of pilot projects,zeroshot,30
mistral_generalist_30_b1,mistral_generalist,mistral,generalist,1,"power losses, quality and safety issues",zeroshot,30
mistral_generalist_30_b4,mistral_generalist,mistral,generalist,4,"uncertain utility interaction (net metering, utility ownership, and agreed standards)",zeroshot,30
mistral_generalist_30_b3,mistral_generalist,mistral,generalist,3,lack of use-cases in which DC is advantageous,zeroshot,30
mistral_generalist_30_b7,mistral_generalist,mistral,generalist,7,incompatibility of DC systems components,zeroshot,30
mistral_generalist_30_b5,mistral_generalist,mistral,generalist,5,lack of pilot projects,zeroshot,30
mistral_normative_30_b1,mistral_normative,mistral,normative,1,"power losses, quality and safety issues",zeroshot,30
mistral_normative_30_b3,mistral_normative,mistral,normative,3,lack of use-cases in which DC is advantageous,zeroshot,30
mistral_normative_30_b4,mistral_normative,mistral,normative,4,"uncertain utility interaction (net metering, utility ownership, and agreed standards)",zeroshot,30
mistral_normative_30_b7,mistral_normative,mistral,normative,7,incompatibility of DC systems components,zeroshot,30
mistral_normative_30_b11,mistral_normative,mistral,normative,11,high costs of DC solutions,zeroshot,30
mistral_subject-matter_30_b1,mistral_subject-matter,mistral,subject-matter,1,"power losses, quality and safety issues",zeroshot,30
mistral_subject-matter_30_b2,mistral_subject-matter,mistral,subject-matter,2,reduced reliability in DC devices,zeroshot,30
mistral_subject-matter_30_b4,mistral_subject-matter,mistral,subject-matter,4,"uncertain utility interaction (net metering, utility ownership, and agreed standards)",zeroshot,30
mistral_subject-matter_30_b5,mistral_subject-matter,mistral,subject-matter,5,lack of pilot projects,zeroshot,30
mistral_subject-matter_30_b10,mistral_subject-matter,mistral,subject-matter,10,uncertain regulatory roadmap,zeroshot,30
phi4_generalist_31_b1,phi4_generalist,phi4,generalist,1,"power losses, quality and safety issues",zeroshot,31
phi4_generalist_31_b3,phi4_generalist,phi4,generalist,3,lack of use-cases in which DC is advantageous,zeroshot,31
phi4_generalist_31_b4,phi4_generalist,phi4,generalist,4,"uncertain utility interaction (net metering, utility ownership, and agreed standards)",zeroshot,31
phi4_generalist_31_b5,phi4_generalist,phi4,generalist,5,lack of pilot projects,zeroshot,31
phi4_generalist_31_b10,phi4_generalist,phi4,generalist,10,uncertain regulatory roadmap,zeroshot,31
phi4_normative_31_b1,phi4_normative,phi4,normative,1,"power losses, quality and safety issues",zeroshot,31
phi4_normative_31_b4,phi4_normative,phi4,normative,4,"uncertain utility interaction (net metering, utility ownership, and agreed standards)",zeroshot,31
phi4_normative_31_b6,phi4_normative,phi4,normative,6,public perception of DC and readiness to 'champion' installations from DC projects,zeroshot,31
phi4_normative_31_b8,phi4_normative,phi4,normative,8,misconception and lack of knowledge leads to lengthy/expensive design and permit process,zeroshot,31
phi4_normative_31_b10,phi4_normative,phi4,normative,10,uncertain regulatory roadmap,zeroshot,31
phi4_subject-matter_31_b1,phi4_subject-matter,phi4,subject-matter,1,"power losses, quality and safety issues",zeroshot,31
phi4_subject-matter_31_b2,phi4_subject-matter,phi4,subject-matter,2,reduced reliability in DC devices,zeroshot,31
phi4_subject-matter_31_b4,phi4_subject-matter,phi4,subject-matter,4,"uncertain utility interaction (net metering, utility ownership, and agreed standards)",zeroshot,31
phi4_subject-matter_31_b8,phi4_subject-matter,phi4,subject-matter,8,misconception and lack of knowledge leads to lengthy/expensive design and permit process,zeroshot,31
phi4_subject-matter_31_b10,phi4_subject-matter,phi4,subject-matter,10,uncertain regulatory roadmap,zeroshot,31
gemma3_generalist_31_b1,gemma3_generalist,gemma3,generalist,1,"power losses, quality and safety issues",zeroshot,31
gemma3_generalist_31_b5,gemma3_generalist,gemma3,generalist,5,lack of pilot projects,zeroshot,31
gemma3_generalist_31_b6,gemma3_generalist,gemma3,generalist,6,public perception of DC and readiness to 'champion' installations from DC projects,zeroshot,31
gemma3_generalist_31_b8,gemma3_generalist,gemma3,generalist,8,misconception and lack of knowledge leads to lengthy/expensive design and permit process,zeroshot,31
gemma3_generalist_31_b11,gemma3_generalist,gemma3,generalist,11,high costs of DC solutions,zeroshot,31
gemma3_normative_31_b1,gemma3_normative,gemma3,normative,1,"power losses, quality and safety issues",zeroshot,31
gemma3_normative_31_b4,gemma3_normative,gemma3,normative,4,"uncertain utility interaction (net metering, utility ownership, and agreed standards)",zeroshot,31
gemma3_normative_31_b8,gemma3_normative,gemma3,normative,8,misconception and lack of knowledge leads to lengthy/expensive design and permit process,zeroshot,31
gemma3_normative_31_b9,gemma3_normative,gemma3,normative,9,lack of enough trained personnel in DC systems,zeroshot,31
gemma3_normative_31_b11,gemma3_normative,gemma3,normative,11,high costs of DC solutions,zeroshot,31
gemma3_subject-matter_31_b1,gemma3_subject-matter,gemma3,subject-matter,1,"power losses, quality and safety issues",zeroshot,31
gemma3_subject-matter_31_b4,gemma3_subject-matter,gemma3,subject-matter,4,"uncertain utility interaction (net metering, utility ownership, and agreed standards)",zeroshot,31
gemma3_subject-matter_31_b8,gemma3_subject-matter,gemma3,subject-matter,8,misconception and lack of knowledge leads to lengthy/expensive design and permit process,zeroshot,31
gemma3_subject-matter_31_b9,gemma3_subject-matter,gemma3,subject-matter,9,lack of enough trained personnel in DC systems,zeroshot,31
gemma3_subject-matter_31_b11,gemma3_subject-matter,gemma3,subject-matter,11,high costs of DC solutions,zeroshot,31
llama_generalist_31_b1,llama_generalist,llama,generalist,1,"power losses, quality and safety issues",zeroshot,31
llama_generalist_31_b2,llama_generalist,llama,generalist,2,reduced reliability in DC devices,zeroshot,31
llama_generalist_31_b4,llama_generalist,llama,generalist,4,"uncertain utility interaction (net metering, utility ownership, and agreed standards)",zeroshot,31
llama_generalist_31_b5,llama_generalist,llama,generalist,5,lack of pilot projects,zeroshot,31
llama_generalist_31_b6,llama_generalist,llama,generalist,6,public perception of DC and readiness to 'champion' installations from DC projects,zeroshot,31
llama_normative_31_b1,llama_normative,llama,normative,1,"power losses, quality and safety issues",zeroshot,31
llama_normative_31_b2,llama_normative,llama,normative,2,reduced reliability in DC devices,zeroshot,31
llama_normative_31_b4,llama_normative,llama,normative,4,"uncertain utility interaction (net metering, utility ownership, and agreed standards)",zeroshot,31
llama_normative_31_b3,llama_normative,llama,normative,3,lack of use-cases in which DC is advantageous,zeroshot,31
llama_normative_31_b6,llama_normative,llama,normative,6,public perception of DC and readiness to 'champion' installations from DC projects,zeroshot,31
llama_subject-matter_31_b1,llama_subject-matter,llama,subject-matter,1,"power losses, quality and safety issues",zeroshot,31
llama_subject-matter_31_b3,llama_subject-matter,llama,subject-matter,3,lack of use-cases in which DC is advantageous,zeroshot,31
llama_subject-matter_31_b4,llama_subject-matter,llama,subject-matter,4,"uncertain utility interaction (net metering, utility ownership, and agreed standards)",zeroshot,31
llama_subject-matter_31_b5,llama_subject-matter,llama,subject-matter,5,lack of pilot projects,zeroshot,31
llama_subject-matter_31_b6,llama_subject-matter,llama,subject-matter,6,public perception of DC and readiness to 'champion' installations from DC projects,zeroshot,31
mistral_generalist_31_b1,mistral_generalist,mistral,generalist,1,"power losses, quality and safety issues",zeroshot,31
mistral_generalist_31_b2,mistral_generalist,mistral,generalist,2,reduced reliability in DC devices,zeroshot,31
mistral_generalist_31_b4,mistral_generalist,mistral,generalist,4,"uncertain utility interaction (net metering, utility ownership, and agreed standards)",zeroshot,31
mistral_generalist_31_b5,mistral_generalist,mistral,generalist,5,lack of pilot projects,zeroshot,31
mistral_generalist_31_b9,mistral_generalist,mistral,generalist,9,lack of enough trained personnel in DC systems,zeroshot,31
mistral_normative_31_b1,mistral_normative,mistral,normative,1,"power losses, quality and safety issues",zeroshot,31
mistral_normative_31_b2,mistral_normative,mistral,normative,2,reduced reliability in DC devices,zeroshot,31
mistral_normative_31_b4,mistral_normative,mistral,normative,4,"uncertain utility interaction (net metering, utility ownership, and agreed standards)",zeroshot,31
mistral_normative_31_b5,mistral_normative,mistral,normative,5,lack of pilot projects,zeroshot,31
mistral_normative_31_b6,mistral_normative,mistral,normative,6,public perception of DC and readiness to 'champion' installations from DC projects,zeroshot,31
mistral_subject-matter_31_b1,mistral_subject-matter,mistral,subject-matter,1,"power losses, quality and safety issues",zeroshot,31
mistral_subject-matter_31_b2,mistral_subject-matter,mistral,subject-matter,2,reduced reliability in DC devices,zeroshot,31
mistral_subject-matter_31_b3,mistral_subject-matter,mistral,subject-matter,3,lack of use-cases in which DC is advantageous,zeroshot,31
mistral_subject-matter_31_b4,mistral_subject-matter,mistral,subject-matter,4,"uncertain utility interaction (net metering, utility ownership, and agreed standards)",zeroshot,31
mistral_subject-matter_31_b11,mistral_subject-matter,mistral,subject-matter,11,high costs of DC solutions,zeroshot,31
phi4_generalist_32_b1,phi4_generalist,phi4,generalist,1,"power losses, quality and safety issues",zeroshot,32
phi4_generalist_32_b3,phi4_generalist,phi4,generalist,3,lack of use-cases in which DC is advantageous,zeroshot,32
phi4_generalist_32_b4,phi4_generalist,phi4,generalist,4,"uncertain utility interaction (net metering, utility ownership, and agreed standards)",zeroshot,32
phi4_generalist_32_b5,phi4_generalist,phi4,generalist,5,lack of pilot projects,zeroshot,32
phi4_generalist_32_b10,phi4_generalist,phi4,generalist,10,uncertain regulatory roadmap,zeroshot,32
phi4_normative_32_b1,phi4_normative,phi4,normative,1,"power losses, quality and safety issues",zeroshot,32
phi4_normative_32_b4,phi4_normative,phi4,normative,4,"uncertain utility interaction (net metering, utility ownership, and agreed standards)",zeroshot,32
phi4_normative_32_b5,phi4_normative,phi4,normative,5,lack of pilot projects,zeroshot,32
phi4_normative_32_b10,phi4_normative,phi4,normative,10,uncertain regulatory roadmap,zeroshot,32
phi4_normative_32_b11,phi4_normative,phi4,normative,11,high costs of DC solutions,zeroshot,32
phi4_subject-matter_32_b1,phi4_subject-matter,phi4,subject-matter,1,"power losses, quality and safety issues",zeroshot,32
phi4_subject-matter_32_b4,phi4_subject-matter,phi4,subject-matter,4,"uncertain utility interaction (net metering, utility ownership, and agreed standards)",zeroshot,32
phi4_subject-matter_32_b5,phi4_subject-matter,phi4,subject-matter,5,lack of pilot projects,zeroshot,32
phi4_subject-matter_32_b9,phi4_subject-matter,phi4,subject-matter,9,lack of enough trained personnel in DC systems,zeroshot,32
phi4_subject-matter_32_b10,phi4_subject-matter,phi4,subject-matter,10,uncertain regulatory roadmap,zeroshot,32
gemma3_generalist_32_b1,gemma3_generalist,gemma3,generalist,1,"power losses, quality and safety issues",zeroshot,32
gemma3_generalist_32_b5,gemma3_generalist,gemma3,generalist,5,lack of pilot projects,zeroshot,32
gemma3_generalist_32_b6,gemma3_generalist,gemma3,generalist,6,public perception of DC and readiness to 'champion' installations from DC projects,zeroshot,32
gemma3_generalist_32_b8,gemma3_generalist,gemma3,generalist,8,misconception and lack of knowledge leads to lengthy/expensive design and permit process,zeroshot,32
gemma3_generalist_32_b11,gemma3_generalist,gemma3,generalist,11,high costs of DC solutions,zeroshot,32
gemma3_normative_32_b1,gemma3_normative,gemma3,normative,1,"power losses, quality and safety issues",zeroshot,32
gemma3_normative_32_b4,gemma3_normative,gemma3,normative,4,"uncertain utility interaction (net metering, utility ownership, and agreed standards)",zeroshot,32
gemma3_normative_32_b8,gemma3_normative,gemma3,normative,8,misconception and lack of knowledge leads to lengthy/expensive design and permit process,zeroshot,32
gemma3_normative_32_b9,gemma3_normative,gemma3,normative,9,lack of enough trained personnel in DC systems,zeroshot,32
gemma3_normative_32_b11,gemma3_normative,gemma3,normative,11,high costs of DC solutions,zeroshot,32
gemma3_subject-matter_32_b1,gemma3_subject-matter,gemma3,subject-matter,1,"power losses, quality and safety issues",zeroshot,32
gemma3_subject-matter_32_b5,gemma3_subject-matter,gemma3,subject-matter,5,lack of pilot projects,zeroshot,32
gemma3_subject-matter_32_b6,gemma3_subject-matter,gemma3,subject-matter,6,public perception of DC and readiness to 'champion' installations from DC projects,zeroshot,32
gemma3_subject-matter_32_b9,gemma3_subject-matter,gemma3,subject-matter,9,lack of enough trained personnel in DC systems,zeroshot,32
gemma3_subject-matter_32_b11,gemma3_subject-matter,gemma3,subject-matter,11,high costs of DC solutions,zeroshot,32
llama_generalist_32_b1,llama_generalist,llama,generalist,1,"power losses, quality and safety issues",zeroshot,32
llama_generalist_32_b2,llama_generalist,llama,generalist,2,reduced reliability in DC devices,zeroshot,32
llama_generalist_32_b4,llama_generalist,llama,generalist,4,"uncertain utility interaction (net metering, utility ownership, and agreed standards)",zeroshot,32
llama_generalist_32_b3,llama_generalist,llama,generalist,3,lack of use-cases in which DC is advantageous,zeroshot,32
llama_generalist_32_b6,llama_generalist,llama,generalist,6,public perception of DC and readiness to 'champion' installations from DC projects,zeroshot,32
llama_normative_32_b5,llama_normative,llama,normative,5,lack of pilot projects,zeroshot,32
llama_normative_32_b6,llama_normative,llama,normative,6,public perception of DC and readiness to 'champion' installations from DC projects,zeroshot,32
llama_normative_32_b7,llama_normative,llama,normative,7,incompatibility of DC systems components,zeroshot,32
llama_normative_32_b8,llama_normative,llama,normative,8,misconception and lack of knowledge leads to lengthy/expensive design and permit process,zeroshot,32
llama_normative_32_b9,llama_normative,llama,normative,9,lack of enough trained personnel in DC systems,zeroshot,32
llama_subject-matter_32_b1,llama_subject-matter,llama,subject-matter,1,"power losses, quality and safety issues",zeroshot,32
llama_subject-matter_32_b3,llama_subject-matter,llama,subject-matter,3,lack of use-cases in which DC is advantageous,zeroshot,32
llama_subject-matter_32_b4,llama_subject-matter,llama,subject-matter,4,"uncertain utility interaction (net metering, utility ownership, and agreed standards)",zeroshot,32
llama_subject-matter_32_b5,llama_subject-matter,llama,subject-matter,5,lack of pilot projects,zeroshot,32
llama_subject-matter_32_b6,llama_subject-matter,llama,subject-matter,6,public perception of DC and readiness to 'champion' installations from DC projects,zeroshot,32
mistral_generalist_32_b1,mistral_generalist,mistral,generalist,1,"power losses, quality and safety issues",zeroshot,32
mistral_generalist_32_b4,mistral_generalist,mistral,generalist,4,"uncertain utility interaction (net metering, utility ownership, and agreed standards)",zeroshot,32
mistral_generalist_32_b5,mistral_generalist,mistral,generalist,5,lack of pilot projects,zeroshot,32
mistral_generalist_32_b8,mistral_generalist,mistral,generalist,8,misconception and lack of knowledge leads to lengthy/expensive design and permit process,zeroshot,32
mistral_generalist_32_b10,mistral_generalist,mistral,generalist,10,uncertain regulatory roadmap,zeroshot,32
mistral_normative_32_b1,mistral_normative,mistral,normative,1,"power losses, quality and safety issues",zeroshot,32
mistral_normative_32_b2,mistral_normative,mistral,normative,2,reduced reliability in DC devices,zeroshot,32
mistral_normative_32_b4,mistral_normative,mistral,normative,4,"uncertain utility interaction (net metering, utility ownership, and agreed standards)",zeroshot,32
mistral_normative_32_b5,mistral_normative,mistral,normative,5,lack of pilot projects,zeroshot,32
mistral_normative_32_b11,mistral_normative,mistral,normative,11,high costs of DC solutions,zeroshot,32
mistral_subject-matter_32_b1,mistral_subject-matter,mistral,subject-matter,1,"power losses, quality and safety issues",zeroshot,32
mistral_subject-matter_32_b2,mistral_subject-matter,mistral,subject-matter,2,reduced reliability in DC devices,zeroshot,32
mistral_subject-matter_32_b4,mistral_subject-matter,mistral,subject-matter,4,"uncertain utility interaction (net metering, utility ownership, and agreed standards)",zeroshot,32
mistral_subject-matter_32_b5,mistral_subject-matter,mistral,subject-matter,5,lack of pilot projects,zeroshot,32
mistral_subject-matter_32_b7,mistral_subject-matter,mistral,subject-matter,7,incompatibility of DC systems components,zeroshot,32
phi4_generalist_33_b1,phi4_generalist,phi4,generalist,1,"power losses, quality and safety issues",zeroshot,33
phi4_generalist_33_b3,phi4_generalist,phi4,generalist,3,lack of use-cases in which DC is advantageous,zeroshot,33
phi4_generalist_33_b4,phi4_generalist,phi4,generalist,4,"uncertain utility interaction (net metering, utility ownership, and agreed standards)",zeroshot,33
phi4_generalist_33_b5,phi4_generalist,phi4,generalist,5,lack of pilot projects,zeroshot,33
phi4_generalist_33_b10,phi4_generalist,phi4,generalist,10,uncertain regulatory roadmap,zeroshot,33
phi4_normative_33_b1,phi4_normative,phi4,normative,1,"power losses, quality and safety issues",zeroshot,33
phi4_normative_33_b4,phi4_normative,phi4,normative,4,"uncertain utility interaction (net metering, utility ownership, and agreed standards)",zeroshot,33
phi4_normative_33_b6,phi4_normative,phi4,normative,6,public perception of DC and readiness to 'champion' installations from DC projects,zeroshot,33
phi4_normative_33_b8,phi4_normative,phi4,normative,8,misconception and lack of knowledge leads to lengthy/expensive design and permit process,zeroshot,33
phi4_normative_33_b10,phi4_normative,phi4,normative,10,uncertain regulatory roadmap,zeroshot,33
phi4_subject-matter_33_b1,phi4_subject-matter,phi4,subject-matter,1,"power losses, quality and safety issues",zeroshot,33
phi4_subject-matter_33_b4,phi4_subject-matter,phi4,subject-matter,4,"uncertain utility interaction (net metering, utility ownership, and agreed standards)",zeroshot,33
phi4_subject-matter_33_b5,phi4_subject-matter,phi4,subject-matter,5,lack of pilot projects,zeroshot,33
phi4_subject-matter_33_b9,phi4_subject-matter,phi4,subject-matter,9,lack of enough trained personnel in DC systems,zeroshot,33
phi4_subject-matter_33_b10,phi4_subject-matter,phi4,subject-matter,10,uncertain regulatory roadmap,zeroshot,33
gemma3_generalist_33_b1,gemma3_generalist,gemma3,generalist,1,"power losses, quality and safety issues",zeroshot,33
gemma3_generalist_33_b5,gemma3_generalist,gemma3,generalist,5,lack of pilot projects,zeroshot,33
gemma3_generalist_33_b6,gemma3_generalist,gemma3,generalist,6,public perception of DC and readiness to 'champion' installations from DC projects,zeroshot,33
gemma3_generalist_33_b8,gemma3_generalist,gemma3,generalist,8,misconception and lack of knowledge leads to lengthy/expensive design and permit process,zeroshot,33
gemma3_generalist_33_b11,gemma3_generalist,gemma3,generalist,11,high costs of DC solutions,zeroshot,33
gemma3_normative_33_b1,gemma3_normative,gemma3,normative,1,"power losses, quality and safety issues",zeroshot,33
gemma3_normative_33_b4,gemma3_normative,gemma3,normative,4,"uncertain utility interaction (net metering, utility ownership, and agreed standards)",zeroshot,33
gemma3_normative_33_b7,gemma3_normative,gemma3,normative,7,incompatibility of DC systems components,zeroshot,33
gemma3_normative_33_b8,gemma3_normative,gemma3,normative,8,misconception and lack of knowledge leads to lengthy/expensive design and permit process,zeroshot,33
gemma3_normative_33_b11,gemma3_normative,gemma3,normative,11,high costs of DC solutions,zeroshot,33
gemma3_subject-matter_33_b1,gemma3_subject-matter,gemma3,subject-matter,1,"power losses, quality and safety issues",zeroshot,33
gemma3_subject-matter_33_b5,gemma3_subject-matter,gemma3,subject-matter,5,lack of pilot projects,zeroshot,33
gemma3_subject-matter_33_b6,gemma3_subject-matter,gemma3,subject-matter,6,public perception of DC and readiness to 'champion' installations from DC projects,zeroshot,33
gemma3_subject-matter_33_b9,gemma3_subject-matter,gemma3,subject-matter,9,lack of enough trained personnel in DC systems,zeroshot,33
gemma3_subject-matter_33_b10,gemma3_subject-matter,gemma3,subject-matter,10,uncertain regulatory roadmap,zeroshot,33
llama_generalist_33_b1,llama_generalist,llama,generalist,1,"power losses, quality and safety issues",zeroshot,33
llama_generalist_33_b2,llama_generalist,llama,generalist,2,reduced reliability in DC devices,zeroshot,33
llama_generalist_33_b3,llama_generalist,llama,generalist,3,lack of use-cases in which DC is advantageous,zeroshot,33
llama_generalist_33_b4,llama_generalist,llama,generalist,4,"uncertain utility interaction (net metering, utility ownership, and agreed standards)",zeroshot,33
llama_generalist_33_b11,llama_generalist,llama,generalist,11,high costs of DC solutions,zeroshot,33
llama_normative_33_b3,llama_normative,llama,normative,3,lack of use-cases in which DC is advantageous,zeroshot,33
llama_normative_33_b1,llama_normative,llama,normative,1,"power losses, quality and safety issues",zeroshot,33
llama_normative_33_b4,llama_normative,llama,normative,4,"uncertain utility interaction (net metering, utility ownership, and agreed standards)",zeroshot,33
llama_normative_33_b11,llama_normative,llama,normative,11,high costs of DC solutions,zeroshot,33
llama_normative_33_b7,llama_normative,llama,normative,7,incompatibility of DC systems components,zeroshot,33
llama_subject-matter_33_b1,llama_subject-matter,llama,subject-matter,1,"power losses, quality and safety issues",zeroshot,33
llama_subject-matter_33_b3,llama_subject-matter,llama,subject-matter,3,lack of use-cases in which DC is advantageous,zeroshot,33
llama_subject-matter_33_b4,llama_subject-matter,llama,subject-matter,4,"uncertain utility interaction (net metering, utility ownership, and agreed standards)",zeroshot,33
llama_subject-matter_33_b5,llama_subject-matter,llama,subject-matter,5,lack of pilot projects,zeroshot,33
llama_subject-matter_33_b6,llama_subject-matter,llama,subject-matter,6,public perception of DC and readiness to 'champion' installations from DC projects,zeroshot,33
mistral_generalist_33_b1,mistral_generalist,mistral,generalist,1,"power losses, quality and safety issues",zeroshot,33
mistral_generalist_33_b3,mistral_generalist,mistral,generalist,3,lack of use-cases in which DC is advantageous,zeroshot,33
mistral_generalist_33_b4,mistral_generalist,mistral,generalist,4,"uncertain utility interaction (net metering, utility ownership, and agreed standards)",zeroshot,33
mistral_generalist_33_b5,mistral_generalist,mistral,generalist,5,lack of pilot projects,zeroshot,33
mistral_generalist_33_b11,mistral_generalist,mistral,generalist,11,high costs of DC solutions,zeroshot,33
mistral_normative_33_b1,mistral_normative,mistral,normative,1,"power losses, quality and safety issues",zeroshot,33
mistral_normative_33_b2,mistral_normative,mistral,normative,2,reduced reliability in DC devices,zeroshot,33
mistral_normative_33_b4,mistral_normative,mistral,normative,4,"uncertain utility interaction (net metering, utility ownership, and agreed standards)",zeroshot,33
mistral_normative_33_b5,mistral_normative,mistral,normative,5,lack of pilot projects,zeroshot,33
mistral_normative_33_b11,mistral_normative,mistral,normative,11,high costs of DC solutions,zeroshot,33
mistral_subject-matter_33_b1,mistral_subject-matter,mistral,subject-matter,1,"power losses, quality and safety issues",zeroshot,33
mistral_subject-matter_33_b2,mistral_subject-matter,mistral,subject-matter,2,reduced reliability in DC devices,zeroshot,33
mistral_subject-matter_33_b4,mistral_subject-matter,mistral,subject-matter,4,"uncertain utility interaction (net metering, utility ownership, and agreed standards)",zeroshot,33
mistral_subject-matter_33_b5,mistral_subject-matter,mistral,subject-matter,5,lack of pilot projects,zeroshot,33
mistral_subject-matter_33_b7,mistral_subject-matter,mistral,subject-matter,7,incompatibility of DC systems components,zeroshot,33
phi4_generalist_34_b1,phi4_generalist,phi4,generalist,1,"power losses, quality and safety issues",zeroshot,34
phi4_generalist_34_b3,phi4_generalist,phi4,generalist,3,lack of use-cases in which DC is advantageous,zeroshot,34
phi4_generalist_34_b4,phi4_generalist,phi4,generalist,4,"uncertain utility interaction (net metering, utility ownership, and agreed standards)",zeroshot,34
phi4_generalist_34_b5,phi4_generalist,phi4,generalist,5,lack of pilot projects,zeroshot,34
phi4_generalist_34_b10,phi4_generalist,phi4,generalist,10,uncertain regulatory roadmap,zeroshot,34
phi4_normative_34_b1,phi4_normative,phi4,normative,1,"power losses, quality and safety issues",zeroshot,34
phi4_normative_34_b4,phi4_normative,phi4,normative,4,"uncertain utility interaction (net metering, utility ownership, and agreed standards)",zeroshot,34
phi4_normative_34_b5,phi4_normative,phi4,normative,5,lack of pilot projects,zeroshot,34
phi4_normative_34_b6,phi4_normative,phi4,normative,6,public perception of DC and readiness to 'champion' installations from DC projects,zeroshot,34
phi4_normative_34_b10,phi4_normative,phi4,normative,10,uncertain regulatory roadmap,zeroshot,34
phi4_subject-matter_34_b1,phi4_subject-matter,phi4,subject-matter,1,"power losses, quality and safety issues",zeroshot,34
phi4_subject-matter_34_b4,phi4_subject-matter,phi4,subject-matter,4,"uncertain utility interaction (net metering, utility ownership, and agreed standards)",zeroshot,34
phi4_subject-matter_34_b5,phi4_subject-matter,phi4,subject-matter,5,lack of pilot projects,zeroshot,34
phi4_subject-matter_34_b9,phi4_subject-matter,phi4,subject-matter,9,lack of enough trained personnel in DC systems,zeroshot,34
phi4_subject-matter_34_b10,phi4_subject-matter,phi4,subject-matter,10,uncertain regulatory roadmap,zeroshot,34
gemma3_generalist_34_b1,gemma3_generalist,gemma3,generalist,1,"power losses, quality and safety issues",zeroshot,34
gemma3_generalist_34_b5,gemma3_generalist,gemma3,generalist,5,lack of pilot projects,zeroshot,34
gemma3_generalist_34_b6,gemma3_generalist,gemma3,generalist,6,public perception of DC and readiness to 'champion' installations from DC projects,zeroshot,34
gemma3_generalist_34_b8,gemma3_generalist,gemma3,generalist,8,misconception and lack of knowledge leads to lengthy/expensive design and permit process,zeroshot,34
gemma3_generalist_34_b11,gemma3_generalist,gemma3,generalist,11,high costs of DC solutions,zeroshot,34
gemma3_normative_34_b1,gemma3_normative,gemma3,normative,1,"power losses, quality and safety issues",zeroshot,34
gemma3_normative_34_b4,gemma3_normative,gemma3,normative,4,"uncertain utility interaction (net metering, utility ownership, and agreed standards)",zeroshot,34
gemma3_normative_34_b8,gemma3_normative,gemma3,normative,8,misconception and lack of knowledge leads to lengthy/expensive design and permit process,zeroshot,34
gemma3_normative_34_b9,gemma3_normative,gemma3,normative,9,lack of enough trained personnel in DC systems,zeroshot,34
gemma3_normative_34_b11,gemma3_normative,gemma3,normative,11,high costs of DC solutions,zeroshot,34
gemma3_subject-matter_34_b1,gemma3_subject-matter,gemma3,subject-matter,1,"power losses, quality and safety issues",zeroshot,34
gemma3_subject-matter_34_b5,gemma3_subject-matter,gemma3,subject-matter,5,lack of pilot projects,zeroshot,34
gemma3_subject-matter_34_b6,gemma3_subject-matter,gemma3,subject-matter,6,public perception of DC and readiness to 'champion' installations from DC projects,zeroshot,34
gemma3_subject-matter_34_b9,gemma3_subject-matter,gemma3,subject-matter,9,lack of enough trained personnel in DC systems,zeroshot,34
gemma3_subject-matter_34_b10,gemma3_subject-matter,gemma3,subject-matter,10,uncertain regulatory roadmap,zeroshot,34
llama_generalist_34_b1,llama_generalist,llama,generalist,1,"power losses, quality and safety issues",zeroshot,34
llama_generalist_34_b2,llama_generalist,llama,generalist,2,reduced reliability in DC devices,zeroshot,34
llama_generalist_34_b3,llama_generalist,llama,generalist,3,lack of use-cases in which DC is advantageous,zeroshot,34
llama_generalist_34_b4,llama_generalist,llama,generalist,4,"uncertain utility interaction (net metering, utility ownership, and agreed standards)",zeroshot,34
llama_generalist_34_b5,llama_generalist,llama,generalist,5,lack of pilot projects,zeroshot,34
llama_normative_34_b1,llama_normative,llama,normative,1,"power losses, quality and safety issues",zeroshot,34
llama_normative_34_b2,llama_normative,llama,normative,2,reduced reliability in DC devices,zeroshot,34
llama_normative_34_b3,llama_normative,llama,normative,3,lack of use-cases in which DC is advantageous,zeroshot,34
llama_normative_34_b4,llama_normative,llama,normative,4,"uncertain utility interaction (net metering, utility ownership, and agreed standards)",zeroshot,34
llama_normative_34_b5,llama_normative,llama,normative,5,lack of pilot projects,zeroshot,34
llama_subject-matter_34_b1,llama_subject-matter,llama,subject-matter,1,"power losses, quality and safety issues",zeroshot,34
llama_subject-matter_34_b2,llama_subject-matter,llama,subject-matter,2,reduced reliability in DC devices,zeroshot,34
llama_subject-matter_34_b3,llama_subject-matter,llama,subject-matter,3,lack of use-cases in which DC is advantageous,zeroshot,34
llama_subject-matter_34_b4,llama_subject-matter,llama,subject-matter,4,"uncertain utility interaction (net metering, utility ownership, and agreed standards)",zeroshot,34
llama_subject-matter_34_b5,llama_subject-matter,llama,subject-matter,5,lack of pilot projects,zeroshot,34
mistral_generalist_34_b1,mistral_generalist,mistral,generalist,1,"power losses, quality and safety issues",zeroshot,34
mistral_generalist_34_b2,mistral_generalist,mistral,generalist,2,reduced reliability in DC devices,zeroshot,34
mistral_generalist_34_b4,mistral_generalist,mistral,generalist,4,"uncertain utility interaction (net metering, utility ownership, and agreed standards)",zeroshot,34
mistral_generalist_34_b5,mistral_generalist,mistral,generalist,5,lack of pilot projects,zeroshot,34
mistral_generalist_34_b9,mistral_generalist,mistral,generalist,9,lack of enough trained personnel in DC systems,zeroshot,34
mistral_normative_34_b1,mistral_normative,mistral,normative,1,"power losses, quality and safety issues",zeroshot,34
mistral_normative_34_b2,mistral_normative,mistral,normative,2,reduced reliability in DC devices,zeroshot,34
mistral_normative_34_b4,mistral_normative,mistral,normative,4,"uncertain utility interaction (net metering, utility ownership, and agreed standards)",zeroshot,34
mistral_normative_34_b5,mistral_normative,mistral,normative,5,lack of pilot projects,zeroshot,34
mistral_normative_34_b11,mistral_normative,mistral,normative,11,high costs of DC solutions,zeroshot,34
mistral_subject-matter_34_b1,mistral_subject-matter,mistral,subject-matter,1,"power losses, quality and safety issues",zeroshot,34
mistral_subject-matter_34_b2,mistral_subject-matter,mistral,subject-matter,2,reduced reliability in DC devices,zeroshot,34
mistral_subject-matter_34_b4,mistral_subject-matter,mistral,subject-matter,4,"uncertain utility interaction (net metering, utility ownership, and agreed standards)",zeroshot,34
mistral_subject-matter_34_b5,mistral_subject-matter,mistral,subject-matter,5,lack of pilot projects,zeroshot,34
mistral_subject-matter_34_b11,mistral_subject-matter,mistral,subject-matter,11,high costs of DC solutions,zeroshot,34
phi4_generalist_35_b1,phi4_generalist,phi4,generalist,1,"power losses, quality and safety issues",zeroshot,35
phi4_generalist_35_b3,phi4_generalist,phi4,generalist,3,lack of use-cases in which DC is advantageous,zeroshot,35
phi4_generalist_35_b4,phi4_generalist,phi4,generalist,4,"uncertain utility interaction (net metering, utility ownership, and agreed standards)",zeroshot,35
phi4_generalist_35_b5,phi4_generalist,phi4,generalist,5,lack of pilot projects,zeroshot,35
phi4_generalist_35_b9,phi4_generalist,phi4,generalist,9,lack of enough trained personnel in DC systems,zeroshot,35
phi4_normative_35_b1,phi4_normative,phi4,normative,1,"power losses, quality and safety issues",zeroshot,35
phi4_normative_35_b4,phi4_normative,phi4,normative,4,"uncertain utility interaction (net metering, utility ownership, and agreed standards)",zeroshot,35
phi4_normative_35_b5,phi4_normative,phi4,normative,5,lack of pilot projects,zeroshot,35
phi4_normative_35_b6,phi4_normative,phi4,normative,6,public perception of DC and readiness to 'champion' installations from DC projects,zeroshot,35
phi4_normative_35_b10,phi4_normative,phi4,normative,10,uncertain regulatory roadmap,zeroshot,35
phi4_subject-matter_35_b1,phi4_subject-matter,phi4,subject-matter,1,"power losses, quality and safety issues",zeroshot,35
phi4_subject-matter_35_b4,phi4_subject-matter,phi4,subject-matter,4,"uncertain utility interaction (net metering, utility ownership, and agreed standards)",zeroshot,35
phi4_subject-matter_35_b5,phi4_subject-matter,phi4,subject-matter,5,lack of pilot projects,zeroshot,35
phi4_subject-matter_35_b9,phi4_subject-matter,phi4,subject-matter,9,lack of enough trained personnel in DC systems,zeroshot,35
phi4_subject-matter_35_b10,phi4_subject-matter,phi4,subject-matter,10,uncertain regulatory roadmap,zeroshot,35
gemma3_generalist_35_b1,gemma3_generalist,gemma3,generalist,1,"power losses, quality and safety issues",zeroshot,35
gemma3_generalist_35_b5,gemma3_generalist,gemma3,generalist,5,lack of pilot projects,zeroshot,35
gemma3_generalist_35_b6,gemma3_generalist,gemma3,generalist,6,public perception of DC and readiness to 'champion' installations from DC projects,zeroshot,35
gemma3_generalist_35_b8,gemma3_generalist,gemma3,generalist,8,misconception and lack of knowledge leads to lengthy/expensive design and permit process,zeroshot,35
gemma3_generalist_35_b11,gemma3_generalist,gemma3,generalist,11,high costs of DC solutions,zeroshot,35
gemma3_normative_35_b1,gemma3_normative,gemma3,normative,1,"power losses, quality and safety issues",zeroshot,35
gemma3_normative_35_b4,gemma3_normative,gemma3,normative,4,"uncertain utility interaction (net metering, utility ownership, and agreed standards)",zeroshot,35
gemma3_normative_35_b8,gemma3_normative,gemma3,normative,8,misconception and lack of knowledge leads to lengthy/expensive design and permit process,zeroshot,35
gemma3_normative_35_b9,gemma3_normative,gemma3,normative,9,lack of enough trained personnel in DC systems,zeroshot,35
gemma3_normative_35_b11,gemma3_normative,gemma3,normative,11,high costs of DC solutions,zeroshot,35
gemma3_subject-matter_35_b1,gemma3_subject-matter,gemma3,subject-matter,1,"power losses, quality and safety issues",zeroshot,35
gemma3_subject-matter_35_b4,gemma3_subject-matter,gemma3,subject-matter,4,"uncertain utility interaction (net metering, utility ownership, and agreed standards)",zeroshot,35
gemma3_subject-matter_35_b8,gemma3_subject-matter,gemma3,subject-matter,8,misconception and lack of knowledge leads to lengthy/expensive design and permit process,zeroshot,35
gemma3_subject-matter_35_b9,gemma3_subject-matter,gemma3,subject-matter,9,lack of enough trained personnel in DC systems,zeroshot,35
gemma3_subject-matter_35_b11,gemma3_subject-matter,gemma3,subject-matter,11,high costs of DC solutions,zeroshot,35
llama_generalist_35_b1,llama_generalist,llama,generalist,1,"power losses, quality and safety issues",zeroshot,35
llama_generalist_35_b3,llama_generalist,llama,generalist,3,lack of use-cases in which DC is advantageous,zeroshot,35
llama_generalist_35_b4,llama_generalist,llama,generalist,4,"uncertain utility interaction (net metering, utility ownership, and agreed standards)",zeroshot,35
llama_generalist_35_b5,llama_generalist,llama,generalist,5,lack of pilot projects,zeroshot,35
llama_generalist_35_b6,llama_generalist,llama,generalist,6,public perception of DC and readiness to 'champion' installations from DC projects,zeroshot,35
llama_normative_35_b7,llama_normative,llama,normative,7,incompatibility of DC systems components,zeroshot,35
llama_normative_35_b3,llama_normative,llama,normative,3,lack of use-cases in which DC is advantageous,zeroshot,35
llama_normative_35_b4,llama_normative,llama,normative,4,"uncertain utility interaction (net metering, utility ownership, and agreed standards)",zeroshot,35
llama_normative_35_b6,llama_normative,llama,normative,6,public perception of DC and readiness to 'champion' installations from DC projects,zeroshot,35
llama_normative_35_b11,llama_normative,llama,normative,11,high costs of DC solutions,zeroshot,35
llama_subject-matter_35_b1,llama_subject-matter,llama,subject-matter,1,"power losses, quality and safety issues",zeroshot,35
llama_subject-matter_35_b4,llama_subject-matter,llama,subject-matter,4,"uncertain utility interaction (net metering, utility ownership, and agreed standards)",zeroshot,35
llama_subject-matter_35_b3,llama_subject-matter,llama,subject-matter,3,lack of use-cases in which DC is advantageous,zeroshot,35
llama_subject-matter_35_b7,llama_subject-matter,llama,subject-matter,7,incompatibility of DC systems components,zeroshot,35
llama_subject-matter_35_b8,llama_subject-matter,llama,subject-matter,8,misconception and lack of knowledge leads to lengthy/expensive design and permit process,zeroshot,35
mistral_generalist_35_b1,mistral_generalist,mistral,generalist,1,"power losses, quality and safety issues",zeroshot,35
mistral_generalist_35_b2,mistral_generalist,mistral,generalist,2,reduced reliability in DC devices,zeroshot,35
mistral_generalist_35_b4,mistral_generalist,mistral,generalist,4,"uncertain utility interaction (net metering, utility ownership, and agreed standards)",zeroshot,35
mistral_generalist_35_b5,mistral_generalist,mistral,generalist,5,lack of pilot projects,zeroshot,35
mistral_generalist_35_b9,mistral_generalist,mistral,generalist,9,lack of enough trained personnel in DC systems,zeroshot,35
mistral_normative_35_b1,mistral_normative,mistral,normative,1,"power losses, quality and safety issues",zeroshot,35
mistral_normative_35_b4,mistral_normative,mistral,normative,4,"uncertain utility interaction (net metering, utility ownership, and agreed standards)",zeroshot,35
mistral_normative_35_b3,mistral_normative,mistral,normative,3,lack of use-cases in which DC is advantageous,zeroshot,35
mistral_normative_35_b7,mistral_normative,mistral,normative,7,incompatibility of DC systems components,zeroshot,35
mistral_normative_35_b10,mistral_normative,mistral,normative,10,uncertain regulatory roadmap,zeroshot,35
mistral_subject-matter_35_b1,mistral_subject-matter,mistral,subject-matter,1,"power losses, quality and safety issues",zeroshot,35
mistral_subject-matter_35_b2,mistral_subject-matter,mistral,subject-matter,2,reduced reliability in DC devices,zeroshot,35
mistral_subject-matter_35_b4,mistral_subject-matter,mistral,subject-matter,4,"uncertain utility interaction (net metering, utility ownership, and agreed standards)",zeroshot,35
mistral_subject-matter_35_b5,mistral_subject-matter,mistral,subject-matter,5,lack of pilot projects,zeroshot,35
mistral_subject-matter_35_b10,mistral_subject-matter,mistral,subject-matter,10,uncertain regulatory roadmap,zeroshot,35
phi4_generalist_36_b1,phi4_generalist,phi4,generalist,1,"power losses, quality and safety issues",zeroshot,36
phi4_generalist_36_b2,phi4_generalist,phi4,generalist,2,reduced reliability in DC devices,zeroshot,36
phi4_generalist_36_b3,phi4_generalist,phi4,generalist,3,lack of use-cases in which DC is advantageous,zeroshot,36
phi4_generalist_36_b4,phi4_generalist,phi4,generalist,4,"uncertain utility interaction (net metering, utility ownership, and agreed standards)",zeroshot,36
phi4_generalist_36_b9,phi4_generalist,phi4,generalist,9,lack of enough trained personnel in DC systems,zeroshot,36
phi4_normative_36_b1,phi4_normative,phi4,normative,1,"power losses, quality and safety issues",zeroshot,36
phi4_normative_36_b2,phi4_normative,phi4,normative,2,reduced reliability in DC devices,zeroshot,36
phi4_normative_36_b3,phi4_normative,phi4,normative,3,lack of use-cases in which DC is advantageous,zeroshot,36
phi4_normative_36_b4,phi4_normative,phi4,normative,4,"uncertain utility interaction (net metering, utility ownership, and agreed standards)",zeroshot,36
phi4_normative_36_b11,phi4_normative,phi4,normative,11,high costs of DC solutions,zeroshot,36
phi4_subject-matter_36_b1,phi4_subject-matter,phi4,subject-matter,1,"power losses, quality and safety issues",zeroshot,36
phi4_subject-matter_36_b2,phi4_subject-matter,phi4,subject-matter,2,reduced reliability in DC devices,zeroshot,36
phi4_subject-matter_36_b3,phi4_subject-matter,phi4,subject-matter,3,lack of use-cases in which DC is advantageous,zeroshot,36
phi4_subject-matter_36_b4,phi4_subject-matter,phi4,subject-matter,4,"uncertain utility interaction (net metering, utility ownership, and agreed standards)",zeroshot,36
phi4_subject-matter_36_b9,phi4_subject-matter,phi4,subject-matter,9,lack of enough trained personnel in DC systems,zeroshot,36
gemma3_generalist_36_b1,gemma3_generalist,gemma3,generalist,1,"power losses, quality and safety issues",zeroshot,36
gemma3_generalist_36_b5,gemma3_generalist,gemma3,generalist,5,lack of pilot projects,zeroshot,36
gemma3_generalist_36_b6,gemma3_generalist,gemma3,generalist,6,public perception of DC and readiness to 'champion' installations from DC projects,zeroshot,36
gemma3_generalist_36_b8,gemma3_generalist,gemma3,generalist,8,misconception and lack of knowledge leads to lengthy/expensive design and permit process,zeroshot,36
gemma3_generalist_36_b11,gemma3_generalist,gemma3,generalist,11,high costs of DC solutions,zeroshot,36
gemma3_normative_36_b1,gemma3_normative,gemma3,normative,1,"power losses, quality and safety issues",zeroshot,36
gemma3_normative_36_b4,gemma3_normative,gemma3,normative,4,"uncertain utility interaction (net metering, utility ownership, and agreed standards)",zeroshot,36
gemma3_normative_36_b8,gemma3_normative,gemma3,normative,8,misconception and lack of knowledge leads to lengthy/expensive design and permit process,zeroshot,36
gemma3_normative_36_b9,gemma3_normative,gemma3,normative,9,lack of enough trained personnel in DC systems,zeroshot,36
gemma3_normative_36_b11,gemma3_normative,gemma3,normative,11,high costs of DC solutions,zeroshot,36
gemma3_subject-matter_36_b1,gemma3_subject-matter,gemma3,subject-matter,1,"power losses, quality and safety issues",zeroshot,36
gemma3_subject-matter_36_b5,gemma3_subject-matter,gemma3,subject-matter,5,lack of pilot projects,zeroshot,36
gemma3_subject-matter_36_b6,gemma3_subject-matter,gemma3,subject-matter,6,public perception of DC and readiness to 'champion' installations from DC projects,zeroshot,36
gemma3_subject-matter_36_b9,gemma3_subject-matter,gemma3,subject-matter,9,lack of enough trained personnel in DC systems,zeroshot,36
gemma3_subject-matter_36_b10,gemma3_subject-matter,gemma3,subject-matter,10,uncertain regulatory roadmap,zeroshot,36
llama_generalist_36_b1,llama_generalist,llama,generalist,1,"power losses, quality and safety issues",zeroshot,36
llama_generalist_36_b2,llama_generalist,llama,generalist,2,reduced reliability in DC devices,zeroshot,36
llama_generalist_36_b3,llama_generalist,llama,generalist,3,lack of use-cases in which DC is advantageous,zeroshot,36
llama_generalist_36_b4,llama_generalist,llama,generalist,4,"uncertain utility interaction (net metering, utility ownership, and agreed standards)",zeroshot,36
llama_generalist_36_b5,llama_generalist,llama,generalist,5,lack of pilot projects,zeroshot,36
llama_normative_36_b1,llama_normative,llama,normative,1,"power losses, quality and safety issues",zeroshot,36
llama_normative_36_b3,llama_normative,llama,normative,3,lack of use-cases in which DC is advantageous,zeroshot,36
llama_normative_36_b4,llama_normative,llama,normative,4,"uncertain utility interaction (net metering, utility ownership, and agreed standards)",zeroshot,36
llama_normative_36_b5,llama_normative,llama,normative,5,lack of pilot projects,zeroshot,36
llama_normative_36_b6,llama_normative,llama,normative,6,public perception of DC and readiness to 'champion' installations from DC projects,zeroshot,36
llama_subject-matter_36_b1,llama_subject-matter,llama,subject-matter,1,"power losses, quality and safety issues",zeroshot,36
llama_subject-matter_36_b2,llama_subject-matter,llama,subject-matter,2,reduced reliability in DC devices,zeroshot,36
llama_subject-matter_36_b4,llama_subject-matter,llama,subject-matter,4,"uncertain utility interaction (net metering, utility ownership, and agreed standards)",zeroshot,36
llama_subject-matter_36_b5,llama_subject-matter,llama,subject-matter,5,lack of pilot projects,zeroshot,36
llama_subject-matter_36_b6,llama_subject-matter,llama,subject-matter,6,public perception of DC and readiness to 'champion' installations from DC projects,zeroshot,36
mistral_generalist_36_b1,mistral_generalist,mistral,generalist,1,"power losses, quality and safety issues",zeroshot,36
mistral_generalist_36_b2,mistral_generalist,mistral,generalist,2,reduced reliability in DC devices,zeroshot,36
mistral_generalist_36_b4,mistral_generalist,mistral,generalist,4,"uncertain utility interaction (net metering, utility ownership, and agreed standards)",zeroshot,36
mistral_generalist_36_b5,mistral_generalist,mistral,generalist,5,lack of pilot projects,zeroshot,36
mistral_generalist_36_b11,mistral_generalist,mistral,generalist,11,high costs of DC solutions,zeroshot,36
mistral_normative_36_b1,mistral_normative,mistral,normative,1,"power losses, quality and safety issues",zeroshot,36
mistral_normative_36_b2,mistral_normative,mistral,normative,2,reduced reliability in DC devices,zeroshot,36
mistral_normative_36_b3,mistral_normative,mistral,normative,3,lack of use-cases in which DC is advantageous,zeroshot,36
mistral_normative_36_b4,mistral_normative,mistral,normative,4,"uncertain utility interaction (net metering, utility ownership, and agreed standards)",zeroshot,36
mistral_normative_36_b11,mistral_normative,mistral,normative,11,high costs of DC solutions,zeroshot,36
mistral_subject-matter_36_b1,mistral_subject-matter,mistral,subject-matter,1,"power losses, quality and safety issues",zeroshot,36
mistral_subject-matter_36_b2,mistral_subject-matter,mistral,subject-matter,2,reduced reliability in DC devices,zeroshot,36
mistral_subject-matter_36_b4,mistral_subject-matter,mistral,subject-matter,4,"uncertain utility interaction (net metering, utility ownership, and agreed standards)",zeroshot,36
mistral_subject-matter_36_b5,mistral_subject-matter,mistral,subject-matter,5,lack of pilot projects,zeroshot,36
mistral_subject-matter_36_b11,mistral_subject-matter,mistral,subject-matter,11,high costs of DC solutions,zeroshot,36
phi4_generalist_37_b1,phi4_generalist,phi4,generalist,1,"power losses, quality and safety issues",zeroshot,37
phi4_generalist_37_b3,phi4_generalist,phi4,generalist,3,lack of use-cases in which DC is advantageous,zeroshot,37
phi4_generalist_37_b4,phi4_generalist,phi4,generalist,4,"uncertain utility interaction (net metering, utility ownership, and agreed standards)",zeroshot,37
phi4_generalist_37_b8,phi4_generalist,phi4,generalist,8,misconception and lack of knowledge leads to lengthy/expensive design and permit process,zeroshot,37
phi4_generalist_37_b10,phi4_generalist,phi4,generalist,10,uncertain regulatory roadmap,zeroshot,37
phi4_normative_37_b1,phi4_normative,phi4,normative,1,"power losses, quality and safety issues",zeroshot,37
phi4_normative_37_b4,phi4_normative,phi4,normative,4,"uncertain utility interaction (net metering, utility ownership, and agreed standards)",zeroshot,37
phi4_normative_37_b5,phi4_normative,phi4,normative,5,lack of pilot projects,zeroshot,37
phi4_normative_37_b9,phi4_normative,phi4,normative,9,lack of enough trained personnel in DC systems,zeroshot,37
phi4_normative_37_b10,phi4_normative,phi4,normative,10,uncertain regulatory roadmap,zeroshot,37
phi4_subject-matter_37_b1,phi4_subject-matter,phi4,subject-matter,1,"power losses, quality and safety issues",zeroshot,37
phi4_subject-matter_37_b4,phi4_subject-matter,phi4,subject-matter,4,"uncertain utility interaction (net metering, utility ownership, and agreed standards)",zeroshot,37
phi4_subject-matter_37_b5,phi4_subject-matter,phi4,subject-matter,5,lack of pilot projects,zeroshot,37
phi4_subject-matter_37_b8,phi4_subject-matter,phi4,subject-matter,8,misconception and lack of knowledge leads to lengthy/expensive design and permit process,zeroshot,37
phi4_subject-matter_37_b10,phi4_subject-matter,phi4,subject-matter,10,uncertain regulatory roadmap,zeroshot,37
gemma3_generalist_37_b1,gemma3_generalist,gemma3,generalist,1,"power losses, quality and safety issues",zeroshot,37
gemma3_generalist_37_b5,gemma3_generalist,gemma3,generalist,5,lack of pilot projects,zeroshot,37
gemma3_generalist_37_b6,gemma3_generalist,gemma3,generalist,6,public perception of DC and readiness to 'champion' installations from DC projects,zeroshot,37
gemma3_generalist_37_b8,gemma3_generalist,gemma3,generalist,8,misconception and lack of knowledge leads to lengthy/expensive design and permit process,zeroshot,37
gemma3_generalist_37_b11,gemma3_generalist,gemma3,generalist,11,high costs of DC solutions,zeroshot,37
gemma3_normative_37_b1,gemma3_normative,gemma3,normative,1,"power losses, quality and safety issues",zeroshot,37
gemma3_normative_37_b4,gemma3_normative,gemma3,normative,4,"uncertain utility interaction (net metering, utility ownership, and agreed standards)",zeroshot,37
gemma3_normative_37_b8,gemma3_normative,gemma3,normative,8,misconception and lack of knowledge leads to lengthy/expensive design and permit process,zeroshot,37
gemma3_normative_37_b9,gemma3_normative,gemma3,normative,9,lack of enough trained personnel in DC systems,zeroshot,37
gemma3_normative_37_b11,gemma3_normative,gemma3,normative,11,high costs of DC solutions,zeroshot,37
gemma3_subject-matter_37_b1,gemma3_subject-matter,gemma3,subject-matter,1,"power losses, quality and safety issues",zeroshot,37
gemma3_subject-matter_37_b5,gemma3_subject-matter,gemma3,subject-matter,5,lack of pilot projects,zeroshot,37
gemma3_subject-matter_37_b6,gemma3_subject-matter,gemma3,subject-matter,6,public perception of DC and readiness to 'champion' installations from DC projects,zeroshot,37
gemma3_subject-matter_37_b8,gemma3_subject-matter,gemma3,subject-matter,8,misconception and lack of knowledge leads to lengthy/expensive design and permit process,zeroshot,37
gemma3_subject-matter_37_b10,gemma3_subject-matter,gemma3,subject-matter,10,uncertain regulatory roadmap,zeroshot,37
llama_generalist_37_b1,llama_generalist,llama,generalist,1,"power losses, quality and safety issues",zeroshot,37
llama_generalist_37_b3,llama_generalist,llama,generalist,3,lack of use-cases in which DC is advantageous,zeroshot,37
llama_generalist_37_b4,llama_generalist,llama,generalist,4,"uncertain utility interaction (net metering, utility ownership, and agreed standards)",zeroshot,37
llama_generalist_37_b5,llama_generalist,llama,generalist,5,lack of pilot projects,zeroshot,37
llama_generalist_37_b6,llama_generalist,llama,generalist,6,public perception of DC and readiness to 'champion' installations from DC projects,zeroshot,37
llama_normative_37_b3,llama_normative,llama,normative,3,lack of use-cases in which DC is advantageous,zeroshot,37
llama_normative_37_b4,llama_normative,llama,normative,4,"uncertain utility interaction (net metering, utility ownership, and agreed standards)",zeroshot,37
llama_normative_37_b7,llama_normative,llama,normative,7,incompatibility of DC systems components,zeroshot,37
llama_normative_37_b6,llama_normative,llama,normative,6,public perception of DC and readiness to 'champion' installations from DC projects,zeroshot,37
llama_normative_37_b9,llama_normative,llama,normative,9,lack of enough trained personnel in DC systems,zeroshot,37
llama_subject-matter_37_b1,llama_subject-matter,llama,subject-matter,1,"power losses, quality and safety issues",zeroshot,37
llama_subject-matter_37_b2,llama_subject-matter,llama,subject-matter,2,reduced reliability in DC devices,zeroshot,37
llama_subject-matter_37_b4,llama_subject-matter,llama,subject-matter,4,"uncertain utility interaction (net metering, utility ownership, and agreed standards)",zeroshot,37
llama_subject-matter_37_b5,llama_subject-matter,llama,subject-matter,5,lack of pilot projects,zeroshot,37
llama_subject-matter_37_b6,llama_subject-matter,llama,subject-matter,6,public perception of DC and readiness to 'champion' installations from DC projects,zeroshot,37
mistral_generalist_37_b1,mistral_generalist,mistral,generalist,1,"power losses, quality and safety issues",zeroshot,37
mistral_generalist_37_b2,mistral_generalist,mistral,generalist,2,reduced reliability in DC devices,zeroshot,37
mistral_generalist_37_b3,mistral_generalist,mistral,generalist,3,lack of use-cases in which DC is advantageous,zeroshot,37
mistral_generalist_37_b4,mistral_generalist,mistral,generalist,4,"uncertain utility interaction (net metering, utility ownership, and agreed standards)",zeroshot,37
mistral_generalist_37_b11,mistral_generalist,mistral,generalist,11,high costs of DC solutions,zeroshot,37
mistral_normative_37_b1,mistral_normative,mistral,normative,1,"power losses, quality and safety issues",zeroshot,37
mistral_normative_37_b2,mistral_normative,mistral,normative,2,reduced reliability in DC devices,zeroshot,37
mistral_normative_37_b4,mistral_normative,mistral,normative,4,"uncertain utility interaction (net metering, utility ownership, and agreed standards)",zeroshot,37
mistral_normative_37_b5,mistral_normative,mistral,normative,5,lack of pilot projects,zeroshot,37
mistral_normative_37_b9,mistral_normative,mistral,normative,9,lack of enough trained personnel in DC systems,zeroshot,37
mistral_subject-matter_37_b1,mistral_subject-matter,mistral,subject-matter,1,"power losses, quality and safety issues",zeroshot,37
mistral_subject-matter_37_b2,mistral_subject-matter,mistral,subject-matter,2,reduced reliability in DC devices,zeroshot,37
mistral_subject-matter_37_b4,mistral_subject-matter,mistral,subject-matter,4,"uncertain utility interaction (net metering, utility ownership, and agreed standards)",zeroshot,37
mistral_subject-matter_37_b5,mistral_subject-matter,mistral,subject-matter,5,lack of pilot projects,zeroshot,37
mistral_subject-matter_37_b7,mistral_subject-matter,mistral,subject-matter,7,incompatibility of DC systems components,zeroshot,37
phi4_generalist_38_b1,phi4_generalist,phi4,generalist,1,"power losses, quality and safety issues",zeroshot,38
phi4_generalist_38_b3,phi4_generalist,phi4,generalist,3,lack of use-cases in which DC is advantageous,zeroshot,38
phi4_generalist_38_b4,phi4_generalist,phi4,generalist,4,"uncertain utility interaction (net metering, utility ownership, and agreed standards)",zeroshot,38
phi4_generalist_38_b8,phi4_generalist,phi4,generalist,8,misconception and lack of knowledge leads to lengthy/expensive design and permit process,zeroshot,38
phi4_generalist_38_b10,phi4_generalist,phi4,generalist,10,uncertain regulatory roadmap,zeroshot,38
phi4_normative_38_b1,phi4_normative,phi4,normative,1,"power losses, quality and safety issues",zeroshot,38
phi4_normative_38_b4,phi4_normative,phi4,normative,4,"uncertain utility interaction (net metering, utility ownership, and agreed standards)",zeroshot,38
phi4_normative_38_b6,phi4_normative,phi4,normative,6,public perception of DC and readiness to 'champion' installations from DC projects,zeroshot,38
phi4_normative_38_b8,phi4_normative,phi4,normative,8,misconception and lack of knowledge leads to lengthy/expensive design and permit process,zeroshot,38
phi4_normative_38_b10,phi4_normative,phi4,normative,10,uncertain regulatory roadmap,zeroshot,38
phi4_subject-matter_38_b1,phi4_subject-matter,phi4,subject-matter,1,"power losses, quality and safety issues",zeroshot,38
phi4_subject-matter_38_b4,phi4_subject-matter,phi4,subject-matter,4,"uncertain utility interaction (net metering, utility ownership, and agreed standards)",zeroshot,38
phi4_subject-matter_38_b5,phi4_subject-matter,phi4,subject-matter,5,lack of pilot projects,zeroshot,38
phi4_subject-matter_38_b9,phi4_subject-matter,phi4,subject-matter,9,lack of enough trained personnel in DC systems,zeroshot,38
phi4_subject-matter_38_b10,phi4_subject-matter,phi4,subject-matter,10,uncertain regulatory roadmap,zeroshot,38
gemma3_generalist_38_b1,gemma3_generalist,gemma3,generalist,1,"power losses, quality and safety issues",zeroshot,38
gemma3_generalist_38_b5,gemma3_generalist,gemma3,generalist,5,lack of pilot projects,zeroshot,38
gemma3_generalist_38_b6,gemma3_generalist,gemma3,generalist,6,public perception of DC and readiness to 'champion' installations from DC projects,zeroshot,38
gemma3_generalist_38_b8,gemma3_generalist,gemma3,generalist,8,misconception and lack of knowledge leads to lengthy/expensive design and permit process,zeroshot,38
gemma3_generalist_38_b11,gemma3_generalist,gemma3,generalist,11,high costs of DC solutions,zeroshot,38
gemma3_normative_38_b1,gemma3_normative,gemma3,normative,1,"power losses, quality and safety issues",zeroshot,38
gemma3_normative_38_b4,gemma3_normative,gemma3,normative,4,"uncertain utility interaction (net metering, utility ownership, and agreed standards)",zeroshot,38
gemma3_normative_38_b8,gemma3_normative,gemma3,normative,8,misconception and lack of knowledge leads to lengthy/expensive design and permit process,zeroshot,38
gemma3_normative_38_b6,gemma3_normative,gemma3,normative,6,public perception of DC and readiness to 'champion' installations from DC projects,zeroshot,38
gemma3_normative_38_b11,gemma3_normative,gemma3,normative,11,high costs of DC solutions,zeroshot,38
gemma3_subject-matter_38_b1,gemma3_subject-matter,gemma3,subject-matter,1,"power losses, quality and safety issues",zeroshot,38
gemma3_subject-matter_38_b5,gemma3_subject-matter,gemma3,subject-matter,5,lack of pilot projects,zeroshot,38
gemma3_subject-matter_38_b6,gemma3_subject-matter,gemma3,subject-matter,6,public perception of DC and readiness to 'champion' installations from DC projects,zeroshot,38
gemma3_subject-matter_38_b9,gemma3_subject-matter,gemma3,subject-matter,9,lack of enough trained personnel in DC systems,zeroshot,38
gemma3_subject-matter_38_b11,gemma3_subject-matter,gemma3,subject-matter,11,high costs of DC solutions,zeroshot,38
llama_generalist_38_b1,llama_generalist,llama,generalist,1,"power losses, quality and safety issues",zeroshot,38
llama_generalist_38_b3,llama_generalist,llama,generalist,3,lack of use-cases in which DC is advantageous,zeroshot,38
llama_generalist_38_b4,llama_generalist,llama,generalist,4,"uncertain utility interaction (net metering, utility ownership, and agreed standards)",zeroshot,38
llama_generalist_38_b5,llama_generalist,llama,generalist,5,lack of pilot projects,zeroshot,38
llama_generalist_38_b6,llama_generalist,llama,generalist,6,public perception of DC and readiness to 'champion' installations from DC projects,zeroshot,38
llama_normative_38_b1,llama_normative,llama,normative,1,"power losses, quality and safety issues",zeroshot,38
llama_normative_38_b2,llama_normative,llama,normative,2,reduced reliability in DC devices,zeroshot,38
llama_normative_38_b3,llama_normative,llama,normative,3,lack of use-cases in which DC is advantageous,zeroshot,38
llama_normative_38_b4,llama_normative,llama,normative,4,"uncertain utility interaction (net metering, utility ownership, and agreed standards)",zeroshot,38
llama_normative_38_b5,llama_normative,llama,normative,5,lack of pilot projects,zeroshot,38
llama_subject-matter_38_b1,llama_subject-matter,llama,subject-matter,1,"power losses, quality and safety issues",zeroshot,38
llama_subject-matter_38_b2,llama_subject-matter,llama,subject-matter,2,reduced reliability in DC devices,zeroshot,38
llama_subject-matter_38_b3,llama_subject-matter,llama,subject-matter,3,lack of use-cases in which DC is advantageous,zeroshot,38
llama_subject-matter_38_b4,llama_subject-matter,llama,subject-matter,4,"uncertain utility interaction (net metering, utility ownership, and agreed standards)",zeroshot,38
llama_subject-matter_38_b5,llama_subject-matter,llama,subject-matter,5,lack of pilot projects,zeroshot,38
mistral_generalist_38_b1,mistral_generalist,mistral,generalist,1,"power losses, quality and safety issues",zeroshot,38
mistral_generalist_38_b4,mistral_generalist,mistral,generalist,4,"uncertain utility interaction (net metering, utility ownership, and agreed standards)",zeroshot,38
mistral_generalist_38_b3,mistral_generalist,mistral,generalist,3,lack of use-cases in which DC is advantageous,zeroshot,38
mistral_generalist_38_b7,mistral_generalist,mistral,generalist,7,incompatibility of DC systems components,zeroshot,38
mistral_generalist_38_b5,mistral_generalist,mistral,generalist,5,lack of pilot projects,zeroshot,38
mistral_normative_38_b1,mistral_normative,mistral,normative,1,"power losses, quality and safety issues",zeroshot,38
mistral_normative_38_b2,mistral_normative,mistral,normative,2,reduced reliability in DC devices,zeroshot,38
mistral_normative_38_b4,mistral_normative,mistral,normative,4,"uncertain utility interaction (net metering, utility ownership, and agreed standards)",zeroshot,38
mistral_normative_38_b5,mistral_normative,mistral,normative,5,lack of pilot projects,zeroshot,38
mistral_normative_38_b11,mistral_normative,mistral,normative,11,high costs of DC solutions,zeroshot,38
mistral_subject-matter_38_b1,mistral_subject-matter,mistral,subject-matter,1,"power losses, quality and safety issues",zeroshot,38
mistral_subject-matter_38_b4,mistral_subject-matter,mistral,subject-matter,4,"uncertain utility interaction (net metering, utility ownership, and agreed standards)",zeroshot,38
mistral_subject-matter_38_b5,mistral_subject-matter,mistral,subject-matter,5,lack of pilot projects,zeroshot,38
mistral_subject-matter_38_b7,mistral_subject-matter,mistral,subject-matter,7,incompatibility of DC systems components,zeroshot,38
mistral_subject-matter_38_b9,mistral_subject-matter,mistral,subject-matter,9,lack of enough trained personnel in DC systems,zeroshot,38
phi4_generalist_39_b1,phi4_generalist,phi4,generalist,1,"power losses, quality and safety issues",zeroshot,39
phi4_generalist_39_b4,phi4_generalist,phi4,generalist,4,"uncertain utility interaction (net metering, utility ownership, and agreed standards)",zeroshot,39
phi4_generalist_39_b5,phi4_generalist,phi4,generalist,5,lack of pilot projects,zeroshot,39
phi4_generalist_39_b9,phi4_generalist,phi4,generalist,9,lack of enough trained personnel in DC systems,zeroshot,39
phi4_generalist_39_b10,phi4_generalist,phi4,generalist,10,uncertain regulatory roadmap,zeroshot,39
phi4_normative_39_b1,phi4_normative,phi4,normative,1,"power losses, quality and safety issues",zeroshot,39
phi4_normative_39_b2,phi4_normative,phi4,normative,2,reduced reliability in DC devices,zeroshot,39
phi4_normative_39_b4,phi4_normative,phi4,normative,4,"uncertain utility interaction (net metering, utility ownership, and agreed standards)",zeroshot,39
phi4_normative_39_b8,phi4_normative,phi4,normative,8,misconception and lack of knowledge leads to lengthy/expensive design and permit process,zeroshot,39
phi4_normative_39_b10,phi4_normative,phi4,normative,10,uncertain regulatory roadmap,zeroshot,39
phi4_subject-matter_39_b1,phi4_subject-matter,phi4,subject-matter,1,"power losses, quality and safety issues",zeroshot,39
phi4_subject-matter_39_b4,phi4_subject-matter,phi4,subject-matter,4,"uncertain utility interaction (net metering, utility ownership, and agreed standards)",zeroshot,39
phi4_subject-matter_39_b5,phi4_subject-matter,phi4,subject-matter,5,lack of pilot projects,zeroshot,39
phi4_subject-matter_39_b8,phi4_subject-matter,phi4,subject-matter,8,misconception and lack of knowledge leads to lengthy/expensive design and permit process,zeroshot,39
phi4_subject-matter_39_b10,phi4_subject-matter,phi4,subject-matter,10,uncertain regulatory roadmap,zeroshot,39
gemma3_generalist_39_b1,gemma3_generalist,gemma3,generalist,1,"power losses, quality and safety issues",zeroshot,39
gemma3_generalist_39_b5,gemma3_generalist,gemma3,generalist,5,lack of pilot projects,zeroshot,39
gemma3_generalist_39_b6,gemma3_generalist,gemma3,generalist,6,public perception of DC and readiness to 'champion' installations from DC projects,zeroshot,39
gemma3_generalist_39_b8,gemma3_generalist,gemma3,generalist,8,misconception and lack of knowledge leads to lengthy/expensive design and permit process,zeroshot,39
gemma3_generalist_39_b11,gemma3_generalist,gemma3,generalist,11,high costs of DC solutions,zeroshot,39
gemma3_normative_39_b1,gemma3_normative,gemma3,normative,1,"power losses, quality and safety issues",zeroshot,39
gemma3_normative_39_b4,gemma3_normative,gemma3,normative,4,"uncertain utility interaction (net metering, utility ownership, and agreed standards)",zeroshot,39
gemma3_normative_39_b8,gemma3_normative,gemma3,normative,8,misconception and lack of knowledge leads to lengthy/expensive design and permit process,zeroshot,39
gemma3_normative_39_b9,gemma3_normative,gemma3,normative,9,lack of enough trained personnel in DC systems,zeroshot,39
gemma3_normative_39_b11,gemma3_normative,gemma3,normative,11,high costs of DC solutions,zeroshot,39
gemma3_subject-matter_39_b1,gemma3_subject-matter,gemma3,subject-matter,1,"power losses, quality and safety issues",zeroshot,39
gemma3_subject-matter_39_b5,gemma3_subject-matter,gemma3,subject-matter,5,lack of pilot projects,zeroshot,39
gemma3_subject-matter_39_b6,gemma3_subject-matter,gemma3,subject-matter,6,public perception of DC and readiness to 'champion' installations from DC projects,zeroshot,39
gemma3_subject-matter_39_b8,gemma3_subject-matter,gemma3,subject-matter,8,misconception and lack of knowledge leads to lengthy/expensive design and permit process,zeroshot,39
gemma3_subject-matter_39_b10,gemma3_subject-matter,gemma3,subject-matter,10,uncertain regulatory roadmap,zeroshot,39
llama_generalist_39_b1,llama_generalist,llama,generalist,1,"power losses, quality and safety issues",zeroshot,39
llama_generalist_39_b2,llama_generalist,llama,generalist,2,reduced reliability in DC devices,zeroshot,39
llama_generalist_39_b3,llama_generalist,llama,generalist,3,lack of use-cases in which DC is advantageous,zeroshot,39
llama_generalist_39_b4,llama_generalist,llama,generalist,4,"uncertain utility interaction (net metering, utility ownership, and agreed standards)",zeroshot,39
llama_generalist_39_b5,llama_generalist,llama,generalist,5,lack of pilot projects,zeroshot,39
llama_normative_39_b1,llama_normative,llama,normative,1,"power losses, quality and safety issues",zeroshot,39
llama_normative_39_b2,llama_normative,llama,normative,2,reduced reliability in DC devices,zeroshot,39
llama_normative_39_b3,llama_normative,llama,normative,3,lack of use-cases in which DC is advantageous,zeroshot,39
llama_normative_39_b4,llama_normative,llama,normative,4,"uncertain utility interaction (net metering, utility ownership, and agreed standards)",zeroshot,39
llama_normative_39_b5,llama_normative,llama,normative,5,lack of pilot projects,zeroshot,39
llama_subject-matter_39_b1,llama_subject-matter,llama,subject-matter,1,"power losses, quality and safety issues",zeroshot,39
llama_subject-matter_39_b2,llama_subject-matter,llama,subject-matter,2,reduced reliability in DC devices,zeroshot,39
llama_subject-matter_39_b3,llama_subject-matter,llama,subject-matter,3,lack of use-cases in which DC is advantageous,zeroshot,39
llama_subject-matter_39_b4,llama_subject-matter,llama,subject-matter,4,"uncertain utility interaction (net metering, utility ownership, and agreed standards)",zeroshot,39
llama_subject-matter_39_b5,llama_subject-matter,llama,subject-matter,5,lack of pilot projects,zeroshot,39
mistral_generalist_39_b1,mistral_generalist,mistral,generalist,1,"power losses, quality and safety issues",zeroshot,39
mistral_generalist_39_b2,mistral_generalist,mistral,generalist,2,reduced reliability in DC devices,zeroshot,39
mistral_generalist_39_b3,mistral_generalist,mistral,generalist,3,lack of use-cases in which DC is advantageous,zeroshot,39
mistral_generalist_39_b4,mistral_generalist,mistral,generalist,4,"uncertain utility interaction (net metering, utility ownership, and agreed standards)",zeroshot,39
mistral_generalist_39_b5,mistral_generalist,mistral,generalist,5,lack of pilot projects,zeroshot,39
mistral_normative_39_b1,mistral_normative,mistral,normative,1,"power losses, quality and safety issues",zeroshot,39
mistral_normative_39_b2,mistral_normative,mistral,normative,2,reduced reliability in DC devices,zeroshot,39
mistral_normative_39_b4,mistral_normative,mistral,normative,4,"uncertain utility interaction (net metering, utility ownership, and agreed standards)",zeroshot,39
mistral_normative_39_b5,mistral_normative,mistral,normative,5,lack of pilot projects,zeroshot,39
mistral_normative_39_b6,mistral_normative,mistral,normative,6,public perception of DC and readiness to 'champion' installations from DC projects,zeroshot,39
mistral_subject-matter_39_b1,mistral_subject-matter,mistral,subject-matter,1,"power losses, quality and safety issues",zeroshot,39
mistral_subject-matter_39_b2,mistral_subject-matter,mistral,subject-matter,2,reduced reliability in DC devices,zeroshot,39
mistral_subject-matter_39_b4,mistral_subject-matter,mistral,subject-matter,4,"uncertain utility interaction (net metering, utility ownership, and agreed standards)",zeroshot,39
mistral_subject-matter_39_b5,mistral_subject-matter,mistral,subject-matter,5,lack of pilot projects,zeroshot,39
mistral_subject-matter_39_b11,mistral_subject-matter,mistral,subject-matter,11,high costs of DC solutions,zeroshot,39
phi4_generalist_40_b1,phi4_generalist,phi4,generalist,1,"power losses, quality and safety issues",zeroshot,40
phi4_generalist_40_b2,phi4_generalist,phi4,generalist,2,reduced reliability in DC devices,zeroshot,40
phi4_generalist_40_b3,phi4_generalist,phi4,generalist,3,lack of use-cases in which DC is advantageous,zeroshot,40
phi4_generalist_40_b4,phi4_generalist,phi4,generalist,4,"uncertain utility interaction (net metering, utility ownership, and agreed standards)",zeroshot,40
phi4_generalist_40_b9,phi4_generalist,phi4,generalist,9,lack of enough trained personnel in DC systems,zeroshot,40
phi4_normative_40_b1,phi4_normative,phi4,normative,1,"power losses, quality and safety issues",zeroshot,40
phi4_normative_40_b3,phi4_normative,phi4,normative,3,lack of use-cases in which DC is advantageous,zeroshot,40
phi4_normative_40_b4,phi4_normative,phi4,normative,4,"uncertain utility interaction (net metering, utility ownership, and agreed standards)",zeroshot,40
phi4_normative_40_b6,phi4_normative,phi4,normative,6,public perception of DC and readiness to 'champion' installations from DC projects,zeroshot,40
phi4_normative_40_b10,phi4_normative,phi4,normative,10,uncertain regulatory roadmap,zeroshot,40
phi4_subject-matter_40_b1,phi4_subject-matter,phi4,subject-matter,1,"power losses, quality and safety issues",zeroshot,40
phi4_subject-matter_40_b2,phi4_subject-matter,phi4,subject-matter,2,reduced reliability in DC devices,zeroshot,40
phi4_subject-matter_40_b3,phi4_subject-matter,phi4,subject-matter,3,lack of use-cases in which DC is advantageous,zeroshot,40
phi4_subject-matter_40_b4,phi4_subject-matter,phi4,subject-matter,4,"uncertain utility interaction (net metering, utility ownership, and agreed standards)",zeroshot,40
phi4_subject-matter_40_b10,phi4_subject-matter,phi4,subject-matter,10,uncertain regulatory roadmap,zeroshot,40
gemma3_generalist_40_b1,gemma3_generalist,gemma3,generalist,1,"power losses, quality and safety issues",zeroshot,40
gemma3_generalist_40_b5,gemma3_generalist,gemma3,generalist,5,lack of pilot projects,zeroshot,40
gemma3_generalist_40_b6,gemma3_generalist,gemma3,generalist,6,public perception of DC and readiness to 'champion' installations from DC projects,zeroshot,40
gemma3_generalist_40_b8,gemma3_generalist,gemma3,generalist,8,misconception and lack of knowledge leads to lengthy/expensive design and permit process,zeroshot,40
gemma3_generalist_40_b11,gemma3_generalist,gemma3,generalist,11,high costs of DC solutions,zeroshot,40
gemma3_normative_40_b1,gemma3_normative,gemma3,normative,1,"power losses, quality and safety issues",zeroshot,40
gemma3_normative_40_b4,gemma3_normative,gemma3,normative,4,"uncertain utility interaction (net metering, utility ownership, and agreed standards)",zeroshot,40
gemma3_normative_40_b8,gemma3_normative,gemma3,normative,8,misconception and lack of knowledge leads to lengthy/expensive design and permit process,zeroshot,40
gemma3_normative_40_b9,gemma3_normative,gemma3,normative,9,lack of enough trained personnel in DC systems,zeroshot,40
gemma3_normative_40_b11,gemma3_normative,gemma3,normative,11,high costs of DC solutions,zeroshot,40
gemma3_subject-matter_40_b1,gemma3_subject-matter,gemma3,subject-matter,1,"power losses, quality and safety issues",zeroshot,40
gemma3_subject-matter_40_b5,gemma3_subject-matter,gemma3,subject-matter,5,lack of pilot projects,zeroshot,40
gemma3_subject-matter_40_b4,gemma3_subject-matter,gemma3,subject-matter,4,"uncertain utility interaction (net metering, utility ownership, and agreed standards)",zeroshot,40
gemma3_subject-matter_40_b8,gemma3_subject-matter,gemma3,subject-matter,8,misconception and lack of knowledge leads to lengthy/expensive design and permit process,zeroshot,40
gemma3_subject-matter_40_b10,gemma3_subject-matter,gemma3,subject-matter,10,uncertain regulatory roadmap,zeroshot,40
llama_generalist_40_b1,llama_generalist,llama,generalist,1,"power losses, quality and safety issues",zeroshot,40
llama_generalist_40_b2,llama_generalist,llama,generalist,2,reduced reliability in DC devices,zeroshot,40
llama_generalist_40_b3,llama_generalist,llama,generalist,3,lack of use-cases in which DC is advantageous,zeroshot,40
llama_generalist_40_b4,llama_generalist,llama,generalist,4,"uncertain utility interaction (net metering, utility ownership, and agreed standards)",zeroshot,40
llama_generalist_40_b5,llama_generalist,llama,generalist,5,lack of pilot projects,zeroshot,40
llama_normative_40_b1,llama_normative,llama,normative,1,"power losses, quality and safety issues",zeroshot,40
llama_normative_40_b2,llama_normative,llama,normative,2,reduced reliability in DC devices,zeroshot,40
llama_normative_40_b3,llama_normative,llama,normative,3,lack of use-cases in which DC is advantageous,zeroshot,40
llama_normative_40_b4,llama_normative,llama,normative,4,"uncertain utility interaction (net metering, utility ownership, and agreed standards)",zeroshot,40
llama_normative_40_b5,llama_normative,llama,normative,5,lack of pilot projects,zeroshot,40
llama_subject-matter_40_b1,llama_subject-matter,llama,subject-matter,1,"power losses, quality and safety issues",zeroshot,40
llama_subject-matter_40_b2,llama_subject-matter,llama,subject-matter,2,reduced reliability in DC devices,zeroshot,40
llama_subject-matter_40_b3,llama_subject-matter,llama,subject-matter,3,lack of use-cases in which DC is advantageous,zeroshot,40
llama_subject-matter_40_b4,llama_subject-matter,llama,subject-matter,4,"uncertain utility interaction (net metering, utility ownership, and agreed standards)",zeroshot,40
llama_subject-matter_40_b5,llama_subject-matter,llama,subject-matter,5,lack of pilot projects,zeroshot,40
mistral_generalist_40_b1,mistral_generalist,mistral,generalist,1,"power losses, quality and safety issues",zeroshot,40
mistral_generalist_40_b2,mistral_generalist,mistral,generalist,2,reduced reliability in DC devices,zeroshot,40
mistral_generalist_40_b4,mistral_generalist,mistral,generalist,4,"uncertain utility interaction (net metering, utility ownership, and agreed standards)",zeroshot,40
mistral_generalist_40_b5,mistral_generalist,mistral,generalist,5,lack of pilot projects,zeroshot,40
mistral_generalist_40_b9,mistral_generalist,mistral,generalist,9,lack of enough trained personnel in DC systems,zeroshot,40
mistral_normative_40_b1,mistral_normative,mistral,normative,1,"power losses, quality and safety issues",zeroshot,40
mistral_normative_40_b4,mistral_normative,mistral,normative,4,"uncertain utility interaction (net metering, utility ownership, and agreed standards)",zeroshot,40
mistral_normative_40_b5,mistral_normative,mistral,normative,5,lack of pilot projects,zeroshot,40
mistral_normative_40_b7,mistral_normative,mistral,normative,7,incompatibility of DC systems components,zeroshot,40
mistral_normative_40_b10,mistral_normative,mistral,normative,10,uncertain regulatory roadmap,zeroshot,40
mistral_subject-matter_40_b1,mistral_subject-matter,mistral,subject-matter,1,"power losses, quality and safety issues",zeroshot,40
mistral_subject-matter_40_b2,mistral_subject-matter,mistral,subject-matter,2,reduced reliability in DC devices,zeroshot,40
mistral_subject-matter_40_b4,mistral_subject-matter,mistral,subject-matter,4,"uncertain utility interaction (net metering, utility ownership, and agreed standards)",zeroshot,40
mistral_subject-matter_40_b5,mistral_subject-matter,mistral,subject-matter,5,lack of pilot projects,zeroshot,40
mistral_subject-matter_40_b9,mistral_subject-matter,mistral,subject-matter,9,lack of enough trained personnel in DC systems,zeroshot,40
phi4_generalist_41_b1,phi4_generalist,phi4,generalist,1,"power losses, quality and safety issues",zeroshot,41
phi4_generalist_41_b4,phi4_generalist,phi4,generalist,4,"uncertain utility interaction (net metering, utility ownership, and agreed standards)",zeroshot,41
phi4_generalist_41_b5,phi4_generalist,phi4,generalist,5,lack of pilot projects,zeroshot,41
phi4_generalist_41_b8,phi4_generalist,phi4,generalist,8,misconception and lack of knowledge leads to lengthy/expensive design and permit process,zeroshot,41
phi4_generalist_41_b10,phi4_generalist,phi4,generalist,10,uncertain regulatory roadmap,zeroshot,41
phi4_normative_41_b1,phi4_normative,phi4,normative,1,"power losses, quality and safety issues",zeroshot,41
phi4_normative_41_b4,phi4_normative,phi4,normative,4,"uncertain utility interaction (net metering, utility ownership, and agreed standards)",zeroshot,41
phi4_normative_41_b6,phi4_normative,phi4,normative,6,public perception of DC and readiness to 'champion' installations from DC projects,zeroshot,41
phi4_normative_41_b9,phi4_normative,phi4,normative,9,lack of enough trained personnel in DC systems,zeroshot,41
phi4_normative_41_b10,phi4_normative,phi4,normative,10,uncertain regulatory roadmap,zeroshot,41
phi4_subject-matter_41_b1,phi4_subject-matter,phi4,subject-matter,1,"power losses, quality and safety issues",zeroshot,41
phi4_subject-matter_41_b4,phi4_subject-matter,phi4,subject-matter,4,"uncertain utility interaction (net metering, utility ownership, and agreed standards)",zeroshot,41
phi4_subject-matter_41_b5,phi4_subject-matter,phi4,subject-matter,5,lack of pilot projects,zeroshot,41
phi4_subject-matter_41_b9,phi4_subject-matter,phi4,subject-matter,9,lack of enough trained personnel in DC systems,zeroshot,41
phi4_subject-matter_41_b10,phi4_subject-matter,phi4,subject-matter,10,uncertain regulatory roadmap,zeroshot,41
gemma3_generalist_41_b1,gemma3_generalist,gemma3,generalist,1,"power losses, quality and safety issues",zeroshot,41
gemma3_generalist_41_b5,gemma3_generalist,gemma3,generalist,5,lack of pilot projects,zeroshot,41
gemma3_generalist_41_b6,gemma3_generalist,gemma3,generalist,6,public perception of DC and readiness to 'champion' installations from DC projects,zeroshot,41
gemma3_generalist_41_b8,gemma3_generalist,gemma3,generalist,8,misconception and lack of knowledge leads to lengthy/expensive design and permit process,zeroshot,41
gemma3_generalist_41_b11,gemma3_generalist,gemma3,generalist,11,high costs of DC solutions,zeroshot,41
gemma3_normative_41_b1,gemma3_normative,gemma3,normative,1,"power losses, quality and safety issues",zeroshot,41
gemma3_normative_41_b4,gemma3_normative,gemma3,normative,4,"uncertain utility interaction (net metering, utility ownership, and agreed standards)",zeroshot,41
gemma3_normative_41_b6,gemma3_normative,gemma3,normative,6,public perception of DC and readiness to 'champion' installations from DC projects,zeroshot,41
gemma3_normative_41_b8,gemma3_normative,gemma3,normative,8,misconception and lack of knowledge leads to lengthy/expensive design and permit process,zeroshot,41
gemma3_normative_41_b11,gemma3_normative,gemma3,normative,11,high costs of DC solutions,zeroshot,41
gemma3_subject-matter_41_b1,gemma3_subject-matter,gemma3,subject-matter,1,"power losses, quality and safety issues",zeroshot,41
gemma3_subject-matter_41_b5,gemma3_subject-matter,gemma3,subject-matter,5,lack of pilot projects,zeroshot,41
gemma3_subject-matter_41_b6,gemma3_subject-matter,gemma3,subject-matter,6,public perception of DC and readiness to 'champion' installations from DC projects,zeroshot,41
gemma3_subject-matter_41_b4,gemma3_subject-matter,gemma3,subject-matter,4,"uncertain utility interaction (net metering, utility ownership, and agreed standards)",zeroshot,41
gemma3_subject-matter_41_b11,gemma3_subject-matter,gemma3,subject-matter,11,high costs of DC solutions,zeroshot,41
llama_generalist_41_b3,llama_generalist,llama,generalist,3,lack of use-cases in which DC is advantageous,zeroshot,41
llama_generalist_41_b4,llama_generalist,llama,generalist,4,"uncertain utility interaction (net metering, utility ownership, and agreed standards)",zeroshot,41
llama_generalist_41_b7,llama_generalist,llama,generalist,7,incompatibility of DC systems components,zeroshot,41
llama_generalist_41_b6,llama_generalist,llama,generalist,6,public perception of DC and readiness to 'champion' installations from DC projects,zeroshot,41
llama_generalist_41_b11,llama_generalist,llama,generalist,11,high costs of DC solutions,zeroshot,41
llama_normative_41_b3,llama_normative,llama,normative,3,lack of use-cases in which DC is advantageous,zeroshot,41
llama_normative_41_b4,llama_normative,llama,normative,4,"uncertain utility interaction (net metering, utility ownership, and agreed standards)",zeroshot,41
llama_normative_41_b7,llama_normative,llama,normative,7,incompatibility of DC systems components,zeroshot,41
llama_normative_41_b6,llama_normative,llama,normative,6,public perception of DC and readiness to 'champion' installations from DC projects,zeroshot,41
llama_normative_41_b9,llama_normative,llama,normative,9,lack of enough trained personnel in DC systems,zeroshot,41
llama_subject-matter_41_b1,llama_subject-matter,llama,subject-matter,1,"power losses, quality and safety issues",zeroshot,41
llama_subject-matter_41_b3,llama_subject-matter,llama,subject-matter,3,lack of use-cases in which DC is advantageous,zeroshot,41
llama_subject-matter_41_b4,llama_subject-matter,llama,subject-matter,4,"uncertain utility interaction (net metering, utility ownership, and agreed standards)",zeroshot,41
llama_subject-matter_41_b5,llama_subject-matter,llama,subject-matter,5,lack of pilot projects,zeroshot,41
llama_subject-matter_41_b6,llama_subject-matter,llama,subject-matter,6,public perception of DC and readiness to 'champion' installations from DC projects,zeroshot,41
mistral_generalist_41_b1,mistral_generalist,mistral,generalist,1,"power losses, quality and safety issues",zeroshot,41
mistral_generalist_41_b4,mistral_generalist,mistral,generalist,4,"uncertain utility interaction (net metering, utility ownership, and agreed standards)",zeroshot,41
mistral_generalist_41_b5,mistral_generalist,mistral,generalist,5,lack of pilot projects,zeroshot,41
mistral_generalist_41_b7,mistral_generalist,mistral,generalist,7,incompatibility of DC systems components,zeroshot,41
mistral_generalist_41_b11,mistral_generalist,mistral,generalist,11,high costs of DC solutions,zeroshot,41
mistral_normative_41_b1,mistral_normative,mistral,normative,1,"power losses, quality and safety issues",zeroshot,41
mistral_normative_41_b2,mistral_normative,mistral,normative,2,reduced reliability in DC devices,zeroshot,41
mistral_normative_41_b5,mistral_normative,mistral,normative,5,lack of pilot projects,zeroshot,41
mistral_normative_41_b4,mistral_normative,mistral,normative,4,"uncertain utility interaction (net metering, utility ownership, and agreed standards)",zeroshot,41
mistral_normative_41_b11,mistral_normative,mistral,normative,11,high costs of DC solutions,zeroshot,41
mistral_subject-matter_41_b1,mistral_subject-matter,mistral,subject-matter,1,"power losses, quality and safety issues",zeroshot,41
mistral_subject-matter_41_b2,mistral_subject-matter,mistral,subject-matter,2,reduced reliability in DC devices,zeroshot,41
mistral_subject-matter_41_b4,mistral_subject-matter,mistral,subject-matter,4,"uncertain utility interaction (net metering, utility ownership, and agreed standards)",zeroshot,41
mistral_subject-matter_41_b5,mistral_subject-matter,mistral,subject-matter,5,lack of pilot projects,zeroshot,41
mistral_subject-matter_41_b9,mistral_subject-matter,mistral,subject-matter,9,lack of enough trained personnel in DC systems,zeroshot,41
phi4_generalist_42_b1,phi4_generalist,phi4,generalist,1,"power losses, quality and safety issues",zeroshot,42
phi4_generalist_42_b3,phi4_generalist,phi4,generalist,3,lack of use-cases in which DC is advantageous,zeroshot,42
phi4_generalist_42_b4,phi4_generalist,phi4,generalist,4,"uncertain utility interaction (net metering, utility ownership, and agreed standards)",zeroshot,42
phi4_generalist_42_b8,phi4_generalist,phi4,generalist,8,misconception and lack of knowledge leads to lengthy/expensive design and permit process,zeroshot,42
phi4_generalist_42_b10,phi4_generalist,phi4,generalist,10,uncertain regulatory roadmap,zeroshot,42
phi4_normative_42_b1,phi4_normative,phi4,normative,1,"power losses, quality and safety issues",zeroshot,42
phi4_normative_42_b3,phi4_normative,phi4,normative,3,lack of use-cases in which DC is advantageous,zeroshot,42
phi4_normative_42_b4,phi4_normative,phi4,normative,4,"uncertain utility interaction (net metering, utility ownership, and agreed standards)",zeroshot,42
phi4_normative_42_b8,phi4_normative,phi4,normative,8,misconception and lack of knowledge leads to lengthy/expensive design and permit process,zeroshot,42
phi4_normative_42_b10,phi4_normative,phi4,normative,10,uncertain regulatory roadmap,zeroshot,42
phi4_subject-matter_42_b1,phi4_subject-matter,phi4,subject-matter,1,"power losses, quality and safety issues",zeroshot,42
phi4_subject-matter_42_b2,phi4_subject-matter,phi4,subject-matter,2,reduced reliability in DC devices,zeroshot,42
phi4_subject-matter_42_b3,phi4_subject-matter,phi4,subject-matter,3,lack of use-cases in which DC is advantageous,zeroshot,42
phi4_subject-matter_42_b4,phi4_subject-matter,phi4,subject-matter,4,"uncertain utility interaction (net metering, utility ownership, and agreed standards)",zeroshot,42
phi4_subject-matter_42_b9,phi4_subject-matter,phi4,subject-matter,9,lack of enough trained personnel in DC systems,zeroshot,42
gemma3_generalist_42_b1,gemma3_generalist,gemma3,generalist,1,"power losses, quality and safety issues",zeroshot,42
gemma3_generalist_42_b5,gemma3_generalist,gemma3,generalist,5,lack of pilot projects,zeroshot,42
gemma3_generalist_42_b6,gemma3_generalist,gemma3,generalist,6,public perception of DC and readiness to 'champion' installations from DC projects,zeroshot,42
gemma3_generalist_42_b8,gemma3_generalist,gemma3,generalist,8,misconception and lack of knowledge leads to lengthy/expensive design and permit process,zeroshot,42
gemma3_generalist_42_b11,gemma3_generalist,gemma3,generalist,11,high costs of DC solutions,zeroshot,42
gemma3_normative_42_b1,gemma3_normative,gemma3,normative,1,"power losses, quality and safety issues",zeroshot,42
gemma3_normative_42_b4,gemma3_normative,gemma3,normative,4,"uncertain utility interaction (net metering, utility ownership, and agreed standards)",zeroshot,42
gemma3_normative_42_b6,gemma3_normative,gemma3,normative,6,public perception of DC and readiness to 'champion' installations from DC projects,zeroshot,42
gemma3_normative_42_b8,gemma3_normative,gemma3,normative,8,misconception and lack of knowledge leads to lengthy/expensive design and permit process,zeroshot,42
gemma3_normative_42_b11,gemma3_normative,gemma3,normative,11,high costs of DC solutions,zeroshot,42
gemma3_subject-matter_42_b1,gemma3_subject-matter,gemma3,subject-matter,1,"power losses, quality and safety issues",zeroshot,42
gemma3_subject-matter_42_b5,gemma3_subject-matter,gemma3,subject-matter,5,lack of pilot projects,zeroshot,42
gemma3_subject-matter_42_b6,gemma3_subject-matter,gemma3,subject-matter,6,public perception of DC and readiness to 'champion' installations from DC projects,zeroshot,42
gemma3_subject-matter_42_b9,gemma3_subject-matter,gemma3,subject-matter,9,lack of enough trained personnel in DC systems,zeroshot,42
gemma3_subject-matter_42_b11,gemma3_subject-matter,gemma3,subject-matter,11,high costs of DC solutions,zeroshot,42
llama_generalist_42_b1,llama_generalist,llama,generalist,1,"power losses, quality and safety issues",zeroshot,42
llama_generalist_42_b3,llama_generalist,llama,generalist,3,lack of use-cases in which DC is advantageous,zeroshot,42
llama_generalist_42_b4,llama_generalist,llama,generalist,4,"uncertain utility interaction (net metering, utility ownership, and agreed standards)",zeroshot,42
llama_generalist_42_b7,llama_generalist,llama,generalist,7,incompatibility of DC systems components,zeroshot,42
llama_generalist_42_b11,llama_generalist,llama,generalist,11,high costs of DC solutions,zeroshot,42
llama_normative_42_b1,llama_normative,llama,normative,1,"power losses, quality and safety issues",zeroshot,42
llama_normative_42_b2,llama_normative,llama,normative,2,reduced reliability in DC devices,zeroshot,42
llama_normative_42_b3,llama_normative,llama,normative,3,lack of use-cases in which DC is advantageous,zeroshot,42
llama_normative_42_b4,llama_normative,llama,normative,4,"uncertain utility interaction (net metering, utility ownership, and agreed standards)",zeroshot,42
llama_normative_42_b5,llama_normative,llama,normative,5,lack of pilot projects,zeroshot,42
llama_subject-matter_42_b1,llama_subject-matter,llama,subject-matter,1,"power losses, quality and safety issues",zeroshot,42
llama_subject-matter_42_b3,llama_subject-matter,llama,subject-matter,3,lack of use-cases in which DC is advantageous,zeroshot,42
llama_subject-matter_42_b4,llama_subject-matter,llama,subject-matter,4,"uncertain utility interaction (net metering, utility ownership, and agreed standards)",zeroshot,42
llama_subject-matter_42_b5,llama_subject-matter,llama,subject-matter,5,lack of pilot projects,zeroshot,42
llama_subject-matter_42_b6,llama_subject-matter,llama,subject-matter,6,public perception of DC and readiness to 'champion' installations from DC projects,zeroshot,42
mistral_generalist_42_b1,mistral_generalist,mistral,generalist,1,"power losses, quality and safety issues",zeroshot,42
mistral_generalist_42_b2,mistral_generalist,mistral,generalist,2,reduced reliability in DC devices,zeroshot,42
mistral_generalist_42_b4,mistral_generalist,mistral,generalist,4,"uncertain utility interaction (net metering, utility ownership, and agreed standards)",zeroshot,42
mistral_generalist_42_b5,mistral_generalist,mistral,generalist,5,lack of pilot projects,zeroshot,42
mistral_generalist_42_b9,mistral_generalist,mistral,generalist,9,lack of enough trained personnel in DC systems,zeroshot,42
mistral_normative_42_b1,mistral_normative,mistral,normative,1,"power losses, quality and safety issues",zeroshot,42
mistral_normative_42_b4,mistral_normative,mistral,normative,4,"uncertain utility interaction (net metering, utility ownership, and agreed standards)",zeroshot,42
mistral_normative_42_b5,mistral_normative,mistral,normative,5,lack of pilot projects,zeroshot,42
mistral_normative_42_b7,mistral_normative,mistral,normative,7,incompatibility of DC systems components,zeroshot,42
mistral_normative_42_b11,mistral_normative,mistral,normative,11,high costs of DC solutions,zeroshot,42
mistral_subject-matter_42_b1,mistral_subject-matter,mistral,subject-matter,1,"power losses, quality and safety issues",zeroshot,42
mistral_subject-matter_42_b2,mistral_subject-matter,mistral,subject-matter,2,reduced reliability in DC devices,zeroshot,42
mistral_subject-matter_42_b4,mistral_subject-matter,mistral,subject-matter,4,"uncertain utility interaction (net metering, utility ownership, and agreed standards)",zeroshot,42
mistral_subject-matter_42_b5,mistral_subject-matter,mistral,subject-matter,5,lack of pilot projects,zeroshot,42
mistral_subject-matter_42_b9,mistral_subject-matter,mistral,subject-matter,9,lack of enough trained personnel in DC systems,zeroshot,42
phi4_generalist_43_b1,phi4_generalist,phi4,generalist,1,"power losses, quality and safety issues",zeroshot,43
phi4_generalist_43_b2,phi4_generalist,phi4,generalist,2,reduced reliability in DC devices,zeroshot,43
phi4_generalist_43_b3,phi4_generalist,phi4,generalist,3,lack of use-cases in which DC is advantageous,zeroshot,43
phi4_generalist_43_b8,phi4_generalist,phi4,generalist,8,misconception and lack of knowledge leads to lengthy/expensive design and permit process,zeroshot,43
phi4_generalist_43_b10,phi4_generalist,phi4,generalist,10,uncertain regulatory roadmap,zeroshot,43
phi4_normative_43_b1,phi4_normative,phi4,normative,1,"power losses, quality and safety issues",zeroshot,43
phi4_normative_43_b3,phi4_normative,phi4,normative,3,lack of use-cases in which DC is advantageous,zeroshot,43
phi4_normative_43_b4,phi4_normative,phi4,normative,4,"uncertain utility interaction (net metering, utility ownership, and agreed standards)",zeroshot,43
phi4_normative_43_b8,phi4_normative,phi4,normative,8,misconception and lack of knowledge leads to lengthy/expensive design and permit process,zeroshot,43
phi4_normative_43_b10,phi4_normative,phi4,normative,10,uncertain regulatory roadmap,zeroshot,43
phi4_subject-matter_43_b1,phi4_subject-matter,phi4,subject-matter,1,"power losses, quality and safety issues",zeroshot,43
phi4_subject-matter_43_b4,phi4_subject-matter,phi4,subject-matter,4,"uncertain utility interaction (net metering, utility ownership, and agreed standards)",zeroshot,43
phi4_subject-matter_43_b5,phi4_subject-matter,phi4,subject-matter,5,lack of pilot projects,zeroshot,43
phi4_subject-matter_43_b9,phi4_subject-matter,phi4,subject-matter,9,lack of enough trained personnel in DC systems,zeroshot,43
phi4_subject-matter_43_b10,phi4_subject-matter,phi4,subject-matter,10,uncertain regulatory roadmap,zeroshot,43
gemma3_generalist_43_b1,gemma3_generalist,gemma3,generalist,1,"power losses, quality and safety issues",zeroshot,43
gemma3_generalist_43_b5,gemma3_generalist,gemma3,generalist,5,lack of pilot projects,zeroshot,43
gemma3_generalist_43_b6,gemma3_generalist,gemma3,generalist,6,public perception of DC and readiness to 'champion' installations from DC projects,zeroshot,43
gemma3_generalist_43_b8,gemma3_generalist,gemma3,generalist,8,misconception and lack of knowledge leads to lengthy/expensive design and permit process,zeroshot,43
gemma3_generalist_43_b11,gemma3_generalist,gemma3,generalist,11,high costs of DC solutions,zeroshot,43
gemma3_normative_43_b1,gemma3_normative,gemma3,normative,1,"power losses, quality and safety issues",zeroshot,43
gemma3_normative_43_b4,gemma3_normative,gemma3,normative,4,"uncertain utility interaction (net metering, utility ownership, and agreed standards)",zeroshot,43
gemma3_normative_43_b8,gemma3_normative,gemma3,normative,8,misconception and lack of knowledge leads to lengthy/expensive design and permit process,zeroshot,43
gemma3_normative_43_b9,gemma3_normative,gemma3,normative,9,lack of enough trained personnel in DC systems,zeroshot,43
gemma3_normative_43_b11,gemma3_normative,gemma3,normative,11,high costs of DC solutions,zeroshot,43
gemma3_subject-matter_43_b1,gemma3_subject-matter,gemma3,subject-matter,1,"power losses, quality and safety issues",zeroshot,43
gemma3_subject-matter_43_b4,gemma3_subject-matter,gemma3,subject-matter,4,"uncertain utility interaction (net metering, utility ownership, and agreed standards)",zeroshot,43
gemma3_subject-matter_43_b7,gemma3_subject-matter,gemma3,subject-matter,7,incompatibility of DC systems components,zeroshot,43
gemma3_subject-matter_43_b8,gemma3_subject-matter,gemma3,subject-matter,8,misconception and lack of knowledge leads to lengthy/expensive design and permit process,zeroshot,43
gemma3_subject-matter_43_b11,gemma3_subject-matter,gemma3,subject-matter,11,high costs of DC solutions,zeroshot,43
llama_generalist_43_b1,llama_generalist,llama,generalist,1,"power losses, quality and safety issues",zeroshot,43
llama_generalist_43_b3,llama_generalist,llama,generalist,3,lack of use-cases in which DC is advantageous,zeroshot,43
llama_generalist_43_b4,llama_generalist,llama,generalist,4,"uncertain utility interaction (net metering, utility ownership, and agreed standards)",zeroshot,43
llama_generalist_43_b7,llama_generalist,llama,generalist,7,incompatibility of DC systems components,zeroshot,43
llama_generalist_43_b6,llama_generalist,llama,generalist,6,public perception of DC and readiness to 'champion' installations from DC projects,zeroshot,43
llama_normative_43_b1,llama_normative,llama,normative,1,"power losses, quality and safety issues",zeroshot,43
llama_normative_43_b2,llama_normative,llama,normative,2,reduced reliability in DC devices,zeroshot,43
llama_normative_43_b3,llama_normative,llama,normative,3,lack of use-cases in which DC is advantageous,zeroshot,43
llama_normative_43_b4,llama_normative,llama,normative,4,"uncertain utility interaction (net metering, utility ownership, and agreed standards)",zeroshot,43
llama_normative_43_b5,llama_normative,llama,normative,5,lack of pilot projects,zeroshot,43
llama_subject-matter_43_b1,llama_subject-matter,llama,subject-matter,1,"power losses, quality and safety issues",zeroshot,43
llama_subject-matter_43_b4,llama_subject-matter,llama,subject-matter,4,"uncertain utility interaction (net metering, utility ownership, and agreed standards)",zeroshot,43
llama_subject-matter_43_b3,llama_subject-matter,llama,subject-matter,3,lack of use-cases in which DC is advantageous,zeroshot,43
llama_subject-matter_43_b7,llama_subject-matter,llama,subject-matter,7,incompatibility of DC systems components,zeroshot,43
llama_subject-matter_43_b8,llama_subject-matter,llama,subject-matter,8,misconception and lack of knowledge leads to lengthy/expensive design and permit process,zeroshot,43
mistral_generalist_43_b1,mistral_generalist,mistral,generalist,1,"power losses, quality and safety issues",zeroshot,43
mistral_generalist_43_b4,mistral_generalist,mistral,generalist,4,"uncertain utility interaction (net metering, utility ownership, and agreed standards)",zeroshot,43
mistral_generalist_43_b5,mistral_generalist,mistral,generalist,5,lack of pilot projects,zeroshot,43
mistral_generalist_43_b7,mistral_generalist,mistral,generalist,7,incompatibility of DC systems components,zeroshot,43
mistral_generalist_43_b9,mistral_generalist,mistral,generalist,9,lack of enough trained personnel in DC systems,zeroshot,43
mistral_normative_43_b1,mistral_normative,mistral,normative,1,"power losses, quality and safety issues",zeroshot,43
mistral_normative_43_b2,mistral_normative,mistral,normative,2,reduced reliability in DC devices,zeroshot,43
mistral_normative_43_b4,mistral_normative,mistral,normative,4,"uncertain utility interaction (net metering, utility ownership, and agreed standards)",zeroshot,43
mistral_normative_43_b5,mistral_normative,mistral,normative,5,lack of pilot projects,zeroshot,43
mistral_normative_43_b11,mistral_normative,mistral,normative,11,high costs of DC solutions,zeroshot,43
mistral_subject-matter_43_b1,mistral_subject-matter,mistral,subject-matter,1,"power losses, quality and safety issues",zeroshot,43
mistral_subject-matter_43_b4,mistral_subject-matter,mistral,subject-matter,4,"uncertain utility interaction (net metering, utility ownership, and agreed standards)",zeroshot,43
mistral_subject-matter_43_b5,mistral_subject-matter,mistral,subject-matter,5,lack of pilot projects,zeroshot,43
mistral_subject-matter_43_b8,mistral_subject-matter,mistral,subject-matter,8,misconception and lack of knowledge leads to lengthy/expensive design and permit process,zeroshot,43
mistral_subject-matter_43_b9,mistral_subject-matter,mistral,subject-matter,9,lack of enough trained personnel in DC systems,zeroshot,43
phi4_generalist_44_b1,phi4_generalist,phi4,generalist,1,"power losses, quality and safety issues",zeroshot,44
phi4_generalist_44_b2,phi4_generalist,phi4,generalist,2,reduced reliability in DC devices,zeroshot,44
phi4_generalist_44_b3,phi4_generalist,phi4,generalist,3,lack of use-cases in which DC is advantageous,zeroshot,44
phi4_generalist_44_b4,phi4_generalist,phi4,generalist,4,"uncertain utility interaction (net metering, utility ownership, and agreed standards)",zeroshot,44
phi4_generalist_44_b9,phi4_generalist,phi4,generalist,9,lack of enough trained personnel in DC systems,zeroshot,44
phi4_normative_44_b1,phi4_normative,phi4,normative,1,"power losses, quality and safety issues",zeroshot,44
phi4_normative_44_b2,phi4_normative,phi4,normative,2,reduced reliability in DC devices,zeroshot,44
phi4_normative_44_b4,phi4_normative,phi4,normative,4,"uncertain utility interaction (net metering, utility ownership, and agreed standards)",zeroshot,44
phi4_normative_44_b6,phi4_normative,phi4,normative,6,public perception of DC and readiness to 'champion' installations from DC projects,zeroshot,44
phi4_normative_44_b10,phi4_normative,phi4,normative,10,uncertain regulatory roadmap,zeroshot,44
phi4_subject-matter_44_b1,phi4_subject-matter,phi4,subject-matter,1,"power losses, quality and safety issues",zeroshot,44
phi4_subject-matter_44_b4,phi4_subject-matter,phi4,subject-matter,4,"uncertain utility interaction (net metering, utility ownership, and agreed standards)",zeroshot,44
phi4_subject-matter_44_b5,phi4_subject-matter,phi4,subject-matter,5,lack of pilot projects,zeroshot,44
phi4_subject-matter_44_b9,phi4_subject-matter,phi4,subject-matter,9,lack of enough trained personnel in DC systems,zeroshot,44
phi4_subject-matter_44_b10,phi4_subject-matter,phi4,subject-matter,10,uncertain regulatory roadmap,zeroshot,44
gemma3_generalist_44_b1,gemma3_generalist,gemma3,generalist,1,"power losses, quality and safety issues",zeroshot,44
gemma3_generalist_44_b5,gemma3_generalist,gemma3,generalist,5,lack of pilot projects,zeroshot,44
gemma3_generalist_44_b6,gemma3_generalist,gemma3,generalist,6,public perception of DC and readiness to 'champion' installations from DC projects,zeroshot,44
gemma3_generalist_44_b8,gemma3_generalist,gemma3,generalist,8,misconception and lack of knowledge leads to lengthy/expensive design and permit process,zeroshot,44
gemma3_generalist_44_b11,gemma3_generalist,gemma3,generalist,11,high costs of DC solutions,zeroshot,44
gemma3_normative_44_b1,gemma3_normative,gemma3,normative,1,"power losses, quality and safety issues",zeroshot,44
gemma3_normative_44_b4,gemma3_normative,gemma3,normative,4,"uncertain utility interaction (net metering, utility ownership, and agreed standards)",zeroshot,44
gemma3_normative_44_b8,gemma3_normative,gemma3,normative,8,misconception and lack of knowledge leads to lengthy/expensive design and permit process,zeroshot,44
gemma3_normative_44_b9,gemma3_normative,gemma3,normative,9,lack of enough trained personnel in DC systems,zeroshot,44
gemma3_normative_44_b11,gemma3_normative,gemma3,normative,11,high costs of DC solutions,zeroshot,44
gemma3_subject-matter_44_b1,gemma3_subject-matter,gemma3,subject-matter,1,"power losses, quality and safety issues",zeroshot,44
gemma3_subject-matter_44_b4,gemma3_subject-matter,gemma3,subject-matter,4,"uncertain utility interaction (net metering, utility ownership, and agreed standards)",zeroshot,44
gemma3_subject-matter_44_b8,gemma3_subject-matter,gemma3,subject-matter,8,misconception and lack of knowledge leads to lengthy/expensive design and permit process,zeroshot,44
gemma3_subject-matter_44_b9,gemma3_subject-matter,gemma3,subject-matter,9,lack of enough trained personnel in DC systems,zeroshot,44
gemma3_subject-matter_44_b11,gemma3_subject-matter,gemma3,subject-matter,11,high costs of DC solutions,zeroshot,44
llama_generalist_44_b1,llama_generalist,llama,generalist,1,"power losses, quality and safety issues",zeroshot,44
llama_generalist_44_b2,llama_generalist,llama,generalist,2,reduced reliability in DC devices,zeroshot,44
llama_generalist_44_b3,llama_generalist,llama,generalist,3,lack of use-cases in which DC is advantageous,zeroshot,44
llama_generalist_44_b4,llama_generalist,llama,generalist,4,"uncertain utility interaction (net metering, utility ownership, and agreed standards)",zeroshot,44
llama_generalist_44_b5,llama_generalist,llama,generalist,5,lack of pilot projects,zeroshot,44
llama_normative_44_b1,llama_normative,llama,normative,1,"power losses, quality and safety issues",zeroshot,44
llama_normative_44_b2,llama_normative,llama,normative,2,reduced reliability in DC devices,zeroshot,44
llama_normative_44_b3,llama_normative,llama,normative,3,lack of use-cases in which DC is advantageous,zeroshot,44
llama_normative_44_b4,llama_normative,llama,normative,4,"uncertain utility interaction (net metering, utility ownership, and agreed standards)",zeroshot,44
llama_normative_44_b5,llama_normative,llama,normative,5,lack of pilot projects,zeroshot,44
llama_subject-matter_44_b1,llama_subject-matter,llama,subject-matter,1,"power losses, quality and safety issues",zeroshot,44
llama_subject-matter_44_b2,llama_subject-matter,llama,subject-matter,2,reduced reliability in DC devices,zeroshot,44
llama_subject-matter_44_b3,llama_subject-matter,llama,subject-matter,3,lack of use-cases in which DC is advantageous,zeroshot,44
llama_subject-matter_44_b4,llama_subject-matter,llama,subject-matter,4,"uncertain utility interaction (net metering, utility ownership, and agreed standards)",zeroshot,44
llama_subject-matter_44_b5,llama_subject-matter,llama,subject-matter,5,lack of pilot projects,zeroshot,44
mistral_generalist_44_b1,mistral_generalist,mistral,generalist,1,"power losses, quality and safety issues",zeroshot,44
mistral_generalist_44_b4,mistral_generalist,mistral,generalist,4,"uncertain utility interaction (net metering, utility ownership, and agreed standards)",zeroshot,44
mistral_generalist_44_b5,mistral_generalist,mistral,generalist,5,lack of pilot projects,zeroshot,44
mistral_generalist_44_b8,mistral_generalist,mistral,generalist,8,misconception and lack of knowledge leads to lengthy/expensive design and permit process,zeroshot,44
mistral_generalist_44_b9,mistral_generalist,mistral,generalist,9,lack of enough trained personnel in DC systems,zeroshot,44
mistral_normative_44_b1,mistral_normative,mistral,normative,1,"power losses, quality and safety issues",zeroshot,44
mistral_normative_44_b2,mistral_normative,mistral,normative,2,reduced reliability in DC devices,zeroshot,44
mistral_normative_44_b4,mistral_normative,mistral,normative,4,"uncertain utility interaction (net metering, utility ownership, and agreed standards)",zeroshot,44
mistral_normative_44_b5,mistral_normative,mistral,normative,5,lack of pilot projects,zeroshot,44
mistral_normative_44_b9,mistral_normative,mistral,normative,9,lack of enough trained personnel in DC systems,zeroshot,44
mistral_subject-matter_44_b1,mistral_subject-matter,mistral,subject-matter,1,"power losses, quality and safety issues",zeroshot,44
mistral_subject-matter_44_b2,mistral_subject-matter,mistral,subject-matter,2,reduced reliability in DC devices,zeroshot,44
mistral_subject-matter_44_b4,mistral_subject-matter,mistral,subject-matter,4,"uncertain utility interaction (net metering, utility ownership, and agreed standards)",zeroshot,44
mistral_subject-matter_44_b5,mistral_subject-matter,mistral,subject-matter,5,lack of pilot projects,zeroshot,44
mistral_subject-matter_44_b10,mistral_subject-matter,mistral,subject-matter,10,uncertain regulatory roadmap,zeroshot,44
phi4_generalist_45_b1,phi4_generalist,phi4,generalist,1,"power losses, quality and safety issues",zeroshot,45
phi4_generalist_45_b3,phi4_generalist,phi4,generalist,3,lack of use-cases in which DC is advantageous,zeroshot,45
phi4_generalist_45_b4,phi4_generalist,phi4,generalist,4,"uncertain utility interaction (net metering, utility ownership, and agreed standards)",zeroshot,45
phi4_generalist_45_b8,phi4_generalist,phi4,generalist,8,misconception and lack of knowledge leads to lengthy/expensive design and permit process,zeroshot,45
phi4_generalist_45_b10,phi4_generalist,phi4,generalist,10,uncertain regulatory roadmap,zeroshot,45
phi4_normative_45_b1,phi4_normative,phi4,normative,1,"power losses, quality and safety issues",zeroshot,45
phi4_normative_45_b4,phi4_normative,phi4,normative,4,"uncertain utility interaction (net metering, utility ownership, and agreed standards)",zeroshot,45
phi4_normative_45_b6,phi4_normative,phi4,normative,6,public perception of DC and readiness to 'champion' installations from DC projects,zeroshot,45
phi4_normative_45_b8,phi4_normative,phi4,normative,8,misconception and lack of knowledge leads to lengthy/expensive design and permit process,zeroshot,45
phi4_normative_45_b10,phi4_normative,phi4,normative,10,uncertain regulatory roadmap,zeroshot,45
phi4_subject-matter_45_b1,phi4_subject-matter,phi4,subject-matter,1,"power losses, quality and safety issues",zeroshot,45
phi4_subject-matter_45_b4,phi4_subject-matter,phi4,subject-matter,4,"uncertain utility interaction (net metering, utility ownership, and agreed standards)",zeroshot,45
phi4_subject-matter_45_b5,phi4_subject-matter,phi4,subject-matter,5,lack of pilot projects,zeroshot,45
phi4_subject-matter_45_b9,phi4_subject-matter,phi4,subject-matter,9,lack of enough trained personnel in DC systems,zeroshot,45
phi4_subject-matter_45_b10,phi4_subject-matter,phi4,subject-matter,10,uncertain regulatory roadmap,zeroshot,45
gemma3_generalist_45_b1,gemma3_generalist,gemma3,generalist,1,"power losses, quality and safety issues",zeroshot,45
gemma3_generalist_45_b5,gemma3_generalist,gemma3,generalist,5,lack of pilot projects,zeroshot,45
gemma3_generalist_45_b6,gemma3_generalist,gemma3,generalist,6,public perception of DC and readiness to 'champion' installations from DC projects,zeroshot,45
gemma3_generalist_45_b8,gemma3_generalist,gemma3,generalist,8,misconception and lack of knowledge leads to lengthy/expensive design and permit process,zeroshot,45
gemma3_generalist_45_b11,gemma3_generalist,gemma3,generalist,11,high costs of DC solutions,zeroshot,45
gemma3_normative_45_b1,gemma3_normative,gemma3,normative,1,"power losses, quality and safety issues",zeroshot,45
gemma3_normative_45_b4,gemma3_normative,gemma3,normative,4,"uncertain utility interaction (net metering, utility ownership, and agreed standards)",zeroshot,45
gemma3_normative_45_b6,gemma3_normative,gemma3,normative,6,public perception of DC and readiness to 'champion' installations from DC projects,zeroshot,45
gemma3_normative_45_b8,gemma3_normative,gemma3,normative,8,misconception and lack of knowledge leads to lengthy/expensive design and permit process,zeroshot,45
gemma3_normative_45_b11,gemma3_normative,gemma3,normative,11,high costs of DC solutions,zeroshot,45
gemma3_subject-matter_45_b1,gemma3_subject-matter,gemma3,subject-matter,1,"power losses, quality and safety issues",zeroshot,45
gemma3_subject-matter_45_b5,gemma3_subject-matter,gemma3,subject-matter,5,lack of pilot projects,zeroshot,45
gemma3_subject-matter_45_b4,gemma3_subject-matter,gemma3,subject-matter,4,"uncertain utility interaction (net metering, utility ownership, and agreed standards)",zeroshot,45
gemma3_subject-matter_45_b8,gemma3_subject-matter,gemma3,subject-matter,8,misconception and lack of knowledge leads to lengthy/expensive design and permit process,zeroshot,45
gemma3_subject-matter_45_b11,gemma3_subject-matter,gemma3,subject-matter,11,high costs of DC solutions,zeroshot,45
llama_generalist_45_b1,llama_generalist,llama,generalist,1,"power losses, quality and safety issues",zeroshot,45
llama_generalist_45_b3,llama_generalist,llama,generalist,3,lack of use-cases in which DC is advantageous,zeroshot,45
llama_generalist_45_b4,llama_generalist,llama,generalist,4,"uncertain utility interaction (net metering, utility ownership, and agreed standards)",zeroshot,45
llama_generalist_45_b11,llama_generalist,llama,generalist,11,high costs of DC solutions,zeroshot,45
llama_generalist_45_b7,llama_generalist,llama,generalist,7,incompatibility of DC systems components,zeroshot,45
llama_normative_45_b1,llama_normative,llama,normative,1,"power losses, quality and safety issues",zeroshot,45
llama_normative_45_b2,llama_normative,llama,normative,2,reduced reliability in DC devices,zeroshot,45
llama_normative_45_b3,llama_normative,llama,normative,3,lack of use-cases in which DC is advantageous,zeroshot,45
llama_normative_45_b4,llama_normative,llama,normative,4,"uncertain utility interaction (net metering, utility ownership, and agreed standards)",zeroshot,45
llama_normative_45_b5,llama_normative,llama,normative,5,lack of pilot projects,zeroshot,45
llama_subject-matter_45_b1,llama_subject-matter,llama,subject-matter,1,"power losses, quality and safety issues",zeroshot,45
llama_subject-matter_45_b3,llama_subject-matter,llama,subject-matter,3,lack of use-cases in which DC is advantageous,zeroshot,45
llama_subject-matter_45_b4,llama_subject-matter,llama,subject-matter,4,"uncertain utility interaction (net metering, utility ownership, and agreed standards)",zeroshot,45
llama_subject-matter_45_b5,llama_subject-matter,llama,subject-matter,5,lack of pilot projects,zeroshot,45
llama_subject-matter_45_b6,llama_subject-matter,llama,subject-matter,6,public perception of DC and readiness to 'champion' installations from DC projects,zeroshot,45
mistral_generalist_45_b1,mistral_generalist,mistral,generalist,1,"power losses, quality and safety issues",zeroshot,45
mistral_generalist_45_b4,mistral_generalist,mistral,generalist,4,"uncertain utility interaction (net metering, utility ownership, and agreed standards)",zeroshot,45
mistral_generalist_45_b5,mistral_generalist,mistral,generalist,5,lack of pilot projects,zeroshot,45
mistral_generalist_45_b7,mistral_generalist,mistral,generalist,7,incompatibility of DC systems components,zeroshot,45
mistral_generalist_45_b8,mistral_generalist,mistral,generalist,8,misconception and lack of knowledge leads to lengthy/expensive design and permit process,zeroshot,45
mistral_normative_45_b1,mistral_normative,mistral,normative,1,"power losses, quality and safety issues",zeroshot,45
mistral_normative_45_b2,mistral_normative,mistral,normative,2,reduced reliability in DC devices,zeroshot,45
mistral_normative_45_b4,mistral_normative,mistral,normative,4,"uncertain utility interaction (net metering, utility ownership, and agreed standards)",zeroshot,45
mistral_normative_45_b5,mistral_normative,mistral,normative,5,lack of pilot projects,zeroshot,45
mistral_normative_45_b11,mistral_normative,mistral,normative,11,high costs of DC solutions,zeroshot,45
mistral_subject-matter_45_b1,mistral_subject-matter,mistral,subject-matter,1,"power losses, quality and safety issues",zeroshot,45
mistral_subject-matter_45_b2,mistral_subject-matter,mistral,subject-matter,2,reduced reliability in DC devices,zeroshot,45
mistral_subject-matter_45_b4,mistral_subject-matter,mistral,subject-matter,4,"uncertain utility interaction (net metering, utility ownership, and agreed standards)",zeroshot,45
mistral_subject-matter_45_b5,mistral_subject-matter,mistral,subject-matter,5,lack of pilot projects,zeroshot,45
mistral_subject-matter_45_b11,mistral_subject-matter,mistral,subject-matter,11,high costs of DC solutions,zeroshot,45
phi4_generalist_46_b1,phi4_generalist,phi4,generalist,1,"power losses, quality and safety issues",zeroshot,46
phi4_generalist_46_b4,phi4_generalist,phi4,generalist,4,"uncertain utility interaction (net metering, utility ownership, and agreed standards)",zeroshot,46
phi4_generalist_46_b5,phi4_generalist,phi4,generalist,5,lack of pilot projects,zeroshot,46
phi4_generalist_46_b9,phi4_generalist,phi4,generalist,9,lack of enough trained personnel in DC systems,zeroshot,46
phi4_generalist_46_b10,phi4_generalist,phi4,generalist,10,uncertain regulatory roadmap,zeroshot,46
phi4_normative_46_b1,phi4_normative,phi4,normative,1,"power losses, quality and safety issues",zeroshot,46
phi4_normative_46_b2,phi4_normative,phi4,normative,2,reduced reliability in DC devices,zeroshot,46
phi4_normative_46_b4,phi4_normative,phi4,normative,4,"uncertain utility interaction (net metering, utility ownership, and agreed standards)",zeroshot,46
phi4_normative_46_b6,phi4_normative,phi4,normative,6,public perception of DC and readiness to 'champion' installations from DC projects,zeroshot,46
phi4_normative_46_b10,phi4_normative,phi4,normative,10,uncertain regulatory roadmap,zeroshot,46
phi4_subject-matter_46_b1,phi4_subject-matter,phi4,subject-matter,1,"power losses, quality and safety issues",zeroshot,46
phi4_subject-matter_46_b2,phi4_subject-matter,phi4,subject-matter,2,reduced reliability in DC devices,zeroshot,46
phi4_subject-matter_46_b4,phi4_subject-matter,phi4,subject-matter,4,"uncertain utility interaction (net metering, utility ownership, and agreed standards)",zeroshot,46
phi4_subject-matter_46_b5,phi4_subject-matter,phi4,subject-matter,5,lack of pilot projects,zeroshot,46
phi4_subject-matter_46_b9,phi4_subject-matter,phi4,subject-matter,9,lack of enough trained personnel in DC systems,zeroshot,46
gemma3_generalist_46_b1,gemma3_generalist,gemma3,generalist,1,"power losses, quality and safety issues",zeroshot,46
gemma3_generalist_46_b5,gemma3_generalist,gemma3,generalist,5,lack of pilot projects,zeroshot,46
gemma3_generalist_46_b6,gemma3_generalist,gemma3,generalist,6,public perception of DC and readiness to 'champion' installations from DC projects,zeroshot,46
gemma3_generalist_46_b8,gemma3_generalist,gemma3,generalist,8,misconception and lack of knowledge leads to lengthy/expensive design and permit process,zeroshot,46
gemma3_generalist_46_b11,gemma3_generalist,gemma3,generalist,11,high costs of DC solutions,zeroshot,46
gemma3_normative_46_b1,gemma3_normative,gemma3,normative,1,"power losses, quality and safety issues",zeroshot,46
gemma3_normative_46_b4,gemma3_normative,gemma3,normative,4,"uncertain utility interaction (net metering, utility ownership, and agreed standards)",zeroshot,46
gemma3_normative_46_b8,gemma3_normative,gemma3,normative,8,misconception and lack of knowledge leads to lengthy/expensive design and permit process,zeroshot,46
gemma3_normative_46_b9,gemma3_normative,gemma3,normative,9,lack of enough trained personnel in DC systems,zeroshot,46
gemma3_normative_46_b11,gemma3_normative,gemma3,normative,11,high costs of DC solutions,zeroshot,46
gemma3_subject-matter_46_b1,gemma3_subject-matter,gemma3,subject-matter,1,"power losses, quality and safety issues",zeroshot,46
gemma3_subject-matter_46_b5,gemma3_subject-matter,gemma3,subject-matter,5,lack of pilot projects,zeroshot,46
gemma3_subject-matter_46_b6,gemma3_subject-matter,gemma3,subject-matter,6,public perception of DC and readiness to 'champion' installations from DC projects,zeroshot,46
gemma3_subject-matter_46_b9,gemma3_subject-matter,gemma3,subject-matter,9,lack of enough trained personnel in DC systems,zeroshot,46
gemma3_subject-matter_46_b10,gemma3_subject-matter,gemma3,subject-matter,10,uncertain regulatory roadmap,zeroshot,46
llama_generalist_46_b1,llama_generalist,llama,generalist,1,"power losses, quality and safety issues",zeroshot,46
llama_generalist_46_b2,llama_generalist,llama,generalist,2,reduced reliability in DC devices,zeroshot,46
llama_generalist_46_b3,llama_generalist,llama,generalist,3,lack of use-cases in which DC is advantageous,zeroshot,46
llama_generalist_46_b4,llama_generalist,llama,generalist,4,"uncertain utility interaction (net metering, utility ownership, and agreed standards)",zeroshot,46
llama_generalist_46_b5,llama_generalist,llama,generalist,5,lack of pilot projects,zeroshot,46
llama_normative_46_b1,llama_normative,llama,normative,1,"power losses, quality and safety issues",zeroshot,46
llama_normative_46_b2,llama_normative,llama,normative,2,reduced reliability in DC devices,zeroshot,46
llama_normative_46_b3,llama_normative,llama,normative,3,lack of use-cases in which DC is advantageous,zeroshot,46
llama_normative_46_b4,llama_normative,llama,normative,4,"uncertain utility interaction (net metering, utility ownership, and agreed standards)",zeroshot,46
llama_normative_46_b5,llama_normative,llama,normative,5,lack of pilot projects,zeroshot,46
llama_subject-matter_46_b1,llama_subject-matter,llama,subject-matter,1,"power losses, quality and safety issues",zeroshot,46
llama_subject-matter_46_b2,llama_subject-matter,llama,subject-matter,2,reduced reliability in DC devices,zeroshot,46
llama_subject-matter_46_b3,llama_subject-matter,llama,subject-matter,3,lack of use-cases in which DC is advantageous,zeroshot,46
llama_subject-matter_46_b4,llama_subject-matter,llama,subject-matter,4,"uncertain utility interaction (net metering, utility ownership, and agreed standards)",zeroshot,46
llama_subject-matter_46_b5,llama_subject-matter,llama,subject-matter,5,lack of pilot projects,zeroshot,46
mistral_generalist_46_b1,mistral_generalist,mistral,generalist,1,"power losses, quality and safety issues",zeroshot,46
mistral_generalist_46_b2,mistral_generalist,mistral,generalist,2,reduced reliability in DC devices,zeroshot,46
mistral_generalist_46_b3,mistral_generalist,mistral,generalist,3,lack of use-cases in which DC is advantageous,zeroshot,46
mistral_generalist_46_b4,mistral_generalist,mistral,generalist,4,"uncertain utility interaction (net metering, utility ownership, and agreed standards)",zeroshot,46
mistral_generalist_46_b5,mistral_generalist,mistral,generalist,5,lack of pilot projects,zeroshot,46
mistral_normative_46_b1,mistral_normative,mistral,normative,1,"power losses, quality and safety issues",zeroshot,46
mistral_normative_46_b2,mistral_normative,mistral,normative,2,reduced reliability in DC devices,zeroshot,46
mistral_normative_46_b4,mistral_normative,mistral,normative,4,"uncertain utility interaction (net metering, utility ownership, and agreed standards)",zeroshot,46
mistral_normative_46_b5,mistral_normative,mistral,normative,5,lack of pilot projects,zeroshot,46
mistral_normative_46_b9,mistral_normative,mistral,normative,9,lack of enough trained personnel in DC systems,zeroshot,46
mistral_subject-matter_46_b1,mistral_subject-matter,mistral,subject-matter,1,"power losses, quality and safety issues",zeroshot,46
mistral_subject-matter_46_b2,mistral_subject-matter,mistral,subject-matter,2,reduced reliability in DC devices,zeroshot,46
mistral_subject-matter_46_b3,mistral_subject-matter,mistral,subject-matter,3,lack of use-cases in which DC is advantageous,zeroshot,46
mistral_subject-matter_46_b4,mistral_subject-matter,mistral,subject-matter,4,"uncertain utility interaction (net metering, utility ownership, and agreed standards)",zeroshot,46
mistral_subject-matter_46_b5,mistral_subject-matter,mistral,subject-matter,5,lack of pilot projects,zeroshot,46
phi4_generalist_47_b1,phi4_generalist,phi4,generalist,1,"power losses, quality and safety issues",zeroshot,47
phi4_generalist_47_b3,phi4_generalist,phi4,generalist,3,lack of use-cases in which DC is advantageous,zeroshot,47
phi4_generalist_47_b4,phi4_generalist,phi4,generalist,4,"uncertain utility interaction (net metering, utility ownership, and agreed standards)",zeroshot,47
phi4_generalist_47_b8,phi4_generalist,phi4,generalist,8,misconception and lack of knowledge leads to lengthy/expensive design and permit process,zeroshot,47
phi4_generalist_47_b10,phi4_generalist,phi4,generalist,10,uncertain regulatory roadmap,zeroshot,47
phi4_normative_47_b1,phi4_normative,phi4,normative,1,"power losses, quality and safety issues",zeroshot,47
phi4_normative_47_b3,phi4_normative,phi4,normative,3,lack of use-cases in which DC is advantageous,zeroshot,47
phi4_normative_47_b4,phi4_normative,phi4,normative,4,"uncertain utility interaction (net metering, utility ownership, and agreed standards)",zeroshot,47
phi4_normative_47_b8,phi4_normative,phi4,normative,8,misconception and lack of knowledge leads to lengthy/expensive design and permit process,zeroshot,47
phi4_normative_47_b10,phi4_normative,phi4,normative,10,uncertain regulatory roadmap,zeroshot,47
phi4_subject-matter_47_b1,phi4_subject-matter,phi4,subject-matter,1,"power losses, quality and safety issues",zeroshot,47
phi4_subject-matter_47_b2,phi4_subject-matter,phi4,subject-matter,2,reduced reliability in DC devices,zeroshot,47
phi4_subject-matter_47_b3,phi4_subject-matter,phi4,subject-matter,3,lack of use-cases in which DC is advantageous,zeroshot,47
phi4_subject-matter_47_b4,phi4_subject-matter,phi4,subject-matter,4,"uncertain utility interaction (net metering, utility ownership, and agreed standards)",zeroshot,47
phi4_subject-matter_47_b5,phi4_subject-matter,phi4,subject-matter,5,lack of pilot projects,zeroshot,47
gemma3_generalist_47_b1,gemma3_generalist,gemma3,generalist,1,"power losses, quality and safety issues",zeroshot,47
gemma3_generalist_47_b5,gemma3_generalist,gemma3,generalist,5,lack of pilot projects,zeroshot,47
gemma3_generalist_47_b6,gemma3_generalist,gemma3,generalist,6,public perception of DC and readiness to 'champion' installations from DC projects,zeroshot,47
gemma3_generalist_47_b9,gemma3_generalist,gemma3,generalist,9,lack of enough trained personnel in DC systems,zeroshot,47
gemma3_generalist_47_b11,gemma3_generalist,gemma3,generalist,11,high costs of DC solutions,zeroshot,47
gemma3_normative_47_b1,gemma3_normative,gemma3,normative,1,"power losses, quality and safety issues",zeroshot,47
gemma3_normative_47_b4,gemma3_normative,gemma3,normative,4,"uncertain utility interaction (net metering, utility ownership, and agreed standards)",zeroshot,47
gemma3_normative_47_b8,gemma3_normative,gemma3,normative,8,misconception and lack of knowledge leads to lengthy/expensive design and permit process,zeroshot,47
gemma3_normative_47_b9,gemma3_normative,gemma3,normative,9,lack of enough trained personnel in DC systems,zeroshot,47
gemma3_normative_47_b11,gemma3_normative,gemma3,normative,11,high costs of DC solutions,zeroshot,47
gemma3_subject-matter_47_b1,gemma3_subject-matter,gemma3,subject-matter,1,"power losses, quality and safety issues",zeroshot,47
gemma3_subject-matter_47_b5,gemma3_subject-matter,gemma3,subject-matter,5,lack of pilot projects,zeroshot,47
gemma3_subject-matter_47_b6,gemma3_subject-matter,gemma3,subject-matter,6,public perception of DC and readiness to 'champion' installations from DC projects,zeroshot,47
gemma3_subject-matter_47_b8,gemma3_subject-matter,gemma3,subject-matter,8,misconception and lack of knowledge leads to lengthy/expensive design and permit process,zeroshot,47
gemma3_subject-matter_47_b10,gemma3_subject-matter,gemma3,subject-matter,10,uncertain regulatory roadmap,zeroshot,47
llama_generalist_47_b1,llama_generalist,llama,generalist,1,"power losses, quality and safety issues",zeroshot,47
llama_generalist_47_b2,llama_generalist,llama,generalist,2,reduced reliability in DC devices,zeroshot,47
llama_generalist_47_b4,llama_generalist,llama,generalist,4,"uncertain utility interaction (net metering, utility ownership, and agreed standards)",zeroshot,47
llama_generalist_47_b5,llama_generalist,llama,generalist,5,lack of pilot projects,zeroshot,47
llama_generalist_47_b6,llama_generalist,llama,generalist,6,public perception of DC and readiness to 'champion' installations from DC projects,zeroshot,47
llama_normative_47_b1,llama_normative,llama,normative,1,"power losses, quality and safety issues",zeroshot,47
llama_normative_47_b2,llama_normative,llama,normative,2,reduced reliability in DC devices,zeroshot,47
llama_normative_47_b3,llama_normative,llama,normative,3,lack of use-cases in which DC is advantageous,zeroshot,47
llama_normative_47_b4,llama_normative,llama,normative,4,"uncertain utility interaction (net metering, utility ownership, and agreed standards)",zeroshot,47
llama_normative_47_b5,llama_normative,llama,normative,5,lack of pilot projects,zeroshot,47
llama_subject-matter_47_b3,llama_subject-matter,llama,subject-matter,3,lack of use-cases in which DC is advantageous,zeroshot,47
llama_subject-matter_47_b4,llama_subject-matter,llama,subject-matter,4,"uncertain utility interaction (net metering, utility ownership, and agreed standards)",zeroshot,47
llama_subject-matter_47_b7,llama_subject-matter,llama,subject-matter,7,incompatibility of DC systems components,zeroshot,47
llama_subject-matter_47_b6,llama_subject-matter,llama,subject-matter,6,public perception of DC and readiness to 'champion' installations from DC projects,zeroshot,47
llama_subject-matter_47_b9,llama_subject-matter,llama,subject-matter,9,lack of enough trained personnel in DC systems,zeroshot,47
mistral_generalist_47_b1,mistral_generalist,mistral,generalist,1,"power losses, quality and safety issues",zeroshot,47
mistral_generalist_47_b4,mistral_generalist,mistral,generalist,4,"uncertain utility interaction (net metering, utility ownership, and agreed standards)",zeroshot,47
mistral_generalist_47_b5,mistral_generalist,mistral,generalist,5,lack of pilot projects,zeroshot,47
mistral_generalist_47_b7,mistral_generalist,mistral,generalist,7,incompatibility of DC systems components,zeroshot,47
mistral_generalist_47_b9,mistral_generalist,mistral,generalist,9,lack of enough trained personnel in DC systems,zeroshot,47
mistral_normative_47_b1,mistral_normative,mistral,normative,1,"power losses, quality and safety issues",zeroshot,47
mistral_normative_47_b2,mistral_normative,mistral,normative,2,reduced reliability in DC devices,zeroshot,47
mistral_normative_47_b4,mistral_normative,mistral,normative,4,"uncertain utility interaction (net metering, utility ownership, and agreed standards)",zeroshot,47
mistral_normative_47_b3,mistral_normative,mistral,normative,3,lack of use-cases in which DC is advantageous,zeroshot,47
mistral_normative_47_b5,mistral_normative,mistral,normative,5,lack of pilot projects,zeroshot,47
mistral_subject-matter_47_b1,mistral_subject-matter,mistral,subject-matter,1,"power losses, quality and safety issues",zeroshot,47
mistral_subject-matter_47_b6,mistral_subject-matter,mistral,subject-matter,6,public perception of DC and readiness to 'champion' installations from DC projects,zeroshot,47
mistral_subject-matter_47_b7,mistral_subject-matter,mistral,subject-matter,7,incompatibility of DC systems components,zeroshot,47
mistral_subject-matter_47_b8,mistral_subject-matter,mistral,subject-matter,8,misconception and lack of knowledge leads to lengthy/expensive design and permit process,zeroshot,47
mistral_subject-matter_47_b10,mistral_subject-matter,mistral,subject-matter,10,uncertain regulatory roadmap,zeroshot,47
phi4_generalist_48_b1,phi4_generalist,phi4,generalist,1,"power losses, quality and safety issues",zeroshot,48
phi4_generalist_48_b3,phi4_generalist,phi4,generalist,3,lack of use-cases in which DC is advantageous,zeroshot,48
phi4_generalist_48_b4,phi4_generalist,phi4,generalist,4,"uncertain utility interaction (net metering, utility ownership, and agreed standards)",zeroshot,48
phi4_generalist_48_b5,phi4_generalist,phi4,generalist,5,lack of pilot projects,zeroshot,48
phi4_generalist_48_b10,phi4_generalist,phi4,generalist,10,uncertain regulatory roadmap,zeroshot,48
phi4_normative_48_b1,phi4_normative,phi4,normative,1,"power losses, quality and safety issues",zeroshot,48
phi4_normative_48_b4,phi4_normative,phi4,normative,4,"uncertain utility interaction (net metering, utility ownership, and agreed standards)",zeroshot,48
phi4_normative_48_b6,phi4_normative,phi4,normative,6,public perception of DC and readiness to 'champion' installations from DC projects,zeroshot,48
phi4_normative_48_b8,phi4_normative,phi4,normative,8,misconception and lack of knowledge leads to lengthy/expensive design and permit process,zeroshot,48
phi4_normative_48_b10,phi4_normative,phi4,normative,10,uncertain regulatory roadmap,zeroshot,48
phi4_subject-matter_48_b1,phi4_subject-matter,phi4,subject-matter,1,"power losses, quality and safety issues",zeroshot,48
phi4_subject-matter_48_b3,phi4_subject-matter,phi4,subject-matter,3,lack of use-cases in which DC is advantageous,zeroshot,48
phi4_subject-matter_48_b4,phi4_subject-matter,phi4,subject-matter,4,"uncertain utility interaction (net metering, utility ownership, and agreed standards)",zeroshot,48
phi4_subject-matter_48_b8,phi4_subject-matter,phi4,subject-matter,8,misconception and lack of knowledge leads to lengthy/expensive design and permit process,zeroshot,48
phi4_subject-matter_48_b10,phi4_subject-matter,phi4,subject-matter,10,uncertain regulatory roadmap,zeroshot,48
gemma3_generalist_48_b1,gemma3_generalist,gemma3,generalist,1,"power losses, quality and safety issues",zeroshot,48
gemma3_generalist_48_b5,gemma3_generalist,gemma3,generalist,5,lack of pilot projects,zeroshot,48
gemma3_generalist_48_b6,gemma3_generalist,gemma3,generalist,6,public perception of DC and readiness to 'champion' installations from DC projects,zeroshot,48
gemma3_generalist_48_b8,gemma3_generalist,gemma3,generalist,8,misconception and lack of knowledge leads to lengthy/expensive design and permit process,zeroshot,48
gemma3_generalist_48_b11,gemma3_generalist,gemma3,generalist,11,high costs of DC solutions,zeroshot,48
gemma3_normative_48_b1,gemma3_normative,gemma3,normative,1,"power losses, quality and safety issues",zeroshot,48
gemma3_normative_48_b4,gemma3_normative,gemma3,normative,4,"uncertain utility interaction (net metering, utility ownership, and agreed standards)",zeroshot,48
gemma3_normative_48_b8,gemma3_normative,gemma3,normative,8,misconception and lack of knowledge leads to lengthy/expensive design and permit process,zeroshot,48
gemma3_normative_48_b9,gemma3_normative,gemma3,normative,9,lack of enough trained personnel in DC systems,zeroshot,48
gemma3_normative_48_b11,gemma3_normative,gemma3,normative,11,high costs of DC solutions,zeroshot,48
gemma3_subject-matter_48_b1,gemma3_subject-matter,gemma3,subject-matter,1,"power losses, quality and safety issues",zeroshot,48
gemma3_subject-matter_48_b5,gemma3_subject-matter,gemma3,subject-matter,5,lack of pilot projects,zeroshot,48
gemma3_subject-matter_48_b6,gemma3_subject-matter,gemma3,subject-matter,6,public perception of DC and readiness to 'champion' installations from DC projects,zeroshot,48
gemma3_subject-matter_48_b10,gemma3_subject-matter,gemma3,subject-matter,10,uncertain regulatory roadmap,zeroshot,48
gemma3_subject-matter_48_b11,gemma3_subject-matter,gemma3,subject-matter,11,high costs of DC solutions,zeroshot,48
llama_generalist_48_b1,llama_generalist,llama,generalist,1,"power losses, quality and safety issues",zeroshot,48
llama_generalist_48_b2,llama_generalist,llama,generalist,2,reduced reliability in DC devices,zeroshot,48
llama_generalist_48_b3,llama_generalist,llama,generalist,3,lack of use-cases in which DC is advantageous,zeroshot,48
llama_generalist_48_b4,llama_generalist,llama,generalist,4,"uncertain utility interaction (net metering, utility ownership, and agreed standards)",zeroshot,48
llama_generalist_48_b5,llama_generalist,llama,generalist,5,lack of pilot projects,zeroshot,48
llama_normative_48_b1,llama_normative,llama,normative,1,"power losses, quality and safety issues",zeroshot,48
llama_normative_48_b2,llama_normative,llama,normative,2,reduced reliability in DC devices,zeroshot,48
llama_normative_48_b4,llama_normative,llama,normative,4,"uncertain utility interaction (net metering, utility ownership, and agreed standards)",zeroshot,48
llama_normative_48_b5,llama_normative,llama,normative,5,lack of pilot projects,zeroshot,48
llama_normative_48_b6,llama_normative,llama,normative,6,public perception of DC and readiness to 'champion' installations from DC projects,zeroshot,48
llama_subject-matter_48_b1,llama_subject-matter,llama,subject-matter,1,"power losses, quality and safety issues",zeroshot,48
llama_subject-matter_48_b3,llama_subject-matter,llama,subject-matter,3,lack of use-cases in which DC is advantageous,zeroshot,48
llama_subject-matter_48_b4,llama_subject-matter,llama,subject-matter,4,"uncertain utility interaction (net metering, utility ownership, and agreed standards)",zeroshot,48
llama_subject-matter_48_b7,llama_subject-matter,llama,subject-matter,7,incompatibility of DC systems components,zeroshot,48
llama_subject-matter_48_b8,llama_subject-matter,llama,subject-matter,8,misconception and lack of knowledge leads to lengthy/expensive design and permit process,zeroshot,48
mistral_generalist_48_b1,mistral_generalist,mistral,generalist,1,"power losses, quality and safety issues",zeroshot,48
mistral_generalist_48_b3,mistral_generalist,mistral,generalist,3,lack of use-cases in which DC is advantageous,zeroshot,48
mistral_generalist_48_b4,mistral_generalist,mistral,generalist,4,"uncertain utility interaction (net metering, utility ownership, and agreed standards)",zeroshot,48
mistral_generalist_48_b5,mistral_generalist,mistral,generalist,5,lack of pilot projects,zeroshot,48
mistral_generalist_48_b7,mistral_generalist,mistral,generalist,7,incompatibility of DC systems components,zeroshot,48
mistral_normative_48_b1,mistral_normative,mistral,normative,1,"power losses, quality and safety issues",zeroshot,48
mistral_normative_48_b2,mistral_normative,mistral,normative,2,reduced reliability in DC devices,zeroshot,48
mistral_normative_48_b4,mistral_normative,mistral,normative,4,"uncertain utility interaction (net metering, utility ownership, and agreed standards)",zeroshot,48
mistral_normative_48_b5,mistral_normative,mistral,normative,5,lack of pilot projects,zeroshot,48
mistral_normative_48_b7,mistral_normative,mistral,normative,7,incompatibility of DC systems components,zeroshot,48
mistral_subject-matter_48_b1,mistral_subject-matter,mistral,subject-matter,1,"power losses, quality and safety issues",zeroshot,48
mistral_subject-matter_48_b4,mistral_subject-matter,mistral,subject-matter,4,"uncertain utility interaction (net metering, utility ownership, and agreed standards)",zeroshot,48
mistral_subject-matter_48_b5,mistral_subject-matter,mistral,subject-matter,5,lack of pilot projects,zeroshot,48
mistral_subject-matter_48_b7,mistral_subject-matter,mistral,subject-matter,7,incompatibility of DC systems components,zeroshot,48
mistral_subject-matter_48_b9,mistral_subject-matter,mistral,subject-matter,9,lack of enough trained personnel in DC systems,zeroshot,48
phi4_generalist_49_b1,phi4_generalist,phi4,generalist,1,"power losses, quality and safety issues",zeroshot,49
phi4_generalist_49_b3,phi4_generalist,phi4,generalist,3,lack of use-cases in which DC is advantageous,zeroshot,49
phi4_generalist_49_b4,phi4_generalist,phi4,generalist,4,"uncertain utility interaction (net metering, utility ownership, and agreed standards)",zeroshot,49
phi4_generalist_49_b5,phi4_generalist,phi4,generalist,5,lack of pilot projects,zeroshot,49
phi4_generalist_49_b10,phi4_generalist,phi4,generalist,10,uncertain regulatory roadmap,zeroshot,49
phi4_normative_49_b1,phi4_normative,phi4,normative,1,"power losses, quality and safety issues",zeroshot,49
phi4_normative_49_b3,phi4_normative,phi4,normative,3,lack of use-cases in which DC is advantageous,zeroshot,49
phi4_normative_49_b4,phi4_normative,phi4,normative,4,"uncertain utility interaction (net metering, utility ownership, and agreed standards)",zeroshot,49
phi4_normative_49_b5,phi4_normative,phi4,normative,5,lack of pilot projects,zeroshot,49
phi4_normative_49_b10,phi4_normative,phi4,normative,10,uncertain regulatory roadmap,zeroshot,49
phi4_subject-matter_49_b1,phi4_subject-matter,phi4,subject-matter,1,"power losses, quality and safety issues",zeroshot,49
phi4_subject-matter_49_b4,phi4_subject-matter,phi4,subject-matter,4,"uncertain utility interaction (net metering, utility ownership, and agreed standards)",zeroshot,49
phi4_subject-matter_49_b5,phi4_subject-matter,phi4,subject-matter,5,lack of pilot projects,zeroshot,49
phi4_subject-matter_49_b8,phi4_subject-matter,phi4,subject-matter,8,misconception and lack of knowledge leads to lengthy/expensive design and permit process,zeroshot,49
phi4_subject-matter_49_b10,phi4_subject-matter,phi4,subject-matter,10,uncertain regulatory roadmap,zeroshot,49
gemma3_generalist_49_b1,gemma3_generalist,gemma3,generalist,1,"power losses, quality and safety issues",zeroshot,49
gemma3_generalist_49_b5,gemma3_generalist,gemma3,generalist,5,lack of pilot projects,zeroshot,49
gemma3_generalist_49_b6,gemma3_generalist,gemma3,generalist,6,public perception of DC and readiness to 'champion' installations from DC projects,zeroshot,49
gemma3_generalist_49_b8,gemma3_generalist,gemma3,generalist,8,misconception and lack of knowledge leads to lengthy/expensive design and permit process,zeroshot,49
gemma3_generalist_49_b11,gemma3_generalist,gemma3,generalist,11,high costs of DC solutions,zeroshot,49
gemma3_normative_49_b1,gemma3_normative,gemma3,normative,1,"power losses, quality and safety issues",zeroshot,49
gemma3_normative_49_b4,gemma3_normative,gemma3,normative,4,"uncertain utility interaction (net metering, utility ownership, and agreed standards)",zeroshot,49
gemma3_normative_49_b8,gemma3_normative,gemma3,normative,8,misconception and lack of knowledge leads to lengthy/expensive design and permit process,zeroshot,49
gemma3_normative_49_b6,gemma3_normative,gemma3,normative,6,public perception of DC and readiness to 'champion' installations from DC projects,zeroshot,49
gemma3_normative_49_b11,gemma3_normative,gemma3,normative,11,high costs of DC solutions,zeroshot,49
gemma3_subject-matter_49_b1,gemma3_subject-matter,gemma3,subject-matter,1,"power losses, quality and safety issues",zeroshot,49
gemma3_subject-matter_49_b4,gemma3_subject-matter,gemma3,subject-matter,4,"uncertain utility interaction (net metering, utility ownership, and agreed standards)",zeroshot,49
gemma3_subject-matter_49_b8,gemma3_subject-matter,gemma3,subject-matter,8,misconception and lack of knowledge leads to lengthy/expensive design and permit process,zeroshot,49
gemma3_subject-matter_49_b9,gemma3_subject-matter,gemma3,subject-matter,9,lack of enough trained personnel in DC systems,zeroshot,49
gemma3_subject-matter_49_b11,gemma3_subject-matter,gemma3,subject-matter,11,high costs of DC solutions,zeroshot,49
llama_generalist_49_b1,llama_generalist,llama,generalist,1,"power losses, quality and safety issues",zeroshot,49
llama_generalist_49_b4,llama_generalist,llama,generalist,4,"uncertain utility interaction (net metering, utility ownership, and agreed standards)",zeroshot,49
llama_generalist_49_b3,llama_generalist,llama,generalist,3,lack of use-cases in which DC is advantageous,zeroshot,49
llama_generalist_49_b7,llama_generalist,llama,generalist,7,incompatibility of DC systems components,zeroshot,49
llama_generalist_49_b6,llama_generalist,llama,generalist,6,public perception of DC and readiness to 'champion' installations from DC projects,zeroshot,49
llama_normative_49_b5,llama_normative,llama,normative,5,lack of pilot projects,zeroshot,49
llama_normative_49_b7,llama_normative,llama,normative,7,incompatibility of DC systems components,zeroshot,49
llama_normative_49_b8,llama_normative,llama,normative,8,misconception and lack of knowledge leads to lengthy/expensive design and permit process,zeroshot,49
llama_normative_49_b9,llama_normative,llama,normative,9,lack of enough trained personnel in DC systems,zeroshot,49
llama_normative_49_b10,llama_normative,llama,normative,10,uncertain regulatory roadmap,zeroshot,49
llama_subject-matter_49_b1,llama_subject-matter,llama,subject-matter,1,"power losses, quality and safety issues",zeroshot,49
llama_subject-matter_49_b4,llama_subject-matter,llama,subject-matter,4,"uncertain utility interaction (net metering, utility ownership, and agreed standards)",zeroshot,49
llama_subject-matter_49_b5,llama_subject-matter,llama,subject-matter,5,lack of pilot projects,zeroshot,49
llama_subject-matter_49_b7,llama_subject-matter,llama,subject-matter,7,incompatibility of DC systems components,zeroshot,49
llama_subject-matter_49_b11,llama_subject-matter,llama,subject-matter,11,high costs of DC solutions,zeroshot,49
mistral_generalist_49_b1,mistral_generalist,mistral,generalist,1,"power losses, quality and safety issues",zeroshot,49
mistral_generalist_49_b2,mistral_generalist,mistral,generalist,2,reduced reliability in DC devices,zeroshot,49
mistral_generalist_49_b4,mistral_generalist,mistral,generalist,4,"uncertain utility interaction (net metering, utility ownership, and agreed standards)",zeroshot,49
mistral_generalist_49_b5,mistral_generalist,mistral,generalist,5,lack of pilot projects,zeroshot,49
mistral_generalist_49_b9,mistral_generalist,mistral,generalist,9,lack of enough trained personnel in DC systems,zeroshot,49
mistral_normative_49_b1,mistral_normative,mistral,normative,1,"power losses, quality and safety issues",zeroshot,49
mistral_normative_49_b2,mistral_normative,mistral,normative,2,reduced reliability in DC devices,zeroshot,49
mistral_normative_49_b4,mistral_normative,mistral,normative,4,"uncertain utility interaction (net metering, utility ownership, and agreed standards)",zeroshot,49
mistral_normative_49_b5,mistral_normative,mistral,normative,5,lack of pilot projects,zeroshot,49
mistral_normative_49_b11,mistral_normative,mistral,normative,11,high costs of DC solutions,zeroshot,49
mistral_subject-matter_49_b1,mistral_subject-matter,mistral,subject-matter,1,"power losses, quality and safety issues",zeroshot,49
mistral_subject-matter_49_b2,mistral_subject-matter,mistral,subject-matter,2,reduced reliability in DC devices,zeroshot,49
mistral_subject-matter_49_b4,mistral_subject-matter,mistral,subject-matter,4,"uncertain utility interaction (net metering, utility ownership, and agreed standards)",zeroshot,49
mistral_subject-matter_49_b5,mistral_subject-matter,mistral,subject-matter,5,lack of pilot projects,zeroshot,49
mistral_subject-matter_49_b10,mistral_subject-matter,mistral,subject-matter,10,uncertain regulatory roadmap,zeroshot,49
