row_id,variant_id,base_model,model,rating,label,iteration,timestamp,raw_response
llama_generalist_00_20260630_153019,llama_generalist,llama,generalist,4,Very feasible,0,20260630_153019,"4 - Very feasible
"
llama_normative_00_20260630_153019,llama_normative,llama,normative,2,Somewhat feasible,0,20260630_153019,"2 - Somewhat feasible
"
llama_subject-matter_00_20260630_153019,llama_subject-matter,llama,subject-matter,4,Very feasible,0,20260630_153019,"4 - Very feasible
"
mistral_generalist_00_20260630_153019,mistral_generalist,mistral,generalist,3,Feasible,0,20260630_153019, 3 - Feasible
mistral_normative_00_20260630_153019,mistral_normative,mistral,normative,3,Feasible,0,20260630_153019, 3 - Feasible
mistral_subject-matter_00_20260630_153019,mistral_subject-matter,mistral,subject-matter,3,Feasible,0,20260630_153019, 3 - Feasible
gemma3_generalist_00_20260630_153019,gemma3_generalist,gemma3,generalist,3,Feasible,0,20260630_153019,3 - Feasible
gemma3_normative_00_20260630_153019,gemma3_normative,gemma3,normative,3,Feasible,0,20260630_153019,3 - Feasible
gemma3_subject-matter_00_20260630_153019,gemma3_subject-matter,gemma3,subject-matter,3,Feasible,0,20260630_153019,3 - Feasible
phi4_generalist_00_20260630_153019,phi4_generalist,phi4,generalist,3,Feasible,0,20260630_153019,"3 - Feasible

This rating reflects an overall assessment that DC solutions, as outlined in the Shift2DC project, are feasible for implementation across the target sectors of data centers, buildings, industry, and ports. The project addresses key technological enablers such as smart cables, connectors, protection systems, converters, measurement devices, and design tools, which collectively support a transition to DC power. Furthermore, the planned demonstrations in diverse application areas provide practical insights into integration challenges and benefits, enhancing feasibility. However, while promising, there are still hurdles related to adoption rates, cost considerations, and technological maturity that prevent a ""Very feasible"" rating."
phi4_normative_00_20260630_153019,phi4_normative,phi4,normative,3,Feasible,0,20260630_153019,"3 - Feasible

This rating reflects an assessment that, while there are challenges and uncertainties associated with the adoption of DC solutions in the target sectors (data centers, buildings, industry, and ports), these solutions possess a reasonable degree of feasibility. The project’s focus on developing tools, simulations, prototypes, and demonstrator sites across various applications indicates progress towards practical implementation. However, given that the project is still in its early stages with limited direct user engagement, full-scale feasibility is not yet confirmed as ""very feasible,"" hence a rating of 3 is appropriate to reflect moderate confidence in their eventual success within these sectors."
phi4_subject-matter_00_20260630_153019,phi4_subject-matter,phi4,subject-matter,3,Feasible,0,20260630_153019,"3 - Feasible

This rating reflects an overall assessment that, given the current state of technology and the structured approach within the Shift2DC project, implementing DC solutions in target sectors such as data centers, buildings, industry, and ports is achievable. The presence of demonstrators across these sectors indicates practical testing environments, while the development of tools, hardware, and standards suggests a supportive ecosystem for adoption. While challenges remain, especially regarding interoperability and infrastructure adaptation, the project's comprehensive strategy increases its feasibility within the medium term."
llama_generalist_01_20260630_153327,llama_generalist,llama,generalist,4,Very feasible,1,20260630_153327,"4 - Very feasible
"
llama_normative_01_20260630_153327,llama_normative,llama,normative,3,Feasible,1,20260630_153327,"3 - Feasible
"
llama_subject-matter_01_20260630_153327,llama_subject-matter,llama,subject-matter,3,Feasible,1,20260630_153327,"3 - Feasible
"
mistral_generalist_01_20260630_153327,mistral_generalist,mistral,generalist,3,Feasible,1,20260630_153327, 3 - Feasible
mistral_normative_01_20260630_153327,mistral_normative,mistral,normative,3,Feasible,1,20260630_153327, 3 - Feasible
mistral_subject-matter_01_20260630_153327,mistral_subject-matter,mistral,subject-matter,3,Feasible,1,20260630_153327, 3 - Feasible
gemma3_generalist_01_20260630_153327,gemma3_generalist,gemma3,generalist,3,Feasible,1,20260630_153327,3 - Feasible
gemma3_normative_01_20260630_153327,gemma3_normative,gemma3,normative,3,Feasible,1,20260630_153327,3 - Feasible
gemma3_subject-matter_01_20260630_153327,gemma3_subject-matter,gemma3,subject-matter,3,Feasible,1,20260630_153327,3 - Feasible
phi4_generalist_01_20260630_153327,phi4_generalist,phi4,generalist,3,Feasible,1,20260630_153327,"3 - Feasible

This rating reflects a general assessment that the DC solutions proposed in the Shift2DC project are likely to be implemented effectively across the target sectors, considering current technological advancements and the comprehensive approach of the initiative. However, there may still be challenges related to integration, costs, or specific sector requirements that prevent it from being rated as ""very feasible."""
phi4_normative_01_20260630_153327,phi4_normative,phi4,normative,3,Feasible,1,20260630_153327,"3 - Feasible

This rating reflects an assessment of the DC solutions' overall feasibility within the target sectors described in the Shift2DC project. The initiatives are well-structured, with clear demonstrations and technological advancements aimed at integrating medium- and low-voltage DC systems into various application areas like data centers, buildings, industry, and ports. While there is still uncertainty and challenges to overcome, the structured approach and expert-driven insights suggest a feasible path forward for these technologies in the specified sectors."
phi4_subject-matter_01_20260630_153327,phi4_subject-matter,phi4,subject-matter,3,Feasible,1,20260630_153327,"3 - Feasible

The Shift2DC project's comprehensive approach, including a range of DC solutions and practical demonstrators across diverse sectors such as data centers, buildings, industry, and ports, suggests a feasible integration path. The focus on overcoming technical barriers like fault detection and converter efficiency, along with the development of tools for design and simulation, supports the feasibility of these solutions in targeted applications. However, challenges related to interoperability, regulatory hurdles, and user adoption imply that while feasible, there may be significant efforts required for widespread implementation."
llama_generalist_02_20260630_153513,llama_generalist,llama,generalist,2,Somewhat feasible,2,20260630_153513,"2 - Somewhat feasible
"
llama_normative_02_20260630_153513,llama_normative,llama,normative,3,Feasible,2,20260630_153513,"3 - Feasible
"
llama_subject-matter_02_20260630_153513,llama_subject-matter,llama,subject-matter,4,Very feasible,2,20260630_153513,"4 - Very feasible
"
mistral_generalist_02_20260630_153513,mistral_generalist,mistral,generalist,3,Feasible,2,20260630_153513, 3 - Feasible
mistral_normative_02_20260630_153513,mistral_normative,mistral,normative,3,Feasible,2,20260630_153513, 3 - Feasible
mistral_subject-matter_02_20260630_153513,mistral_subject-matter,mistral,subject-matter,3,Feasible,2,20260630_153513, 3 - Feasible
gemma3_generalist_02_20260630_153513,gemma3_generalist,gemma3,generalist,3,Feasible,2,20260630_153513,3 - Feasible
gemma3_normative_02_20260630_153513,gemma3_normative,gemma3,normative,3,Feasible,2,20260630_153513,3 - Feasible
gemma3_subject-matter_02_20260630_153513,gemma3_subject-matter,gemma3,subject-matter,3,Feasible,2,20260630_153513,3 - Feasible
phi4_generalist_02_20260630_153513,phi4_generalist,phi4,generalist,3,Feasible,2,20260630_153513,"3 - Feasible

This rating reflects a balanced consideration of the potential for DC solutions within the target sectors described in the Shift2DC project. The initiative aims to advance medium- and low-voltage DC technologies across various applications, including data centers, buildings, industry, and ports. Given the current technological developments and planned demonstrations outlined in the project description, there is a reasonable expectation that these solutions can be effectively implemented and integrated within their respective sectors.

The Shift2DC project's comprehensive approach, which includes developing tools, prototypes, simulation tools, and conducting feasibility studies, indicates a strong foundation for advancing DC technology. The focus on real-world applications across diverse environments suggests that the proposed solutions are well-aligned with practical needs and challenges. Additionally, the involvement of experts in the field and the emphasis on creating roadmaps further support the project's potential success.

However, it is important to acknowledge the early stage of user engagement and the need for broader societal adoption. While there is optimism about the technical feasibility and the initiative’s structured approach, uncertainties remain regarding widespread acceptance, cost-effectiveness, and overcoming regulatory or infrastructural barriers in certain regions.

Overall, the project's forward-thinking strategy, combined with its emphasis on practical demonstrations and expert input, supports a feasible outlook for the implementation of DC solutions across the target sectors."
phi4_normative_02_20260630_153513,phi4_normative,phi4,normative,3,Feasible,2,20260630_153513,"3 - Feasible

This rating reflects a positive outlook on the feasibility of DC solutions in the target sectors based on the comprehensive approach outlined in the Shift2DC project, considering technological advancements, integration strategies, and demonstration plans across various application areas."
phi4_subject-matter_02_20260630_153513,phi4_subject-matter,phi4,subject-matter,3,Feasible,2,20260630_153513,"3 - Feasible

This rating reflects an overall positive assessment of the feasibility of DC solutions within the context of the Shift2DC project, considering their integration across various sectors and the comprehensive approach involving tools, demonstrators, and expert input."
llama_generalist_03_20260630_153706,llama_generalist,llama,generalist,3,Feasible,3,20260630_153706,"3 - Feasible
"
llama_normative_03_20260630_153706,llama_normative,llama,normative,4,Very feasible,3,20260630_153706,"4 - Very feasible
"
llama_subject-matter_03_20260630_153706,llama_subject-matter,llama,subject-matter,1,Not feasible,3,20260630_153706,"1 - Not feasible
"
mistral_generalist_03_20260630_153706,mistral_generalist,mistral,generalist,3,Feasible,3,20260630_153706, 3 - Feasible
mistral_normative_03_20260630_153706,mistral_normative,mistral,normative,3,Feasible,3,20260630_153706, 3 - Feasible
mistral_subject-matter_03_20260630_153706,mistral_subject-matter,mistral,subject-matter,3,Feasible,3,20260630_153706, 3 - Feasible
gemma3_generalist_03_20260630_153706,gemma3_generalist,gemma3,generalist,3,Feasible,3,20260630_153706,3 - Feasible
gemma3_normative_03_20260630_153706,gemma3_normative,gemma3,normative,3,Feasible,3,20260630_153706,3 - Feasible
gemma3_subject-matter_03_20260630_153706,gemma3_subject-matter,gemma3,subject-matter,3,Feasible,3,20260630_153706,3 - Feasible
phi4_generalist_03_20260630_153706,phi4_generalist,phi4,generalist,3,Feasible,3,20260630_153706,"3 - Feasible

This rating reflects that, based on the context provided, DC solutions in the Shift2DC project show a strong potential for practical application across various sectors such as data centers, buildings, industry, and ports. While there are challenges to be addressed (e.g., integration with existing systems, user adoption), the comprehensive approach involving demonstrations, feasibility studies, and collaboration with experts suggests that these technologies are capable of being implemented successfully in their respective areas."
phi4_normative_03_20260630_153706,phi4_normative,phi4,normative,3,Feasible,3,20260630_153706,"3 - Feasible

This rating reflects a balanced consideration of the potential and challenges associated with implementing DC solutions in the target sectors. The project's comprehensive approach, including demonstrators across data centers, buildings, industry, and ports, as well as its focus on developing enabling technologies like smart cables, connectors, protection systems, and design tools, suggests that these solutions are viable but may face practical hurdles such as integration complexity, regulatory alignment, and initial cost barriers. Given the current stage of development and the active engagement with expert inputs, it is reasonable to assess the overall feasibility as feasible, acknowledging both progress and existing challenges in widespread adoption."
phi4_subject-matter_03_20260630_153706,phi4_subject-matter,phi4,subject-matter,3,Feasible,3,20260630_153706,"3 - Feasible

This rating reflects a balanced consideration of the potential and challenges associated with implementing DC solutions in the target sectors described by the Shift2DC project. The initiative's focus on developing technologies, tools, and demonstrations across various applications like data centers, buildings, industry, and ports suggests a well-rounded approach to tackling medium- and low-voltage DC adoption barriers. However, given that the project is still in its early stages with limited end-user engagement and relies heavily on expert input rather than extensive user data, there remain uncertainties that temper the feasibility rating from ""very feasible"" to simply ""feasible."" The planned demonstrators and technological innovations indicate a strong potential for success, yet real-world application challenges, such as interoperability issues, regulatory hurdles, and infrastructure costs, are factors that must be navigated carefully. Therefore, while the project is on a promising path towards enabling widespread adoption of DC solutions, these considerations justify a feasibility rating that acknowledges both its strengths and remaining obstacles.
"
llama_generalist_04_20260630_153903,llama_generalist,llama,generalist,3,Feasible,4,20260630_153903,"3 - Feasible
"
llama_normative_04_20260630_153903,llama_normative,llama,normative,4,Very feasible,4,20260630_153903,"4 - Very feasible
"
llama_subject-matter_04_20260630_153903,llama_subject-matter,llama,subject-matter,3,Feasible,4,20260630_153903,"3 - Feasible
"
mistral_generalist_04_20260630_153903,mistral_generalist,mistral,generalist,3,Feasible,4,20260630_153903, 3 - Feasible
mistral_normative_04_20260630_153903,mistral_normative,mistral,normative,3,Feasible,4,20260630_153903, 3 - Feasible
mistral_subject-matter_04_20260630_153903,mistral_subject-matter,mistral,subject-matter,3,Feasible,4,20260630_153903, 3 - Feasible
gemma3_generalist_04_20260630_153903,gemma3_generalist,gemma3,generalist,3,Feasible,4,20260630_153903,3 - Feasible
gemma3_normative_04_20260630_153903,gemma3_normative,gemma3,normative,3,Feasible,4,20260630_153903,3 - Feasible
gemma3_subject-matter_04_20260630_153903,gemma3_subject-matter,gemma3,subject-matter,3,Feasible,4,20260630_153903,3 - Feasible
phi4_generalist_04_20260630_153903,phi4_generalist,phi4,generalist,3,Feasible,4,20260630_153903,"3 - Feasible

This rating considers the comprehensive approach of the Shift2DC project in developing and demonstrating DC solutions across diverse sectors, such as data centers, buildings, industry, and ports. The combination of technological development, simulation tools, prototypes, and demonstrative applications suggests a strong foundation for feasible implementation, despite potential challenges inherent to new technology adoption and integration into existing systems."
phi4_normative_04_20260630_153903,phi4_normative,phi4,normative,3,Feasible,4,20260630_153903,"3 - Feasible

This rating considers the comprehensive approach of the Shift2DC project, which integrates technological advancements with real-world demonstrations across diverse sectors. The feasibility is supported by structured roadmaps, expert input, and targeted solutions addressing specific challenges in data centers, buildings, industry, and ports. While there are inherent uncertainties and barriers typical for emerging technologies like DC systems, the project's strategic planning and multi-faceted approach enhance its overall feasibility."
phi4_subject-matter_04_20260630_153903,phi4_subject-matter,phi4,subject-matter,3,Feasible,4,20260630_153903,"3 - Feasible

This rating is based on the comprehensive approach of the Shift2DC project, which encompasses a wide range of DC solutions targeting key sectors such as data centers, buildings, industry, and ports. The project's structured development plan, including advanced tools, prototypes, and real-world demonstrations, supports the feasibility of these DC solutions. Additionally, the focus on integrating renewable energy sources and addressing interoperability challenges further enhances their practical applicability across diverse applications. However, considering the early stage of user engagement and potential regulatory or infrastructural barriers, a ""very feasible"" rating is not warranted at this time."
llama_generalist_05_20260630_163031,llama_generalist,llama,generalist,3,Feasible,5,20260630_163031,"3 - Feasible
"
llama_normative_05_20260630_163031,llama_normative,llama,normative,3,Feasible,5,20260630_163031,"3 - Feasible
"
llama_subject-matter_05_20260630_163031,llama_subject-matter,llama,subject-matter,3,Feasible,5,20260630_163031,"3 - Feasible
"
mistral_generalist_05_20260630_163031,mistral_generalist,mistral,generalist,3,Feasible,5,20260630_163031, 3 - Feasible
mistral_normative_05_20260630_163031,mistral_normative,mistral,normative,3,Feasible,5,20260630_163031, 3 - Feasible
mistral_subject-matter_05_20260630_163031,mistral_subject-matter,mistral,subject-matter,3,Feasible,5,20260630_163031, 3 - Feasible
gemma3_generalist_05_20260630_163031,gemma3_generalist,gemma3,generalist,3,Feasible,5,20260630_163031,3 - Feasible
gemma3_normative_05_20260630_163031,gemma3_normative,gemma3,normative,3,Feasible,5,20260630_163031,3 - Feasible
gemma3_subject-matter_05_20260630_163031,gemma3_subject-matter,gemma3,subject-matter,3,Feasible,5,20260630_163031,3 - Feasible
phi4_generalist_05_20260630_163031,phi4_generalist,phi4,generalist,3,Feasible,5,20260630_163031,"3 - Feasible

This rating reflects an overall positive assessment of the DC solutions within the context of the Shift2DC project, considering their potential for integration across various sectors such as data centers, buildings, industry, and ports. The presence of multiple demonstrators and a comprehensive set of technological enablers suggests that while there are challenges to overcome, the solutions have a strong foundation for feasibility in these target areas."
phi4_normative_05_20260630_163031,phi4_normative,phi4,normative,3,Feasible,5,20260630_163031,"3 - Feasible

This rating considers the innovative nature of DC solutions, supportive demonstration projects in various sectors (data centers, buildings, industry, and ports), the development of enabling technologies, and existing challenges such as integration with current systems and user acceptance. The combination of technical advancements, pilot demonstrations, and focus on overcoming barriers suggests a feasible path for adoption across these target sectors."
phi4_subject-matter_05_20260630_163031,phi4_subject-matter,phi4,subject-matter,3,Feasible,5,20260630_163031,"3 - Feasible

This rating reflects an assessment that, while there are challenges and uncertainties, the proposed DC solutions in the Shift2DC project have a reasonable likelihood of successful implementation across the target sectors, considering current technological capabilities and ongoing developments. The integration of renewable energy sources, advancements in DC technology, and demonstration projects suggest a strong potential for feasibility despite existing barriers."
llama_generalist_06_20260630_163318,llama_generalist,llama,generalist,2,Somewhat feasible,6,20260630_163318,"2 - Somewhat feasible
"
llama_normative_06_20260630_163318,llama_normative,llama,normative,3,Feasible,6,20260630_163318,"3 - Feasible
"
llama_subject-matter_06_20260630_163318,llama_subject-matter,llama,subject-matter,3,Feasible,6,20260630_163318,"3 - Feasible
"
mistral_generalist_06_20260630_163318,mistral_generalist,mistral,generalist,3,Feasible,6,20260630_163318, 3 - Feasible
mistral_normative_06_20260630_163318,mistral_normative,mistral,normative,3,Feasible,6,20260630_163318, 3 - Feasible
mistral_subject-matter_06_20260630_163318,mistral_subject-matter,mistral,subject-matter,3,Feasible,6,20260630_163318, 3 - Feasible
gemma3_generalist_06_20260630_163318,gemma3_generalist,gemma3,generalist,3,Feasible,6,20260630_163318,3 - Feasible
gemma3_normative_06_20260630_163318,gemma3_normative,gemma3,normative,3,Feasible,6,20260630_163318,3 - Feasible
gemma3_subject-matter_06_20260630_163318,gemma3_subject-matter,gemma3,subject-matter,3,Feasible,6,20260630_163318,3 - Feasible
phi4_generalist_06_20260630_163318,phi4_generalist,phi4,generalist,3,Feasible,6,20260630_163318,"3 - Feasible

This rating reflects an overall assessment that DC solutions, as described in the Shift2DC project, are feasible for implementation across the targeted sectors such as data centers, buildings, industry, and ports. The project's comprehensive approach, including demonstrator projects and development of various technological tools, supports this feasibility despite existing challenges and uncertainties."
phi4_normative_06_20260630_163318,phi4_normative,phi4,normative,3,Feasible,6,20260630_163318,"3 - Feasible

This assessment considers the potential for DC solutions in data centers, buildings, industry, and ports as described. The initiatives are well-aligned with current technological capabilities and target sectors that could benefit from improved energy efficiency and integration with renewable sources. While challenges remain, such as standardization and broader adoption hurdles, the structured approach of the Shift2DC project with its focus on demonstrations and feasibility studies indicates a high likelihood of successful implementation across these sectors."
phi4_subject-matter_06_20260630_163318,phi4_subject-matter,phi4,subject-matter,3,Feasible,6,20260630_163318,"3 - Feasible

This rating reflects a balanced view of the Shift2DC project's DC solutions, considering their innovative nature and alignment with current trends towards renewable energy integration and efficiency improvements in targeted sectors like data centers, buildings, industry, and ports. The range of proposed technologies, including smart cables, semiconductor-based circuit breakers, and advanced converters, indicates that these solutions are designed to address specific challenges associated with DC power systems, such as fault protection, interoperability, and efficient energy conversion.

The inclusion of demonstration projects in various sectors suggests a pragmatic approach to testing and validating these technologies in real-world scenarios, which is critical for overcoming barriers related to regulatory acceptance, market readiness, and user adoption. The focus on developing tools for system design and simulation further supports the feasibility by providing stakeholders with resources to assess, plan, and implement DC solutions effectively.

However, several challenges remain that prevent a ""Very feasible"" rating from being justified at this stage. Firstly, the widespread adoption of medium- and low-voltage DC technologies is still in its early stages, with significant infrastructural adjustments required for broader implementation. This includes not only technological upgrades but also regulatory changes and market education to facilitate acceptance among end-users.

Secondly, while the proposed solutions address key technical challenges, their economic viability across different sectors remains uncertain without extensive field data from the demonstration projects. The costs associated with transitioning to DC systems, including retrofitting existing infrastructure and training personnel, could pose significant barriers to adoption.

Lastly, interoperability issues between new DC technologies and existing AC-dominated grids present another layer of complexity. While converters and interlink solutions are part of the project's scope, ensuring seamless integration across diverse applications and scales is a non-trivial challenge that will require ongoing innovation and collaboration among stakeholders.

In conclusion, the Shift2DC project's approach to developing and demonstrating DC solutions in targeted sectors shows considerable promise for advancing medium- and low-voltage DC technologies. The project's comprehensive strategy addresses many of the technical and logistical challenges associated with these systems, supporting a ""Feasible"" rating. However, uncertainties related to economic viability, regulatory acceptance, and interoperability with existing infrastructures necessitate cautious optimism regarding the widespread adoption and long-term success of these solutions.

"
llama_generalist_07_20260630_163533,llama_generalist,llama,generalist,4,Very feasible,7,20260630_163533,"4 - Very feasible
"
llama_normative_07_20260630_163533,llama_normative,llama,normative,3,Feasible,7,20260630_163533,"3 - Feasible
"
llama_subject-matter_07_20260630_163533,llama_subject-matter,llama,subject-matter,3,Feasible,7,20260630_163533,"3 - Feasible
"
mistral_generalist_07_20260630_163533,mistral_generalist,mistral,generalist,3,Feasible,7,20260630_163533, 3 - Feasible
mistral_normative_07_20260630_163533,mistral_normative,mistral,normative,3,Feasible,7,20260630_163533, 3 - Feasible
mistral_subject-matter_07_20260630_163533,mistral_subject-matter,mistral,subject-matter,3,Feasible,7,20260630_163533, 3 - Feasible
gemma3_generalist_07_20260630_163533,gemma3_generalist,gemma3,generalist,3,Feasible,7,20260630_163533,3 - Feasible
gemma3_normative_07_20260630_163533,gemma3_normative,gemma3,normative,3,Feasible,7,20260630_163533,3 - Feasible
gemma3_subject-matter_07_20260630_163533,gemma3_subject-matter,gemma3,subject-matter,3,Feasible,7,20260630_163533,3 - Feasible
phi4_generalist_07_20260630_163533,phi4_generalist,phi4,generalist,3,Feasible,7,20260630_163533,"3 - Feasible

This rating reflects an assessment that, while there are challenges and uncertainties in the widespread adoption of DC solutions across target sectors like data centers, buildings, industry, and ports, the Shift2DC project's comprehensive approach—encompassing guidelines, roadmaps, prototypes, simulation tools, and practical demonstrations—indicates a strong potential for successful implementation. The integration of renewables, smart technologies, and feasibility studies further supports this positive outlook on feasibility."
phi4_normative_07_20260630_163533,phi4_normative,phi4,normative,3,Feasible,7,20260630_163533,"3 - Feasible

This rating reflects a comprehensive assessment of the Shift2DC project's DC solutions across diverse sectors such as data centers, buildings, industry, and ports. The integration of renewable energy systems with medium- and low-voltage DC technologies presents clear opportunities for efficiency gains, particularly in reducing conversion losses and enhancing grid flexibility. However, challenges remain regarding widespread adoption due to current infrastructure limitations, regulatory hurdles, and the need for further technological advancements.

The project's focus on developing tools, simulation software, hardware solutions like cables and converters, and demonstrative prototypes suggests a well-rounded approach to addressing these barriers. The inclusion of various sectors in the demonstration phase indicates an understanding that different applications have unique requirements and challenges, which is crucial for tailoring DC technologies effectively.

Moreover, the project's engagement with experts from relevant fields underscores its commitment to leveraging existing knowledge while identifying gaps and areas for improvement. This expert-driven approach enhances the likelihood of developing viable solutions that are both innovative and applicable in real-world settings.

However, it's important to acknowledge that despite these positive indicators, the transition to DC systems on a broader scale involves overcoming significant inertia within existing energy infrastructures predominantly based on AC systems. The need for new standards, regulatory frameworks, and market incentives cannot be understated.

In conclusion, while there are substantial hurdles to overcome, the strategic direction of the Shift2DC project, combined with its comprehensive focus on technology development and sector-specific demonstrations, renders the overall feasibility of these DC solutions as ""feasible"". This rating encapsulates a balanced view that acknowledges both the potential benefits of DC technologies in enhancing energy efficiency and sustainability, and the practical challenges that must be addressed to realize this vision across the targeted sectors."
phi4_subject-matter_07_20260630_163533,phi4_subject-matter,phi4,subject-matter,3,Feasible,7,20260630_163533,"3 - Feasible

This rating reflects that, based on the current state of technology and project plans within the Shift2DC initiative, DC solutions for target sectors like data centers, buildings, industry, and ports appear to be largely implementable. The proposed technologies are promising and align with existing trends towards renewable energy integration and efficiency improvements. However, there may still be technical challenges and barriers related to infrastructure, regulatory frameworks, and market acceptance that need to be addressed before these solutions can be considered ""very feasible."" Overall, the projects are well-aligned with current technological capabilities and industry needs, making them feasible within a reasonable timeframe given ongoing research and development efforts."
llama_generalist_08_20260630_163744,llama_generalist,llama,generalist,4,Very feasible,8,20260630_163744,"4 - Very feasible
"
llama_normative_08_20260630_163744,llama_normative,llama,normative,3,Feasible,8,20260630_163744,"3 - Feasible
"
llama_subject-matter_08_20260630_163744,llama_subject-matter,llama,subject-matter,4,Very feasible,8,20260630_163744,"4 - Very feasible
"
mistral_generalist_08_20260630_163744,mistral_generalist,mistral,generalist,3,Feasible,8,20260630_163744, 3 - Feasible
mistral_normative_08_20260630_163744,mistral_normative,mistral,normative,3,Feasible,8,20260630_163744, 3 - Feasible
mistral_subject-matter_08_20260630_163744,mistral_subject-matter,mistral,subject-matter,3,Feasible,8,20260630_163744, 3 - Feasible
gemma3_generalist_08_20260630_163744,gemma3_generalist,gemma3,generalist,3,Feasible,8,20260630_163744,3 - Feasible
gemma3_normative_08_20260630_163744,gemma3_normative,gemma3,normative,3,Feasible,8,20260630_163744,3 - Feasible
gemma3_subject-matter_08_20260630_163744,gemma3_subject-matter,gemma3,subject-matter,3,Feasible,8,20260630_163744,3 - Feasible
phi4_generalist_08_20260630_163744,phi4_generalist,phi4,generalist,3,Feasible,8,20260630_163744,"3 - Feasible

This rating reflects an assessment that, while there are challenges and uncertainties in the adoption of medium- and low-voltage DC technologies across various sectors, the comprehensive approach outlined by the Shift2DC project—including guidelines, tools, prototypes, and demonstrators—suggests a level of feasibility that supports practical implementation. The integration of existing technologies with innovative solutions like smart cables, connectors, and converters indicates that these DC systems are capable of addressing current barriers, albeit with some room for improvement as they mature and gain user acceptance in real-world applications."
phi4_normative_08_20260630_163744,phi4_normative,phi4,normative,3,Feasible,8,20260630_163744,"3 - Feasible

This rating reflects a generally favorable assessment of DC solutions for the target sectors within the context provided by the Shift2DC project, considering their potential benefits and current technological maturity levels. The project's focus on developing tools, prototypes, and demonstrations across diverse sectors like data centers, buildings, industry, and ports indicates that there is substantial groundwork to support feasibility. However, since the project is still early-stage and involves integrating numerous technologies (e.g., cables, connectors, converters), there are inherent challenges and uncertainties that prevent a higher rating of ""Very feasible"" without additional evidence from extensive real-world implementation and user engagement."
phi4_subject-matter_08_20260630_163744,phi4_subject-matter,phi4,subject-matter,3,Feasible,8,20260630_163744,"3 - Feasible

This rating reflects a positive outlook on the potential for DC solutions in target sectors such as data centers, buildings, industry, and ports. The Shift2DC project is well-structured with a focus on integrating renewable energy, heat reuse, and V2G technologies. Although the technology is still emerging and there are challenges associated with interoperability, regulatory barriers, and infrastructure costs, the comprehensive approach involving simulations, prototypes, and real-world demonstrations suggests that these solutions have a strong potential for successful adoption in their respective sectors. The project's alignment with industry standards and the development of specific tools to address DC integration further supports this feasibility assessment."
llama_generalist_09_20260630_163937,llama_generalist,llama,generalist,3,Feasible,9,20260630_163937,"3 - Feasible
"
llama_normative_09_20260630_163937,llama_normative,llama,normative,3,Feasible,9,20260630_163937,"3 - Feasible
"
llama_subject-matter_09_20260630_163937,llama_subject-matter,llama,subject-matter,3,Feasible,9,20260630_163937,"3 - Feasible
"
mistral_generalist_09_20260630_163937,mistral_generalist,mistral,generalist,3,Feasible,9,20260630_163937, 3 - Feasible
mistral_normative_09_20260630_163937,mistral_normative,mistral,normative,3,Feasible,9,20260630_163937, 3 - Feasible
mistral_subject-matter_09_20260630_163937,mistral_subject-matter,mistral,subject-matter,3,Feasible,9,20260630_163937, 3 - Feasible
gemma3_generalist_09_20260630_163937,gemma3_generalist,gemma3,generalist,3,Feasible,9,20260630_163937,3 - Feasible
gemma3_normative_09_20260630_163937,gemma3_normative,gemma3,normative,3,Feasible,9,20260630_163937,3 - Feasible
gemma3_subject-matter_09_20260630_163937,gemma3_subject-matter,gemma3,subject-matter,3,Feasible,9,20260630_163937,3 - Feasible
phi4_generalist_09_20260630_163937,phi4_generalist,phi4,generalist,3,Feasible,9,20260630_163937,"3 - Feasible

This rating reflects an assessment that, given the current state of technology and the strategic approach outlined in the Shift2DC project, implementing DC solutions across the target sectors—data centers, buildings, industry, and ports—is achievable. The project's focus on developing guidelines, tools, prototypes, and demonstrations suggests a robust framework for addressing technical challenges and fostering adoption. However, while promising, some hurdles like integration with existing infrastructure and broader societal acceptance may still require further effort, thus categorizing the feasibility as ""feasible"" rather than ""very feasible."""
phi4_normative_09_20260630_163937,phi4_normative,phi4,normative,3,Feasible,9,20260630_163937,"3 - Feasible

This rating reflects an assessment that, while there are inherent challenges and uncertainties in adopting DC solutions across the target sectors of data centers, buildings, industry, and ports within the Shift2DC project, these technologies hold promise. The integration of renewable energy sources, advancements in smart connectors, circuit breakers, converters, and other proposed solutions suggest a feasible path forward. However, barriers related to costs, technology maturity, regulatory frameworks, and user acceptance need to be addressed to realize their full potential across these sectors. Given the project's structured approach with demonstrators and feasibility studies, it indicates readiness for practical implementation, albeit with some challenges that must be overcome to ensure widespread adoption."
phi4_subject-matter_09_20260630_163937,phi4_subject-matter,phi4,subject-matter,3,Feasible,9,20260630_163937,"3 - Feasible

This rating reflects a positive outlook based on the current state of technology development, the comprehensive planning around various sectors (data centers, buildings, industry, and ports), and the integration of renewable energy sources. The project's focus on developing tools, simulation models, prototypes with high TRLs (Technology Readiness Levels), and practical demonstrations aligns well with the requirements for advancing DC solutions in these sectors. However, acknowledging the early stage of widespread end-user engagement and potential regulatory or infrastructural challenges prevents a higher rating. Overall, the coordinated approach across multiple domains within the Shift2DC initiative suggests that the adoption of medium- and low-voltage DC solutions is feasible but may require overcoming specific hurdles related to technology acceptance, standardization, and integration with existing systems."
llama_generalist_10_20260630_164134,llama_generalist,llama,generalist,2,Somewhat feasible,10,20260630_164134,"2 - Somewhat feasible
"
llama_normative_10_20260630_164134,llama_normative,llama,normative,3,Feasible,10,20260630_164134,"3 - Feasible
"
llama_subject-matter_10_20260630_164134,llama_subject-matter,llama,subject-matter,3,Feasible,10,20260630_164134,"3 - Feasible
"
mistral_generalist_10_20260630_164134,mistral_generalist,mistral,generalist,3,Feasible,10,20260630_164134, 3 - Feasible
mistral_normative_10_20260630_164134,mistral_normative,mistral,normative,3,Feasible,10,20260630_164134, 3 - Feasible
mistral_subject-matter_10_20260630_164134,mistral_subject-matter,mistral,subject-matter,3,Feasible,10,20260630_164134, 3 - Feasible
gemma3_generalist_10_20260630_164134,gemma3_generalist,gemma3,generalist,3,Feasible,10,20260630_164134,3 - Feasible
gemma3_normative_10_20260630_164134,gemma3_normative,gemma3,normative,3,Feasible,10,20260630_164134,3 - Feasible
gemma3_subject-matter_10_20260630_164134,gemma3_subject-matter,gemma3,subject-matter,3,Feasible,10,20260630_164134,3 - Feasible
phi4_generalist_10_20260630_164134,phi4_generalist,phi4,generalist,3,Feasible,10,20260630_164134,"3 - Feasible

The Shift2DC project focuses on integrating DC solutions into various sectors like data centers, buildings, industry, and ports. The comprehensive approach involving demonstrations, feasibility studies, expert input, and development of multiple technologies suggests a promising yet realistic path towards adoption. While there are challenges associated with transitioning to DC systems, the project's structured plan indicates that achieving practical implementation across these sectors is feasible, though not without effort and adaptation."
phi4_normative_10_20260630_164134,phi4_normative,phi4,normative,3,Feasible,10,20260630_164134,"3 - Feasible

This rating reflects an overall assessment that, while challenges exist in the adoption and integration of DC solutions across various sectors like data centers, buildings, industry, and ports, there are strong technological foundations and clear benefits (e.g., efficiency gains, renewable energy integration) that make these solutions feasible. The presence of demonstrator projects and comprehensive tool development supports a positive outlook on feasibility within the target sectors of the Shift2DC initiative."
phi4_subject-matter_10_20260630_164134,phi4_subject-matter,phi4,subject-matter,3,Feasible,10,20260630_164134,"3 - Feasible

This rating reflects that, within the context of the Shift2DC project, the proposed DC solutions are generally practical and achievable across data centers, buildings, industry, and ports. The integration of these technologies into existing systems and their alignment with renewable energy sources enhance their feasibility. While challenges remain—such as interoperability, regulatory barriers, and high initial infrastructure costs—the structured approach to development, including demonstrations and simulations, supports a feasible transition to DC solutions in the targeted sectors."
llama_generalist_11_20260630_164320,llama_generalist,llama,generalist,3,Feasible,11,20260630_164320,"3 - Feasible
"
llama_normative_11_20260630_164320,llama_normative,llama,normative,3,Feasible,11,20260630_164320,"3 - Feasible
"
llama_subject-matter_11_20260630_164320,llama_subject-matter,llama,subject-matter,3,Feasible,11,20260630_164320,"3 - Feasible
"
mistral_generalist_11_20260630_164320,mistral_generalist,mistral,generalist,3,Feasible,11,20260630_164320, 3 - Feasible
mistral_normative_11_20260630_164320,mistral_normative,mistral,normative,3,Feasible,11,20260630_164320, 3 - Feasible
mistral_subject-matter_11_20260630_164320,mistral_subject-matter,mistral,subject-matter,3,Feasible,11,20260630_164320, 3 - Feasible
gemma3_generalist_11_20260630_164320,gemma3_generalist,gemma3,generalist,3,Feasible,11,20260630_164320,3 - Feasible
gemma3_normative_11_20260630_164320,gemma3_normative,gemma3,normative,3,Feasible,11,20260630_164320,3 - Feasible
gemma3_subject-matter_11_20260630_164320,gemma3_subject-matter,gemma3,subject-matter,3,Feasible,11,20260630_164320,3 - Feasible
phi4_generalist_11_20260630_164320,phi4_generalist,phi4,generalist,3,Feasible,11,20260630_164320,"3 - Feasible

The Shift2DC project's DC solutions demonstrate a well-structured approach with various demonstrator sites and technologies, indicating a solid foundation for feasibility. The integration of renewable energy sources, smart components, and existing infrastructure aligns with current trends towards sustainable energy systems. While some challenges remain, such as the need for broader adoption and user engagement, the project's comprehensive planning across multiple sectors suggests that these DC solutions are feasible."
phi4_normative_11_20260630_164320,phi4_normative,phi4,normative,3,Feasible,11,20260630_164320,"3 - Feasible

This rating reflects an assessment that while challenges exist, the overall feasibility of implementing DC solutions across the specified sectors—data centers, buildings, industry, and ports—is realistic given current technological advancements and project initiatives. The strategic focus on integration with renewables and smart technologies enhances this feasibility.
"
phi4_subject-matter_11_20260630_164320,phi4_subject-matter,phi4,subject-matter,3,Feasible,11,20260630_164320,"3 - Feasible

This rating reflects that while there are promising aspects and ongoing developments within the Shift2DC project, challenges such as interoperability, regulatory barriers, and infrastructure costs may still pose significant hurdles. However, given the comprehensive approach involving demonstrations across various sectors and integration of advanced technologies like DC connectors, converters, and circuit breakers, the overall feasibility is considered feasible. The initiative's focus on developing guidelines and roadmaps also supports a structured path toward adoption, increasing confidence in its potential success."
llama_generalist_12_20260630_164502,llama_generalist,llama,generalist,4,Very feasible,12,20260630_164502,"4 - Very feasible
"
llama_normative_12_20260630_164502,llama_normative,llama,normative,3,Feasible,12,20260630_164502,"3 - Feasible
"
llama_subject-matter_12_20260630_164502,llama_subject-matter,llama,subject-matter,3,Feasible,12,20260630_164502,"3 - Feasible
"
mistral_generalist_12_20260630_164502,mistral_generalist,mistral,generalist,3,Feasible,12,20260630_164502, 3 - Feasible
mistral_normative_12_20260630_164502,mistral_normative,mistral,normative,3,Feasible,12,20260630_164502, 3 - Feasible
mistral_subject-matter_12_20260630_164502,mistral_subject-matter,mistral,subject-matter,3,Feasible,12,20260630_164502, 3 - Feasible
gemma3_generalist_12_20260630_164502,gemma3_generalist,gemma3,generalist,3,Feasible,12,20260630_164502,3 - Feasible
gemma3_normative_12_20260630_164502,gemma3_normative,gemma3,normative,3,Feasible,12,20260630_164502,3 - Feasible
gemma3_subject-matter_12_20260630_164502,gemma3_subject-matter,gemma3,subject-matter,3,Feasible,12,20260630_164502,3 - Feasible
phi4_generalist_12_20260630_164502,phi4_generalist,phi4,generalist,3,Feasible,12,20260630_164502,"3 - Feasible

This rating considers that while there are significant challenges and uncertainties, the planned demonstrations and developed technologies suggest a strong potential for successful integration of DC solutions in target sectors. The comprehensive approach with multiple demonstrators across different applications indicates a high likelihood of practical feasibility once initial technical and adoption hurdles are addressed."
phi4_normative_12_20260630_164502,phi4_normative,phi4,normative,3,Feasible,12,20260630_164502,"3 - Feasible

This rating reflects an assessment that, while there are challenges and uncertainties in the literature about medium- and low-voltage DC technologies, the combination of well-planned demonstrators, supportive tools, and comprehensive research within the Shift2DC initiative suggests a reasonably high likelihood of successful implementation across the target sectors. The project's structured approach to integrating DC solutions into various applications—such as data centers, buildings, industry, and ports—indicates that these solutions are feasible given current technological capabilities and planned support infrastructure. However, full-scale adoption may still face barriers related to costs, time, risks of delay, and social acceptance, which prevent a higher rating at this stage."
phi4_subject-matter_12_20260630_164502,phi4_subject-matter,phi4,subject-matter,3,Feasible,12,20260630_164502,"3 - Feasible

This rating reflects a balanced view of the current state and potential of DC solutions in the targeted sectors within the Shift2DC project. The initiative's focus on developing technologies, tools, and demonstrator projects across varied applications such as data centers, buildings, industry, and ports indicates a strong foundation for feasibility. These efforts are supported by an interdisciplinary approach that combines expert input with innovative technical solutions like smart cables, DC connectors, semiconductor-based circuit breakers, and various converters, which collectively address the core challenges of medium- and low-voltage DC integration.

The project’s structure around creating tools, prototypes with high Technology Readiness Levels (TRLs), simulation tools, and demonstrations in strategically selected application areas demonstrates a comprehensive approach to validate and refine these technologies in real-world settings. The inclusion of feasibility studies and the development of DC roadmaps based on demonstrator results further underscore the commitment to overcoming technical challenges and regulatory barriers.

However, while there is significant progress and promising developments within the project, it's important to note that widespread adoption of DC solutions faces hurdles such as interoperability with existing AC infrastructures, upfront costs for transitioning technologies, and the need for broader regulatory support. These factors contribute to a feasibility rating that acknowledges both the potential and the challenges ahead.

The chosen rating of ""3 - Feasible"" captures this dual reality: there is sufficient evidence and ongoing work within the Shift2DC project indicating that DC solutions can be effectively implemented in targeted sectors, yet there remain substantial obstacles that must be addressed to achieve full-scale deployment. This assessment takes into account both the innovative aspects of the technologies being developed and the practical considerations related to their integration into current energy systems.

In conclusion, the feasibility of using DC solutions for the target sectors described in the Shift2DC project is deemed ""Feasible"" because the project is laying a strong groundwork through technology development, expert collaboration, and real-world testing. Nonetheless, achieving widespread adoption will require continued effort to address the remaining technical, regulatory, and economic challenges."
llama_generalist_13_20260630_164717,llama_generalist,llama,generalist,4,Very feasible,13,20260630_164717,"4 - Very feasible
"
llama_normative_13_20260630_164717,llama_normative,llama,normative,3,Feasible,13,20260630_164717,"3 - Feasible
"
llama_subject-matter_13_20260630_164717,llama_subject-matter,llama,subject-matter,4,Very feasible,13,20260630_164717,"4 - Very feasible
"
mistral_generalist_13_20260630_164717,mistral_generalist,mistral,generalist,3,Feasible,13,20260630_164717, 3 - Feasible
mistral_normative_13_20260630_164717,mistral_normative,mistral,normative,3,Feasible,13,20260630_164717, 3 - Feasible
mistral_subject-matter_13_20260630_164717,mistral_subject-matter,mistral,subject-matter,3,Feasible,13,20260630_164717, 3 - Feasible
gemma3_generalist_13_20260630_164717,gemma3_generalist,gemma3,generalist,3,Feasible,13,20260630_164717,3 - Feasible
gemma3_normative_13_20260630_164717,gemma3_normative,gemma3,normative,3,Feasible,13,20260630_164717,3 - Feasible
gemma3_subject-matter_13_20260630_164717,gemma3_subject-matter,gemma3,subject-matter,3,Feasible,13,20260630_164717,3 - Feasible
phi4_generalist_13_20260630_164717,phi4_generalist,phi4,generalist,3,Feasible,13,20260630_164717,"3 - Feasible

This rating reflects that, based on the context and scope of the Shift2DC project, the DC solutions are generally feasible for implementation in the target sectors such as data centers, buildings, industry, and ports. The project includes comprehensive planning with demonstrations, integration of renewables, and a range of technologies tailored to specific applications. While challenges remain, particularly regarding widespread adoption and cost considerations, the structured approach and existing technological advancements support feasibility across these sectors."
phi4_normative_13_20260630_164717,phi4_normative,phi4,normative,3,Feasible,13,20260630_164717,"3 - Feasible

This rating considers the comprehensive integration of DC solutions across diverse sectors such as data centers, buildings, industry, and ports within the Shift2DC project. The focus on developing tools, prototypes, and demonstrations indicates a significant level of preparedness and alignment with current technological capabilities, making these solutions feasible in their respective application areas. However, given that the project is still in its early stages and lacks extensive end-user engagement, there are inherent uncertainties and challenges to be addressed, which prevent it from being rated as ""very feasible."""
phi4_subject-matter_13_20260630_164717,phi4_subject-matter,phi4,subject-matter,3,Feasible,13,20260630_164717,"3 - Feasible

This rating reflects that while there are challenges and uncertainties, the DC solutions proposed by the Shift2DC project show significant potential for integration into target sectors such as data centers, buildings, industry, and ports. The comprehensive approach, including advanced technology development and demonstrator projects, suggests a feasible path forward in adopting medium- and low-voltage DC technologies across these application areas."
llama_generalist_14_20260630_164903,llama_generalist,llama,generalist,3,Feasible,14,20260630_164903,"3 - Feasible
"
llama_normative_14_20260630_164903,llama_normative,llama,normative,3,Feasible,14,20260630_164903,"3 - Feasible
"
llama_subject-matter_14_20260630_164903,llama_subject-matter,llama,subject-matter,3,Feasible,14,20260630_164903,"3 - Feasible
"
mistral_generalist_14_20260630_164903,mistral_generalist,mistral,generalist,3,Feasible,14,20260630_164903, 3 - Feasible
mistral_normative_14_20260630_164903,mistral_normative,mistral,normative,3,Feasible,14,20260630_164903, 3 - Feasible
mistral_subject-matter_14_20260630_164903,mistral_subject-matter,mistral,subject-matter,3,Feasible,14,20260630_164903, 3 - Feasible
gemma3_generalist_14_20260630_164903,gemma3_generalist,gemma3,generalist,3,Feasible,14,20260630_164903,3 - Feasible
gemma3_normative_14_20260630_164903,gemma3_normative,gemma3,normative,3,Feasible,14,20260630_164903,3 - Feasible
gemma3_subject-matter_14_20260630_164903,gemma3_subject-matter,gemma3,subject-matter,3,Feasible,14,20260630_164903,3 - Feasible
phi4_generalist_14_20260630_164903,phi4_generalist,phi4,generalist,3,Feasible,14,20260630_164903,"3 - Feasible

This rating reflects an assessment of the overall potential for DC solutions within the target sectors described in the Shift2DC project. The feasibility is seen as strong, considering the integration with existing technologies and infrastructure across data centers, buildings, industry, and ports. However, challenges remain in terms of widespread adoption, regulatory alignment, and cost-effectiveness, which prevent a ""very feasible"" rating at this stage."
phi4_normative_14_20260630_164903,phi4_normative,phi4,normative,3,Feasible,14,20260630_164903,"3 - Feasible

This rating reflects an assessment that, while there are significant challenges and uncertainties in the adoption of medium- and low-voltage DC solutions, the overall feasibility is positive. The project's comprehensive approach—encompassing technological development, demonstrations across diverse sectors, and integration with renewable energy sources—suggests a strong potential for successful implementation and widespread adoption over time. However, barriers such as current infrastructural limitations, cost considerations, and the need for further user engagement indicate that while feasible, achieving full-scale deployment will require overcoming substantial hurdles."
phi4_subject-matter_14_20260630_164903,phi4_subject-matter,phi4,subject-matter,3,Feasible,14,20260630_164903,"3 - Feasible

This rating considers the comprehensive approach of Shift2DC in addressing various sectors with tailored DC solutions, combined with ongoing research and expert input. The project's structured roadmap, focus on integrating renewables, and development of enabling technologies like smart cables and converters suggest a high likelihood of successful implementation across data centers, buildings, industry, and ports. However, the early stage of the project and potential challenges in widespread adoption prevent a ""very feasible"" rating at this point."
llama_generalist_15_20260630_165050,llama_generalist,llama,generalist,3,Feasible,15,20260630_165050,"3 - Feasible
"
llama_normative_15_20260630_165050,llama_normative,llama,normative,3,Feasible,15,20260630_165050,"3 - Feasible
"
llama_subject-matter_15_20260630_165050,llama_subject-matter,llama,subject-matter,4,Very feasible,15,20260630_165050,"4 - Very feasible
"
mistral_generalist_15_20260630_165050,mistral_generalist,mistral,generalist,3,Feasible,15,20260630_165050, 3 - Feasible
mistral_normative_15_20260630_165050,mistral_normative,mistral,normative,3,Feasible,15,20260630_165050, 3 - Feasible
mistral_subject-matter_15_20260630_165050,mistral_subject-matter,mistral,subject-matter,3,Feasible,15,20260630_165050, 3 - Feasible
gemma3_generalist_15_20260630_165050,gemma3_generalist,gemma3,generalist,3,Feasible,15,20260630_165050,3 - Feasible
gemma3_normative_15_20260630_165050,gemma3_normative,gemma3,normative,3,Feasible,15,20260630_165050,3 - Feasible
gemma3_subject-matter_15_20260630_165050,gemma3_subject-matter,gemma3,subject-matter,3,Feasible,15,20260630_165050,3 - Feasible
phi4_generalist_15_20260630_165050,phi4_generalist,phi4,generalist,3,Feasible,15,20260630_165050,"3 - Feasible

The Shift2DC project is structured with a comprehensive approach, including the development of tools, simulations, and hardware solutions. The focus on integrating DC technologies across data centers, buildings, industry, and ports aligns with current trends towards renewable energy integration and efficiency improvements. The involvement of experts in diverse fields ensures that the proposed solutions are well-informed by practical insights, although early-stage challenges remain due to limited current user engagement. Overall, given the structured roadmap and emphasis on enabling technologies, the feasibility for these sectors is deemed feasible."
phi4_normative_15_20260630_165050,phi4_normative,phi4,normative,3,Feasible,15,20260630_165050,"3 - Feasible

This rating reflects that, considering the comprehensive plan and integration of DC solutions across various sectors within the Shift2DC project—such as data centers, buildings, industry, and ports—the overall feasibility is high. The project includes detailed roadmaps, demonstrator plans, and a range of technological developments from software tools to hardware components like cables and converters. While there are inherent challenges in transitioning to DC systems, especially given current infrastructure and user familiarity, the structured approach and focus on enabling technologies suggest that these solutions can be successfully implemented across the targeted sectors. The project's emphasis on expert input for overcoming barriers and uncertainties further supports this assessment of feasibility."
phi4_subject-matter_15_20260630_165050,phi4_subject-matter,phi4,subject-matter,3,Feasible,15,20260630_165050,"3 - Feasible

This rating reflects that, given the current state of technology and infrastructure, DC solutions proposed in the Shift2DC project are generally achievable within the target sectors like data centers, buildings, industry, and ports. The presence of prototypes with high TRLs (Technology Readiness Levels), ongoing development of tools, and existing demonstration projects support this level of feasibility, acknowledging that while there may be challenges such as regulatory barriers or costs, these can be addressed effectively in many cases."
llama_generalist_16_20260630_165241,llama_generalist,llama,generalist,3,Feasible,16,20260630_165241,"3 - Feasible
"
llama_normative_16_20260630_165241,llama_normative,llama,normative,4,Very feasible,16,20260630_165241,"4 - Very feasible
"
llama_subject-matter_16_20260630_165241,llama_subject-matter,llama,subject-matter,3,Feasible,16,20260630_165241,"3 - Feasible
"
mistral_generalist_16_20260630_165241,mistral_generalist,mistral,generalist,3,Feasible,16,20260630_165241, 3 - Feasible
mistral_normative_16_20260630_165241,mistral_normative,mistral,normative,3,Feasible,16,20260630_165241, 3 - Feasible
mistral_subject-matter_16_20260630_165241,mistral_subject-matter,mistral,subject-matter,3,Feasible,16,20260630_165241, 3 - Feasible
gemma3_generalist_16_20260630_165241,gemma3_generalist,gemma3,generalist,3,Feasible,16,20260630_165241,3 - Feasible
gemma3_normative_16_20260630_165241,gemma3_normative,gemma3,normative,3,Feasible,16,20260630_165241,3 - Feasible
gemma3_subject-matter_16_20260630_165241,gemma3_subject-matter,gemma3,subject-matter,3,Feasible,16,20260630_165241,3 - Feasible
phi4_generalist_16_20260630_165241,phi4_generalist,phi4,generalist,3,Feasible,16,20260630_165241,"3 - Feasible

This rating reflects a positive outlook on the adoption and integration of DC solutions in the target sectors as described by the Shift2DC project. While there are challenges, such as limited current user base and potential technical hurdles, the comprehensive approach involving tools, prototypes, simulations, and demonstrations across diverse applications (data centers, buildings, industry, ports) suggests a strong foundation for feasible implementation. The focus on developing enablers like smart cables, connectors, protection systems, converters, and design tools also indicates significant progress towards addressing the practical challenges of DC integration. Overall, while not without obstacles, the coordinated efforts and strategic planning imply that these solutions are feasibly implementable in their respective sectors."
phi4_normative_16_20260630_165241,phi4_normative,phi4,normative,3,Feasible,16,20260630_165241,"3 - Feasible

(Note: This rating reflects an overall assessment of the described DC solutions' feasibility within the context of the Shift2DC project and its target sectors, considering current technological advancements and integration efforts.)"
phi4_subject-matter_16_20260630_165241,phi4_subject-matter,phi4,subject-matter,3,Feasible,16,20260630_165241,"3 - Feasible

This rating is based on the comprehensive nature of the Shift2DC project, which encompasses a wide range of DC solutions and target sectors. The initiative's structured approach towards developing guidelines, tools, prototypes, and demonstrations across diverse applications such as data centers, buildings, industry, and ports indicates a strong potential for successful integration and adoption. Furthermore, the inclusion of expert input and feasibility studies suggests that significant groundwork has been laid to address technical and social challenges associated with DC technologies. The project's focus on both high TRL prototypes and emerging solutions provides a balanced pathway towards realization, underscoring its overall feasibility within these sectors."
llama_generalist_17_20260630_165429,llama_generalist,llama,generalist,3,Feasible,17,20260630_165429,"3 - Feasible
"
llama_normative_17_20260630_165429,llama_normative,llama,normative,3,Feasible,17,20260630_165429,"3 - Feasible
"
llama_subject-matter_17_20260630_165429,llama_subject-matter,llama,subject-matter,2,Somewhat feasible,17,20260630_165429,"2 - Somewhat feasible
"
mistral_generalist_17_20260630_165429,mistral_generalist,mistral,generalist,3,Feasible,17,20260630_165429, 3 - Feasible
mistral_normative_17_20260630_165429,mistral_normative,mistral,normative,3,Feasible,17,20260630_165429, 3 - Feasible
mistral_subject-matter_17_20260630_165429,mistral_subject-matter,mistral,subject-matter,3,Feasible,17,20260630_165429, 3 - Feasible
gemma3_generalist_17_20260630_165429,gemma3_generalist,gemma3,generalist,3,Feasible,17,20260630_165429,3 - Feasible
gemma3_normative_17_20260630_165429,gemma3_normative,gemma3,normative,3,Feasible,17,20260630_165429,3 - Feasible
gemma3_subject-matter_17_20260630_165429,gemma3_subject-matter,gemma3,subject-matter,3,Feasible,17,20260630_165429,3 - Feasible
phi4_generalist_17_20260630_165429,phi4_generalist,phi4,generalist,3,Feasible,17,20260630_165429,"3 - Feasible

This rating reflects that, given the current state of technology and implementation plans described in the Shift2DC project, DC solutions are considered feasible for integration into target sectors such as data centers, buildings, industry, and ports. The comprehensive approach involving demonstrations, expert input, and development of supporting technologies suggests a high likelihood of successful adoption, although challenges remain that prevent it from being rated as ""very feasible."""
phi4_normative_17_20260630_165429,phi4_normative,phi4,normative,3,Feasible,17,20260630_165429,"3 - Feasible

This rating reflects a generally positive outlook for the adoption of DC solutions within the specified sectors, considering the comprehensive approach of the Shift2DC project which includes technology development, demonstrations, and feasibility studies. The project's focus on developing tools and prototypes across various applications like data centers, buildings, industry, and ports indicates a strategic move towards practical implementation. While there are inherent challenges in transitioning to DC systems, such as integration with existing AC infrastructures, the targeted research and development efforts suggest that overcoming these barriers is within reach. The inclusion of demonstrations in real-world settings and the development of specific technologies like smart cables, connectors, and converters tailored for DC applications further support this feasibility assessment.

The project's alignment with regulatory standards (Current/OS and ODCA) and its emphasis on creating user-friendly design tools also highlight a forward-thinking approach to addressing potential adoption barriers. These efforts indicate a clear pathway towards making DC solutions more accessible and attractive to stakeholders in the targeted sectors. However, the early stage of direct user engagement and the reliance on expert elicitation for insights into challenges and opportunities suggest that while feasible, there are still uncertainties to be addressed before widespread adoption can occur.

The planned demonstrations across diverse application areas (data centers, buildings, industry, and ports) provide valuable opportunities for real-world testing and validation of DC technologies. These initiatives are crucial for understanding the practical implications of DC integration and for building confidence among potential adopters. The project's comprehensive approach, including feasibility studies and recommendations leading to DC roadmaps, further underscores its commitment to addressing both technical and non-technical barriers to adoption.

In conclusion, the overall feasibility of using DC solutions in the target sectors is deemed feasible due to the strategic focus on technology development, practical demonstrations, and alignment with regulatory standards. While there are challenges ahead, the structured approach of the Shift2DC project suggests a strong potential for successful integration of DC technologies into these sectors."
phi4_subject-matter_17_20260630_165429,phi4_subject-matter,phi4,subject-matter,3,Feasible,17,20260630_165429,"3 - Feasible

This rating reflects a comprehensive assessment of the Shift2DC project's DC solutions across various sectors, considering current technology readiness levels, integration challenges, and potential for scalability. The targeted applications in data centers, buildings, industry, and ports demonstrate a strategic approach to addressing specific needs within these sectors, such as renewable energy integration, efficient power distribution, and enhanced grid resilience.

The inclusion of smart and sustainable DC cables, advanced connectors, protection systems, semiconductor-based circuit breakers, and converters illustrates a focus on overcoming traditional challenges associated with DC power systems, like fault management and interoperability. The development of design tools further supports the feasibility by enabling better planning, simulation, and optimization of DC solutions.

Moreover, the project's emphasis on demonstrations across diverse applications provides practical insights into real-world applicability and effectiveness, enhancing confidence in these technologies' potential for broader adoption. However, while promising, some solutions may still face hurdles related to standardization, cost-effectiveness, and user acceptance before achieving widespread implementation.

The rating acknowledges that although not without challenges, the project's comprehensive approach and technological advancements position DC solutions as feasible options within their target sectors. The demonstration projects across different domains are critical in validating these technologies and facilitating a smoother transition from AC-dominated systems to more integrated DC power solutions."
llama_generalist_18_20260630_165656,llama_generalist,llama,generalist,3,Feasible,18,20260630_165656,"3 - Feasible
"
llama_normative_18_20260630_165656,llama_normative,llama,normative,2,Somewhat feasible,18,20260630_165656,"2 - Somewhat feasible
"
llama_subject-matter_18_20260630_165656,llama_subject-matter,llama,subject-matter,3,Feasible,18,20260630_165656,"3 - Feasible
"
mistral_generalist_18_20260630_165656,mistral_generalist,mistral,generalist,3,Feasible,18,20260630_165656, 3 - Feasible
mistral_normative_18_20260630_165656,mistral_normative,mistral,normative,3,Feasible,18,20260630_165656, 3 - Feasible
mistral_subject-matter_18_20260630_165656,mistral_subject-matter,mistral,subject-matter,3,Feasible,18,20260630_165656, 3 - Feasible
gemma3_generalist_18_20260630_165656,gemma3_generalist,gemma3,generalist,3,Feasible,18,20260630_165656,3 - Feasible
gemma3_normative_18_20260630_165656,gemma3_normative,gemma3,normative,3,Feasible,18,20260630_165656,3 - Feasible
gemma3_subject-matter_18_20260630_165656,gemma3_subject-matter,gemma3,subject-matter,3,Feasible,18,20260630_165656,3 - Feasible
phi4_generalist_18_20260630_165656,phi4_generalist,phi4,generalist,3,Feasible,18,20260630_165656,"3 - Feasible

This rating reflects a positive outlook on implementing DC solutions across the target sectors, considering both current advancements and existing challenges. The feasibility is grounded in the ongoing development of necessary technologies like smart cables, connectors, converters, and protection systems outlined in the Shift2DC project. These technologies are crucial for integrating DC into diverse sectors such as data centers, buildings, industry, and ports.

The project's focus on creating comprehensive roadmaps and demonstration sites across these sectors suggests a structured approach to overcoming barriers related to technology adoption, cost, and standardization. The inclusion of experts in the elicitation process indicates that practical insights are being considered to address real-world challenges.

Moreover, the planned demonstrations—ranging from edge data centers with renewable integration in Germany to residential buildings in France using existing DC technologies—highlight tangible steps towards feasibility. These initiatives aim to showcase the potential benefits and effectiveness of DC solutions in specific applications, thereby fostering wider adoption.

The project's emphasis on developing both hardware (such as cables, connectors, and converters) and software tools (like design and simulation tools for protection systems and network configurations) further supports its feasibility. These developments are essential for ensuring that the technical infrastructure can support the transition to DC power in these sectors.

However, some challenges remain, such as the need for broader user engagement beyond expert input and the integration of new technologies into existing infrastructures. The project is still early, with many solutions at varying levels of technological readiness. This suggests that while feasible, there are hurdles yet to be fully addressed before DC adoption can reach its full potential.

In conclusion, the overall feasibility rating of ""3 - Feasible"" acknowledges both the promising developments and the existing challenges within the Shift2DC project's scope. It reflects a balanced view that recognizes significant progress while also acknowledging areas that require further work for successful implementation across target sectors."
phi4_normative_18_20260630_165656,phi4_normative,phi4,normative,3,Feasible,18,20260630_165656,"3 - Feasible

This rating reflects an assessment of the collective potential and current progress within the Shift2DC project, considering the promising integration of DC technologies across various sectors like data centers, buildings, industry, and ports. The initiative's focus on comprehensive roadmaps, demonstrator projects, and technology development signals a feasible trajectory for widespread adoption, despite some existing challenges related to infrastructure adaptation, cost management, and regulatory hurdles."
phi4_subject-matter_18_20260630_165656,phi4_subject-matter,phi4,subject-matter,3,Feasible,18,20260630_165656,"3 - Feasible

This rating reflects a balanced view of the current state and potential for DC solutions in the target sectors, considering both technological readiness and integration challenges. The comprehensive approach of the Shift2DC project, including multiple demonstrators across diverse application areas such as data centers, buildings, industry, and ports, indicates a strong foundation for feasibility. However, given the early stage of engagement with end users and reliance on expert opinions rather than extensive user data, there are inherent uncertainties that prevent a higher rating. The focus on developing tools, prototypes, and demonstrations suggests a commitment to addressing these challenges, but widespread adoption across all target sectors will require overcoming technical, regulatory, and market barriers. Therefore, the overall feasibility is deemed ""Feasible,"" acknowledging both the promising aspects of DC solutions for specific applications and the broader challenges that need to be addressed for full-scale implementation."
llama_generalist_19_20260630_165914,llama_generalist,llama,generalist,3,Feasible,19,20260630_165914,"3 - Feasible
"
llama_normative_19_20260630_165914,llama_normative,llama,normative,4,Very feasible,19,20260630_165914,"4 - Very feasible
"
llama_subject-matter_19_20260630_165914,llama_subject-matter,llama,subject-matter,3,Feasible,19,20260630_165914,"3 - Feasible
"
mistral_generalist_19_20260630_165914,mistral_generalist,mistral,generalist,3,Feasible,19,20260630_165914, 3 - Feasible
mistral_normative_19_20260630_165914,mistral_normative,mistral,normative,3,Feasible,19,20260630_165914, 3 - Feasible
mistral_subject-matter_19_20260630_165914,mistral_subject-matter,mistral,subject-matter,3,Feasible,19,20260630_165914, 3 - Feasible
gemma3_generalist_19_20260630_165914,gemma3_generalist,gemma3,generalist,3,Feasible,19,20260630_165914,3 - Feasible
gemma3_normative_19_20260630_165914,gemma3_normative,gemma3,normative,3,Feasible,19,20260630_165914,3 - Feasible
gemma3_subject-matter_19_20260630_165914,gemma3_subject-matter,gemma3,subject-matter,3,Feasible,19,20260630_165914,3 - Feasible
phi4_generalist_19_20260630_165914,phi4_generalist,phi4,generalist,3,Feasible,19,20260630_165914,"3 - Feasible

This rating reflects a general assessment of the feasibility of DC solutions across data centers, buildings, industry, and ports as described in the Shift2DC project. The integration of DC technologies, supported by various innovative tools and prototypes, indicates a promising but not yet fully matured state for widespread adoption. The expert elicitation process underscores potential benefits and challenges, aligning with an overall feasible outlook given current technological advancements and planned demonstrations."
phi4_normative_19_20260630_165914,phi4_normative,phi4,normative,3,Feasible,19,20260630_165914,"3 - Feasible

This rating reflects a balanced view, considering that while there are significant opportunities for DC solutions in the target sectors of data centers, buildings, industry, and ports, challenges such as technological integration, regulatory hurdles, and user acceptance still need to be addressed. The project's comprehensive approach with prototypes, tools, and demonstration sites supports its feasibility but acknowledges some existing uncertainties and barriers that must be overcome for widespread adoption."
phi4_subject-matter_19_20260630_165914,phi4_subject-matter,phi4,subject-matter,3,Feasible,19,20260630_165914,"3 - Feasible

The Shift2DC project outlines comprehensive plans for integrating DC solutions across various sectors, including data centers, buildings, industry, and ports. The proposed demonstrations and technology developments indicate a strong potential for successful implementation. While challenges such as regulatory barriers, interoperability issues, and infrastructure costs exist, the initiative's structured approach, involving prototypes, simulation tools, and feasibility studies, supports its overall feasibility in these target sectors."
llama_generalist_20_20260630_170058,llama_generalist,llama,generalist,3,Feasible,20,20260630_170058,"3 - Feasible
"
llama_normative_20_20260630_170058,llama_normative,llama,normative,3,Feasible,20,20260630_170058,"3 - Feasible
"
llama_subject-matter_20_20260630_170058,llama_subject-matter,llama,subject-matter,4,Very feasible,20,20260630_170058,"4 - Very feasible
"
mistral_generalist_20_20260630_170058,mistral_generalist,mistral,generalist,3,Feasible,20,20260630_170058, 3 - Feasible
mistral_normative_20_20260630_170058,mistral_normative,mistral,normative,3,Feasible,20,20260630_170058, 3 - Feasible
mistral_subject-matter_20_20260630_170058,mistral_subject-matter,mistral,subject-matter,3,Feasible,20,20260630_170058, 3 - Feasible
gemma3_generalist_20_20260630_170058,gemma3_generalist,gemma3,generalist,3,Feasible,20,20260630_170058,3 - Feasible
gemma3_normative_20_20260630_170058,gemma3_normative,gemma3,normative,3,Feasible,20,20260630_170058,3 - Feasible
gemma3_subject-matter_20_20260630_170058,gemma3_subject-matter,gemma3,subject-matter,3,Feasible,20,20260630_170058,3 - Feasible
phi4_generalist_20_20260630_170058,phi4_generalist,phi4,generalist,3,Feasible,20,20260630_170058,"3 - Feasible

This rating reflects a comprehensive evaluation of the DC solutions described within the context of the Shift2DC project. The project encompasses various sectors, including data centers, buildings, industry, and ports, each with distinct requirements and challenges for DC integration.

1. **Data Centers**: The focus on integrating renewables and heat reuse in edge data centers, along with vehicle-to-grid (V2G) systems, aligns well with the current trend towards sustainability and energy efficiency. The practical testing of these technologies at a micro data center in Germany suggests a high level of feasibility due to existing technological maturity and alignment with industry needs.

2. **Buildings**: Residential buildings in France are set to test existing DC technologies, including distributed photovoltaic systems. Given the increasing interest in sustainable building solutions and the potential for cost savings through efficient energy use, integrating DC grids appears feasible. However, challenges remain in terms of standardization and consumer acceptance.

3. **Industry**: The project's focus on manufacturing facilities and living-lab setups indicates a strong feasibility due to industry's ongoing shift towards smart grid technologies and renewable integration. The ability to connect large facilities with renewables and chargers supports this assessment, although scale and complexity may pose challenges.

4. **Ports**: The port demonstrator in Funchal aims to assess DC for onshore power supply, which is increasingly relevant as ports seek sustainable energy solutions. The inclusion of a digital twin for scalability exploration enhances feasibility by allowing thorough testing and analysis before full-scale implementation.

Overall, while there are technical and social challenges such as standardization, consumer acceptance, and initial costs, the strategic alignment with current trends in sustainability and technological advancements suggests that these DC solutions are feasible across the target sectors. The project's structured approach to demonstrations and simulations further supports this assessment."
phi4_normative_20_20260630_170058,phi4_normative,phi4,normative,3,Feasible,20,20260630_170058,"3 - Feasible

This rating reflects an assessment of the overall potential for DC solutions within the target sectors as described in the Shift2DC project. The project's focus on developing and demonstrating technologies across data centers, buildings, industry, and ports indicates that there is a strong foundation to support the feasibility of these solutions. However, challenges such as integration with existing systems, user acceptance, and regulatory frameworks may limit the immediate widespread adoption, thus justifying a rating of ""Feasible"" rather than ""Very feasible."""
phi4_subject-matter_20_20260630_170058,phi4_subject-matter,phi4,subject-matter,3,Feasible,20,20260630_170058,"3 - Feasible

This rating reflects a positive outlook based on the comprehensive nature of the Shift2DC project, which includes a wide range of demonstrations and technological solutions. The initiative's focus on developing tools, prototypes, and integration strategies across diverse sectors such as data centers, buildings, industry, and ports suggests a strong potential for successful adoption and implementation of DC technologies in these areas. However, there are inherent challenges related to interoperability, regulatory barriers, and the current stage of technology development that prevent a rating of ""Very feasible."" Thus, while promising, some uncertainties remain that make a full endorsement of widespread feasibility slightly premature at this stage."
llama_generalist_21_20260630_170312,llama_generalist,llama,generalist,3,Feasible,21,20260630_170312,"3 - Feasible
"
llama_normative_21_20260630_170312,llama_normative,llama,normative,4,Very feasible,21,20260630_170312,"4 - Very feasible
"
llama_subject-matter_21_20260630_170312,llama_subject-matter,llama,subject-matter,3,Feasible,21,20260630_170312,"3 - Feasible
"
mistral_generalist_21_20260630_170312,mistral_generalist,mistral,generalist,3,Feasible,21,20260630_170312, 3 - Feasible
mistral_normative_21_20260630_170312,mistral_normative,mistral,normative,3,Feasible,21,20260630_170312, 3 - Feasible
mistral_subject-matter_21_20260630_170312,mistral_subject-matter,mistral,subject-matter,3,Feasible,21,20260630_170312, 3 - Feasible
gemma3_generalist_21_20260630_170312,gemma3_generalist,gemma3,generalist,3,Feasible,21,20260630_170312,3 - Feasible
gemma3_normative_21_20260630_170312,gemma3_normative,gemma3,normative,3,Feasible,21,20260630_170312,3 - Feasible
gemma3_subject-matter_21_20260630_170312,gemma3_subject-matter,gemma3,subject-matter,3,Feasible,21,20260630_170312,3 - Feasible
phi4_generalist_21_20260630_170312,phi4_generalist,phi4,generalist,3,Feasible,21,20260630_170312,"3 - Feasible

The DC solutions in the Shift2DC project are designed with practical considerations for integration into various sectors such as data centers, buildings, industry, and ports. The inclusion of demonstrators across these areas indicates a strong commitment to testing feasibility under real-world conditions. Moreover, the development of tools like converters, protection systems, and design software further supports the practical application of DC technology in these contexts. While challenges remain, especially regarding widespread adoption and integration with existing AC infrastructure, the project's comprehensive approach and technological advancements suggest that implementing these solutions is feasible across the target sectors."
phi4_normative_21_20260630_170312,phi4_normative,phi4,normative,3,Feasible,21,20260630_170312,"3 - Feasible

This rating reflects an assessment that while there are challenges and uncertainties in the implementation of DC solutions across various sectors, the comprehensive approach of the Shift2DC project—encompassing technology development, demonstrations, and expert input—indicates a reasonable likelihood of success. The project's focus on integrating renewables and developing tools for simulation and design further supports this feasibility assessment."
phi4_subject-matter_21_20260630_170312,phi4_subject-matter,phi4,subject-matter,3,Feasible,21,20260630_170312,"3 - Feasible

(Note: This response is based on an expert's assessment of the overall feasibility of DC solutions within the context and objectives outlined in the Shift2DC project, considering its current stage, planned demonstrations, and proposed technologies.)"
llama_generalist_22_20260630_170455,llama_generalist,llama,generalist,3,Feasible,22,20260630_170455,"3 - Feasible
"
llama_normative_22_20260630_170455,llama_normative,llama,normative,3,Feasible,22,20260630_170455,"3 - Feasible
"
llama_subject-matter_22_20260630_170455,llama_subject-matter,llama,subject-matter,1,Not feasible,22,20260630_170455,"1 - Not feasible
"
mistral_generalist_22_20260630_170455,mistral_generalist,mistral,generalist,3,Feasible,22,20260630_170455, 3 - Feasible
mistral_normative_22_20260630_170455,mistral_normative,mistral,normative,3,Feasible,22,20260630_170455, 3 - Feasible
mistral_subject-matter_22_20260630_170455,mistral_subject-matter,mistral,subject-matter,3,Feasible,22,20260630_170455, 3 - Feasible
gemma3_generalist_22_20260630_170455,gemma3_generalist,gemma3,generalist,3,Feasible,22,20260630_170455,3 - Feasible
gemma3_normative_22_20260630_170455,gemma3_normative,gemma3,normative,3,Feasible,22,20260630_170455,3 - Feasible
gemma3_subject-matter_22_20260630_170455,gemma3_subject-matter,gemma3,subject-matter,3,Feasible,22,20260630_170455,3 - Feasible
phi4_generalist_22_20260630_170455,phi4_generalist,phi4,generalist,3,Feasible,22,20260630_170455,"3 - Feasible

This rating reflects an overall assessment that the DC solutions proposed in the Shift2DC project are feasible for implementation across the target sectors, considering their design and alignment with current technological trends and challenges. The project's comprehensive approach to developing guidelines, tools, prototypes, and demonstrations suggests a strong foundation for successful adoption of DC technologies in data centers, buildings, industry, and ports."
phi4_normative_22_20260630_170455,phi4_normative,phi4,normative,3,Feasible,22,20260630_170455,"3 - Feasible

This rating reflects an assessment that, considering the current stage of development and planned demonstrations in key sectors like data centers, buildings, industry, and ports, DC solutions are feasible for adoption. The project's focus on integrating these technologies with existing infrastructure and renewable sources indicates a strong potential for practical implementation, although some challenges remain to be addressed before widespread deployment can occur."
phi4_subject-matter_22_20260630_170455,phi4_subject-matter,phi4,subject-matter,3,Feasible,22,20260630_170455,"3 - Feasible

This rating reflects an assessment that, while there are significant challenges and uncertainties involved in the widespread adoption of DC solutions across various sectors as described in the Shift2DC project, the combination of well-developed technologies (such as smart cables, converters, and protection systems) alongside the planned demonstrations suggests a level of feasibility. The initiatives for integrating renewables, retrofitting existing infrastructure, and developing supportive tools and standards indicate that these solutions are practical and potentially scalable within the medium- to long-term horizon, despite current barriers such as costs, regulatory issues, and interoperability challenges. This overall feasibility is supported by ongoing research and development efforts, expert insights, and targeted applications in sectors like data centers, buildings, industry, and ports."
llama_generalist_23_20260630_170643,llama_generalist,llama,generalist,3,Feasible,23,20260630_170643,"3 - Feasible
"
llama_normative_23_20260630_170643,llama_normative,llama,normative,4,Very feasible,23,20260630_170643,"4 - Very feasible
"
llama_subject-matter_23_20260630_170643,llama_subject-matter,llama,subject-matter,3,Feasible,23,20260630_170643,"3 - Feasible
"
mistral_generalist_23_20260630_170643,mistral_generalist,mistral,generalist,3,Feasible,23,20260630_170643, 3 - Feasible
mistral_normative_23_20260630_170643,mistral_normative,mistral,normative,3,Feasible,23,20260630_170643, 3 - Feasible
mistral_subject-matter_23_20260630_170643,mistral_subject-matter,mistral,subject-matter,3,Feasible,23,20260630_170643, 3 - Feasible
gemma3_generalist_23_20260630_170643,gemma3_generalist,gemma3,generalist,3,Feasible,23,20260630_170643,3 - Feasible
gemma3_normative_23_20260630_170643,gemma3_normative,gemma3,normative,3,Feasible,23,20260630_170643,3 - Feasible
gemma3_subject-matter_23_20260630_170643,gemma3_subject-matter,gemma3,subject-matter,3,Feasible,23,20260630_170643,3 - Feasible
phi4_generalist_23_20260630_170643,phi4_generalist,phi4,generalist,3,Feasible,23,20260630_170643,"3 - Feasible

This rating reflects an assessment that, based on the current stage of development and planned demonstrations in various sectors (data centers, buildings, industry, ports), DC solutions within the Shift2DC project are generally feasible. The initiative is actively addressing integration challenges and developing necessary technologies to enhance adoption across these areas. While there are still uncertainties and barriers such as cost and societal acceptance, the structured approach and comprehensive testing indicate a strong feasibility for medium- and low-voltage DC solutions in the targeted sectors."
phi4_normative_23_20260630_170643,phi4_normative,phi4,normative,3,Feasible,23,20260630_170643,"3 - Feasible

This rating reflects that, within the context of the Shift2DC project and considering the targeted sectors (data centers, buildings, industry, ports), the proposed DC solutions present a reasonable level of feasibility. The comprehensive approach to developing technologies, tools, and demonstrators across multiple application areas suggests that the initiative has identified viable pathways for integrating medium- and low-voltage DC systems into these sectors. However, given the early stage of the project and the reliance on expert input rather than extensive end-user engagement, there are still uncertainties and challenges that need to be addressed before widespread adoption can be considered very feasible. The combination of innovative technologies (such as smart cables, DC connectors, and advanced circuit breakers) with practical demonstrations in diverse settings indicates a promising direction towards overcoming some of the barriers associated with DC system integration. Nonetheless, factors such as costs, regulatory hurdles, market acceptance, and technological readiness levels across different solutions may vary, influencing the overall feasibility assessment. The rating acknowledges these complexities while recognizing the project's potential to make significant contributions to advancing DC technology adoption in targeted sectors.
"
phi4_subject-matter_23_20260630_170643,phi4_subject-matter,phi4,subject-matter,3,Feasible,23,20260630_170643,"3 - Feasible

This rating reflects an overall positive assessment of DC solutions' feasibility in the target sectors described by the Shift2DC project. The proposed technologies are innovative and address specific challenges within data centers, buildings, industry, and ports, which suggests that they have significant potential for implementation. However, there remain certain technical, regulatory, and market adoption barriers typical at this stage of technology development and deployment. Therefore, while feasible, widespread adoption will likely require further advancements in standards, infrastructure support, and broader stakeholder engagement."
llama_generalist_24_20260630_170843,llama_generalist,llama,generalist,3,Feasible,24,20260630_170843,"3 - Feasible
"
llama_normative_24_20260630_170843,llama_normative,llama,normative,3,Feasible,24,20260630_170843,"3 - Feasible
"
llama_subject-matter_24_20260630_170843,llama_subject-matter,llama,subject-matter,3,Feasible,24,20260630_170843,"3 - Feasible
"
mistral_generalist_24_20260630_170843,mistral_generalist,mistral,generalist,3,Feasible,24,20260630_170843, 3 - Feasible
mistral_normative_24_20260630_170843,mistral_normative,mistral,normative,3,Feasible,24,20260630_170843, 3 - Feasible
mistral_subject-matter_24_20260630_170843,mistral_subject-matter,mistral,subject-matter,3,Feasible,24,20260630_170843, 3 - Feasible
gemma3_generalist_24_20260630_170843,gemma3_generalist,gemma3,generalist,3,Feasible,24,20260630_170843,3 - Feasible
gemma3_normative_24_20260630_170843,gemma3_normative,gemma3,normative,3,Feasible,24,20260630_170843,3 - Feasible
gemma3_subject-matter_24_20260630_170843,gemma3_subject-matter,gemma3,subject-matter,3,Feasible,24,20260630_170843,3 - Feasible
phi4_generalist_24_20260630_170843,phi4_generalist,phi4,generalist,3,Feasible,24,20260630_170843,"3 - Feasible

This rating considers the comprehensive approach of the Shift2DC project, which includes a wide range of technologies and demonstrator sites across diverse sectors such as data centers, buildings, industry, and ports. The integration of renewable energy sources, advancements in DC technology like converters and smart cables, and the emphasis on practical demonstrations suggest that these solutions have substantial potential for adoption and success. While there are challenges typical to emerging technologies—such as initial costs, technical complexities, and societal acceptance—the project's structured approach and focus on real-world applications indicate a feasible path forward. The involvement of expert input further supports this feasibility by addressing uncertainties and identifying areas for improvement in the transition towards DC solutions. Overall, while not without hurdles, the Shift2DC project presents a feasible framework for advancing medium- and low-voltage DC technologies across its target sectors."
phi4_normative_24_20260630_170843,phi4_normative,phi4,normative,3,Feasible,24,20260630_170843,"3 - Feasible

This rating reflects an assessment that, while there are significant challenges and uncertainties in the adoption of DC solutions across various sectors, the structured approach of the Shift2DC project—including comprehensive feasibility studies, demonstrations, and expert input—suggests a reasonable likelihood of success in integrating these technologies into targeted areas like data centers, buildings, industry, and ports. The involvement of multiple stakeholders and the focus on developing robust tools and infrastructure further support this assessment. However, the early stage of user engagement and the complexity of transitioning from AC to DC systems prevent a higher rating of ""Very feasible."""
phi4_subject-matter_24_20260630_170843,phi4_subject-matter,phi4,subject-matter,3,Feasible,24,20260630_170843,"3 - Feasible

This rating considers that while there are technical, regulatory, and economic challenges associated with the adoption of DC solutions across various sectors (data centers, buildings, industry, ports), the comprehensive approach taken by the Shift2DC initiative—including development tools, prototypes, demonstrations, and feasibility studies—indicates a strong potential for successful integration. The project's focus on addressing interoperability issues, enhancing power conversion efficiency, and incorporating renewable energy sources supports the feasibility of these solutions in the target sectors. Additionally, the involvement of experts across relevant fields suggests that while obstacles exist, they are being actively addressed to facilitate medium- and low-voltage DC adoption, making it feasible within the project's scope and timeframe."
llama_generalist_25_20260630_171042,llama_generalist,llama,generalist,2,Somewhat feasible,25,20260630_171042,"2 - Somewhat feasible
"
llama_normative_25_20260630_171042,llama_normative,llama,normative,3,Feasible,25,20260630_171042,"3 - Feasible
"
llama_subject-matter_25_20260630_171042,llama_subject-matter,llama,subject-matter,3,Feasible,25,20260630_171042,"3 - Feasible
"
mistral_generalist_25_20260630_171042,mistral_generalist,mistral,generalist,3,Feasible,25,20260630_171042, 3 - Feasible
mistral_normative_25_20260630_171042,mistral_normative,mistral,normative,3,Feasible,25,20260630_171042, 3 - Feasible
mistral_subject-matter_25_20260630_171042,mistral_subject-matter,mistral,subject-matter,3,Feasible,25,20260630_171042, 3 - Feasible
gemma3_generalist_25_20260630_171042,gemma3_generalist,gemma3,generalist,3,Feasible,25,20260630_171042,3 - Feasible
gemma3_normative_25_20260630_171042,gemma3_normative,gemma3,normative,3,Feasible,25,20260630_171042,3 - Feasible
gemma3_subject-matter_25_20260630_171042,gemma3_subject-matter,gemma3,subject-matter,3,Feasible,25,20260630_171042,3 - Feasible
phi4_generalist_25_20260630_171042,phi4_generalist,phi4,generalist,3,Feasible,25,20260630_171042,"3 - Feasible

This rating reflects that, based on current technological advancements and the planned demonstrations across various sectors such as data centers, buildings, industry, and ports, DC solutions appear to be a practical approach with reasonable potential for adoption. The integration of renewable energy sources, smart technologies, and innovative hardware components like converters and circuit breakers aligns well with the needs of these application areas. Additionally, the project's focus on developing tools, feasibility studies, and roadmaps further supports the feasibility assessment. However, widespread adoption is contingent upon overcoming remaining challenges such as cost, standardization, and user acceptance, which are not yet fully addressed at this stage."
phi4_normative_25_20260630_171042,phi4_normative,phi4,normative,3,Feasible,25,20260630_171042,"3 - Feasible

This rating considers that while there are technical and infrastructural challenges, the project's structured approach with demonstrators across diverse sectors suggests a reasonable likelihood of success in implementing DC solutions. The involvement of experts and comprehensive planning indicates that these solutions are practical for medium- to low-voltage applications within the specified contexts."
phi4_subject-matter_25_20260630_171042,phi4_subject-matter,phi4,subject-matter,3,Feasible,25,20260630_171042,"3 - Feasible

This rating reflects a balanced assessment of the potential for DC solutions within the Shift2DC project's target sectors, considering current technological advancements and integration challenges. The proposed technologies, such as smart cables, converters, and protection systems, align well with medium- and low-voltage applications in data centers, buildings, industry, and ports. However, practical deployment is still evolving, which influences the feasibility rating to be feasible rather than very feasible at this stage."
llama_generalist_26_20260630_171229,llama_generalist,llama,generalist,4,Very feasible,26,20260630_171229,"4 - Very feasible
"
llama_normative_26_20260630_171229,llama_normative,llama,normative,3,Feasible,26,20260630_171229,"3 - Feasible
"
llama_subject-matter_26_20260630_171229,llama_subject-matter,llama,subject-matter,3,Feasible,26,20260630_171229,"3 - Feasible
"
mistral_generalist_26_20260630_171229,mistral_generalist,mistral,generalist,3,Feasible,26,20260630_171229, 3 - Feasible
mistral_normative_26_20260630_171229,mistral_normative,mistral,normative,3,Feasible,26,20260630_171229, 3 - Feasible
mistral_subject-matter_26_20260630_171229,mistral_subject-matter,mistral,subject-matter,3,Feasible,26,20260630_171229, 3 - Feasible
gemma3_generalist_26_20260630_171229,gemma3_generalist,gemma3,generalist,3,Feasible,26,20260630_171229,3 - Feasible
gemma3_normative_26_20260630_171229,gemma3_normative,gemma3,normative,3,Feasible,26,20260630_171229,3 - Feasible
gemma3_subject-matter_26_20260630_171229,gemma3_subject-matter,gemma3,subject-matter,3,Feasible,26,20260630_171229,3 - Feasible
phi4_generalist_26_20260630_171229,phi4_generalist,phi4,generalist,3,Feasible,26,20260630_171229,"3 - Feasible

This rating reflects an assessment that, while there are promising aspects and technological advancements within the DC solutions proposed by the Shift2DC project, certain barriers and challenges may still need to be addressed for widespread adoption across data centers, buildings, industry, and ports. The technologies appear capable of integration with existing systems and renewable energy sources, indicating feasibility in these sectors."
phi4_normative_26_20260630_171229,phi4_normative,phi4,normative,3,Feasible,26,20260630_171229,"3 - Feasible

This rating reflects an assessment that the DC solutions proposed by the Shift2DC project have a reasonable chance of being successfully implemented in target sectors such as data centers, buildings, industry, and ports. The project's structured approach, with its focus on developing and testing various technologies (cables, connectors, protection systems, converters), along with the inclusion of demonstrator projects across key application areas, suggests that these solutions are well-aligned with current technological capabilities and sector needs. However, given that the initiative is still in early stages with limited end-user engagement, there may be challenges related to scalability, cost-effectiveness, and market acceptance, which prevent a higher rating of ""Very feasible."" Nonetheless, the comprehensive planning and strategic alignment with industry standards enhance their feasibility."
phi4_subject-matter_26_20260630_171229,phi4_subject-matter,phi4,subject-matter,3,Feasible,26,20260630_171229,"3 - Feasible

This rating reflects a balanced assessment of the proposed DC solutions within the Shift2DC project. Given that several demonstrator projects are planned across diverse sectors such as data centers, buildings, industry, and ports, there is a clear pathway for practical application and testing. The integration of technologies like smart cables, connectors, converters, and protection systems suggests a comprehensive approach to addressing existing technical challenges in DC power adoption.

The project's focus on developing tools and simulations further supports feasibility by providing the necessary infrastructure for planning and implementation. Additionally, the involvement of experts and alignment with industry standards such as Current/OS and ODCA enhances credibility and readiness for broader adoption.

However, while there is significant potential, some barriers remain, including regulatory challenges, interoperability issues, and the need for widespread acceptance among stakeholders. These factors temper the feasibility rating slightly, preventing a 'Very feasible' designation but still indicating that the project's approach is well-considered and promising for medium- and low-voltage DC solutions in its target sectors."
llama_generalist_27_20260630_171430,llama_generalist,llama,generalist,1,Not feasible,27,20260630_171430,"1 - Not feasible
"
llama_normative_27_20260630_171430,llama_normative,llama,normative,3,Feasible,27,20260630_171430,"3 - Feasible
"
llama_subject-matter_27_20260630_171430,llama_subject-matter,llama,subject-matter,4,Very feasible,27,20260630_171430,"4 - Very feasible
"
mistral_generalist_27_20260630_171430,mistral_generalist,mistral,generalist,3,Feasible,27,20260630_171430, 3 - Feasible
mistral_normative_27_20260630_171430,mistral_normative,mistral,normative,3,Feasible,27,20260630_171430, 3 - Feasible
mistral_subject-matter_27_20260630_171430,mistral_subject-matter,mistral,subject-matter,3,Feasible,27,20260630_171430, 3 - Feasible
gemma3_generalist_27_20260630_171430,gemma3_generalist,gemma3,generalist,3,Feasible,27,20260630_171430,3 - Feasible
gemma3_normative_27_20260630_171430,gemma3_normative,gemma3,normative,3,Feasible,27,20260630_171430,3 - Feasible
gemma3_subject-matter_27_20260630_171430,gemma3_subject-matter,gemma3,subject-matter,3,Feasible,27,20260630_171430,3 - Feasible
phi4_generalist_27_20260630_171430,phi4_generalist,phi4,generalist,3,Feasible,27,20260630_171430,"3 - Feasible

This rating reflects that, within the context of the Shift2DC project, the integration and implementation of DC solutions across data centers, buildings, industry, and ports are practical and achievable. The proposed technologies, such as smart cables, connectors, protection systems, converters, and design tools, indicate a well-rounded approach to addressing both technical and social challenges associated with DC adoption in these sectors. While there may still be some barriers and uncertainties that need to be addressed, the comprehensive nature of the project's initiatives suggests a strong potential for successful deployment and operation within the target areas."
phi4_normative_27_20260630_171430,phi4_normative,phi4,normative,3,Feasible,27,20260630_171430,"3 - Feasible

(Note: This rating reflects an overall assessment of the feasibility of DC solutions in the context of the Shift2DC project, considering the integration and application across multiple sectors like data centers, buildings, industry, and ports.)"
phi4_subject-matter_27_20260630_171430,phi4_subject-matter,phi4,subject-matter,3,Feasible,27,20260630_171430,"3 - Feasible

This rating reflects a positive assessment of the Shift2DC project's DC solutions within the target sectors, considering the planned demonstrations and technological advancements. The integration across data centers, buildings, industry, and ports indicates a strong potential for adoption despite existing challenges. However, full feasibility will depend on overcoming technical, regulatory, and infrastructure barriers as these technologies continue to develop and gain acceptance in real-world applications."
llama_generalist_28_20260630_171613,llama_generalist,llama,generalist,3,Feasible,28,20260630_171613,"3 - Feasible
"
llama_normative_28_20260630_171613,llama_normative,llama,normative,4,Very feasible,28,20260630_171613,"4 - Very feasible
"
llama_subject-matter_28_20260630_171613,llama_subject-matter,llama,subject-matter,4,Very feasible,28,20260630_171613,"4 - Very feasible
"
mistral_generalist_28_20260630_171613,mistral_generalist,mistral,generalist,3,Feasible,28,20260630_171613, 3 - Feasible
mistral_normative_28_20260630_171613,mistral_normative,mistral,normative,3,Feasible,28,20260630_171613, 3 - Feasible
mistral_subject-matter_28_20260630_171613,mistral_subject-matter,mistral,subject-matter,3,Feasible,28,20260630_171613, 3 - Feasible
gemma3_generalist_28_20260630_171613,gemma3_generalist,gemma3,generalist,3,Feasible,28,20260630_171613,3 - Feasible
gemma3_normative_28_20260630_171613,gemma3_normative,gemma3,normative,3,Feasible,28,20260630_171613,3 - Feasible
gemma3_subject-matter_28_20260630_171613,gemma3_subject-matter,gemma3,subject-matter,3,Feasible,28,20260630_171613,3 - Feasible
phi4_generalist_28_20260630_171613,phi4_generalist,phi4,generalist,3,Feasible,28,20260630_171613,"3 - Feasible

This rating considers the current state of technology, the alignment with renewable energy goals, and the strategic planning embedded in the Shift2DC project. While there are challenges to overcome, such as integration complexities and user adoption, the project is well-structured to address these through demonstrations and feasibility studies across diverse sectors like data centers, buildings, industry, and ports. The involvement of experts suggests a strong foundation for overcoming technical hurdles, making the overall implementation feasible within foreseeable timelines."
phi4_normative_28_20260630_171613,phi4_normative,phi4,normative,3,Feasible,28,20260630_171613,"3 - Feasible

This rating reflects a balanced view of the potential for DC solutions in the target sectors, considering both the current technological readiness and the challenges identified in integrating these systems into existing infrastructure. The Shift2DC project's comprehensive approach, including demonstrations across diverse application areas such as data centers, buildings, industry, and ports, indicates a strong foundation for practical implementation. However, some barriers to adoption, costs, and risks of delay may moderate the overall feasibility assessment."
phi4_subject-matter_28_20260630_171613,phi4_subject-matter,phi4,subject-matter,3,Feasible,28,20260630_171613,"3 - Feasible

(Note: The response is one line only, as per the instructions given.)"
llama_generalist_29_20260630_171752,llama_generalist,llama,generalist,3,Feasible,29,20260630_171752,"3 - Feasible
"
llama_normative_29_20260630_171752,llama_normative,llama,normative,4,Very feasible,29,20260630_171752,"4 - Very feasible
"
llama_subject-matter_29_20260630_171752,llama_subject-matter,llama,subject-matter,3,Feasible,29,20260630_171752,"3 - Feasible
"
mistral_generalist_29_20260630_171752,mistral_generalist,mistral,generalist,3,Feasible,29,20260630_171752, 3 - Feasible
mistral_normative_29_20260630_171752,mistral_normative,mistral,normative,3,Feasible,29,20260630_171752, 3 - Feasible
mistral_subject-matter_29_20260630_171752,mistral_subject-matter,mistral,subject-matter,3,Feasible,29,20260630_171752, 3 - Feasible
gemma3_generalist_29_20260630_171752,gemma3_generalist,gemma3,generalist,3,Feasible,29,20260630_171752,3 - Feasible
gemma3_normative_29_20260630_171752,gemma3_normative,gemma3,normative,3,Feasible,29,20260630_171752,3 - Feasible
gemma3_subject-matter_29_20260630_171752,gemma3_subject-matter,gemma3,subject-matter,3,Feasible,29,20260630_171752,3 - Feasible
phi4_generalist_29_20260630_171752,phi4_generalist,phi4,generalist,3,Feasible,29,20260630_171752,"3 - Feasible

This rating is given based on the comprehensive approach taken by the Shift2DC project, which includes developing tools, prototypes, and conducting feasibility studies across multiple application areas. The focus on integrating DC technologies with renewables and addressing challenges in various sectors (data centers, buildings, industry, ports) suggests a strong potential for adoption, though practical challenges remain that prevent a rating of ""very feasible."""
phi4_normative_29_20260630_171752,phi4_normative,phi4,normative,3,Feasible,29,20260630_171752,"3 - Feasible

This rating reflects an assessment that, considering the current state of development and the strategic alignment with renewable energy goals within the sectors targeted by the Shift2DC project, the overall feasibility of implementing these DC solutions is promising. The integration challenges and technological advancements being addressed suggest a realistic potential for successful adoption across data centers, buildings, industry, and ports, despite some remaining uncertainties and barriers that need to be overcome."
phi4_subject-matter_29_20260630_171752,phi4_subject-matter,phi4,subject-matter,3,Feasible,29,20260630_171752,"3 - Feasible

The DC solutions within the Shift2DC project are considered feasible for target sectors like data centers, buildings, industry, and ports. This assessment is based on the comprehensive integration of various technologies such as smart cables, converters, connectors, and protection systems designed to address specific challenges in these areas. The planned demonstrators across different application domains further support this feasibility by providing practical insights into their implementation. Overall, while there are still technical and infrastructural hurdles to overcome, the project's structured approach and focus on developing enabling technologies make widespread adoption of DC solutions feasible."
llama_generalist_30_20260630_171939,llama_generalist,llama,generalist,3,Feasible,30,20260630_171939,"3 - Feasible
"
llama_normative_30_20260630_171939,llama_normative,llama,normative,3,Feasible,30,20260630_171939,"3 - Feasible
"
llama_subject-matter_30_20260630_171939,llama_subject-matter,llama,subject-matter,3,Feasible,30,20260630_171939,"3 - Feasible
"
mistral_generalist_30_20260630_171939,mistral_generalist,mistral,generalist,3,Feasible,30,20260630_171939, 3 - Feasible
mistral_normative_30_20260630_171939,mistral_normative,mistral,normative,3,Feasible,30,20260630_171939, 3 - Feasible
mistral_subject-matter_30_20260630_171939,mistral_subject-matter,mistral,subject-matter,3,Feasible,30,20260630_171939, 3 - Feasible
gemma3_generalist_30_20260630_171939,gemma3_generalist,gemma3,generalist,3,Feasible,30,20260630_171939,3 - Feasible
gemma3_normative_30_20260630_171939,gemma3_normative,gemma3,normative,3,Feasible,30,20260630_171939,3 - Feasible
gemma3_subject-matter_30_20260630_171939,gemma3_subject-matter,gemma3,subject-matter,3,Feasible,30,20260630_171939,3 - Feasible
phi4_generalist_30_20260630_171939,phi4_generalist,phi4,generalist,3,Feasible,30,20260630_171939,"3 - Feasible

This rating reflects a balanced view that, while the proposed DC solutions within the Shift2DC project hold promise and are well-suited for integration into various sectors such as data centers, buildings, industry, and ports, there are still challenges related to technology adoption, standardization, and cost-effectiveness that need addressing. The overall structure of the project, with its focus on developing tools, prototypes, and demonstrations across multiple application areas, supports a feasible pathway toward wider DC solution implementation. However, as it's an emerging field, some uncertainties remain regarding long-term viability and scalability, which prevent assigning a higher feasibility score at this stage."
phi4_normative_30_20260630_171939,phi4_normative,phi4,normative,3,Feasible,30,20260630_171939,"3 - Feasible

This rating reflects a balanced view considering the innovative nature of DC solutions, their potential for integration in various sectors such as data centers, buildings, industry, and ports, and the presence of technical challenges that still need to be addressed. The project's focus on developing enabling technologies, tools, and prototypes suggests a strong foundation towards feasibility, despite the early stage of adoption and existing uncertainties."
phi4_subject-matter_30_20260630_171939,phi4_subject-matter,phi4,subject-matter,3,Feasible,30,20260630_171939,"3 - Feasible

This rating considers the comprehensive approach of the Shift2DC project, which includes developing and demonstrating technologies across multiple sectors such as data centers, buildings, industry, and ports. The integration of renewable energy sources, smart grid components like DC connectors, converters, and circuit breakers, along with the focus on both software tools and hardware solutions, supports a feasible path for medium- and low-voltage DC adoption. However, while promising, there are still challenges related to standardization, interoperability, and market acceptance that need to be addressed before achieving widespread implementation, thus making it ""Feasible"" rather than ""Very Feasible."""
llama_generalist_31_20260630_172130,llama_generalist,llama,generalist,4,Very feasible,31,20260630_172130,"4 - Very feasible
"
llama_normative_31_20260630_172130,llama_normative,llama,normative,3,Feasible,31,20260630_172130,"3 - Feasible
"
llama_subject-matter_31_20260630_172130,llama_subject-matter,llama,subject-matter,3,Feasible,31,20260630_172130,"3 - Feasible
"
mistral_generalist_31_20260630_172130,mistral_generalist,mistral,generalist,3,Feasible,31,20260630_172130, 3 - Feasible
mistral_normative_31_20260630_172130,mistral_normative,mistral,normative,3,Feasible,31,20260630_172130, 3 - Feasible
mistral_subject-matter_31_20260630_172130,mistral_subject-matter,mistral,subject-matter,3,Feasible,31,20260630_172130, 3 - Feasible
gemma3_generalist_31_20260630_172130,gemma3_generalist,gemma3,generalist,3,Feasible,31,20260630_172130,3 - Feasible
gemma3_normative_31_20260630_172130,gemma3_normative,gemma3,normative,3,Feasible,31,20260630_172130,3 - Feasible
gemma3_subject-matter_31_20260630_172130,gemma3_subject-matter,gemma3,subject-matter,3,Feasible,31,20260630_172130,3 - Feasible
phi4_generalist_31_20260630_172130,phi4_generalist,phi4,generalist,3,Feasible,31,20260630_172130,"3 - Feasible

(Note: This response is based on the provided context and considers the feasibility of implementing DC solutions in the target sectors as described in the Shift2DC project.)"
phi4_normative_31_20260630_172130,phi4_normative,phi4,normative,3,Feasible,31,20260630_172130,"3 - Feasible

This rating reflects an assessment that, while there are challenges and uncertainties associated with the adoption of medium- and low-voltage DC technologies in the target sectors (data centers, buildings, industry, and ports), the Shift2DC project is well-positioned to address these through its comprehensive approach involving demonstrations, prototypes, and a suite of technological solutions. The integration of renewables, heat reuse, and smart grid components, combined with the development of necessary hardware and software tools, suggests that while not yet fully realized or universally adopted, the path towards feasibility is clear and achievable within foreseeable timelines. This assessment takes into account the innovative nature of some solutions (e.g., DC connectors, semiconductor-based circuit breakers), which although promising, require further testing and validation in real-world scenarios as planned by the project's demonstrators. Additionally, the focus on engaging with expert opinions to navigate through challenges indicates a proactive approach towards overcoming barriers related to costs, time, risks, and other general considerations. However, given that the project is still early and direct current users are few, there exists a degree of uncertainty regarding widespread adoption, suggesting that while feasible, full realization will depend on continued innovation, successful demonstrations, and addressing regulatory and market acceptance issues.
"
phi4_subject-matter_31_20260630_172130,phi4_subject-matter,phi4,subject-matter,3,Feasible,31,20260630_172130,"3 - Feasible

This rating reflects that, given the current state of technology and infrastructure, deploying DC solutions in data centers, buildings, industry, and ports is achievable. The project's structured approach with demonstrator sites across these sectors suggests a solid groundwork for practical implementation, although challenges such as integration with existing systems and regulatory considerations may still need to be addressed."
llama_generalist_32_20260630_172323,llama_generalist,llama,generalist,3,Feasible,32,20260630_172323,"3 - Feasible
"
llama_normative_32_20260630_172323,llama_normative,llama,normative,3,Feasible,32,20260630_172323,"3 - Feasible
"
llama_subject-matter_32_20260630_172323,llama_subject-matter,llama,subject-matter,3,Feasible,32,20260630_172323,"3 - Feasible
"
mistral_generalist_32_20260630_172323,mistral_generalist,mistral,generalist,3,Feasible,32,20260630_172323, 3 - Feasible
mistral_normative_32_20260630_172323,mistral_normative,mistral,normative,3,Feasible,32,20260630_172323, 3 - Feasible
mistral_subject-matter_32_20260630_172323,mistral_subject-matter,mistral,subject-matter,3,Feasible,32,20260630_172323, 3 - Feasible
gemma3_generalist_32_20260630_172323,gemma3_generalist,gemma3,generalist,3,Feasible,32,20260630_172323,3 - Feasible
gemma3_normative_32_20260630_172323,gemma3_normative,gemma3,normative,3,Feasible,32,20260630_172323,3 - Feasible
gemma3_subject-matter_32_20260630_172323,gemma3_subject-matter,gemma3,subject-matter,3,Feasible,32,20260630_172323,3 - Feasible
phi4_generalist_32_20260630_172323,phi4_generalist,phi4,generalist,3,Feasible,32,20260630_172323,"3 - Feasible

This rating reflects that while there are challenges and uncertainties in adopting medium- and low-voltage DC solutions across the target sectors, the structured approach of the Shift2DC project, including demonstrations, prototypes, and expert input, suggests a reasonable likelihood of successful implementation. The project's focus on overcoming technical barriers, developing enabling technologies, and conducting feasibility studies supports the conclusion that these solutions are feasible for integration into data centers, buildings, industry, and ports."
phi4_normative_32_20260630_172323,phi4_normative,phi4,normative,3,Feasible,32,20260630_172323,"3 - Feasible

This rating considers the comprehensive approach of the Shift2DC project, which includes a combination of technological innovations, feasibility studies, and demonstrator projects across various sectors. The initiative's focus on developing tools, prototypes with high technology readiness levels (TRLs), and practical demonstrations in data centers, buildings, industry, and ports indicates a well-rounded strategy to address both technical and societal aspects of DC adoption. While challenges remain, such as integration with existing infrastructure and market acceptance, the project's structured approach suggests that widespread adoption is feasible, albeit requiring concerted efforts across multiple fronts."
phi4_subject-matter_32_20260630_172323,phi4_subject-matter,phi4,subject-matter,3,Feasible,32,20260630_172323,"3 - Feasible

This rating reflects an assessment that, while there are challenges and uncertainties associated with medium- and low-voltage DC solutions in the target sectors of data centers, buildings, industry, and ports, the proposed technologies and demonstrations within the Shift2DC project suggest a reasonable likelihood of successful adoption. The development of tools, simulation platforms, and prototypes indicates progress toward overcoming technical barriers. However, given that many aspects are still under research or early demonstration phases, complete feasibility without addressing regulatory, interoperability, and infrastructural issues cannot be guaranteed at this time. Therefore, the overall assessment is ""feasible"" but not yet at a stage where it can be considered ""very feasible."""
llama_generalist_33_20260630_172516,llama_generalist,llama,generalist,3,Feasible,33,20260630_172516,"3 - Feasible
"
llama_normative_33_20260630_172516,llama_normative,llama,normative,3,Feasible,33,20260630_172516,"3 - Feasible
"
llama_subject-matter_33_20260630_172516,llama_subject-matter,llama,subject-matter,3,Feasible,33,20260630_172516,"3 - Feasible
"
mistral_generalist_33_20260630_172516,mistral_generalist,mistral,generalist,3,Feasible,33,20260630_172516, 3 - Feasible
mistral_normative_33_20260630_172516,mistral_normative,mistral,normative,3,Feasible,33,20260630_172516, 3 - Feasible
mistral_subject-matter_33_20260630_172516,mistral_subject-matter,mistral,subject-matter,3,Feasible,33,20260630_172516, 3 - Feasible
gemma3_generalist_33_20260630_172516,gemma3_generalist,gemma3,generalist,3,Feasible,33,20260630_172516,3 - Feasible
gemma3_normative_33_20260630_172516,gemma3_normative,gemma3,normative,3,Feasible,33,20260630_172516,3 - Feasible
gemma3_subject-matter_33_20260630_172516,gemma3_subject-matter,gemma3,subject-matter,3,Feasible,33,20260630_172516,3 - Feasible
phi4_generalist_33_20260630_172516,phi4_generalist,phi4,generalist,3,Feasible,33,20260630_172516,"3 - Feasible

This rating reflects an assessment that, while there are challenges and uncertainties associated with the implementation of DC solutions in the target sectors, the overall approach and technology development within the Shift2DC project indicate a reasonable level of feasibility for successful adoption. The planned demonstrations across diverse application areas such as data centers, buildings, industry, and ports suggest that these technologies have potential practical applications and benefits, supported by ongoing research and expert input."
phi4_normative_33_20260630_172516,phi4_normative,phi4,normative,3,Feasible,33,20260630_172516,"3 - Feasible

This rating reflects an assessment that, given the comprehensive planning and advanced technological solutions outlined in the Shift2DC project, DC solutions are likely to be effectively implemented across the target sectors. The integration of smart technologies, robust connectors, protection systems, and converters, along with supportive infrastructure like simulation tools and design aids, suggest a strong potential for successful adoption and operation within data centers, buildings, industry, and ports. However, there are still challenges related to technology maturity, user acceptance, and regulatory alignment that may prevent the project from being considered ""very feasible"" at this stage."
phi4_subject-matter_33_20260630_172516,phi4_subject-matter,phi4,subject-matter,3,Feasible,33,20260630_172516,"3 - Feasible

This rating reflects an assessment that while there are challenges and uncertainties, the DC solutions proposed in the Shift2DC project have a solid basis for being implemented across data centers, buildings, industry, and ports. The integration of renewable energy sources and advanced technology like V2G and semiconductor-based circuit breakers indicates promising potential, albeit with some hurdles to overcome related to infrastructure adaptation and standardization."
llama_generalist_34_20260630_172704,llama_generalist,llama,generalist,4,Very feasible,34,20260630_172704,"4 - Very feasible
"
llama_normative_34_20260630_172704,llama_normative,llama,normative,4,Very feasible,34,20260630_172704,"4 - Very feasible
"
llama_subject-matter_34_20260630_172704,llama_subject-matter,llama,subject-matter,3,Feasible,34,20260630_172704,"3 - Feasible
"
mistral_generalist_34_20260630_172704,mistral_generalist,mistral,generalist,3,Feasible,34,20260630_172704, 3 - Feasible
mistral_normative_34_20260630_172704,mistral_normative,mistral,normative,3,Feasible,34,20260630_172704, 3 - Feasible
mistral_subject-matter_34_20260630_172704,mistral_subject-matter,mistral,subject-matter,3,Feasible,34,20260630_172704, 3 - Feasible
gemma3_generalist_34_20260630_172704,gemma3_generalist,gemma3,generalist,3,Feasible,34,20260630_172704,3 - Feasible
gemma3_normative_34_20260630_172704,gemma3_normative,gemma3,normative,3,Feasible,34,20260630_172704,3 - Feasible
gemma3_subject-matter_34_20260630_172704,gemma3_subject-matter,gemma3,subject-matter,3,Feasible,34,20260630_172704,3 - Feasible
phi4_generalist_34_20260630_172704,phi4_generalist,phi4,generalist,3,Feasible,34,20260630_172704,"3 - Feasible

This rating reflects a balanced assessment of the potential and current challenges associated with implementing DC solutions across data centers, buildings, industry, and ports. The project's focus on developing comprehensive guidelines, tools, and demonstrator projects suggests that there is significant groundwork being laid for widespread adoption. However, the early stage of user engagement and the need to address technical, cost-related, and societal barriers indicates that while feasible, the full realization of these solutions will require further development and validation."
phi4_normative_34_20260630_172704,phi4_normative,phi4,normative,3,Feasible,34,20260630_172704,"3 - Feasible

This rating reflects an overall positive outlook for DC solutions in the target sectors, given their alignment with current technological trends and potential benefits, though full feasibility is tempered by implementation challenges and existing infrastructure constraints."
phi4_subject-matter_34_20260630_172704,phi4_subject-matter,phi4,subject-matter,3,Feasible,34,20260630_172704,"3 - Feasible

This rating reflects a balanced view of the potential for DC solutions in the target sectors, considering their technological readiness, integration challenges, and anticipated benefits as described within the context of the Shift2DC project. The use of expert elicitation to guide the evaluation process further supports this feasibility assessment by incorporating informed perspectives on current capabilities and future opportunities."
llama_generalist_35_20260630_172845,llama_generalist,llama,generalist,3,Feasible,35,20260630_172845,"3 - Feasible
"
llama_normative_35_20260630_172845,llama_normative,llama,normative,4,Very feasible,35,20260630_172845,"Answer: 4 - Very feasible
"
llama_subject-matter_35_20260630_172845,llama_subject-matter,llama,subject-matter,4,Very feasible,35,20260630_172845,"4 - Very feasible
"
mistral_generalist_35_20260630_172845,mistral_generalist,mistral,generalist,3,Feasible,35,20260630_172845, 3 - Feasible
mistral_normative_35_20260630_172845,mistral_normative,mistral,normative,3,Feasible,35,20260630_172845, 3 - Feasible
mistral_subject-matter_35_20260630_172845,mistral_subject-matter,mistral,subject-matter,3,Feasible,35,20260630_172845, 3 - Feasible
gemma3_generalist_35_20260630_172845,gemma3_generalist,gemma3,generalist,3,Feasible,35,20260630_172845,3 - Feasible
gemma3_normative_35_20260630_172845,gemma3_normative,gemma3,normative,3,Feasible,35,20260630_172845,3 - Feasible
gemma3_subject-matter_35_20260630_172845,gemma3_subject-matter,gemma3,subject-matter,3,Feasible,35,20260630_172845,3 - Feasible
phi4_generalist_35_20260630_172845,phi4_generalist,phi4,generalist,3,Feasible,35,20260630_172845,"3 - Feasible

This rating reflects an assessment that, while there are challenges and uncertainties associated with the adoption of DC solutions in the sectors described (data centers, buildings, industry, and ports), the technologies are sufficiently developed and supported by research to suggest a reasonable likelihood of successful implementation. The project's structured approach, including demonstrations and feasibility studies across different applications, supports this conclusion."
phi4_normative_35_20260630_172845,phi4_normative,phi4,normative,3,Feasible,35,20260630_172845,"3 - Feasible

This rating reflects that, while there are challenges and uncertainties associated with the adoption of DC solutions in sectors like data centers, buildings, industry, and ports, the proposed technologies and demonstrations within the Shift2DC project indicate a reasonable level of feasibility. The integration of renewables, smart systems, and innovative components such as DC connectors and circuit breakers suggests that these solutions are viable for medium- and low-voltage applications across diverse sectors, given appropriate development and implementation efforts. However, considering the early stage of user engagement and potential barriers to adoption, it is prudent not to rate this as ""very feasible"" at this time."
phi4_subject-matter_35_20260630_172845,phi4_subject-matter,phi4,subject-matter,3,Feasible,35,20260630_172845,"3 - Feasible

This rating reflects an assessment that, while there are promising aspects and technical foundations for DC solutions in the target sectors (data centers, buildings, industry, ports), there remain challenges related to integration, regulatory barriers, and current infrastructure limitations. However, the project's structured approach with prototypes, simulations, demonstrations, and roadmaps indicates a strong potential for practical implementation and widespread adoption, making it feasible overall."
llama_generalist_36_20260630_173032,llama_generalist,llama,generalist,3,Feasible,36,20260630_173032,"3 - Feasible
"
llama_normative_36_20260630_173032,llama_normative,llama,normative,3,Feasible,36,20260630_173032,"3 - Feasible
"
llama_subject-matter_36_20260630_173032,llama_subject-matter,llama,subject-matter,4,Very feasible,36,20260630_173032,"4 - Very feasible
"
mistral_generalist_36_20260630_173032,mistral_generalist,mistral,generalist,3,Feasible,36,20260630_173032, 3 - Feasible
mistral_normative_36_20260630_173032,mistral_normative,mistral,normative,3,Feasible,36,20260630_173032, 3 - Feasible
mistral_subject-matter_36_20260630_173032,mistral_subject-matter,mistral,subject-matter,3,Feasible,36,20260630_173032, 3 - Feasible
gemma3_generalist_36_20260630_173032,gemma3_generalist,gemma3,generalist,3,Feasible,36,20260630_173032,3 - Feasible
gemma3_normative_36_20260630_173032,gemma3_normative,gemma3,normative,3,Feasible,36,20260630_173032,3 - Feasible
gemma3_subject-matter_36_20260630_173032,gemma3_subject-matter,gemma3,subject-matter,3,Feasible,36,20260630_173032,3 - Feasible
phi4_generalist_36_20260630_173032,phi4_generalist,phi4,generalist,3,Feasible,36,20260630_173032,"3 - Feasible

This rating reflects that the Shift2DC project's DC solutions, considering their innovative nature and targeted application areas like data centers, buildings, industry, and ports, present a practical approach to integrating medium- and low-voltage DC systems. The comprehensive range of technologies—from smart cables to solid-state circuit breakers—and the focus on feasibility studies across diverse sectors indicate that these solutions are likely to be successfully implemented in real-world settings. However, given the early stage of some technologies and limited current user engagement, there are still challenges to overcome before achieving widespread adoption. Therefore, while feasible, full realization will require addressing technical, logistical, and social factors as the project progresses."
phi4_normative_36_20260630_173032,phi4_normative,phi4,normative,3,Feasible,36,20260630_173032,"3 - Feasible

This rating considers the comprehensive nature of the Shift2DC project, which includes extensive planning and demonstration activities across various sectors such as data centers, buildings, industry, and ports. The solutions developed by the project are innovative and target specific challenges associated with DC technologies in these applications. Moreover, the involvement of experts from diverse fields indicates a well-rounded approach to addressing technical, regulatory, and societal aspects. While there is still uncertainty given that the project is in its early stages and end-user engagement has not been extensive, the groundwork laid by the project's planning, tool development, and demonstration plans suggests a strong feasibility for achieving medium- and low-voltage DC adoption across these sectors. However, as with any emerging technology initiative, complete success is contingent on overcoming unforeseen technical, regulatory, or market acceptance challenges. Therefore, while feasible, there are still hurdles to overcome before the solutions can be considered very feasible in practical, widespread application."
phi4_subject-matter_36_20260630_173032,phi4_subject-matter,phi4,subject-matter,3,Feasible,36,20260630_173032,"3 - Feasible

This rating reflects that, considering all listed DC solutions within the context of the Shift2DC project and their applications across various sectors like data centers, buildings, industry, and ports, the overall feasibility is assessed as ""Feasible."" The project's structured approach with demonstrations in real-world settings, integration of renewable energy sources, and development of necessary technologies supports this assessment. However, challenges such as interoperability, regulatory barriers, and infrastructure costs might prevent it from being rated higher at this stage."
llama_generalist_37_20260630_173233,llama_generalist,llama,generalist,3,Feasible,37,20260630_173233,"3 - Feasible
"
llama_normative_37_20260630_173233,llama_normative,llama,normative,4,Very feasible,37,20260630_173233,"4 - Very feasible
"
llama_subject-matter_37_20260630_173233,llama_subject-matter,llama,subject-matter,4,Very feasible,37,20260630_173233,"4 - Very feasible
"
mistral_generalist_37_20260630_173233,mistral_generalist,mistral,generalist,3,Feasible,37,20260630_173233, 3 - Feasible
mistral_normative_37_20260630_173233,mistral_normative,mistral,normative,3,Feasible,37,20260630_173233, 3 - Feasible
mistral_subject-matter_37_20260630_173233,mistral_subject-matter,mistral,subject-matter,3,Feasible,37,20260630_173233, 3 - Feasible
gemma3_generalist_37_20260630_173233,gemma3_generalist,gemma3,generalist,3,Feasible,37,20260630_173233,3 - Feasible
gemma3_normative_37_20260630_173233,gemma3_normative,gemma3,normative,3,Feasible,37,20260630_173233,3 - Feasible
gemma3_subject-matter_37_20260630_173233,gemma3_subject-matter,gemma3,subject-matter,3,Feasible,37,20260630_173233,3 - Feasible
phi4_generalist_37_20260630_173233,phi4_generalist,phi4,generalist,3,Feasible,37,20260630_173233,"3 - Feasible

This rating reflects a balanced assessment considering that while the Shift2DC project is in an early stage and faces challenges such as limited current user engagement, the proposed DC solutions show promise across various sectors like data centers, buildings, industry, and ports. These solutions are well-aligned with modern trends in renewable energy integration and smart grid technologies, suggesting their potential for successful adoption once hurdles are addressed. The involvement of expert input to guide development further supports a feasible outlook."
phi4_normative_37_20260630_173233,phi4_normative,phi4,normative,3,Feasible,37,20260630_173233,"3 - Feasible

This rating reflects a positive assessment of the feasibility of DC solutions in the target sectors within the Shift2DC project, considering the comprehensive approach that includes development of tools, prototypes, and demonstrations across various application areas. The structured focus on integration with renewables, heat reuse, and smart technologies suggests a strong potential for successful implementation, despite some challenges that may arise during early-stage deployment and user adoption phases."
phi4_subject-matter_37_20260630_173233,phi4_subject-matter,phi4,subject-matter,3,Feasible,37,20260630_173233,"3 - Feasible

This rating reflects that while there are promising aspects and existing technologies within the Shift2DC project's DC solutions, such as smart cables and converters, challenges like integration complexity, cost, and regulatory barriers might still pose significant hurdles. However, given the targeted efforts in demonstration and feasibility studies across various sectors, these solutions appear to have a realistic path toward implementation and adoption."
llama_generalist_38_20260630_173416,llama_generalist,llama,generalist,3,Feasible,38,20260630_173416,"3 - Feasible
"
llama_normative_38_20260630_173416,llama_normative,llama,normative,3,Feasible,38,20260630_173416,"3 - Feasible
"
llama_subject-matter_38_20260630_173416,llama_subject-matter,llama,subject-matter,3,Feasible,38,20260630_173416,"3 - Feasible
"
mistral_generalist_38_20260630_173416,mistral_generalist,mistral,generalist,3,Feasible,38,20260630_173416, 3 - Feasible
mistral_normative_38_20260630_173416,mistral_normative,mistral,normative,3,Feasible,38,20260630_173416, 3 - Feasible
mistral_subject-matter_38_20260630_173416,mistral_subject-matter,mistral,subject-matter,3,Feasible,38,20260630_173416, 3 - Feasible
gemma3_generalist_38_20260630_173416,gemma3_generalist,gemma3,generalist,3,Feasible,38,20260630_173416,3 - Feasible
gemma3_normative_38_20260630_173416,gemma3_normative,gemma3,normative,3,Feasible,38,20260630_173416,3 - Feasible
gemma3_subject-matter_38_20260630_173416,gemma3_subject-matter,gemma3,subject-matter,3,Feasible,38,20260630_173416,3 - Feasible
phi4_generalist_38_20260630_173416,phi4_generalist,phi4,generalist,3,Feasible,38,20260630_173416,"3 - Feasible

This rating considers the current state of technology, demonstrated interest in DC solutions across various sectors, and the structured approach outlined by Shift2DC for integrating these technologies. While there are inherent challenges such as infrastructure adaptation and cost considerations, the initiative's comprehensive strategy, including demonstrations and tool development, supports a feasible outlook for medium- to low-voltage DC adoption in targeted areas like data centers, buildings, industry, and ports."
phi4_normative_38_20260630_173416,phi4_normative,phi4,normative,3,Feasible,38,20260630_173416,"3 - Feasible

This rating reflects an assessment that, while there are challenges and uncertainties associated with the implementation of DC solutions across various sectors as outlined in the Shift2DC project, the overall feasibility is positive. The development of technologies like smart cables, connectors, converters, and system design tools indicates a strong foundation for medium- and low-voltage DC adoption. Furthermore, the targeted demonstrations in data centers, buildings, industry, and ports suggest a practical approach to testing and refining these solutions within real-world contexts.

The feasibility is bolstered by the project's comprehensive scope, which includes not only technological development but also regulatory alignment (e.g., compliance with Current/OS and ODCA standards), economic analysis tools, and stakeholder engagement strategies. The inclusion of smart technologies such as IoT-enabled circuit breakers and advanced simulation tools underscores an innovative approach to overcoming traditional barriers in DC systems.

However, the project is still in its early stages, which introduces uncertainties regarding user acceptance, integration challenges with existing infrastructure, and potential regulatory hurdles. These factors may temper the feasibility assessment but do not detract significantly from the overall positive outlook provided by the structured and multi-faceted approach of the Shift2DC initiative.

In summary, while acknowledging the complexity and nascent stage of widespread DC adoption, the project's strategic planning, technological advancements, and targeted demonstrations suggest a feasible path forward for integrating medium- and low-voltage DC solutions in the specified sectors. This holistic approach to addressing both technical and societal aspects underpins the assessment that these DC solutions are feasible for their intended applications."
phi4_subject-matter_38_20260630_173416,phi4_subject-matter,phi4,subject-matter,3,Feasible,38,20260630_173416,"3 - Feasible

This rating reflects an assessment that, while there are promising aspects and potential for success in the adoption of DC solutions across data centers, buildings, industry, and ports as part of the Shift2DC project, certain challenges related to technology integration, infrastructure adaptation, and regulatory barriers may still need to be addressed. However, given the comprehensive approach involving demonstrations, expert input, and development of enabling technologies, it is feasible that these solutions can achieve significant adoption in their target sectors."
llama_generalist_39_20260630_173622,llama_generalist,llama,generalist,3,Feasible,39,20260630_173622,"3 - Feasible
"
llama_normative_39_20260630_173622,llama_normative,llama,normative,3,Feasible,39,20260630_173622,"3 - Feasible
"
llama_subject-matter_39_20260630_173622,llama_subject-matter,llama,subject-matter,4,Very feasible,39,20260630_173622,"4 - Very feasible
"
mistral_generalist_39_20260630_173622,mistral_generalist,mistral,generalist,3,Feasible,39,20260630_173622, 3 - Feasible
mistral_normative_39_20260630_173622,mistral_normative,mistral,normative,3,Feasible,39,20260630_173622, 3 - Feasible
mistral_subject-matter_39_20260630_173622,mistral_subject-matter,mistral,subject-matter,3,Feasible,39,20260630_173622, 3 - Feasible
gemma3_generalist_39_20260630_173622,gemma3_generalist,gemma3,generalist,3,Feasible,39,20260630_173622,3 - Feasible
gemma3_normative_39_20260630_173622,gemma3_normative,gemma3,normative,3,Feasible,39,20260630_173622,3 - Feasible
gemma3_subject-matter_39_20260630_173622,gemma3_subject-matter,gemma3,subject-matter,3,Feasible,39,20260630_173622,3 - Feasible
phi4_generalist_39_20260630_173622,phi4_generalist,phi4,generalist,3,Feasible,39,20260630_173622,"3 - Feasible

This rating reflects an assessment that, while there are challenges and uncertainties associated with the adoption of DC solutions in target sectors like data centers, buildings, industry, and ports, the Shift2DC project's comprehensive approach—encompassing technological development, demonstrations, feasibility studies, and expert input—supports a feasible path forward. The integration of renewable energy sources, smart technologies, and the focus on both hardware and software tools indicate that these solutions are achievable within current technological and economic constraints. However, widespread adoption still requires overcoming barriers related to cost, standardization, and user acceptance, making it feasible rather than very feasible at this stage."
phi4_normative_39_20260630_173622,phi4_normative,phi4,normative,3,Feasible,39,20260630_173622,"3 - Feasible

This rating reflects an overall assessment that the DC solutions proposed by the Shift2DC project are generally achievable in their target sectors, considering current technological capabilities and planned demonstrations. The focus on integration with existing systems and renewable energy sources supports a positive outlook for practical implementation across data centers, buildings, industry, and ports, albeit acknowledging some challenges and uncertainties inherent to new technology adoption."
phi4_subject-matter_39_20260630_173622,phi4_subject-matter,phi4,subject-matter,3,Feasible,39,20260630_173622,"3 - Feasible

This rating considers the comprehensive approach of the Shift2DC project in addressing technical, practical, and infrastructural challenges associated with implementing DC solutions across various sectors like data centers, buildings, industry, and ports. The integration of technologies such as smart cables, DC connectors, circuit breakers, converters, and measurement devices, alongside the development of simulation and design tools, suggests a strong foundation for feasibility. While full-scale adoption faces hurdles such as regulatory barriers and existing AC infrastructure compatibility, the project's strategic focus on demonstrators, expert input, and interoperability frameworks enhances its practical viability within these sectors."
llama_generalist_40_20260630_173814,llama_generalist,llama,generalist,4,Very feasible,40,20260630_173814,"4 - Very feasible
"
llama_normative_40_20260630_173814,llama_normative,llama,normative,4,Very feasible,40,20260630_173814,"4 - Very feasible
"
llama_subject-matter_40_20260630_173814,llama_subject-matter,llama,subject-matter,3,Feasible,40,20260630_173814,"3 - Feasible
"
mistral_generalist_40_20260630_173814,mistral_generalist,mistral,generalist,3,Feasible,40,20260630_173814, 3 - Feasible
mistral_normative_40_20260630_173814,mistral_normative,mistral,normative,3,Feasible,40,20260630_173814, 3 - Feasible
mistral_subject-matter_40_20260630_173814,mistral_subject-matter,mistral,subject-matter,3,Feasible,40,20260630_173814, 3 - Feasible
gemma3_generalist_40_20260630_173814,gemma3_generalist,gemma3,generalist,3,Feasible,40,20260630_173814,3 - Feasible
gemma3_normative_40_20260630_173814,gemma3_normative,gemma3,normative,3,Feasible,40,20260630_173814,3 - Feasible
gemma3_subject-matter_40_20260630_173814,gemma3_subject-matter,gemma3,subject-matter,3,Feasible,40,20260630_173814,3 - Feasible
phi4_generalist_40_20260630_173814,phi4_generalist,phi4,generalist,3,Feasible,40,20260630_173814,"3 - Feasible

(Note: This rating reflects an assessment of the overall feasibility of DC solutions in the target sectors described within the Shift2DC project, considering current technological readiness and implementation challenges.)"
phi4_normative_40_20260630_173814,phi4_normative,phi4,normative,3,Feasible,40,20260630_173814,"3 - Feasible

This rating reflects a balanced view of the current state and potential of DC solutions within the sectors identified in the Shift2DC project. The feasibility is deemed 'feasible' because:

1. **Technological Maturity**: Several technologies, such as smart cables, connectors, and semiconductor-based circuit breakers, are at relatively high TRLs (Technology Readiness Levels), indicating that they are ready for integration into real-world applications.

2. **Demonstrators and Real-World Testing**: The planned demonstrators across data centers, buildings, industry, and ports provide a solid foundation for testing these technologies in practical settings. This hands-on approach will generate valuable insights and data to address current gaps and challenges.

3. **Alignment with Renewable Integration**: The focus on integrating DC solutions with renewable energy sources (e.g., solar panels, V2G technology) is highly relevant given the global push towards sustainable energy systems. This alignment enhances the feasibility of these solutions in contributing to a greener grid.

4. **Supporting Infrastructure and Tools**: Development of tools like the DC solution design tool and network design tool for DC solutions supports the planning and deployment process, increasing confidence in their successful implementation.

5. **Regulatory and Market Dynamics**: While regulatory frameworks may still pose challenges, there is growing interest and support from policymakers for innovative energy solutions. This creates a conducive environment for advancing medium- and low-voltage DC technologies.

6. **Addressing Current Limitations**: The project's focus on overcoming specific limitations of current AC systems, such as the absence of natural zero-crossings in DC, suggests that these solutions are thoughtfully designed to address existing barriers.

Overall, while there are still challenges and uncertainties to be addressed (such as regulatory acceptance and market readiness), the combination of technological readiness, strategic testing through demonstrators, alignment with renewable energy trends, and supportive infrastructure indicates a feasible path forward for the adoption of DC solutions in the target sectors."
phi4_subject-matter_40_20260630_173814,phi4_subject-matter,phi4,subject-matter,3,Feasible,40,20260630_173814,"3 - Feasible

This assessment considers the comprehensive nature of the Shift2DC project, which includes a diverse range of DC solutions across various sectors such as data centers, buildings, industry, and ports. The project's structured approach with demonstrations, feasibility studies, and expert input indicates that these DC solutions are feasible for implementation in their respective target sectors. However, given the early stage of extensive end-user engagement and potential challenges like regulatory barriers and interoperability issues, a rating of ""Feasible"" rather than ""Very Feasible"" is appropriate at this juncture."
llama_generalist_41_20260630_174023,llama_generalist,llama,generalist,3,Feasible,41,20260630_174023,"3 - Feasible
"
llama_normative_41_20260630_174023,llama_normative,llama,normative,3,Feasible,41,20260630_174023,"3 - Feasible
"
llama_subject-matter_41_20260630_174023,llama_subject-matter,llama,subject-matter,3,Feasible,41,20260630_174023,"3 - Feasible
"
mistral_generalist_41_20260630_174023,mistral_generalist,mistral,generalist,3,Feasible,41,20260630_174023, 3 - Feasible
mistral_normative_41_20260630_174023,mistral_normative,mistral,normative,3,Feasible,41,20260630_174023, 3 - Feasible
mistral_subject-matter_41_20260630_174023,mistral_subject-matter,mistral,subject-matter,3,Feasible,41,20260630_174023, 3 - Feasible
gemma3_generalist_41_20260630_174023,gemma3_generalist,gemma3,generalist,3,Feasible,41,20260630_174023,3 - Feasible
gemma3_normative_41_20260630_174023,gemma3_normative,gemma3,normative,3,Feasible,41,20260630_174023,3 - Feasible
gemma3_subject-matter_41_20260630_174023,gemma3_subject-matter,gemma3,subject-matter,3,Feasible,41,20260630_174023,3 - Feasible
phi4_generalist_41_20260630_174023,phi4_generalist,phi4,generalist,3,Feasible,41,20260630_174023,"3 - Feasible

This rating reflects an overall positive assessment of the DC solutions' feasibility within the target sectors described in the Shift2DC project. The project's comprehensive approach, including development across various application areas such as data centers, buildings, industry, and ports, and its focus on integrating renewable energy sources and advanced technologies like V2G systems, supports a feasible outlook. While there are challenges associated with new technology adoption, particularly at scale and within established infrastructure, the targeted demonstrations and feasibility studies suggest that these solutions have a realistic potential for implementation in their respective sectors. The inclusion of expert input further strengthens this assessment, as it indicates a level of practical consideration and alignment with current technological capabilities and industry needs."
phi4_normative_41_20260630_174023,phi4_normative,phi4,normative,3,Feasible,41,20260630_174023,"3 - Feasible

(Note: This rating reflects an expert evaluation of the overall feasibility based on current project descriptions and existing literature, considering factors such as technological readiness, integration potential, and sector-specific challenges.)"
phi4_subject-matter_41_20260630_174023,phi4_subject-matter,phi4,subject-matter,3,Feasible,41,20260630_174023,"3 - Feasible

This rating is based on the comprehensive scope of the Shift2DC project, which targets various sectors with a strong focus on medium- and low-voltage DC systems. The combination of hardware solutions, software tools, and practical demonstrations in real-world settings like data centers, buildings, industries, and ports suggests a robust approach towards assessing feasibility. Furthermore, the integration with renewable energy sources and innovative technologies such as V2G and smart connectors indicates a forward-looking strategy that aligns well with current trends in sustainable energy infrastructure. However, given the early stage of extensive end-user engagement and some potential regulatory and interoperability challenges, while promising, full-scale deployment may still face hurdles, warranting a ""Feasible"" rather than ""Very feasible"" rating at this point."
llama_generalist_42_20260630_174215,llama_generalist,llama,generalist,3,Feasible,42,20260630_174215,"3 - Feasible
"
llama_normative_42_20260630_174215,llama_normative,llama,normative,4,Very feasible,42,20260630_174215,"4 - Very feasible
"
llama_subject-matter_42_20260630_174215,llama_subject-matter,llama,subject-matter,3,Feasible,42,20260630_174215,"3 - Feasible
"
mistral_generalist_42_20260630_174215,mistral_generalist,mistral,generalist,3,Feasible,42,20260630_174215, 3 - Feasible
mistral_normative_42_20260630_174215,mistral_normative,mistral,normative,3,Feasible,42,20260630_174215, 3 - Feasible
mistral_subject-matter_42_20260630_174215,mistral_subject-matter,mistral,subject-matter,3,Feasible,42,20260630_174215, 3 - Feasible
gemma3_generalist_42_20260630_174215,gemma3_generalist,gemma3,generalist,3,Feasible,42,20260630_174215,3 - Feasible
gemma3_normative_42_20260630_174215,gemma3_normative,gemma3,normative,3,Feasible,42,20260630_174215,3 - Feasible
gemma3_subject-matter_42_20260630_174215,gemma3_subject-matter,gemma3,subject-matter,3,Feasible,42,20260630_174215,3 - Feasible
phi4_generalist_42_20260630_174215,phi4_generalist,phi4,generalist,3,Feasible,42,20260630_174215,"3 - Feasible

This rating reflects that, based on the context provided and considering the comprehensive efforts in developing technologies, tools, and demonstrators across various sectors (data centers, buildings, industry, ports), there is a reasonable level of feasibility for DC solutions. The project's structured approach to addressing technical challenges, engaging with expert insights, and conducting demonstrations suggests a feasible path toward adoption, although widespread implementation may still face certain barriers."
phi4_normative_42_20260630_174215,phi4_normative,phi4,normative,3,Feasible,42,20260630_174215,"3 - Feasible

The Shift2DC project presents a comprehensive set of DC solutions that address critical aspects across diverse sectors such as data centers, buildings, industry, and ports. The integration of these technologies—smart cables, connectors, protection systems, converters, design tools, and measurement devices—is well-aligned with current trends towards sustainability and efficiency in energy systems. Given the project's structured approach to developing high TRL prototypes and its focus on both technological advancements and societal acceptance through demonstrations and feasibility studies, it is reasonable to assess the overall feasibility of these DC solutions as feasible within their target sectors."
phi4_subject-matter_42_20260630_174215,phi4_subject-matter,phi4,subject-matter,3,Feasible,42,20260630_174215,"3 - Feasible

This rating reflects an assessment that, while there are challenges and uncertainties in adopting medium- and low-voltage DC solutions, the comprehensive approach of the Shift2DC project—including tools, prototypes, demonstrators, and expert input—indicates a reasonable likelihood of successful implementation across the targeted sectors. The initiatives to integrate renewable energy sources, enhance infrastructure with smart technologies, and develop supportive software tools contribute positively to this feasibility rating. However, some barriers such as regulatory hurdles, cost implications, and technological interoperability may still pose significant challenges that prevent a higher rating of ""Very feasible."""
llama_generalist_43_20260630_174405,llama_generalist,llama,generalist,3,Feasible,43,20260630_174405,"3 - Feasible
"
llama_normative_43_20260630_174405,llama_normative,llama,normative,3,Feasible,43,20260630_174405,"3 - Feasible
"
llama_subject-matter_43_20260630_174405,llama_subject-matter,llama,subject-matter,2,Somewhat feasible,43,20260630_174405,"2 - Somewhat feasible
"
mistral_generalist_43_20260630_174405,mistral_generalist,mistral,generalist,3,Feasible,43,20260630_174405, 3 - Feasible
mistral_normative_43_20260630_174405,mistral_normative,mistral,normative,3,Feasible,43,20260630_174405, 3 - Feasible
mistral_subject-matter_43_20260630_174405,mistral_subject-matter,mistral,subject-matter,3,Feasible,43,20260630_174405, 3 - Feasible
gemma3_generalist_43_20260630_174405,gemma3_generalist,gemma3,generalist,3,Feasible,43,20260630_174405,3 - Feasible
gemma3_normative_43_20260630_174405,gemma3_normative,gemma3,normative,3,Feasible,43,20260630_174405,3 - Feasible
gemma3_subject-matter_43_20260630_174405,gemma3_subject-matter,gemma3,subject-matter,3,Feasible,43,20260630_174405,3 - Feasible
phi4_generalist_43_20260630_174405,phi4_generalist,phi4,generalist,3,Feasible,43,20260630_174405,"3 - Feasible

This assessment considers the comprehensive approach of the Shift2DC project, which includes developing various DC solutions and conducting demonstrations across key sectors such as data centers, buildings, industry, and ports. The integration of advanced technologies like smart cables, connectors, converters, and protection systems indicates a strong foundation for medium- and low-voltage DC adoption. However, challenges remain in terms of cost, technical complexity, and societal acceptance, which slightly temper the feasibility rating from ""very feasible"" to ""feasible."""
phi4_normative_43_20260630_174405,phi4_normative,phi4,normative,3,Feasible,43,20260630_174405,"3 - Feasible

The Shift2DC project's DC solutions are designed with a strong focus on integration, innovation, and addressing current technological gaps in medium- and low-voltage applications. The involvement of experts from diverse sectors such as ports, buildings, manufacturing, and utilities suggests a comprehensive approach to tackling the challenges associated with DC adoption. The inclusion of demonstrators across various application areas like data centers, buildings, industry, and ports indicates practical testing environments that can validate these technologies in real-world settings.

The solutions themselves are well-rounded, addressing critical components such as smart cables, connectors, protection systems, converters, design tools, and measurement devices. These components are fundamental for ensuring the reliability, efficiency, and safety of DC grids. The project's emphasis on developing tools that align with current standards (Current/OS, ODCA) further supports their feasibility by facilitating easier integration into existing infrastructure.

Moreover, the focus on renewable energy integration, such as solar panels in data centers and ports, enhances the sustainability aspect of these solutions, which is increasingly important for future-proofing energy systems. The inclusion of technologies like V2G chargers also demonstrates a forward-thinking approach to maximizing resource utilization.

While there are inherent challenges in transitioning from traditional AC systems to DC grids, such as infrastructure compatibility and user acceptance, the project's structured methodology and stakeholder engagement suggest that these hurdles can be effectively managed. Therefore, considering the comprehensive nature of the solutions and their alignment with industry needs and standards, the overall feasibility of implementing DC solutions in the target sectors is deemed feasible."
phi4_subject-matter_43_20260630_174405,phi4_subject-matter,phi4,subject-matter,3,Feasible,43,20260630_174405,"3 - Feasible

This rating reflects a comprehensive evaluation of the Shift2DC project's DC solutions, considering their potential integration across various target sectors such as data centers, buildings, industry, and ports. The diverse range of technologies—from smart cables to advanced semiconductor-based circuit breakers—demonstrates a strong foundation for enabling medium- and low-voltage DC adoption. However, challenges related to interoperability, regulatory barriers, and infrastructure costs are inherent in pioneering new power systems. These factors contribute to the assessment that while feasible, achieving widespread implementation will require overcoming significant technical and systemic hurdles. The expert elicitation process further supports this rating by highlighting both opportunities and uncertainties within the literature, indicating a balanced feasibility outlook across the target sectors."
llama_generalist_44_20260630_174617,llama_generalist,llama,generalist,3,Feasible,44,20260630_174617,"3 - Feasible
"
llama_normative_44_20260630_174617,llama_normative,llama,normative,3,Feasible,44,20260630_174617,"3 - Feasible
"
llama_subject-matter_44_20260630_174617,llama_subject-matter,llama,subject-matter,3,Feasible,44,20260630_174617,"3 - Feasible
"
mistral_generalist_44_20260630_174617,mistral_generalist,mistral,generalist,3,Feasible,44,20260630_174617, 3 - Feasible
mistral_normative_44_20260630_174617,mistral_normative,mistral,normative,3,Feasible,44,20260630_174617, 3 - Feasible
mistral_subject-matter_44_20260630_174617,mistral_subject-matter,mistral,subject-matter,3,Feasible,44,20260630_174617, 3 - Feasible
gemma3_generalist_44_20260630_174617,gemma3_generalist,gemma3,generalist,3,Feasible,44,20260630_174617,3 - Feasible
gemma3_normative_44_20260630_174617,gemma3_normative,gemma3,normative,3,Feasible,44,20260630_174617,3 - Feasible
gemma3_subject-matter_44_20260630_174617,gemma3_subject-matter,gemma3,subject-matter,3,Feasible,44,20260630_174617,3 - Feasible
phi4_generalist_44_20260630_174617,phi4_generalist,phi4,generalist,3,Feasible,44,20260630_174617,"3 - Feasible

This rating reflects that, given the current development and demonstration efforts within the Shift2DC project across diverse sectors like data centers, buildings, industry, and ports, DC solutions appear to be on a promising path toward practical implementation. The integration of renewables, advancements in technology such as DC connectors and converters, and strategic demonstrations suggest a feasible outlook for medium- and low-voltage DC adoption, although widespread real-world application may still encounter various technical and logistical challenges."
phi4_normative_44_20260630_174617,phi4_normative,phi4,normative,3,Feasible,44,20260630_174617,"3 - Feasible

This rating reflects a balanced view considering the innovative nature of DC solutions, existing technical and infrastructural challenges, as well as ongoing developments in relevant sectors such as data centers, buildings, industry, and ports within the Shift2DC project. The feasibility is supported by the comprehensive approach to addressing barriers through demonstrations, technology development, and expert input despite some uncertainty and mixed views in current literature."
phi4_subject-matter_44_20260630_174617,phi4_subject-matter,phi4,subject-matter,3,Feasible,44,20260630_174617,"3 - Feasible

This rating reflects an overall assessment of the Shift2DC project's DC solutions in target sectors like data centers, buildings, industry, and ports. The combination of technological advancements, pilot demonstrations, expert input, and strategic planning supports a feasible transition to medium- and low-voltage DC systems within these areas. However, challenges such as interoperability with existing AC infrastructure, regulatory barriers, and initial costs temper the potential for immediate widespread adoption, thus not reaching ""very feasible"" status at this stage."
llama_generalist_45_20260630_174803,llama_generalist,llama,generalist,3,Feasible,45,20260630_174803,"3 - Feasible
"
llama_normative_45_20260630_174803,llama_normative,llama,normative,3,Feasible,45,20260630_174803,"3 - Feasible
"
llama_subject-matter_45_20260630_174803,llama_subject-matter,llama,subject-matter,3,Feasible,45,20260630_174803,"3 - Feasible
"
mistral_generalist_45_20260630_174803,mistral_generalist,mistral,generalist,3,Feasible,45,20260630_174803, 3 - Feasible
mistral_normative_45_20260630_174803,mistral_normative,mistral,normative,3,Feasible,45,20260630_174803, 3 - Feasible
mistral_subject-matter_45_20260630_174803,mistral_subject-matter,mistral,subject-matter,3,Feasible,45,20260630_174803, 3 - Feasible
gemma3_generalist_45_20260630_174803,gemma3_generalist,gemma3,generalist,3,Feasible,45,20260630_174803,3 - Feasible
gemma3_normative_45_20260630_174803,gemma3_normative,gemma3,normative,3,Feasible,45,20260630_174803,3 - Feasible
gemma3_subject-matter_45_20260630_174803,gemma3_subject-matter,gemma3,subject-matter,3,Feasible,45,20260630_174803,3 - Feasible
phi4_generalist_45_20260630_174803,phi4_generalist,phi4,generalist,3,Feasible,45,20260630_174803,"3 - Feasible

This rating reflects an assessment that the DC solutions proposed in the Shift2DC project are generally feasible for application across the target sectors (data centers, buildings, industry, and ports). While there are promising aspects to each solution and demonstrator—such as integration with renewable energy sources, smart technologies, and enhanced fault protection mechanisms—the current stage of development and limited end-user engagement suggest that while implementation is possible and likely beneficial in many respects, it still faces challenges typical of emerging technology adoption. These include technical hurdles, cost considerations, and the need for wider acceptance and understanding among stakeholders. Therefore, a ""Feasible"" rating acknowledges both the potential and current limitations of these DC solutions within their targeted application areas."
phi4_normative_45_20260630_174803,phi4_normative,phi4,normative,3,Feasible,45,20260630_174803,"3 - Feasible

This rating reflects a positive outlook towards the integration of DC solutions across various sectors outlined in the Shift2DC project, considering the comprehensive range of technologies developed and their alignment with current energy and sustainability goals. While challenges remain, particularly around user adoption and infrastructure adaptation, the strategic focus on demonstrating these technologies in practical settings (data centers, buildings, industry, ports) suggests a strong potential for feasibility. The inclusion of innovative solutions such as smart DC cables, converters, protection systems, and design tools indicates a forward-thinking approach that addresses both technical and operational aspects of DC system integration. Moreover, the project's engagement with experts across different domains to identify barriers and opportunities further supports the feasibility assessment by ensuring that diverse perspectives are considered in shaping these technologies for real-world applications.

The emphasis on developing enablers like software tools and IT solution architectures suggests a robust foundation for supporting the adoption and scaling of DC solutions. Demonstrators planned in key application areas not only provide tangible proof-of-concept but also facilitate learning and adaptation, which are critical for overcoming sector-specific challenges and enhancing system interoperability. The focus on renewable integration, particularly through initiatives like vehicle-to-grid (V2G) systems and photovoltaic (PV) installations, aligns with global trends towards decarbonization and energy efficiency, thereby increasing the societal and environmental relevance of these solutions.

Furthermore, the project's effort to include feasibility studies and create DC roadmaps based on demonstrator outcomes indicates a comprehensive approach to addressing both current and future needs. This strategic planning is essential for navigating the complexities of transitioning to DC systems in existing infrastructures and markets characterized by entrenched AC norms.

However, while the project showcases significant promise, its early stage means that some uncertainties remain regarding widespread acceptance, regulatory support, and cost-effectiveness at scale. These factors could impact the speed and extent of adoption across different sectors. Thus, while highly feasible in certain contexts—especially those with a strong emphasis on innovation and sustainability—the overall feasibility is cautiously optimistic, acknowledging both the potential and challenges ahead.

In conclusion, rating the feasibility as ""3 - Feasible"" captures an encouraging perspective on the project's ambitions to advance DC technologies within targeted sectors. It reflects confidence in the technical solutions developed, their alignment with energy transition goals, and the strategic approach of the Shift2DC project while remaining mindful of the hurdles that lie ahead in realizing widespread implementation."
phi4_subject-matter_45_20260630_174803,phi4_subject-matter,phi4,subject-matter,3,Feasible,45,20260630_174803,"3 - Feasible

This rating considers the comprehensive scope of the Shift2DC project, which integrates various DC solutions across different sectors (data centers, buildings, industry, and ports) with a strong focus on technical innovation, feasibility studies, and practical demonstrations. The project's structured approach, including high-tech demonstrators and alignment with standards like Current/OS and ODCA, supports its overall feasibility in these target areas despite potential challenges such as interoperability, infrastructure costs, and regulatory barriers that may need to be addressed for widespread adoption."
llama_generalist_46_20260630_175030,llama_generalist,llama,generalist,3,Feasible,46,20260630_175030,"3 - Feasible
"
llama_normative_46_20260630_175030,llama_normative,llama,normative,3,Feasible,46,20260630_175030,"3 - Feasible
"
llama_subject-matter_46_20260630_175030,llama_subject-matter,llama,subject-matter,3,Feasible,46,20260630_175030,"3 - Feasible
"
mistral_generalist_46_20260630_175030,mistral_generalist,mistral,generalist,3,Feasible,46,20260630_175030, 3 - Feasible
mistral_normative_46_20260630_175030,mistral_normative,mistral,normative,3,Feasible,46,20260630_175030, 3 - Feasible
mistral_subject-matter_46_20260630_175030,mistral_subject-matter,mistral,subject-matter,3,Feasible,46,20260630_175030, 3 - Feasible
gemma3_generalist_46_20260630_175030,gemma3_generalist,gemma3,generalist,3,Feasible,46,20260630_175030,3 - Feasible
gemma3_normative_46_20260630_175030,gemma3_normative,gemma3,normative,3,Feasible,46,20260630_175030,3 - Feasible
gemma3_subject-matter_46_20260630_175030,gemma3_subject-matter,gemma3,subject-matter,3,Feasible,46,20260630_175030,3 - Feasible
phi4_generalist_46_20260630_175030,phi4_generalist,phi4,generalist,3,Feasible,46,20260630_175030,"3 - Feasible

This rating reflects a balanced view of the current state and potential for DC solutions in the target sectors described by the Shift2DC project. While there are promising aspects, such as integration with renewable energy sources and innovative technologies (e.g., smart cables, semiconductor-based circuit breakers), there remain challenges related to adoption, cost, technical standards, and user awareness. The ongoing development of tools and prototypes indicates feasibility, but full-scale implementation across sectors will require further advancements and broader acceptance."
phi4_normative_46_20260630_175030,phi4_normative,phi4,normative,3,Feasible,46,20260630_175030,"3 - Feasible

This rating reflects an assessment of the feasibility based on the current stage and detailed plans within the Shift2DC project. The inclusion of multiple demonstrators across diverse sectors such as data centers, buildings, industry, and ports indicates a structured approach to integrating DC solutions into real-world applications. While some challenges remain—such as end-user engagement and large-scale implementation uncertainties—the project's comprehensive planning, technological development, and alignment with existing standards suggest that these solutions are indeed feasible for the target sectors."
phi4_subject-matter_46_20260630_175030,phi4_subject-matter,phi4,subject-matter,3,Feasible,46,20260630_175030,"3 - Feasible

This rating reflects an assessment of the overall feasibility of implementing DC solutions in the target sectors (data centers, buildings, industry, and ports) as described in the Shift2DC project. The project incorporates advanced technologies, such as smart cables, converters, and protection systems, along with demonstrator plans across various applications. These initiatives suggest a strong foundation for the integration and adoption of DC power solutions within these sectors, supported by expert insights and planned demonstrations that address both technical challenges and practical implementation scenarios. However, given the early stage of engagement with end users and the complexity inherent in transitioning to new power systems, there remain uncertainties and hurdles that must be overcome before reaching a ""very feasible"" status. Therefore, while promising, the solutions are currently assessed as feasible rather than very feasible due to these considerations."
llama_generalist_47_20260630_175224,llama_generalist,llama,generalist,2,Somewhat feasible,47,20260630_175224,"2 - Somewhat feasible
"
llama_normative_47_20260630_175224,llama_normative,llama,normative,3,Feasible,47,20260630_175224,"3 - Feasible
"
llama_subject-matter_47_20260630_175224,llama_subject-matter,llama,subject-matter,4,Very feasible,47,20260630_175224,"4 - Very feasible
"
mistral_generalist_47_20260630_175224,mistral_generalist,mistral,generalist,3,Feasible,47,20260630_175224, 3 - Feasible
mistral_normative_47_20260630_175224,mistral_normative,mistral,normative,3,Feasible,47,20260630_175224, 3 - Feasible
mistral_subject-matter_47_20260630_175224,mistral_subject-matter,mistral,subject-matter,3,Feasible,47,20260630_175224, 3 - Feasible
gemma3_generalist_47_20260630_175224,gemma3_generalist,gemma3,generalist,3,Feasible,47,20260630_175224,3 - Feasible
gemma3_normative_47_20260630_175224,gemma3_normative,gemma3,normative,3,Feasible,47,20260630_175224,3 - Feasible
gemma3_subject-matter_47_20260630_175224,gemma3_subject-matter,gemma3,subject-matter,3,Feasible,47,20260630_175224,3 - Feasible
phi4_generalist_47_20260630_175224,phi4_generalist,phi4,generalist,3,Feasible,47,20260630_175224,"3 - Feasible

This rating reflects an assessment that, given the current state of technology and the structured approach of the Shift2DC project, the implementation of DC solutions across the target sectors—data centers, buildings, industry, and ports—is feasible. The project's focus on developing tools, prototypes, and conducting feasibility studies supports this conclusion."
phi4_normative_47_20260630_175224,phi4_normative,phi4,normative,3,Feasible,47,20260630_175224,"3 - Feasible

This rating reflects an assessment that the DC solutions proposed by the Shift2DC project, when considering their applicability across data centers, buildings, industry, and ports, have a reasonable likelihood of successful implementation given current technological readiness levels and alignment with strategic initiatives to integrate renewable energy systems. The inclusion of advanced technologies like smart connectors, semiconductor-based circuit breakers, and DC-DC converters indicates a strong potential for feasibility in these sectors, though some challenges may remain due to the nascent stage of widespread DC adoption and integration complexities across diverse applications."
phi4_subject-matter_47_20260630_175224,phi4_subject-matter,phi4,subject-matter,3,Feasible,47,20260630_175224,"3 - Feasible

This rating reflects that, based on the provided context and expert elicitation protocol within the Shift2DC initiative, medium- and low-voltage DC solutions are assessed to be generally feasible across data centers, buildings, industry, and ports. This conclusion is drawn from the planned demonstrations, feasibility studies, and integration of technologies such as smart cables, connectors, converters, and protection systems, which collectively support the adoption of DC power in these sectors. The involvement of experts and alignment with current standards further bolster this assessment. However, challenges such as interoperability, regulatory barriers, and initial infrastructure costs are acknowledged, hence the rating falls short of ""very feasible."""
llama_generalist_48_20260630_175413,llama_generalist,llama,generalist,4,Very feasible,48,20260630_175413,"4 - Very feasible
"
llama_normative_48_20260630_175413,llama_normative,llama,normative,3,Feasible,48,20260630_175413,"3 - Feasible
"
llama_subject-matter_48_20260630_175413,llama_subject-matter,llama,subject-matter,4,Very feasible,48,20260630_175413,"4 - Very feasible
"
mistral_generalist_48_20260630_175413,mistral_generalist,mistral,generalist,3,Feasible,48,20260630_175413, 3 - Feasible
mistral_normative_48_20260630_175413,mistral_normative,mistral,normative,3,Feasible,48,20260630_175413, 3 - Feasible
mistral_subject-matter_48_20260630_175413,mistral_subject-matter,mistral,subject-matter,3,Feasible,48,20260630_175413, 3 - Feasible
gemma3_generalist_48_20260630_175413,gemma3_generalist,gemma3,generalist,3,Feasible,48,20260630_175413,3 - Feasible
gemma3_normative_48_20260630_175413,gemma3_normative,gemma3,normative,3,Feasible,48,20260630_175413,3 - Feasible
gemma3_subject-matter_48_20260630_175413,gemma3_subject-matter,gemma3,subject-matter,3,Feasible,48,20260630_175413,3 - Feasible
phi4_generalist_48_20260630_175413,phi4_generalist,phi4,generalist,3,Feasible,48,20260630_175413,"3 - Feasible

This rating reflects an overall positive assessment of the feasibility for DC solutions in data centers, buildings, industry, and ports as described in the Shift2DC project. The integration of various technologies such as smart cables, connectors, protection systems, and converters suggests a well-rounded approach to addressing key challenges in adopting medium- and low-voltage DC. Additionally, the involvement of multiple sectors with planned demonstrator projects enhances confidence in practical applicability, despite potential uncertainties and barriers related to costs or adoption timelines."
phi4_normative_48_20260630_175413,phi4_normative,phi4,normative,3,Feasible,48,20260630_175413,"3 - Feasible

This assessment considers that while there are promising developments and demonstrations planned across various sectors such as data centers, buildings, industry, and ports, the project is still in its early stages with limited real-world user engagement. The feasibility of DC solutions hinges on successful integration, standardization, and overcoming technical challenges, which seem plausible but not yet fully realized or widely adopted."
phi4_subject-matter_48_20260630_175413,phi4_subject-matter,phi4,subject-matter,3,Feasible,48,20260630_175413,"3 - Feasible

This rating reflects an optimistic yet realistic assessment of the Shift2DC project's DC solutions' feasibility across target sectors. The use of medium- and low-voltage DC technologies in data centers, buildings, industry, and ports presents a promising opportunity for integrating renewables and improving energy efficiency. Given the comprehensive approach of developing tools, prototypes, and conducting demonstrations across various application areas, there is substantial groundwork to support these solutions' adoption.

The project's focus on creating standards-compliant components like smart and sustainable DC cables, advanced protection systems, semiconductor-based circuit breakers, and converters indicates a strong technical foundation for these technologies. These efforts align with the current trends toward more sustainable and efficient energy use, particularly in sectors such as data centers and industry where there is an increasing demand for cleaner energy solutions.

Moreover, the inclusion of feasibility studies and recommendations suggests a methodical approach to overcoming potential barriers to adoption. The project's emphasis on interoperability, regulatory compliance, and user engagement through demonstrations also supports its feasibility by addressing some of the key challenges in implementing DC technologies at scale.

However, despite these positive indicators, several uncertainties remain. These include the extent to which existing infrastructure can be adapted or needs to be overhauled for DC integration, the upfront costs associated with transitioning to DC systems, and the readiness of markets and regulatory environments to embrace such changes. The project's early stage also means that while there is significant potential, real-world applications will ultimately determine the full scope of feasibility.

In conclusion, rating the overall feasibility as ""3 - Feasible"" acknowledges both the promising aspects of the Shift2DC project in advancing DC solutions across targeted sectors and the challenges that must be navigated to realize their full potential. This balanced view reflects an informed optimism about the project's contributions to the wider adoption of DC technologies, tempered by a realistic understanding of the hurdles ahead."
llama_generalist_49_20260630_175624,llama_generalist,llama,generalist,4,Very feasible,49,20260630_175624,"4 - Very feasible
"
llama_normative_49_20260630_175624,llama_normative,llama,normative,2,Somewhat feasible,49,20260630_175624,"2 - Somewhat feasible
"
llama_subject-matter_49_20260630_175624,llama_subject-matter,llama,subject-matter,1,Not feasible,49,20260630_175624,"1 - Not feasible
"
mistral_generalist_49_20260630_175624,mistral_generalist,mistral,generalist,3,Feasible,49,20260630_175624, 3 - Feasible
mistral_normative_49_20260630_175624,mistral_normative,mistral,normative,3,Feasible,49,20260630_175624, 3 - Feasible
mistral_subject-matter_49_20260630_175624,mistral_subject-matter,mistral,subject-matter,3,Feasible,49,20260630_175624, 3 - Feasible
gemma3_generalist_49_20260630_175624,gemma3_generalist,gemma3,generalist,3,Feasible,49,20260630_175624,3 - Feasible
gemma3_normative_49_20260630_175624,gemma3_normative,gemma3,normative,3,Feasible,49,20260630_175624,3 - Feasible
gemma3_subject-matter_49_20260630_175624,gemma3_subject-matter,gemma3,subject-matter,3,Feasible,49,20260630_175624,3 - Feasible
phi4_generalist_49_20260630_175624,phi4_generalist,phi4,generalist,3,Feasible,49,20260630_175624,"3 - Feasible

This rating reflects a general assessment of the Shift2DC project's DC solutions as being practical and achievable within the target sectors, given the current technological advancements and expert support, while acknowledging that widespread adoption may still face some challenges."
phi4_normative_49_20260630_175624,phi4_normative,phi4,normative,3,Feasible,49,20260630_175624,"3 - Feasible

This rating considers the comprehensive approach of the Shift2DC project in developing and demonstrating DC solutions across various sectors, alongside identified barriers and opportunities. The initiative's focus on both technological development and practical demonstrations suggests a high level of feasibility for widespread adoption, albeit with some challenges that need addressing."
phi4_subject-matter_49_20260630_175624,phi4_subject-matter,phi4,subject-matter,3,Feasible,49,20260630_175624,"3 - Feasible

This rating reflects an assessment of the overall feasibility of deploying DC solutions in the sectors targeted by the Shift2DC project, considering factors such as current technology maturity, integration challenges, and potential benefits. The selected DC technologies show promise for application across data centers, buildings, industry, and ports, with existing demonstrations indicating a level of readiness. However, certain barriers like regulatory hurdles, interoperability issues, and cost considerations may still pose challenges to widespread adoption. Overall, the project's structured approach, focus on developing enabling tools, and engagement with experts suggest that these solutions are feasible for implementation in their respective sectors."
