contrast,scenario,OR,CI_low,CI_high,z,p
ANCHOR_WORD - CONTEXT,ANCHOR_WORD,2.1127139260667414,2.0982610356287745,2.1272663684853557,213.56911043141324,0
ANCHOR_EXAMPLE - CONTEXT,ANCHOR_EXAMPLE,1.699034250899316,1.687402040377279,1.7107466487853547,151.22725097790402,0
ANCHOR_NUM_LOW - CONTEXT,ANCHOR_NUM_LOW,1.525575839736512,1.5151261218520153,1.5360976285874388,120.44498211441284,0
ANCHOR_NUM_HIGH - CONTEXT,ANCHOR_NUM_HIGH,2.138274016632991,2.1236478087930446,2.1530009596112647,217.0256736276727,0
CONTEXT - CONTEXT,CONTEXT,1,NA,NA,NA,NA
