row_id,variant_id,base_model,model,barrier_id,official_label,condition,anchor_type,anchor_level,iteration
generalist_llama_00_b1,generalist_llama,llama,generalist,1,"power losses, quality and safety issues",context,,,0
generalist_llama_00_b2,generalist_llama,llama,generalist,2,reduced reliability in DC devices,context,,,0
generalist_llama_00_b3,generalist_llama,llama,generalist,3,lack of use-cases in which DC is advantageous,context,,,0
generalist_llama_00_b4,generalist_llama,llama,generalist,4,"uncertain utility interaction (net metering, utility ownership, and agreed standards)",context,,,0
generalist_llama_00_b5,generalist_llama,llama,generalist,5,lack of pilot projects,context,,,0
normative_llama_00_b1,normative_llama,llama,normative,1,"power losses, quality and safety issues",context,,,0
normative_llama_00_b2,normative_llama,llama,normative,2,reduced reliability in DC devices,context,,,0
normative_llama_00_b4,normative_llama,llama,normative,4,"uncertain utility interaction (net metering, utility ownership, and agreed standards)",context,,,0
normative_llama_00_b3,normative_llama,llama,normative,3,lack of use-cases in which DC is advantageous,context,,,0
normative_llama_00_b6,normative_llama,llama,normative,6,public perception of DC and readiness to 'champion' installations from DC projects,context,,,0
subject-matter_llama_00_b1,subject-matter_llama,llama,subject-matter,1,"power losses, quality and safety issues",context,,,0
subject-matter_llama_00_b2,subject-matter_llama,llama,subject-matter,2,reduced reliability in DC devices,context,,,0
subject-matter_llama_00_b3,subject-matter_llama,llama,subject-matter,3,lack of use-cases in which DC is advantageous,context,,,0
subject-matter_llama_00_b4,subject-matter_llama,llama,subject-matter,4,"uncertain utility interaction (net metering, utility ownership, and agreed standards)",context,,,0
subject-matter_llama_00_b11,subject-matter_llama,llama,subject-matter,11,high costs of DC solutions,context,,,0
generalist_mistral_00_b1,generalist_mistral,mistral,generalist,1,"power losses, quality and safety issues",context,,,0
generalist_mistral_00_b2,generalist_mistral,mistral,generalist,2,reduced reliability in DC devices,context,,,0
generalist_mistral_00_b3,generalist_mistral,mistral,generalist,3,lack of use-cases in which DC is advantageous,context,,,0
generalist_mistral_00_b4,generalist_mistral,mistral,generalist,4,"uncertain utility interaction (net metering, utility ownership, and agreed standards)",context,,,0
generalist_mistral_00_b5,generalist_mistral,mistral,generalist,5,lack of pilot projects,context,,,0
normative_mistral_00_b1,normative_mistral,mistral,normative,1,"power losses, quality and safety issues",context,,,0
normative_mistral_00_b2,normative_mistral,mistral,normative,2,reduced reliability in DC devices,context,,,0
normative_mistral_00_b4,normative_mistral,mistral,normative,4,"uncertain utility interaction (net metering, utility ownership, and agreed standards)",context,,,0
normative_mistral_00_b5,normative_mistral,mistral,normative,5,lack of pilot projects,context,,,0
normative_mistral_00_b11,normative_mistral,mistral,normative,11,high costs of DC solutions,context,,,0
subject-matter_mistral_00_b1,subject-matter_mistral,mistral,subject-matter,1,"power losses, quality and safety issues",context,,,0
subject-matter_mistral_00_b2,subject-matter_mistral,mistral,subject-matter,2,reduced reliability in DC devices,context,,,0
subject-matter_mistral_00_b3,subject-matter_mistral,mistral,subject-matter,3,lack of use-cases in which DC is advantageous,context,,,0
subject-matter_mistral_00_b4,subject-matter_mistral,mistral,subject-matter,4,"uncertain utility interaction (net metering, utility ownership, and agreed standards)",context,,,0
subject-matter_mistral_00_b5,subject-matter_mistral,mistral,subject-matter,5,lack of pilot projects,context,,,0
generalist_gemma3_00_b1,generalist_gemma3,gemma3,generalist,1,"power losses, quality and safety issues",context,,,0
generalist_gemma3_00_b3,generalist_gemma3,gemma3,generalist,3,lack of use-cases in which DC is advantageous,context,,,0
generalist_gemma3_00_b4,generalist_gemma3,gemma3,generalist,4,"uncertain utility interaction (net metering, utility ownership, and agreed standards)",context,,,0
generalist_gemma3_00_b8,generalist_gemma3,gemma3,generalist,8,misconception and lack of knowledge leads to lengthy/expensive design and permit process,context,,,0
generalist_gemma3_00_b11,generalist_gemma3,gemma3,generalist,11,high costs of DC solutions,context,,,0
normative_gemma3_00_b1,normative_gemma3,gemma3,normative,1,"power losses, quality and safety issues",context,,,0
normative_gemma3_00_b4,normative_gemma3,gemma3,normative,4,"uncertain utility interaction (net metering, utility ownership, and agreed standards)",context,,,0
normative_gemma3_00_b7,normative_gemma3,gemma3,normative,7,incompatibility of DC systems components,context,,,0
normative_gemma3_00_b8,normative_gemma3,gemma3,normative,8,misconception and lack of knowledge leads to lengthy/expensive design and permit process,context,,,0
normative_gemma3_00_b11,normative_gemma3,gemma3,normative,11,high costs of DC solutions,context,,,0
subject-matter_gemma3_00_b1,subject-matter_gemma3,gemma3,subject-matter,1,"power losses, quality and safety issues",context,,,0
subject-matter_gemma3_00_b4,subject-matter_gemma3,gemma3,subject-matter,4,"uncertain utility interaction (net metering, utility ownership, and agreed standards)",context,,,0
subject-matter_gemma3_00_b8,subject-matter_gemma3,gemma3,subject-matter,8,misconception and lack of knowledge leads to lengthy/expensive design and permit process,context,,,0
subject-matter_gemma3_00_b10,subject-matter_gemma3,gemma3,subject-matter,10,uncertain regulatory roadmap,context,,,0
subject-matter_gemma3_00_b11,subject-matter_gemma3,gemma3,subject-matter,11,high costs of DC solutions,context,,,0
generalist_phi4_00_b1,generalist_phi4,phi4,generalist,1,"power losses, quality and safety issues",context,,,0
generalist_phi4_00_b2,generalist_phi4,phi4,generalist,2,reduced reliability in DC devices,context,,,0
generalist_phi4_00_b3,generalist_phi4,phi4,generalist,3,lack of use-cases in which DC is advantageous,context,,,0
generalist_phi4_00_b4,generalist_phi4,phi4,generalist,4,"uncertain utility interaction (net metering, utility ownership, and agreed standards)",context,,,0
generalist_phi4_00_b5,generalist_phi4,phi4,generalist,5,lack of pilot projects,context,,,0
normative_phi4_00_b1,normative_phi4,phi4,normative,1,"power losses, quality and safety issues",context,,,0
normative_phi4_00_b2,normative_phi4,phi4,normative,2,reduced reliability in DC devices,context,,,0
normative_phi4_00_b3,normative_phi4,phi4,normative,3,lack of use-cases in which DC is advantageous,context,,,0
normative_phi4_00_b4,normative_phi4,phi4,normative,4,"uncertain utility interaction (net metering, utility ownership, and agreed standards)",context,,,0
normative_phi4_00_b10,normative_phi4,phi4,normative,10,uncertain regulatory roadmap,context,,,0
subject-matter_phi4_00_b1,subject-matter_phi4,phi4,subject-matter,1,"power losses, quality and safety issues",context,,,0
subject-matter_phi4_00_b3,subject-matter_phi4,phi4,subject-matter,3,lack of use-cases in which DC is advantageous,context,,,0
subject-matter_phi4_00_b4,subject-matter_phi4,phi4,subject-matter,4,"uncertain utility interaction (net metering, utility ownership, and agreed standards)",context,,,0
subject-matter_phi4_00_b5,subject-matter_phi4,phi4,subject-matter,5,lack of pilot projects,context,,,0
subject-matter_phi4_00_b10,subject-matter_phi4,phi4,subject-matter,10,uncertain regulatory roadmap,context,,,0
generalist_llama_01_b1,generalist_llama,llama,generalist,1,"power losses, quality and safety issues",context,,,1
generalist_llama_01_b2,generalist_llama,llama,generalist,2,reduced reliability in DC devices,context,,,1
generalist_llama_01_b3,generalist_llama,llama,generalist,3,lack of use-cases in which DC is advantageous,context,,,1
generalist_llama_01_b4,generalist_llama,llama,generalist,4,"uncertain utility interaction (net metering, utility ownership, and agreed standards)",context,,,1
generalist_llama_01_b5,generalist_llama,llama,generalist,5,lack of pilot projects,context,,,1
normative_llama_01_b1,normative_llama,llama,normative,1,"power losses, quality and safety issues",context,,,1
normative_llama_01_b2,normative_llama,llama,normative,2,reduced reliability in DC devices,context,,,1
normative_llama_01_b3,normative_llama,llama,normative,3,lack of use-cases in which DC is advantageous,context,,,1
normative_llama_01_b4,normative_llama,llama,normative,4,"uncertain utility interaction (net metering, utility ownership, and agreed standards)",context,,,1
normative_llama_01_b5,normative_llama,llama,normative,5,lack of pilot projects,context,,,1
subject-matter_llama_01_b1,subject-matter_llama,llama,subject-matter,1,"power losses, quality and safety issues",context,,,1
subject-matter_llama_01_b2,subject-matter_llama,llama,subject-matter,2,reduced reliability in DC devices,context,,,1
subject-matter_llama_01_b3,subject-matter_llama,llama,subject-matter,3,lack of use-cases in which DC is advantageous,context,,,1
subject-matter_llama_01_b4,subject-matter_llama,llama,subject-matter,4,"uncertain utility interaction (net metering, utility ownership, and agreed standards)",context,,,1
subject-matter_llama_01_b5,subject-matter_llama,llama,subject-matter,5,lack of pilot projects,context,,,1
generalist_mistral_01_b1,generalist_mistral,mistral,generalist,1,"power losses, quality and safety issues",context,,,1
generalist_mistral_01_b2,generalist_mistral,mistral,generalist,2,reduced reliability in DC devices,context,,,1
generalist_mistral_01_b3,generalist_mistral,mistral,generalist,3,lack of use-cases in which DC is advantageous,context,,,1
generalist_mistral_01_b4,generalist_mistral,mistral,generalist,4,"uncertain utility interaction (net metering, utility ownership, and agreed standards)",context,,,1
generalist_mistral_01_b5,generalist_mistral,mistral,generalist,5,lack of pilot projects,context,,,1
normative_mistral_01_b1,normative_mistral,mistral,normative,1,"power losses, quality and safety issues",context,,,1
normative_mistral_01_b2,normative_mistral,mistral,normative,2,reduced reliability in DC devices,context,,,1
normative_mistral_01_b3,normative_mistral,mistral,normative,3,lack of use-cases in which DC is advantageous,context,,,1
normative_mistral_01_b4,normative_mistral,mistral,normative,4,"uncertain utility interaction (net metering, utility ownership, and agreed standards)",context,,,1
normative_mistral_01_b5,normative_mistral,mistral,normative,5,lack of pilot projects,context,,,1
subject-matter_mistral_01_b1,subject-matter_mistral,mistral,subject-matter,1,"power losses, quality and safety issues",context,,,1
subject-matter_mistral_01_b2,subject-matter_mistral,mistral,subject-matter,2,reduced reliability in DC devices,context,,,1
subject-matter_mistral_01_b4,subject-matter_mistral,mistral,subject-matter,4,"uncertain utility interaction (net metering, utility ownership, and agreed standards)",context,,,1
subject-matter_mistral_01_b5,subject-matter_mistral,mistral,subject-matter,5,lack of pilot projects,context,,,1
subject-matter_mistral_01_b7,subject-matter_mistral,mistral,subject-matter,7,incompatibility of DC systems components,context,,,1
generalist_gemma3_01_b1,generalist_gemma3,gemma3,generalist,1,"power losses, quality and safety issues",context,,,1
generalist_gemma3_01_b5,generalist_gemma3,gemma3,generalist,5,lack of pilot projects,context,,,1
generalist_gemma3_01_b6,generalist_gemma3,gemma3,generalist,6,public perception of DC and readiness to 'champion' installations from DC projects,context,,,1
generalist_gemma3_01_b8,generalist_gemma3,gemma3,generalist,8,misconception and lack of knowledge leads to lengthy/expensive design and permit process,context,,,1
generalist_gemma3_01_b10,generalist_gemma3,gemma3,generalist,10,uncertain regulatory roadmap,context,,,1
normative_gemma3_01_b1,normative_gemma3,gemma3,normative,1,"power losses, quality and safety issues",context,,,1
normative_gemma3_01_b5,normative_gemma3,gemma3,normative,5,lack of pilot projects,context,,,1
normative_gemma3_01_b4,normative_gemma3,gemma3,normative,4,"uncertain utility interaction (net metering, utility ownership, and agreed standards)",context,,,1
normative_gemma3_01_b8,normative_gemma3,gemma3,normative,8,misconception and lack of knowledge leads to lengthy/expensive design and permit process,context,,,1
normative_gemma3_01_b10,normative_gemma3,gemma3,normative,10,uncertain regulatory roadmap,context,,,1
subject-matter_gemma3_01_b1,subject-matter_gemma3,gemma3,subject-matter,1,"power losses, quality and safety issues",context,,,1
subject-matter_gemma3_01_b5,subject-matter_gemma3,gemma3,subject-matter,5,lack of pilot projects,context,,,1
subject-matter_gemma3_01_b4,subject-matter_gemma3,gemma3,subject-matter,4,"uncertain utility interaction (net metering, utility ownership, and agreed standards)",context,,,1
subject-matter_gemma3_01_b8,subject-matter_gemma3,gemma3,subject-matter,8,misconception and lack of knowledge leads to lengthy/expensive design and permit process,context,,,1
subject-matter_gemma3_01_b10,subject-matter_gemma3,gemma3,subject-matter,10,uncertain regulatory roadmap,context,,,1
generalist_phi4_01_b1,generalist_phi4,phi4,generalist,1,"power losses, quality and safety issues",context,,,1
generalist_phi4_01_b3,generalist_phi4,phi4,generalist,3,lack of use-cases in which DC is advantageous,context,,,1
generalist_phi4_01_b4,generalist_phi4,phi4,generalist,4,"uncertain utility interaction (net metering, utility ownership, and agreed standards)",context,,,1
generalist_phi4_01_b5,generalist_phi4,phi4,generalist,5,lack of pilot projects,context,,,1
generalist_phi4_01_b10,generalist_phi4,phi4,generalist,10,uncertain regulatory roadmap,context,,,1
normative_phi4_01_b1,normative_phi4,phi4,normative,1,"power losses, quality and safety issues",context,,,1
normative_phi4_01_b3,normative_phi4,phi4,normative,3,lack of use-cases in which DC is advantageous,context,,,1
normative_phi4_01_b4,normative_phi4,phi4,normative,4,"uncertain utility interaction (net metering, utility ownership, and agreed standards)",context,,,1
normative_phi4_01_b5,normative_phi4,phi4,normative,5,lack of pilot projects,context,,,1
normative_phi4_01_b10,normative_phi4,phi4,normative,10,uncertain regulatory roadmap,context,,,1
subject-matter_phi4_01_b1,subject-matter_phi4,phi4,subject-matter,1,"power losses, quality and safety issues",context,,,1
subject-matter_phi4_01_b3,subject-matter_phi4,phi4,subject-matter,3,lack of use-cases in which DC is advantageous,context,,,1
subject-matter_phi4_01_b4,subject-matter_phi4,phi4,subject-matter,4,"uncertain utility interaction (net metering, utility ownership, and agreed standards)",context,,,1
subject-matter_phi4_01_b5,subject-matter_phi4,phi4,subject-matter,5,lack of pilot projects,context,,,1
subject-matter_phi4_01_b10,subject-matter_phi4,phi4,subject-matter,10,uncertain regulatory roadmap,context,,,1
generalist_llama_02_b1,generalist_llama,llama,generalist,1,"power losses, quality and safety issues",context,,,2
generalist_llama_02_b2,generalist_llama,llama,generalist,2,reduced reliability in DC devices,context,,,2
generalist_llama_02_b3,generalist_llama,llama,generalist,3,lack of use-cases in which DC is advantageous,context,,,2
generalist_llama_02_b4,generalist_llama,llama,generalist,4,"uncertain utility interaction (net metering, utility ownership, and agreed standards)",context,,,2
generalist_llama_02_b5,generalist_llama,llama,generalist,5,lack of pilot projects,context,,,2
normative_llama_02_b1,normative_llama,llama,normative,1,"power losses, quality and safety issues",context,,,2
normative_llama_02_b2,normative_llama,llama,normative,2,reduced reliability in DC devices,context,,,2
normative_llama_02_b3,normative_llama,llama,normative,3,lack of use-cases in which DC is advantageous,context,,,2
normative_llama_02_b4,normative_llama,llama,normative,4,"uncertain utility interaction (net metering, utility ownership, and agreed standards)",context,,,2
normative_llama_02_b5,normative_llama,llama,normative,5,lack of pilot projects,context,,,2
subject-matter_llama_02_b1,subject-matter_llama,llama,subject-matter,1,"power losses, quality and safety issues",context,,,2
subject-matter_llama_02_b2,subject-matter_llama,llama,subject-matter,2,reduced reliability in DC devices,context,,,2
subject-matter_llama_02_b3,subject-matter_llama,llama,subject-matter,3,lack of use-cases in which DC is advantageous,context,,,2
subject-matter_llama_02_b4,subject-matter_llama,llama,subject-matter,4,"uncertain utility interaction (net metering, utility ownership, and agreed standards)",context,,,2
subject-matter_llama_02_b5,subject-matter_llama,llama,subject-matter,5,lack of pilot projects,context,,,2
generalist_mistral_02_b1,generalist_mistral,mistral,generalist,1,"power losses, quality and safety issues",context,,,2
generalist_mistral_02_b2,generalist_mistral,mistral,generalist,2,reduced reliability in DC devices,context,,,2
generalist_mistral_02_b4,generalist_mistral,mistral,generalist,4,"uncertain utility interaction (net metering, utility ownership, and agreed standards)",context,,,2
generalist_mistral_02_b5,generalist_mistral,mistral,generalist,5,lack of pilot projects,context,,,2
generalist_mistral_02_b11,generalist_mistral,mistral,generalist,11,high costs of DC solutions,context,,,2
normative_mistral_02_b1,normative_mistral,mistral,normative,1,"power losses, quality and safety issues",context,,,2
normative_mistral_02_b2,normative_mistral,mistral,normative,2,reduced reliability in DC devices,context,,,2
normative_mistral_02_b3,normative_mistral,mistral,normative,3,lack of use-cases in which DC is advantageous,context,,,2
normative_mistral_02_b4,normative_mistral,mistral,normative,4,"uncertain utility interaction (net metering, utility ownership, and agreed standards)",context,,,2
normative_mistral_02_b5,normative_mistral,mistral,normative,5,lack of pilot projects,context,,,2
subject-matter_mistral_02_b1,subject-matter_mistral,mistral,subject-matter,1,"power losses, quality and safety issues",context,,,2
subject-matter_mistral_02_b2,subject-matter_mistral,mistral,subject-matter,2,reduced reliability in DC devices,context,,,2
subject-matter_mistral_02_b3,subject-matter_mistral,mistral,subject-matter,3,lack of use-cases in which DC is advantageous,context,,,2
subject-matter_mistral_02_b4,subject-matter_mistral,mistral,subject-matter,4,"uncertain utility interaction (net metering, utility ownership, and agreed standards)",context,,,2
subject-matter_mistral_02_b5,subject-matter_mistral,mistral,subject-matter,5,lack of pilot projects,context,,,2
generalist_gemma3_02_b1,generalist_gemma3,gemma3,generalist,1,"power losses, quality and safety issues",context,,,2
generalist_gemma3_02_b5,generalist_gemma3,gemma3,generalist,5,lack of pilot projects,context,,,2
generalist_gemma3_02_b6,generalist_gemma3,gemma3,generalist,6,public perception of DC and readiness to 'champion' installations from DC projects,context,,,2
generalist_gemma3_02_b8,generalist_gemma3,gemma3,generalist,8,misconception and lack of knowledge leads to lengthy/expensive design and permit process,context,,,2
generalist_gemma3_02_b10,generalist_gemma3,gemma3,generalist,10,uncertain regulatory roadmap,context,,,2
normative_gemma3_02_b1,normative_gemma3,gemma3,normative,1,"power losses, quality and safety issues",context,,,2
normative_gemma3_02_b4,normative_gemma3,gemma3,normative,4,"uncertain utility interaction (net metering, utility ownership, and agreed standards)",context,,,2
normative_gemma3_02_b5,normative_gemma3,gemma3,normative,5,lack of pilot projects,context,,,2
normative_gemma3_02_b8,normative_gemma3,gemma3,normative,8,misconception and lack of knowledge leads to lengthy/expensive design and permit process,context,,,2
normative_gemma3_02_b10,normative_gemma3,gemma3,normative,10,uncertain regulatory roadmap,context,,,2
subject-matter_gemma3_02_b1,subject-matter_gemma3,gemma3,subject-matter,1,"power losses, quality and safety issues",context,,,2
subject-matter_gemma3_02_b3,subject-matter_gemma3,gemma3,subject-matter,3,lack of use-cases in which DC is advantageous,context,,,2
subject-matter_gemma3_02_b4,subject-matter_gemma3,gemma3,subject-matter,4,"uncertain utility interaction (net metering, utility ownership, and agreed standards)",context,,,2
subject-matter_gemma3_02_b8,subject-matter_gemma3,gemma3,subject-matter,8,misconception and lack of knowledge leads to lengthy/expensive design and permit process,context,,,2
subject-matter_gemma3_02_b10,subject-matter_gemma3,gemma3,subject-matter,10,uncertain regulatory roadmap,context,,,2
generalist_phi4_02_b1,generalist_phi4,phi4,generalist,1,"power losses, quality and safety issues",context,,,2
generalist_phi4_02_b3,generalist_phi4,phi4,generalist,3,lack of use-cases in which DC is advantageous,context,,,2
generalist_phi4_02_b4,generalist_phi4,phi4,generalist,4,"uncertain utility interaction (net metering, utility ownership, and agreed standards)",context,,,2
generalist_phi4_02_b5,generalist_phi4,phi4,generalist,5,lack of pilot projects,context,,,2
generalist_phi4_02_b10,generalist_phi4,phi4,generalist,10,uncertain regulatory roadmap,context,,,2
normative_phi4_02_b1,normative_phi4,phi4,normative,1,"power losses, quality and safety issues",context,,,2
normative_phi4_02_b4,normative_phi4,phi4,normative,4,"uncertain utility interaction (net metering, utility ownership, and agreed standards)",context,,,2
normative_phi4_02_b5,normative_phi4,phi4,normative,5,lack of pilot projects,context,,,2
normative_phi4_02_b6,normative_phi4,phi4,normative,6,public perception of DC and readiness to 'champion' installations from DC projects,context,,,2
normative_phi4_02_b10,normative_phi4,phi4,normative,10,uncertain regulatory roadmap,context,,,2
subject-matter_phi4_02_b1,subject-matter_phi4,phi4,subject-matter,1,"power losses, quality and safety issues",context,,,2
subject-matter_phi4_02_b2,subject-matter_phi4,phi4,subject-matter,2,reduced reliability in DC devices,context,,,2
subject-matter_phi4_02_b3,subject-matter_phi4,phi4,subject-matter,3,lack of use-cases in which DC is advantageous,context,,,2
subject-matter_phi4_02_b4,subject-matter_phi4,phi4,subject-matter,4,"uncertain utility interaction (net metering, utility ownership, and agreed standards)",context,,,2
subject-matter_phi4_02_b11,subject-matter_phi4,phi4,subject-matter,11,high costs of DC solutions,context,,,2
generalist_llama_03_b1,generalist_llama,llama,generalist,1,"power losses, quality and safety issues",context,,,3
generalist_llama_03_b2,generalist_llama,llama,generalist,2,reduced reliability in DC devices,context,,,3
generalist_llama_03_b3,generalist_llama,llama,generalist,3,lack of use-cases in which DC is advantageous,context,,,3
generalist_llama_03_b4,generalist_llama,llama,generalist,4,"uncertain utility interaction (net metering, utility ownership, and agreed standards)",context,,,3
generalist_llama_03_b5,generalist_llama,llama,generalist,5,lack of pilot projects,context,,,3
normative_llama_03_b1,normative_llama,llama,normative,1,"power losses, quality and safety issues",context,,,3
normative_llama_03_b7,normative_llama,llama,normative,7,incompatibility of DC systems components,context,,,3
normative_llama_03_b8,normative_llama,llama,normative,8,misconception and lack of knowledge leads to lengthy/expensive design and permit process,context,,,3
normative_llama_03_b9,normative_llama,llama,normative,9,lack of enough trained personnel in DC systems,context,,,3
normative_llama_03_b10,normative_llama,llama,normative,10,uncertain regulatory roadmap,context,,,3
subject-matter_llama_03_b1,subject-matter_llama,llama,subject-matter,1,"power losses, quality and safety issues",context,,,3
subject-matter_llama_03_b2,subject-matter_llama,llama,subject-matter,2,reduced reliability in DC devices,context,,,3
subject-matter_llama_03_b3,subject-matter_llama,llama,subject-matter,3,lack of use-cases in which DC is advantageous,context,,,3
subject-matter_llama_03_b4,subject-matter_llama,llama,subject-matter,4,"uncertain utility interaction (net metering, utility ownership, and agreed standards)",context,,,3
subject-matter_llama_03_b5,subject-matter_llama,llama,subject-matter,5,lack of pilot projects,context,,,3
generalist_mistral_03_b1,generalist_mistral,mistral,generalist,1,"power losses, quality and safety issues",context,,,3
generalist_mistral_03_b2,generalist_mistral,mistral,generalist,2,reduced reliability in DC devices,context,,,3
generalist_mistral_03_b4,generalist_mistral,mistral,generalist,4,"uncertain utility interaction (net metering, utility ownership, and agreed standards)",context,,,3
generalist_mistral_03_b5,generalist_mistral,mistral,generalist,5,lack of pilot projects,context,,,3
generalist_mistral_03_b6,generalist_mistral,mistral,generalist,6,public perception of DC and readiness to 'champion' installations from DC projects,context,,,3
normative_mistral_03_b1,normative_mistral,mistral,normative,1,"power losses, quality and safety issues",context,,,3
normative_mistral_03_b2,normative_mistral,mistral,normative,2,reduced reliability in DC devices,context,,,3
normative_mistral_03_b3,normative_mistral,mistral,normative,3,lack of use-cases in which DC is advantageous,context,,,3
normative_mistral_03_b4,normative_mistral,mistral,normative,4,"uncertain utility interaction (net metering, utility ownership, and agreed standards)",context,,,3
normative_mistral_03_b5,normative_mistral,mistral,normative,5,lack of pilot projects,context,,,3
subject-matter_mistral_03_b1,subject-matter_mistral,mistral,subject-matter,1,"power losses, quality and safety issues",context,,,3
subject-matter_mistral_03_b2,subject-matter_mistral,mistral,subject-matter,2,reduced reliability in DC devices,context,,,3
subject-matter_mistral_03_b3,subject-matter_mistral,mistral,subject-matter,3,lack of use-cases in which DC is advantageous,context,,,3
subject-matter_mistral_03_b4,subject-matter_mistral,mistral,subject-matter,4,"uncertain utility interaction (net metering, utility ownership, and agreed standards)",context,,,3
subject-matter_mistral_03_b5,subject-matter_mistral,mistral,subject-matter,5,lack of pilot projects,context,,,3
generalist_gemma3_03_b1,generalist_gemma3,gemma3,generalist,1,"power losses, quality and safety issues",context,,,3
generalist_gemma3_03_b3,generalist_gemma3,gemma3,generalist,3,lack of use-cases in which DC is advantageous,context,,,3
generalist_gemma3_03_b4,generalist_gemma3,gemma3,generalist,4,"uncertain utility interaction (net metering, utility ownership, and agreed standards)",context,,,3
generalist_gemma3_03_b8,generalist_gemma3,gemma3,generalist,8,misconception and lack of knowledge leads to lengthy/expensive design and permit process,context,,,3
generalist_gemma3_03_b11,generalist_gemma3,gemma3,generalist,11,high costs of DC solutions,context,,,3
normative_gemma3_03_b1,normative_gemma3,gemma3,normative,1,"power losses, quality and safety issues",context,,,3
normative_gemma3_03_b5,normative_gemma3,gemma3,normative,5,lack of pilot projects,context,,,3
normative_gemma3_03_b6,normative_gemma3,gemma3,normative,6,public perception of DC and readiness to 'champion' installations from DC projects,context,,,3
normative_gemma3_03_b10,normative_gemma3,gemma3,normative,10,uncertain regulatory roadmap,context,,,3
normative_gemma3_03_b11,normative_gemma3,gemma3,normative,11,high costs of DC solutions,context,,,3
subject-matter_gemma3_03_b1,subject-matter_gemma3,gemma3,subject-matter,1,"power losses, quality and safety issues",context,,,3
subject-matter_gemma3_03_b3,subject-matter_gemma3,gemma3,subject-matter,3,lack of use-cases in which DC is advantageous,context,,,3
subject-matter_gemma3_03_b4,subject-matter_gemma3,gemma3,subject-matter,4,"uncertain utility interaction (net metering, utility ownership, and agreed standards)",context,,,3
subject-matter_gemma3_03_b8,subject-matter_gemma3,gemma3,subject-matter,8,misconception and lack of knowledge leads to lengthy/expensive design and permit process,context,,,3
subject-matter_gemma3_03_b10,subject-matter_gemma3,gemma3,subject-matter,10,uncertain regulatory roadmap,context,,,3
generalist_phi4_03_b1,generalist_phi4,phi4,generalist,1,"power losses, quality and safety issues",context,,,3
generalist_phi4_03_b3,generalist_phi4,phi4,generalist,3,lack of use-cases in which DC is advantageous,context,,,3
generalist_phi4_03_b4,generalist_phi4,phi4,generalist,4,"uncertain utility interaction (net metering, utility ownership, and agreed standards)",context,,,3
generalist_phi4_03_b5,generalist_phi4,phi4,generalist,5,lack of pilot projects,context,,,3
generalist_phi4_03_b10,generalist_phi4,phi4,generalist,10,uncertain regulatory roadmap,context,,,3
normative_phi4_03_b1,normative_phi4,phi4,normative,1,"power losses, quality and safety issues",context,,,3
normative_phi4_03_b2,normative_phi4,phi4,normative,2,reduced reliability in DC devices,context,,,3
normative_phi4_03_b3,normative_phi4,phi4,normative,3,lack of use-cases in which DC is advantageous,context,,,3
normative_phi4_03_b4,normative_phi4,phi4,normative,4,"uncertain utility interaction (net metering, utility ownership, and agreed standards)",context,,,3
normative_phi4_03_b11,normative_phi4,phi4,normative,11,high costs of DC solutions,context,,,3
subject-matter_phi4_03_b1,subject-matter_phi4,phi4,subject-matter,1,"power losses, quality and safety issues",context,,,3
subject-matter_phi4_03_b2,subject-matter_phi4,phi4,subject-matter,2,reduced reliability in DC devices,context,,,3
subject-matter_phi4_03_b3,subject-matter_phi4,phi4,subject-matter,3,lack of use-cases in which DC is advantageous,context,,,3
subject-matter_phi4_03_b4,subject-matter_phi4,phi4,subject-matter,4,"uncertain utility interaction (net metering, utility ownership, and agreed standards)",context,,,3
subject-matter_phi4_03_b11,subject-matter_phi4,phi4,subject-matter,11,high costs of DC solutions,context,,,3
generalist_llama_04_b1,generalist_llama,llama,generalist,1,"power losses, quality and safety issues",context,,,4
generalist_llama_04_b2,generalist_llama,llama,generalist,2,reduced reliability in DC devices,context,,,4
generalist_llama_04_b4,generalist_llama,llama,generalist,4,"uncertain utility interaction (net metering, utility ownership, and agreed standards)",context,,,4
generalist_llama_04_b5,generalist_llama,llama,generalist,5,lack of pilot projects,context,,,4
generalist_llama_04_b6,generalist_llama,llama,generalist,6,public perception of DC and readiness to 'champion' installations from DC projects,context,,,4
normative_llama_04_b1,normative_llama,llama,normative,1,"power losses, quality and safety issues",context,,,4
normative_llama_04_b2,normative_llama,llama,normative,2,reduced reliability in DC devices,context,,,4
normative_llama_04_b4,normative_llama,llama,normative,4,"uncertain utility interaction (net metering, utility ownership, and agreed standards)",context,,,4
normative_llama_04_b5,normative_llama,llama,normative,5,lack of pilot projects,context,,,4
normative_llama_04_b6,normative_llama,llama,normative,6,public perception of DC and readiness to 'champion' installations from DC projects,context,,,4
subject-matter_llama_04_b1,subject-matter_llama,llama,subject-matter,1,"power losses, quality and safety issues",context,,,4
subject-matter_llama_04_b2,subject-matter_llama,llama,subject-matter,2,reduced reliability in DC devices,context,,,4
subject-matter_llama_04_b3,subject-matter_llama,llama,subject-matter,3,lack of use-cases in which DC is advantageous,context,,,4
subject-matter_llama_04_b4,subject-matter_llama,llama,subject-matter,4,"uncertain utility interaction (net metering, utility ownership, and agreed standards)",context,,,4
subject-matter_llama_04_b5,subject-matter_llama,llama,subject-matter,5,lack of pilot projects,context,,,4
generalist_mistral_04_b1,generalist_mistral,mistral,generalist,1,"power losses, quality and safety issues",context,,,4
generalist_mistral_04_b2,generalist_mistral,mistral,generalist,2,reduced reliability in DC devices,context,,,4
generalist_mistral_04_b3,generalist_mistral,mistral,generalist,3,lack of use-cases in which DC is advantageous,context,,,4
generalist_mistral_04_b4,generalist_mistral,mistral,generalist,4,"uncertain utility interaction (net metering, utility ownership, and agreed standards)",context,,,4
generalist_mistral_04_b5,generalist_mistral,mistral,generalist,5,lack of pilot projects,context,,,4
normative_mistral_04_b1,normative_mistral,mistral,normative,1,"power losses, quality and safety issues",context,,,4
normative_mistral_04_b2,normative_mistral,mistral,normative,2,reduced reliability in DC devices,context,,,4
normative_mistral_04_b3,normative_mistral,mistral,normative,3,lack of use-cases in which DC is advantageous,context,,,4
normative_mistral_04_b4,normative_mistral,mistral,normative,4,"uncertain utility interaction (net metering, utility ownership, and agreed standards)",context,,,4
normative_mistral_04_b5,normative_mistral,mistral,normative,5,lack of pilot projects,context,,,4
subject-matter_mistral_04_b1,subject-matter_mistral,mistral,subject-matter,1,"power losses, quality and safety issues",context,,,4
subject-matter_mistral_04_b2,subject-matter_mistral,mistral,subject-matter,2,reduced reliability in DC devices,context,,,4
subject-matter_mistral_04_b4,subject-matter_mistral,mistral,subject-matter,4,"uncertain utility interaction (net metering, utility ownership, and agreed standards)",context,,,4
subject-matter_mistral_04_b5,subject-matter_mistral,mistral,subject-matter,5,lack of pilot projects,context,,,4
subject-matter_mistral_04_b7,subject-matter_mistral,mistral,subject-matter,7,incompatibility of DC systems components,context,,,4
generalist_gemma3_04_b1,generalist_gemma3,gemma3,generalist,1,"power losses, quality and safety issues",context,,,4
generalist_gemma3_04_b5,generalist_gemma3,gemma3,generalist,5,lack of pilot projects,context,,,4
generalist_gemma3_04_b6,generalist_gemma3,gemma3,generalist,6,public perception of DC and readiness to 'champion' installations from DC projects,context,,,4
generalist_gemma3_04_b8,generalist_gemma3,gemma3,generalist,8,misconception and lack of knowledge leads to lengthy/expensive design and permit process,context,,,4
generalist_gemma3_04_b10,generalist_gemma3,gemma3,generalist,10,uncertain regulatory roadmap,context,,,4
normative_gemma3_04_b1,normative_gemma3,gemma3,normative,1,"power losses, quality and safety issues",context,,,4
normative_gemma3_04_b4,normative_gemma3,gemma3,normative,4,"uncertain utility interaction (net metering, utility ownership, and agreed standards)",context,,,4
normative_gemma3_04_b7,normative_gemma3,gemma3,normative,7,incompatibility of DC systems components,context,,,4
normative_gemma3_04_b8,normative_gemma3,gemma3,normative,8,misconception and lack of knowledge leads to lengthy/expensive design and permit process,context,,,4
normative_gemma3_04_b11,normative_gemma3,gemma3,normative,11,high costs of DC solutions,context,,,4
subject-matter_gemma3_04_b1,subject-matter_gemma3,gemma3,subject-matter,1,"power losses, quality and safety issues",context,,,4
subject-matter_gemma3_04_b4,subject-matter_gemma3,gemma3,subject-matter,4,"uncertain utility interaction (net metering, utility ownership, and agreed standards)",context,,,4
subject-matter_gemma3_04_b5,subject-matter_gemma3,gemma3,subject-matter,5,lack of pilot projects,context,,,4
subject-matter_gemma3_04_b8,subject-matter_gemma3,gemma3,subject-matter,8,misconception and lack of knowledge leads to lengthy/expensive design and permit process,context,,,4
subject-matter_gemma3_04_b10,subject-matter_gemma3,gemma3,subject-matter,10,uncertain regulatory roadmap,context,,,4
generalist_phi4_04_b1,generalist_phi4,phi4,generalist,1,"power losses, quality and safety issues",context,,,4
generalist_phi4_04_b3,generalist_phi4,phi4,generalist,3,lack of use-cases in which DC is advantageous,context,,,4
generalist_phi4_04_b4,generalist_phi4,phi4,generalist,4,"uncertain utility interaction (net metering, utility ownership, and agreed standards)",context,,,4
generalist_phi4_04_b5,generalist_phi4,phi4,generalist,5,lack of pilot projects,context,,,4
generalist_phi4_04_b10,generalist_phi4,phi4,generalist,10,uncertain regulatory roadmap,context,,,4
normative_phi4_04_b1,normative_phi4,phi4,normative,1,"power losses, quality and safety issues",context,,,4
normative_phi4_04_b2,normative_phi4,phi4,normative,2,reduced reliability in DC devices,context,,,4
normative_phi4_04_b3,normative_phi4,phi4,normative,3,lack of use-cases in which DC is advantageous,context,,,4
normative_phi4_04_b4,normative_phi4,phi4,normative,4,"uncertain utility interaction (net metering, utility ownership, and agreed standards)",context,,,4
normative_phi4_04_b11,normative_phi4,phi4,normative,11,high costs of DC solutions,context,,,4
subject-matter_phi4_04_b1,subject-matter_phi4,phi4,subject-matter,1,"power losses, quality and safety issues",context,,,4
subject-matter_phi4_04_b2,subject-matter_phi4,phi4,subject-matter,2,reduced reliability in DC devices,context,,,4
subject-matter_phi4_04_b4,subject-matter_phi4,phi4,subject-matter,4,"uncertain utility interaction (net metering, utility ownership, and agreed standards)",context,,,4
subject-matter_phi4_04_b5,subject-matter_phi4,phi4,subject-matter,5,lack of pilot projects,context,,,4
subject-matter_phi4_04_b10,subject-matter_phi4,phi4,subject-matter,10,uncertain regulatory roadmap,context,,,4
generalist_llama_05_b1,generalist_llama,llama,generalist,1,"power losses, quality and safety issues",context,,,5
generalist_llama_05_b2,generalist_llama,llama,generalist,2,reduced reliability in DC devices,context,,,5
generalist_llama_05_b3,generalist_llama,llama,generalist,3,lack of use-cases in which DC is advantageous,context,,,5
generalist_llama_05_b4,generalist_llama,llama,generalist,4,"uncertain utility interaction (net metering, utility ownership, and agreed standards)",context,,,5
generalist_llama_05_b5,generalist_llama,llama,generalist,5,lack of pilot projects,context,,,5
normative_llama_05_b1,normative_llama,llama,normative,1,"power losses, quality and safety issues",context,,,5
normative_llama_05_b2,normative_llama,llama,normative,2,reduced reliability in DC devices,context,,,5
normative_llama_05_b3,normative_llama,llama,normative,3,lack of use-cases in which DC is advantageous,context,,,5
normative_llama_05_b4,normative_llama,llama,normative,4,"uncertain utility interaction (net metering, utility ownership, and agreed standards)",context,,,5
normative_llama_05_b5,normative_llama,llama,normative,5,lack of pilot projects,context,,,5
subject-matter_llama_05_b1,subject-matter_llama,llama,subject-matter,1,"power losses, quality and safety issues",context,,,5
subject-matter_llama_05_b2,subject-matter_llama,llama,subject-matter,2,reduced reliability in DC devices,context,,,5
subject-matter_llama_05_b3,subject-matter_llama,llama,subject-matter,3,lack of use-cases in which DC is advantageous,context,,,5
subject-matter_llama_05_b4,subject-matter_llama,llama,subject-matter,4,"uncertain utility interaction (net metering, utility ownership, and agreed standards)",context,,,5
subject-matter_llama_05_b5,subject-matter_llama,llama,subject-matter,5,lack of pilot projects,context,,,5
generalist_mistral_05_b1,generalist_mistral,mistral,generalist,1,"power losses, quality and safety issues",context,,,5
generalist_mistral_05_b2,generalist_mistral,mistral,generalist,2,reduced reliability in DC devices,context,,,5
generalist_mistral_05_b3,generalist_mistral,mistral,generalist,3,lack of use-cases in which DC is advantageous,context,,,5
generalist_mistral_05_b4,generalist_mistral,mistral,generalist,4,"uncertain utility interaction (net metering, utility ownership, and agreed standards)",context,,,5
generalist_mistral_05_b5,generalist_mistral,mistral,generalist,5,lack of pilot projects,context,,,5
normative_mistral_05_b1,normative_mistral,mistral,normative,1,"power losses, quality and safety issues",context,,,5
normative_mistral_05_b2,normative_mistral,mistral,normative,2,reduced reliability in DC devices,context,,,5
normative_mistral_05_b4,normative_mistral,mistral,normative,4,"uncertain utility interaction (net metering, utility ownership, and agreed standards)",context,,,5
normative_mistral_05_b5,normative_mistral,mistral,normative,5,lack of pilot projects,context,,,5
normative_mistral_05_b11,normative_mistral,mistral,normative,11,high costs of DC solutions,context,,,5
subject-matter_mistral_05_b1,subject-matter_mistral,mistral,subject-matter,1,"power losses, quality and safety issues",context,,,5
subject-matter_mistral_05_b2,subject-matter_mistral,mistral,subject-matter,2,reduced reliability in DC devices,context,,,5
subject-matter_mistral_05_b3,subject-matter_mistral,mistral,subject-matter,3,lack of use-cases in which DC is advantageous,context,,,5
subject-matter_mistral_05_b4,subject-matter_mistral,mistral,subject-matter,4,"uncertain utility interaction (net metering, utility ownership, and agreed standards)",context,,,5
subject-matter_mistral_05_b5,subject-matter_mistral,mistral,subject-matter,5,lack of pilot projects,context,,,5
generalist_gemma3_05_b1,generalist_gemma3,gemma3,generalist,1,"power losses, quality and safety issues",context,,,5
generalist_gemma3_05_b3,generalist_gemma3,gemma3,generalist,3,lack of use-cases in which DC is advantageous,context,,,5
generalist_gemma3_05_b4,generalist_gemma3,gemma3,generalist,4,"uncertain utility interaction (net metering, utility ownership, and agreed standards)",context,,,5
generalist_gemma3_05_b8,generalist_gemma3,gemma3,generalist,8,misconception and lack of knowledge leads to lengthy/expensive design and permit process,context,,,5
generalist_gemma3_05_b10,generalist_gemma3,gemma3,generalist,10,uncertain regulatory roadmap,context,,,5
normative_gemma3_05_b1,normative_gemma3,gemma3,normative,1,"power losses, quality and safety issues",context,,,5
normative_gemma3_05_b4,normative_gemma3,gemma3,normative,4,"uncertain utility interaction (net metering, utility ownership, and agreed standards)",context,,,5
normative_gemma3_05_b7,normative_gemma3,gemma3,normative,7,incompatibility of DC systems components,context,,,5
normative_gemma3_05_b8,normative_gemma3,gemma3,normative,8,misconception and lack of knowledge leads to lengthy/expensive design and permit process,context,,,5
normative_gemma3_05_b11,normative_gemma3,gemma3,normative,11,high costs of DC solutions,context,,,5
subject-matter_gemma3_05_b1,subject-matter_gemma3,gemma3,subject-matter,1,"power losses, quality and safety issues",context,,,5
subject-matter_gemma3_05_b3,subject-matter_gemma3,gemma3,subject-matter,3,lack of use-cases in which DC is advantageous,context,,,5
subject-matter_gemma3_05_b4,subject-matter_gemma3,gemma3,subject-matter,4,"uncertain utility interaction (net metering, utility ownership, and agreed standards)",context,,,5
subject-matter_gemma3_05_b8,subject-matter_gemma3,gemma3,subject-matter,8,misconception and lack of knowledge leads to lengthy/expensive design and permit process,context,,,5
subject-matter_gemma3_05_b10,subject-matter_gemma3,gemma3,subject-matter,10,uncertain regulatory roadmap,context,,,5
generalist_phi4_05_b1,generalist_phi4,phi4,generalist,1,"power losses, quality and safety issues",context,,,5
generalist_phi4_05_b2,generalist_phi4,phi4,generalist,2,reduced reliability in DC devices,context,,,5
generalist_phi4_05_b3,generalist_phi4,phi4,generalist,3,lack of use-cases in which DC is advantageous,context,,,5
generalist_phi4_05_b4,generalist_phi4,phi4,generalist,4,"uncertain utility interaction (net metering, utility ownership, and agreed standards)",context,,,5
generalist_phi4_05_b11,generalist_phi4,phi4,generalist,11,high costs of DC solutions,context,,,5
normative_phi4_05_b1,normative_phi4,phi4,normative,1,"power losses, quality and safety issues",context,,,5
normative_phi4_05_b3,normative_phi4,phi4,normative,3,lack of use-cases in which DC is advantageous,context,,,5
normative_phi4_05_b4,normative_phi4,phi4,normative,4,"uncertain utility interaction (net metering, utility ownership, and agreed standards)",context,,,5
normative_phi4_05_b5,normative_phi4,phi4,normative,5,lack of pilot projects,context,,,5
normative_phi4_05_b10,normative_phi4,phi4,normative,10,uncertain regulatory roadmap,context,,,5
subject-matter_phi4_05_b1,subject-matter_phi4,phi4,subject-matter,1,"power losses, quality and safety issues",context,,,5
subject-matter_phi4_05_b2,subject-matter_phi4,phi4,subject-matter,2,reduced reliability in DC devices,context,,,5
subject-matter_phi4_05_b3,subject-matter_phi4,phi4,subject-matter,3,lack of use-cases in which DC is advantageous,context,,,5
subject-matter_phi4_05_b4,subject-matter_phi4,phi4,subject-matter,4,"uncertain utility interaction (net metering, utility ownership, and agreed standards)",context,,,5
subject-matter_phi4_05_b5,subject-matter_phi4,phi4,subject-matter,5,lack of pilot projects,context,,,5
generalist_llama_06_b1,generalist_llama,llama,generalist,1,"power losses, quality and safety issues",context,,,6
generalist_llama_06_b2,generalist_llama,llama,generalist,2,reduced reliability in DC devices,context,,,6
generalist_llama_06_b3,generalist_llama,llama,generalist,3,lack of use-cases in which DC is advantageous,context,,,6
generalist_llama_06_b4,generalist_llama,llama,generalist,4,"uncertain utility interaction (net metering, utility ownership, and agreed standards)",context,,,6
generalist_llama_06_b5,generalist_llama,llama,generalist,5,lack of pilot projects,context,,,6
normative_llama_06_b1,normative_llama,llama,normative,1,"power losses, quality and safety issues",context,,,6
normative_llama_06_b2,normative_llama,llama,normative,2,reduced reliability in DC devices,context,,,6
normative_llama_06_b3,normative_llama,llama,normative,3,lack of use-cases in which DC is advantageous,context,,,6
normative_llama_06_b4,normative_llama,llama,normative,4,"uncertain utility interaction (net metering, utility ownership, and agreed standards)",context,,,6
normative_llama_06_b5,normative_llama,llama,normative,5,lack of pilot projects,context,,,6
subject-matter_llama_06_b1,subject-matter_llama,llama,subject-matter,1,"power losses, quality and safety issues",context,,,6
subject-matter_llama_06_b4,subject-matter_llama,llama,subject-matter,4,"uncertain utility interaction (net metering, utility ownership, and agreed standards)",context,,,6
subject-matter_llama_06_b3,subject-matter_llama,llama,subject-matter,3,lack of use-cases in which DC is advantageous,context,,,6
subject-matter_llama_06_b7,subject-matter_llama,llama,subject-matter,7,incompatibility of DC systems components,context,,,6
subject-matter_llama_06_b11,subject-matter_llama,llama,subject-matter,11,high costs of DC solutions,context,,,6
generalist_mistral_06_b1,generalist_mistral,mistral,generalist,1,"power losses, quality and safety issues",context,,,6
generalist_mistral_06_b2,generalist_mistral,mistral,generalist,2,reduced reliability in DC devices,context,,,6
generalist_mistral_06_b3,generalist_mistral,mistral,generalist,3,lack of use-cases in which DC is advantageous,context,,,6
generalist_mistral_06_b4,generalist_mistral,mistral,generalist,4,"uncertain utility interaction (net metering, utility ownership, and agreed standards)",context,,,6
generalist_mistral_06_b5,generalist_mistral,mistral,generalist,5,lack of pilot projects,context,,,6
normative_mistral_06_b1,normative_mistral,mistral,normative,1,"power losses, quality and safety issues",context,,,6
normative_mistral_06_b2,normative_mistral,mistral,normative,2,reduced reliability in DC devices,context,,,6
normative_mistral_06_b4,normative_mistral,mistral,normative,4,"uncertain utility interaction (net metering, utility ownership, and agreed standards)",context,,,6
normative_mistral_06_b5,normative_mistral,mistral,normative,5,lack of pilot projects,context,,,6
normative_mistral_06_b6,normative_mistral,mistral,normative,6,public perception of DC and readiness to 'champion' installations from DC projects,context,,,6
subject-matter_mistral_06_b1,subject-matter_mistral,mistral,subject-matter,1,"power losses, quality and safety issues",context,,,6
subject-matter_mistral_06_b2,subject-matter_mistral,mistral,subject-matter,2,reduced reliability in DC devices,context,,,6
subject-matter_mistral_06_b4,subject-matter_mistral,mistral,subject-matter,4,"uncertain utility interaction (net metering, utility ownership, and agreed standards)",context,,,6
subject-matter_mistral_06_b5,subject-matter_mistral,mistral,subject-matter,5,lack of pilot projects,context,,,6
subject-matter_mistral_06_b7,subject-matter_mistral,mistral,subject-matter,7,incompatibility of DC systems components,context,,,6
generalist_gemma3_06_b1,generalist_gemma3,gemma3,generalist,1,"power losses, quality and safety issues",context,,,6
generalist_gemma3_06_b5,generalist_gemma3,gemma3,generalist,5,lack of pilot projects,context,,,6
generalist_gemma3_06_b6,generalist_gemma3,gemma3,generalist,6,public perception of DC and readiness to 'champion' installations from DC projects,context,,,6
generalist_gemma3_06_b8,generalist_gemma3,gemma3,generalist,8,misconception and lack of knowledge leads to lengthy/expensive design and permit process,context,,,6
generalist_gemma3_06_b10,generalist_gemma3,gemma3,generalist,10,uncertain regulatory roadmap,context,,,6
normative_gemma3_06_b1,normative_gemma3,gemma3,normative,1,"power losses, quality and safety issues",context,,,6
normative_gemma3_06_b4,normative_gemma3,gemma3,normative,4,"uncertain utility interaction (net metering, utility ownership, and agreed standards)",context,,,6
normative_gemma3_06_b7,normative_gemma3,gemma3,normative,7,incompatibility of DC systems components,context,,,6
normative_gemma3_06_b8,normative_gemma3,gemma3,normative,8,misconception and lack of knowledge leads to lengthy/expensive design and permit process,context,,,6
normative_gemma3_06_b11,normative_gemma3,gemma3,normative,11,high costs of DC solutions,context,,,6
subject-matter_gemma3_06_b1,subject-matter_gemma3,gemma3,subject-matter,1,"power losses, quality and safety issues",context,,,6
subject-matter_gemma3_06_b5,subject-matter_gemma3,gemma3,subject-matter,5,lack of pilot projects,context,,,6
subject-matter_gemma3_06_b4,subject-matter_gemma3,gemma3,subject-matter,4,"uncertain utility interaction (net metering, utility ownership, and agreed standards)",context,,,6
subject-matter_gemma3_06_b8,subject-matter_gemma3,gemma3,subject-matter,8,misconception and lack of knowledge leads to lengthy/expensive design and permit process,context,,,6
subject-matter_gemma3_06_b10,subject-matter_gemma3,gemma3,subject-matter,10,uncertain regulatory roadmap,context,,,6
generalist_phi4_06_b1,generalist_phi4,phi4,generalist,1,"power losses, quality and safety issues",context,,,6
generalist_phi4_06_b2,generalist_phi4,phi4,generalist,2,reduced reliability in DC devices,context,,,6
generalist_phi4_06_b3,generalist_phi4,phi4,generalist,3,lack of use-cases in which DC is advantageous,context,,,6
generalist_phi4_06_b4,generalist_phi4,phi4,generalist,4,"uncertain utility interaction (net metering, utility ownership, and agreed standards)",context,,,6
generalist_phi4_06_b5,generalist_phi4,phi4,generalist,5,lack of pilot projects,context,,,6
normative_phi4_06_b1,normative_phi4,phi4,normative,1,"power losses, quality and safety issues",context,,,6
normative_phi4_06_b2,normative_phi4,phi4,normative,2,reduced reliability in DC devices,context,,,6
normative_phi4_06_b3,normative_phi4,phi4,normative,3,lack of use-cases in which DC is advantageous,context,,,6
normative_phi4_06_b4,normative_phi4,phi4,normative,4,"uncertain utility interaction (net metering, utility ownership, and agreed standards)",context,,,6
normative_phi4_06_b5,normative_phi4,phi4,normative,5,lack of pilot projects,context,,,6
subject-matter_phi4_06_b1,subject-matter_phi4,phi4,subject-matter,1,"power losses, quality and safety issues",context,,,6
subject-matter_phi4_06_b2,subject-matter_phi4,phi4,subject-matter,2,reduced reliability in DC devices,context,,,6
subject-matter_phi4_06_b3,subject-matter_phi4,phi4,subject-matter,3,lack of use-cases in which DC is advantageous,context,,,6
subject-matter_phi4_06_b4,subject-matter_phi4,phi4,subject-matter,4,"uncertain utility interaction (net metering, utility ownership, and agreed standards)",context,,,6
subject-matter_phi4_06_b10,subject-matter_phi4,phi4,subject-matter,10,uncertain regulatory roadmap,context,,,6
generalist_llama_07_b1,generalist_llama,llama,generalist,1,"power losses, quality and safety issues",context,,,7
generalist_llama_07_b2,generalist_llama,llama,generalist,2,reduced reliability in DC devices,context,,,7
generalist_llama_07_b3,generalist_llama,llama,generalist,3,lack of use-cases in which DC is advantageous,context,,,7
generalist_llama_07_b4,generalist_llama,llama,generalist,4,"uncertain utility interaction (net metering, utility ownership, and agreed standards)",context,,,7
generalist_llama_07_b5,generalist_llama,llama,generalist,5,lack of pilot projects,context,,,7
normative_llama_07_b1,normative_llama,llama,normative,1,"power losses, quality and safety issues",context,,,7
normative_llama_07_b3,normative_llama,llama,normative,3,lack of use-cases in which DC is advantageous,context,,,7
normative_llama_07_b4,normative_llama,llama,normative,4,"uncertain utility interaction (net metering, utility ownership, and agreed standards)",context,,,7
normative_llama_07_b5,normative_llama,llama,normative,5,lack of pilot projects,context,,,7
normative_llama_07_b6,normative_llama,llama,normative,6,public perception of DC and readiness to 'champion' installations from DC projects,context,,,7
subject-matter_llama_07_b1,subject-matter_llama,llama,subject-matter,1,"power losses, quality and safety issues",context,,,7
subject-matter_llama_07_b2,subject-matter_llama,llama,subject-matter,2,reduced reliability in DC devices,context,,,7
subject-matter_llama_07_b3,subject-matter_llama,llama,subject-matter,3,lack of use-cases in which DC is advantageous,context,,,7
subject-matter_llama_07_b4,subject-matter_llama,llama,subject-matter,4,"uncertain utility interaction (net metering, utility ownership, and agreed standards)",context,,,7
subject-matter_llama_07_b5,subject-matter_llama,llama,subject-matter,5,lack of pilot projects,context,,,7
generalist_mistral_07_b1,generalist_mistral,mistral,generalist,1,"power losses, quality and safety issues",context,,,7
generalist_mistral_07_b2,generalist_mistral,mistral,generalist,2,reduced reliability in DC devices,context,,,7
generalist_mistral_07_b3,generalist_mistral,mistral,generalist,3,lack of use-cases in which DC is advantageous,context,,,7
generalist_mistral_07_b4,generalist_mistral,mistral,generalist,4,"uncertain utility interaction (net metering, utility ownership, and agreed standards)",context,,,7
generalist_mistral_07_b5,generalist_mistral,mistral,generalist,5,lack of pilot projects,context,,,7
normative_mistral_07_b1,normative_mistral,mistral,normative,1,"power losses, quality and safety issues",context,,,7
normative_mistral_07_b2,normative_mistral,mistral,normative,2,reduced reliability in DC devices,context,,,7
normative_mistral_07_b3,normative_mistral,mistral,normative,3,lack of use-cases in which DC is advantageous,context,,,7
normative_mistral_07_b4,normative_mistral,mistral,normative,4,"uncertain utility interaction (net metering, utility ownership, and agreed standards)",context,,,7
normative_mistral_07_b10,normative_mistral,mistral,normative,10,uncertain regulatory roadmap,context,,,7
subject-matter_mistral_07_b1,subject-matter_mistral,mistral,subject-matter,1,"power losses, quality and safety issues",context,,,7
subject-matter_mistral_07_b2,subject-matter_mistral,mistral,subject-matter,2,reduced reliability in DC devices,context,,,7
subject-matter_mistral_07_b3,subject-matter_mistral,mistral,subject-matter,3,lack of use-cases in which DC is advantageous,context,,,7
subject-matter_mistral_07_b4,subject-matter_mistral,mistral,subject-matter,4,"uncertain utility interaction (net metering, utility ownership, and agreed standards)",context,,,7
subject-matter_mistral_07_b5,subject-matter_mistral,mistral,subject-matter,5,lack of pilot projects,context,,,7
generalist_gemma3_07_b1,generalist_gemma3,gemma3,generalist,1,"power losses, quality and safety issues",context,,,7
generalist_gemma3_07_b5,generalist_gemma3,gemma3,generalist,5,lack of pilot projects,context,,,7
generalist_gemma3_07_b6,generalist_gemma3,gemma3,generalist,6,public perception of DC and readiness to 'champion' installations from DC projects,context,,,7
generalist_gemma3_07_b8,generalist_gemma3,gemma3,generalist,8,misconception and lack of knowledge leads to lengthy/expensive design and permit process,context,,,7
generalist_gemma3_07_b10,generalist_gemma3,gemma3,generalist,10,uncertain regulatory roadmap,context,,,7
normative_gemma3_07_b1,normative_gemma3,gemma3,normative,1,"power losses, quality and safety issues",context,,,7
normative_gemma3_07_b4,normative_gemma3,gemma3,normative,4,"uncertain utility interaction (net metering, utility ownership, and agreed standards)",context,,,7
normative_gemma3_07_b5,normative_gemma3,gemma3,normative,5,lack of pilot projects,context,,,7
normative_gemma3_07_b8,normative_gemma3,gemma3,normative,8,misconception and lack of knowledge leads to lengthy/expensive design and permit process,context,,,7
normative_gemma3_07_b10,normative_gemma3,gemma3,normative,10,uncertain regulatory roadmap,context,,,7
subject-matter_gemma3_07_b1,subject-matter_gemma3,gemma3,subject-matter,1,"power losses, quality and safety issues",context,,,7
subject-matter_gemma3_07_b5,subject-matter_gemma3,gemma3,subject-matter,5,lack of pilot projects,context,,,7
subject-matter_gemma3_07_b6,subject-matter_gemma3,gemma3,subject-matter,6,public perception of DC and readiness to 'champion' installations from DC projects,context,,,7
subject-matter_gemma3_07_b8,subject-matter_gemma3,gemma3,subject-matter,8,misconception and lack of knowledge leads to lengthy/expensive design and permit process,context,,,7
subject-matter_gemma3_07_b10,subject-matter_gemma3,gemma3,subject-matter,10,uncertain regulatory roadmap,context,,,7
generalist_phi4_07_b1,generalist_phi4,phi4,generalist,1,"power losses, quality and safety issues",context,,,7
generalist_phi4_07_b3,generalist_phi4,phi4,generalist,3,lack of use-cases in which DC is advantageous,context,,,7
generalist_phi4_07_b4,generalist_phi4,phi4,generalist,4,"uncertain utility interaction (net metering, utility ownership, and agreed standards)",context,,,7
generalist_phi4_07_b5,generalist_phi4,phi4,generalist,5,lack of pilot projects,context,,,7
generalist_phi4_07_b10,generalist_phi4,phi4,generalist,10,uncertain regulatory roadmap,context,,,7
normative_phi4_07_b1,normative_phi4,phi4,normative,1,"power losses, quality and safety issues",context,,,7
normative_phi4_07_b3,normative_phi4,phi4,normative,3,lack of use-cases in which DC is advantageous,context,,,7
normative_phi4_07_b4,normative_phi4,phi4,normative,4,"uncertain utility interaction (net metering, utility ownership, and agreed standards)",context,,,7
normative_phi4_07_b8,normative_phi4,phi4,normative,8,misconception and lack of knowledge leads to lengthy/expensive design and permit process,context,,,7
normative_phi4_07_b10,normative_phi4,phi4,normative,10,uncertain regulatory roadmap,context,,,7
subject-matter_phi4_07_b1,subject-matter_phi4,phi4,subject-matter,1,"power losses, quality and safety issues",context,,,7
subject-matter_phi4_07_b4,subject-matter_phi4,phi4,subject-matter,4,"uncertain utility interaction (net metering, utility ownership, and agreed standards)",context,,,7
subject-matter_phi4_07_b5,subject-matter_phi4,phi4,subject-matter,5,lack of pilot projects,context,,,7
subject-matter_phi4_07_b8,subject-matter_phi4,phi4,subject-matter,8,misconception and lack of knowledge leads to lengthy/expensive design and permit process,context,,,7
subject-matter_phi4_07_b10,subject-matter_phi4,phi4,subject-matter,10,uncertain regulatory roadmap,context,,,7
generalist_llama_08_b1,generalist_llama,llama,generalist,1,"power losses, quality and safety issues",context,,,8
generalist_llama_08_b3,generalist_llama,llama,generalist,3,lack of use-cases in which DC is advantageous,context,,,8
generalist_llama_08_b4,generalist_llama,llama,generalist,4,"uncertain utility interaction (net metering, utility ownership, and agreed standards)",context,,,8
generalist_llama_08_b5,generalist_llama,llama,generalist,5,lack of pilot projects,context,,,8
generalist_llama_08_b6,generalist_llama,llama,generalist,6,public perception of DC and readiness to 'champion' installations from DC projects,context,,,8
normative_llama_08_b1,normative_llama,llama,normative,1,"power losses, quality and safety issues",context,,,8
normative_llama_08_b2,normative_llama,llama,normative,2,reduced reliability in DC devices,context,,,8
normative_llama_08_b3,normative_llama,llama,normative,3,lack of use-cases in which DC is advantageous,context,,,8
normative_llama_08_b4,normative_llama,llama,normative,4,"uncertain utility interaction (net metering, utility ownership, and agreed standards)",context,,,8
normative_llama_08_b5,normative_llama,llama,normative,5,lack of pilot projects,context,,,8
subject-matter_llama_08_b1,subject-matter_llama,llama,subject-matter,1,"power losses, quality and safety issues",context,,,8
subject-matter_llama_08_b2,subject-matter_llama,llama,subject-matter,2,reduced reliability in DC devices,context,,,8
subject-matter_llama_08_b3,subject-matter_llama,llama,subject-matter,3,lack of use-cases in which DC is advantageous,context,,,8
subject-matter_llama_08_b4,subject-matter_llama,llama,subject-matter,4,"uncertain utility interaction (net metering, utility ownership, and agreed standards)",context,,,8
subject-matter_llama_08_b5,subject-matter_llama,llama,subject-matter,5,lack of pilot projects,context,,,8
generalist_mistral_08_b1,generalist_mistral,mistral,generalist,1,"power losses, quality and safety issues",context,,,8
generalist_mistral_08_b2,generalist_mistral,mistral,generalist,2,reduced reliability in DC devices,context,,,8
generalist_mistral_08_b3,generalist_mistral,mistral,generalist,3,lack of use-cases in which DC is advantageous,context,,,8
generalist_mistral_08_b4,generalist_mistral,mistral,generalist,4,"uncertain utility interaction (net metering, utility ownership, and agreed standards)",context,,,8
generalist_mistral_08_b5,generalist_mistral,mistral,generalist,5,lack of pilot projects,context,,,8
normative_mistral_08_b1,normative_mistral,mistral,normative,1,"power losses, quality and safety issues",context,,,8
normative_mistral_08_b2,normative_mistral,mistral,normative,2,reduced reliability in DC devices,context,,,8
normative_mistral_08_b4,normative_mistral,mistral,normative,4,"uncertain utility interaction (net metering, utility ownership, and agreed standards)",context,,,8
normative_mistral_08_b5,normative_mistral,mistral,normative,5,lack of pilot projects,context,,,8
normative_mistral_08_b9,normative_mistral,mistral,normative,9,lack of enough trained personnel in DC systems,context,,,8
subject-matter_mistral_08_b1,subject-matter_mistral,mistral,subject-matter,1,"power losses, quality and safety issues",context,,,8
subject-matter_mistral_08_b2,subject-matter_mistral,mistral,subject-matter,2,reduced reliability in DC devices,context,,,8
subject-matter_mistral_08_b4,subject-matter_mistral,mistral,subject-matter,4,"uncertain utility interaction (net metering, utility ownership, and agreed standards)",context,,,8
subject-matter_mistral_08_b5,subject-matter_mistral,mistral,subject-matter,5,lack of pilot projects,context,,,8
subject-matter_mistral_08_b11,subject-matter_mistral,mistral,subject-matter,11,high costs of DC solutions,context,,,8
generalist_gemma3_08_b1,generalist_gemma3,gemma3,generalist,1,"power losses, quality and safety issues",context,,,8
generalist_gemma3_08_b3,generalist_gemma3,gemma3,generalist,3,lack of use-cases in which DC is advantageous,context,,,8
generalist_gemma3_08_b4,generalist_gemma3,gemma3,generalist,4,"uncertain utility interaction (net metering, utility ownership, and agreed standards)",context,,,8
generalist_gemma3_08_b8,generalist_gemma3,gemma3,generalist,8,misconception and lack of knowledge leads to lengthy/expensive design and permit process,context,,,8
generalist_gemma3_08_b10,generalist_gemma3,gemma3,generalist,10,uncertain regulatory roadmap,context,,,8
normative_gemma3_08_b1,normative_gemma3,gemma3,normative,1,"power losses, quality and safety issues",context,,,8
normative_gemma3_08_b4,normative_gemma3,gemma3,normative,4,"uncertain utility interaction (net metering, utility ownership, and agreed standards)",context,,,8
normative_gemma3_08_b7,normative_gemma3,gemma3,normative,7,incompatibility of DC systems components,context,,,8
normative_gemma3_08_b8,normative_gemma3,gemma3,normative,8,misconception and lack of knowledge leads to lengthy/expensive design and permit process,context,,,8
normative_gemma3_08_b11,normative_gemma3,gemma3,normative,11,high costs of DC solutions,context,,,8
subject-matter_gemma3_08_b1,subject-matter_gemma3,gemma3,subject-matter,1,"power losses, quality and safety issues",context,,,8
subject-matter_gemma3_08_b3,subject-matter_gemma3,gemma3,subject-matter,3,lack of use-cases in which DC is advantageous,context,,,8
subject-matter_gemma3_08_b4,subject-matter_gemma3,gemma3,subject-matter,4,"uncertain utility interaction (net metering, utility ownership, and agreed standards)",context,,,8
subject-matter_gemma3_08_b8,subject-matter_gemma3,gemma3,subject-matter,8,misconception and lack of knowledge leads to lengthy/expensive design and permit process,context,,,8
subject-matter_gemma3_08_b10,subject-matter_gemma3,gemma3,subject-matter,10,uncertain regulatory roadmap,context,,,8
generalist_phi4_08_b1,generalist_phi4,phi4,generalist,1,"power losses, quality and safety issues",context,,,8
generalist_phi4_08_b3,generalist_phi4,phi4,generalist,3,lack of use-cases in which DC is advantageous,context,,,8
generalist_phi4_08_b4,generalist_phi4,phi4,generalist,4,"uncertain utility interaction (net metering, utility ownership, and agreed standards)",context,,,8
generalist_phi4_08_b5,generalist_phi4,phi4,generalist,5,lack of pilot projects,context,,,8
generalist_phi4_08_b10,generalist_phi4,phi4,generalist,10,uncertain regulatory roadmap,context,,,8
normative_phi4_08_b1,normative_phi4,phi4,normative,1,"power losses, quality and safety issues",context,,,8
normative_phi4_08_b3,normative_phi4,phi4,normative,3,lack of use-cases in which DC is advantageous,context,,,8
normative_phi4_08_b4,normative_phi4,phi4,normative,4,"uncertain utility interaction (net metering, utility ownership, and agreed standards)",context,,,8
normative_phi4_08_b5,normative_phi4,phi4,normative,5,lack of pilot projects,context,,,8
normative_phi4_08_b10,normative_phi4,phi4,normative,10,uncertain regulatory roadmap,context,,,8
subject-matter_phi4_08_b1,subject-matter_phi4,phi4,subject-matter,1,"power losses, quality and safety issues",context,,,8
subject-matter_phi4_08_b3,subject-matter_phi4,phi4,subject-matter,3,lack of use-cases in which DC is advantageous,context,,,8
subject-matter_phi4_08_b4,subject-matter_phi4,phi4,subject-matter,4,"uncertain utility interaction (net metering, utility ownership, and agreed standards)",context,,,8
subject-matter_phi4_08_b8,subject-matter_phi4,phi4,subject-matter,8,misconception and lack of knowledge leads to lengthy/expensive design and permit process,context,,,8
subject-matter_phi4_08_b10,subject-matter_phi4,phi4,subject-matter,10,uncertain regulatory roadmap,context,,,8
generalist_llama_09_b1,generalist_llama,llama,generalist,1,"power losses, quality and safety issues",context,,,9
generalist_llama_09_b4,generalist_llama,llama,generalist,4,"uncertain utility interaction (net metering, utility ownership, and agreed standards)",context,,,9
generalist_llama_09_b3,generalist_llama,llama,generalist,3,lack of use-cases in which DC is advantageous,context,,,9
generalist_llama_09_b7,generalist_llama,llama,generalist,7,incompatibility of DC systems components,context,,,9
generalist_llama_09_b8,generalist_llama,llama,generalist,8,misconception and lack of knowledge leads to lengthy/expensive design and permit process,context,,,9
normative_llama_09_b1,normative_llama,llama,normative,1,"power losses, quality and safety issues",context,,,9
normative_llama_09_b3,normative_llama,llama,normative,3,lack of use-cases in which DC is advantageous,context,,,9
normative_llama_09_b4,normative_llama,llama,normative,4,"uncertain utility interaction (net metering, utility ownership, and agreed standards)",context,,,9
normative_llama_09_b7,normative_llama,llama,normative,7,incompatibility of DC systems components,context,,,9
normative_llama_09_b6,normative_llama,llama,normative,6,public perception of DC and readiness to 'champion' installations from DC projects,context,,,9
subject-matter_llama_09_b1,subject-matter_llama,llama,subject-matter,1,"power losses, quality and safety issues",context,,,9
subject-matter_llama_09_b2,subject-matter_llama,llama,subject-matter,2,reduced reliability in DC devices,context,,,9
subject-matter_llama_09_b3,subject-matter_llama,llama,subject-matter,3,lack of use-cases in which DC is advantageous,context,,,9
subject-matter_llama_09_b4,subject-matter_llama,llama,subject-matter,4,"uncertain utility interaction (net metering, utility ownership, and agreed standards)",context,,,9
subject-matter_llama_09_b5,subject-matter_llama,llama,subject-matter,5,lack of pilot projects,context,,,9
generalist_mistral_09_b1,generalist_mistral,mistral,generalist,1,"power losses, quality and safety issues",context,,,9
generalist_mistral_09_b2,generalist_mistral,mistral,generalist,2,reduced reliability in DC devices,context,,,9
generalist_mistral_09_b3,generalist_mistral,mistral,generalist,3,lack of use-cases in which DC is advantageous,context,,,9
generalist_mistral_09_b4,generalist_mistral,mistral,generalist,4,"uncertain utility interaction (net metering, utility ownership, and agreed standards)",context,,,9
generalist_mistral_09_b5,generalist_mistral,mistral,generalist,5,lack of pilot projects,context,,,9
normative_mistral_09_b1,normative_mistral,mistral,normative,1,"power losses, quality and safety issues",context,,,9
normative_mistral_09_b2,normative_mistral,mistral,normative,2,reduced reliability in DC devices,context,,,9
normative_mistral_09_b3,normative_mistral,mistral,normative,3,lack of use-cases in which DC is advantageous,context,,,9
normative_mistral_09_b4,normative_mistral,mistral,normative,4,"uncertain utility interaction (net metering, utility ownership, and agreed standards)",context,,,9
normative_mistral_09_b5,normative_mistral,mistral,normative,5,lack of pilot projects,context,,,9
subject-matter_mistral_09_b1,subject-matter_mistral,mistral,subject-matter,1,"power losses, quality and safety issues",context,,,9
subject-matter_mistral_09_b2,subject-matter_mistral,mistral,subject-matter,2,reduced reliability in DC devices,context,,,9
subject-matter_mistral_09_b4,subject-matter_mistral,mistral,subject-matter,4,"uncertain utility interaction (net metering, utility ownership, and agreed standards)",context,,,9
subject-matter_mistral_09_b5,subject-matter_mistral,mistral,subject-matter,5,lack of pilot projects,context,,,9
subject-matter_mistral_09_b10,subject-matter_mistral,mistral,subject-matter,10,uncertain regulatory roadmap,context,,,9
generalist_gemma3_09_b1,generalist_gemma3,gemma3,generalist,1,"power losses, quality and safety issues",context,,,9
generalist_gemma3_09_b3,generalist_gemma3,gemma3,generalist,3,lack of use-cases in which DC is advantageous,context,,,9
generalist_gemma3_09_b4,generalist_gemma3,gemma3,generalist,4,"uncertain utility interaction (net metering, utility ownership, and agreed standards)",context,,,9
generalist_gemma3_09_b8,generalist_gemma3,gemma3,generalist,8,misconception and lack of knowledge leads to lengthy/expensive design and permit process,context,,,9
generalist_gemma3_09_b11,generalist_gemma3,gemma3,generalist,11,high costs of DC solutions,context,,,9
normative_gemma3_09_b1,normative_gemma3,gemma3,normative,1,"power losses, quality and safety issues",context,,,9
normative_gemma3_09_b4,normative_gemma3,gemma3,normative,4,"uncertain utility interaction (net metering, utility ownership, and agreed standards)",context,,,9
normative_gemma3_09_b7,normative_gemma3,gemma3,normative,7,incompatibility of DC systems components,context,,,9
normative_gemma3_09_b8,normative_gemma3,gemma3,normative,8,misconception and lack of knowledge leads to lengthy/expensive design and permit process,context,,,9
normative_gemma3_09_b11,normative_gemma3,gemma3,normative,11,high costs of DC solutions,context,,,9
subject-matter_gemma3_09_b1,subject-matter_gemma3,gemma3,subject-matter,1,"power losses, quality and safety issues",context,,,9
subject-matter_gemma3_09_b4,subject-matter_gemma3,gemma3,subject-matter,4,"uncertain utility interaction (net metering, utility ownership, and agreed standards)",context,,,9
subject-matter_gemma3_09_b7,subject-matter_gemma3,gemma3,subject-matter,7,incompatibility of DC systems components,context,,,9
subject-matter_gemma3_09_b8,subject-matter_gemma3,gemma3,subject-matter,8,misconception and lack of knowledge leads to lengthy/expensive design and permit process,context,,,9
subject-matter_gemma3_09_b11,subject-matter_gemma3,gemma3,subject-matter,11,high costs of DC solutions,context,,,9
generalist_phi4_09_b1,generalist_phi4,phi4,generalist,1,"power losses, quality and safety issues",context,,,9
generalist_phi4_09_b3,generalist_phi4,phi4,generalist,3,lack of use-cases in which DC is advantageous,context,,,9
generalist_phi4_09_b4,generalist_phi4,phi4,generalist,4,"uncertain utility interaction (net metering, utility ownership, and agreed standards)",context,,,9
generalist_phi4_09_b5,generalist_phi4,phi4,generalist,5,lack of pilot projects,context,,,9
generalist_phi4_09_b11,generalist_phi4,phi4,generalist,11,high costs of DC solutions,context,,,9
normative_phi4_09_b1,normative_phi4,phi4,normative,1,"power losses, quality and safety issues",context,,,9
normative_phi4_09_b3,normative_phi4,phi4,normative,3,lack of use-cases in which DC is advantageous,context,,,9
normative_phi4_09_b4,normative_phi4,phi4,normative,4,"uncertain utility interaction (net metering, utility ownership, and agreed standards)",context,,,9
normative_phi4_09_b5,normative_phi4,phi4,normative,5,lack of pilot projects,context,,,9
normative_phi4_09_b10,normative_phi4,phi4,normative,10,uncertain regulatory roadmap,context,,,9
subject-matter_phi4_09_b1,subject-matter_phi4,phi4,subject-matter,1,"power losses, quality and safety issues",context,,,9
subject-matter_phi4_09_b4,subject-matter_phi4,phi4,subject-matter,4,"uncertain utility interaction (net metering, utility ownership, and agreed standards)",context,,,9
subject-matter_phi4_09_b5,subject-matter_phi4,phi4,subject-matter,5,lack of pilot projects,context,,,9
subject-matter_phi4_09_b9,subject-matter_phi4,phi4,subject-matter,9,lack of enough trained personnel in DC systems,context,,,9
subject-matter_phi4_09_b10,subject-matter_phi4,phi4,subject-matter,10,uncertain regulatory roadmap,context,,,9
generalist_llama_10_b1,generalist_llama,llama,generalist,1,"power losses, quality and safety issues",context,,,10
generalist_llama_10_b2,generalist_llama,llama,generalist,2,reduced reliability in DC devices,context,,,10
generalist_llama_10_b3,generalist_llama,llama,generalist,3,lack of use-cases in which DC is advantageous,context,,,10
generalist_llama_10_b4,generalist_llama,llama,generalist,4,"uncertain utility interaction (net metering, utility ownership, and agreed standards)",context,,,10
generalist_llama_10_b5,generalist_llama,llama,generalist,5,lack of pilot projects,context,,,10
normative_llama_10_b1,normative_llama,llama,normative,1,"power losses, quality and safety issues",context,,,10
normative_llama_10_b2,normative_llama,llama,normative,2,reduced reliability in DC devices,context,,,10
normative_llama_10_b3,normative_llama,llama,normative,3,lack of use-cases in which DC is advantageous,context,,,10
normative_llama_10_b4,normative_llama,llama,normative,4,"uncertain utility interaction (net metering, utility ownership, and agreed standards)",context,,,10
normative_llama_10_b5,normative_llama,llama,normative,5,lack of pilot projects,context,,,10
subject-matter_llama_10_b1,subject-matter_llama,llama,subject-matter,1,"power losses, quality and safety issues",context,,,10
subject-matter_llama_10_b2,subject-matter_llama,llama,subject-matter,2,reduced reliability in DC devices,context,,,10
subject-matter_llama_10_b4,subject-matter_llama,llama,subject-matter,4,"uncertain utility interaction (net metering, utility ownership, and agreed standards)",context,,,10
subject-matter_llama_10_b5,subject-matter_llama,llama,subject-matter,5,lack of pilot projects,context,,,10
subject-matter_llama_10_b6,subject-matter_llama,llama,subject-matter,6,public perception of DC and readiness to 'champion' installations from DC projects,context,,,10
generalist_mistral_10_b1,generalist_mistral,mistral,generalist,1,"power losses, quality and safety issues",context,,,10
generalist_mistral_10_b2,generalist_mistral,mistral,generalist,2,reduced reliability in DC devices,context,,,10
generalist_mistral_10_b3,generalist_mistral,mistral,generalist,3,lack of use-cases in which DC is advantageous,context,,,10
generalist_mistral_10_b4,generalist_mistral,mistral,generalist,4,"uncertain utility interaction (net metering, utility ownership, and agreed standards)",context,,,10
generalist_mistral_10_b5,generalist_mistral,mistral,generalist,5,lack of pilot projects,context,,,10
normative_mistral_10_b1,normative_mistral,mistral,normative,1,"power losses, quality and safety issues",context,,,10
normative_mistral_10_b2,normative_mistral,mistral,normative,2,reduced reliability in DC devices,context,,,10
normative_mistral_10_b4,normative_mistral,mistral,normative,4,"uncertain utility interaction (net metering, utility ownership, and agreed standards)",context,,,10
normative_mistral_10_b5,normative_mistral,mistral,normative,5,lack of pilot projects,context,,,10
normative_mistral_10_b6,normative_mistral,mistral,normative,6,public perception of DC and readiness to 'champion' installations from DC projects,context,,,10
subject-matter_mistral_10_b1,subject-matter_mistral,mistral,subject-matter,1,"power losses, quality and safety issues",context,,,10
subject-matter_mistral_10_b2,subject-matter_mistral,mistral,subject-matter,2,reduced reliability in DC devices,context,,,10
subject-matter_mistral_10_b3,subject-matter_mistral,mistral,subject-matter,3,lack of use-cases in which DC is advantageous,context,,,10
subject-matter_mistral_10_b4,subject-matter_mistral,mistral,subject-matter,4,"uncertain utility interaction (net metering, utility ownership, and agreed standards)",context,,,10
subject-matter_mistral_10_b5,subject-matter_mistral,mistral,subject-matter,5,lack of pilot projects,context,,,10
generalist_gemma3_10_b1,generalist_gemma3,gemma3,generalist,1,"power losses, quality and safety issues",context,,,10
generalist_gemma3_10_b3,generalist_gemma3,gemma3,generalist,3,lack of use-cases in which DC is advantageous,context,,,10
generalist_gemma3_10_b4,generalist_gemma3,gemma3,generalist,4,"uncertain utility interaction (net metering, utility ownership, and agreed standards)",context,,,10
generalist_gemma3_10_b8,generalist_gemma3,gemma3,generalist,8,misconception and lack of knowledge leads to lengthy/expensive design and permit process,context,,,10
generalist_gemma3_10_b11,generalist_gemma3,gemma3,generalist,11,high costs of DC solutions,context,,,10
normative_gemma3_10_b1,normative_gemma3,gemma3,normative,1,"power losses, quality and safety issues",context,,,10
normative_gemma3_10_b4,normative_gemma3,gemma3,normative,4,"uncertain utility interaction (net metering, utility ownership, and agreed standards)",context,,,10
normative_gemma3_10_b7,normative_gemma3,gemma3,normative,7,incompatibility of DC systems components,context,,,10
normative_gemma3_10_b8,normative_gemma3,gemma3,normative,8,misconception and lack of knowledge leads to lengthy/expensive design and permit process,context,,,10
normative_gemma3_10_b11,normative_gemma3,gemma3,normative,11,high costs of DC solutions,context,,,10
subject-matter_gemma3_10_b1,subject-matter_gemma3,gemma3,subject-matter,1,"power losses, quality and safety issues",context,,,10
subject-matter_gemma3_10_b3,subject-matter_gemma3,gemma3,subject-matter,3,lack of use-cases in which DC is advantageous,context,,,10
subject-matter_gemma3_10_b4,subject-matter_gemma3,gemma3,subject-matter,4,"uncertain utility interaction (net metering, utility ownership, and agreed standards)",context,,,10
subject-matter_gemma3_10_b8,subject-matter_gemma3,gemma3,subject-matter,8,misconception and lack of knowledge leads to lengthy/expensive design and permit process,context,,,10
subject-matter_gemma3_10_b10,subject-matter_gemma3,gemma3,subject-matter,10,uncertain regulatory roadmap,context,,,10
generalist_phi4_10_b1,generalist_phi4,phi4,generalist,1,"power losses, quality and safety issues",context,,,10
generalist_phi4_10_b3,generalist_phi4,phi4,generalist,3,lack of use-cases in which DC is advantageous,context,,,10
generalist_phi4_10_b4,generalist_phi4,phi4,generalist,4,"uncertain utility interaction (net metering, utility ownership, and agreed standards)",context,,,10
generalist_phi4_10_b5,generalist_phi4,phi4,generalist,5,lack of pilot projects,context,,,10
generalist_phi4_10_b10,generalist_phi4,phi4,generalist,10,uncertain regulatory roadmap,context,,,10
normative_phi4_10_b1,normative_phi4,phi4,normative,1,"power losses, quality and safety issues",context,,,10
normative_phi4_10_b3,normative_phi4,phi4,normative,3,lack of use-cases in which DC is advantageous,context,,,10
normative_phi4_10_b4,normative_phi4,phi4,normative,4,"uncertain utility interaction (net metering, utility ownership, and agreed standards)",context,,,10
normative_phi4_10_b5,normative_phi4,phi4,normative,5,lack of pilot projects,context,,,10
normative_phi4_10_b10,normative_phi4,phi4,normative,10,uncertain regulatory roadmap,context,,,10
subject-matter_phi4_10_b1,subject-matter_phi4,phi4,subject-matter,1,"power losses, quality and safety issues",context,,,10
subject-matter_phi4_10_b2,subject-matter_phi4,phi4,subject-matter,2,reduced reliability in DC devices,context,,,10
subject-matter_phi4_10_b3,subject-matter_phi4,phi4,subject-matter,3,lack of use-cases in which DC is advantageous,context,,,10
subject-matter_phi4_10_b4,subject-matter_phi4,phi4,subject-matter,4,"uncertain utility interaction (net metering, utility ownership, and agreed standards)",context,,,10
subject-matter_phi4_10_b11,subject-matter_phi4,phi4,subject-matter,11,high costs of DC solutions,context,,,10
generalist_llama_11_b1,generalist_llama,llama,generalist,1,"power losses, quality and safety issues",context,,,11
generalist_llama_11_b2,generalist_llama,llama,generalist,2,reduced reliability in DC devices,context,,,11
generalist_llama_11_b3,generalist_llama,llama,generalist,3,lack of use-cases in which DC is advantageous,context,,,11
generalist_llama_11_b4,generalist_llama,llama,generalist,4,"uncertain utility interaction (net metering, utility ownership, and agreed standards)",context,,,11
generalist_llama_11_b5,generalist_llama,llama,generalist,5,lack of pilot projects,context,,,11
normative_llama_11_b1,normative_llama,llama,normative,1,"power losses, quality and safety issues",context,,,11
normative_llama_11_b2,normative_llama,llama,normative,2,reduced reliability in DC devices,context,,,11
normative_llama_11_b3,normative_llama,llama,normative,3,lack of use-cases in which DC is advantageous,context,,,11
normative_llama_11_b4,normative_llama,llama,normative,4,"uncertain utility interaction (net metering, utility ownership, and agreed standards)",context,,,11
normative_llama_11_b5,normative_llama,llama,normative,5,lack of pilot projects,context,,,11
subject-matter_llama_11_b1,subject-matter_llama,llama,subject-matter,1,"power losses, quality and safety issues",context,,,11
subject-matter_llama_11_b2,subject-matter_llama,llama,subject-matter,2,reduced reliability in DC devices,context,,,11
subject-matter_llama_11_b3,subject-matter_llama,llama,subject-matter,3,lack of use-cases in which DC is advantageous,context,,,11
subject-matter_llama_11_b4,subject-matter_llama,llama,subject-matter,4,"uncertain utility interaction (net metering, utility ownership, and agreed standards)",context,,,11
subject-matter_llama_11_b5,subject-matter_llama,llama,subject-matter,5,lack of pilot projects,context,,,11
generalist_mistral_11_b1,generalist_mistral,mistral,generalist,1,"power losses, quality and safety issues",context,,,11
generalist_mistral_11_b2,generalist_mistral,mistral,generalist,2,reduced reliability in DC devices,context,,,11
generalist_mistral_11_b3,generalist_mistral,mistral,generalist,3,lack of use-cases in which DC is advantageous,context,,,11
generalist_mistral_11_b4,generalist_mistral,mistral,generalist,4,"uncertain utility interaction (net metering, utility ownership, and agreed standards)",context,,,11
generalist_mistral_11_b5,generalist_mistral,mistral,generalist,5,lack of pilot projects,context,,,11
normative_mistral_11_b1,normative_mistral,mistral,normative,1,"power losses, quality and safety issues",context,,,11
normative_mistral_11_b2,normative_mistral,mistral,normative,2,reduced reliability in DC devices,context,,,11
normative_mistral_11_b4,normative_mistral,mistral,normative,4,"uncertain utility interaction (net metering, utility ownership, and agreed standards)",context,,,11
normative_mistral_11_b5,normative_mistral,mistral,normative,5,lack of pilot projects,context,,,11
normative_mistral_11_b6,normative_mistral,mistral,normative,6,public perception of DC and readiness to 'champion' installations from DC projects,context,,,11
subject-matter_mistral_11_b1,subject-matter_mistral,mistral,subject-matter,1,"power losses, quality and safety issues",context,,,11
subject-matter_mistral_11_b2,subject-matter_mistral,mistral,subject-matter,2,reduced reliability in DC devices,context,,,11
subject-matter_mistral_11_b3,subject-matter_mistral,mistral,subject-matter,3,lack of use-cases in which DC is advantageous,context,,,11
subject-matter_mistral_11_b4,subject-matter_mistral,mistral,subject-matter,4,"uncertain utility interaction (net metering, utility ownership, and agreed standards)",context,,,11
subject-matter_mistral_11_b5,subject-matter_mistral,mistral,subject-matter,5,lack of pilot projects,context,,,11
generalist_gemma3_11_b1,generalist_gemma3,gemma3,generalist,1,"power losses, quality and safety issues",context,,,11
generalist_gemma3_11_b3,generalist_gemma3,gemma3,generalist,3,lack of use-cases in which DC is advantageous,context,,,11
generalist_gemma3_11_b4,generalist_gemma3,gemma3,generalist,4,"uncertain utility interaction (net metering, utility ownership, and agreed standards)",context,,,11
generalist_gemma3_11_b8,generalist_gemma3,gemma3,generalist,8,misconception and lack of knowledge leads to lengthy/expensive design and permit process,context,,,11
generalist_gemma3_11_b10,generalist_gemma3,gemma3,generalist,10,uncertain regulatory roadmap,context,,,11
normative_gemma3_11_b1,normative_gemma3,gemma3,normative,1,"power losses, quality and safety issues",context,,,11
normative_gemma3_11_b4,normative_gemma3,gemma3,normative,4,"uncertain utility interaction (net metering, utility ownership, and agreed standards)",context,,,11
normative_gemma3_11_b7,normative_gemma3,gemma3,normative,7,incompatibility of DC systems components,context,,,11
normative_gemma3_11_b8,normative_gemma3,gemma3,normative,8,misconception and lack of knowledge leads to lengthy/expensive design and permit process,context,,,11
normative_gemma3_11_b11,normative_gemma3,gemma3,normative,11,high costs of DC solutions,context,,,11
subject-matter_gemma3_11_b1,subject-matter_gemma3,gemma3,subject-matter,1,"power losses, quality and safety issues",context,,,11
subject-matter_gemma3_11_b5,subject-matter_gemma3,gemma3,subject-matter,5,lack of pilot projects,context,,,11
subject-matter_gemma3_11_b4,subject-matter_gemma3,gemma3,subject-matter,4,"uncertain utility interaction (net metering, utility ownership, and agreed standards)",context,,,11
subject-matter_gemma3_11_b8,subject-matter_gemma3,gemma3,subject-matter,8,misconception and lack of knowledge leads to lengthy/expensive design and permit process,context,,,11
subject-matter_gemma3_11_b10,subject-matter_gemma3,gemma3,subject-matter,10,uncertain regulatory roadmap,context,,,11
generalist_phi4_11_b1,generalist_phi4,phi4,generalist,1,"power losses, quality and safety issues",context,,,11
generalist_phi4_11_b2,generalist_phi4,phi4,generalist,2,reduced reliability in DC devices,context,,,11
generalist_phi4_11_b3,generalist_phi4,phi4,generalist,3,lack of use-cases in which DC is advantageous,context,,,11
generalist_phi4_11_b4,generalist_phi4,phi4,generalist,4,"uncertain utility interaction (net metering, utility ownership, and agreed standards)",context,,,11
generalist_phi4_11_b5,generalist_phi4,phi4,generalist,5,lack of pilot projects,context,,,11
normative_phi4_11_b1,normative_phi4,phi4,normative,1,"power losses, quality and safety issues",context,,,11
normative_phi4_11_b2,normative_phi4,phi4,normative,2,reduced reliability in DC devices,context,,,11
normative_phi4_11_b3,normative_phi4,phi4,normative,3,lack of use-cases in which DC is advantageous,context,,,11
normative_phi4_11_b4,normative_phi4,phi4,normative,4,"uncertain utility interaction (net metering, utility ownership, and agreed standards)",context,,,11
normative_phi4_11_b11,normative_phi4,phi4,normative,11,high costs of DC solutions,context,,,11
subject-matter_phi4_11_b1,subject-matter_phi4,phi4,subject-matter,1,"power losses, quality and safety issues",context,,,11
subject-matter_phi4_11_b3,subject-matter_phi4,phi4,subject-matter,3,lack of use-cases in which DC is advantageous,context,,,11
subject-matter_phi4_11_b4,subject-matter_phi4,phi4,subject-matter,4,"uncertain utility interaction (net metering, utility ownership, and agreed standards)",context,,,11
subject-matter_phi4_11_b5,subject-matter_phi4,phi4,subject-matter,5,lack of pilot projects,context,,,11
subject-matter_phi4_11_b10,subject-matter_phi4,phi4,subject-matter,10,uncertain regulatory roadmap,context,,,11
generalist_llama_12_b1,generalist_llama,llama,generalist,1,"power losses, quality and safety issues",context,,,12
generalist_llama_12_b2,generalist_llama,llama,generalist,2,reduced reliability in DC devices,context,,,12
generalist_llama_12_b3,generalist_llama,llama,generalist,3,lack of use-cases in which DC is advantageous,context,,,12
generalist_llama_12_b4,generalist_llama,llama,generalist,4,"uncertain utility interaction (net metering, utility ownership, and agreed standards)",context,,,12
generalist_llama_12_b5,generalist_llama,llama,generalist,5,lack of pilot projects,context,,,12
normative_llama_12_b6,normative_llama,llama,normative,6,public perception of DC and readiness to 'champion' installations from DC projects,context,,,12
normative_llama_12_b7,normative_llama,llama,normative,7,incompatibility of DC systems components,context,,,12
normative_llama_12_b9,normative_llama,llama,normative,9,lack of enough trained personnel in DC systems,context,,,12
normative_llama_12_b10,normative_llama,llama,normative,10,uncertain regulatory roadmap,context,,,12
normative_llama_12_b11,normative_llama,llama,normative,11,high costs of DC solutions,context,,,12
subject-matter_llama_12_b1,subject-matter_llama,llama,subject-matter,1,"power losses, quality and safety issues",context,,,12
subject-matter_llama_12_b4,subject-matter_llama,llama,subject-matter,4,"uncertain utility interaction (net metering, utility ownership, and agreed standards)",context,,,12
subject-matter_llama_12_b3,subject-matter_llama,llama,subject-matter,3,lack of use-cases in which DC is advantageous,context,,,12
subject-matter_llama_12_b6,subject-matter_llama,llama,subject-matter,6,public perception of DC and readiness to 'champion' installations from DC projects,context,,,12
subject-matter_llama_12_b7,subject-matter_llama,llama,subject-matter,7,incompatibility of DC systems components,context,,,12
generalist_mistral_12_b1,generalist_mistral,mistral,generalist,1,"power losses, quality and safety issues",context,,,12
generalist_mistral_12_b2,generalist_mistral,mistral,generalist,2,reduced reliability in DC devices,context,,,12
generalist_mistral_12_b4,generalist_mistral,mistral,generalist,4,"uncertain utility interaction (net metering, utility ownership, and agreed standards)",context,,,12
generalist_mistral_12_b5,generalist_mistral,mistral,generalist,5,lack of pilot projects,context,,,12
generalist_mistral_12_b11,generalist_mistral,mistral,generalist,11,high costs of DC solutions,context,,,12
normative_mistral_12_b1,normative_mistral,mistral,normative,1,"power losses, quality and safety issues",context,,,12
normative_mistral_12_b2,normative_mistral,mistral,normative,2,reduced reliability in DC devices,context,,,12
normative_mistral_12_b4,normative_mistral,mistral,normative,4,"uncertain utility interaction (net metering, utility ownership, and agreed standards)",context,,,12
normative_mistral_12_b5,normative_mistral,mistral,normative,5,lack of pilot projects,context,,,12
normative_mistral_12_b6,normative_mistral,mistral,normative,6,public perception of DC and readiness to 'champion' installations from DC projects,context,,,12
subject-matter_mistral_12_b1,subject-matter_mistral,mistral,subject-matter,1,"power losses, quality and safety issues",context,,,12
subject-matter_mistral_12_b2,subject-matter_mistral,mistral,subject-matter,2,reduced reliability in DC devices,context,,,12
subject-matter_mistral_12_b3,subject-matter_mistral,mistral,subject-matter,3,lack of use-cases in which DC is advantageous,context,,,12
subject-matter_mistral_12_b4,subject-matter_mistral,mistral,subject-matter,4,"uncertain utility interaction (net metering, utility ownership, and agreed standards)",context,,,12
subject-matter_mistral_12_b5,subject-matter_mistral,mistral,subject-matter,5,lack of pilot projects,context,,,12
generalist_gemma3_12_b1,generalist_gemma3,gemma3,generalist,1,"power losses, quality and safety issues",context,,,12
generalist_gemma3_12_b3,generalist_gemma3,gemma3,generalist,3,lack of use-cases in which DC is advantageous,context,,,12
generalist_gemma3_12_b4,generalist_gemma3,gemma3,generalist,4,"uncertain utility interaction (net metering, utility ownership, and agreed standards)",context,,,12
generalist_gemma3_12_b8,generalist_gemma3,gemma3,generalist,8,misconception and lack of knowledge leads to lengthy/expensive design and permit process,context,,,12
generalist_gemma3_12_b10,generalist_gemma3,gemma3,generalist,10,uncertain regulatory roadmap,context,,,12
normative_gemma3_12_b1,normative_gemma3,gemma3,normative,1,"power losses, quality and safety issues",context,,,12
normative_gemma3_12_b4,normative_gemma3,gemma3,normative,4,"uncertain utility interaction (net metering, utility ownership, and agreed standards)",context,,,12
normative_gemma3_12_b7,normative_gemma3,gemma3,normative,7,incompatibility of DC systems components,context,,,12
normative_gemma3_12_b8,normative_gemma3,gemma3,normative,8,misconception and lack of knowledge leads to lengthy/expensive design and permit process,context,,,12
normative_gemma3_12_b11,normative_gemma3,gemma3,normative,11,high costs of DC solutions,context,,,12
subject-matter_gemma3_12_b1,subject-matter_gemma3,gemma3,subject-matter,1,"power losses, quality and safety issues",context,,,12
subject-matter_gemma3_12_b5,subject-matter_gemma3,gemma3,subject-matter,5,lack of pilot projects,context,,,12
subject-matter_gemma3_12_b6,subject-matter_gemma3,gemma3,subject-matter,6,public perception of DC and readiness to 'champion' installations from DC projects,context,,,12
subject-matter_gemma3_12_b8,subject-matter_gemma3,gemma3,subject-matter,8,misconception and lack of knowledge leads to lengthy/expensive design and permit process,context,,,12
subject-matter_gemma3_12_b10,subject-matter_gemma3,gemma3,subject-matter,10,uncertain regulatory roadmap,context,,,12
generalist_phi4_12_b1,generalist_phi4,phi4,generalist,1,"power losses, quality and safety issues",context,,,12
generalist_phi4_12_b3,generalist_phi4,phi4,generalist,3,lack of use-cases in which DC is advantageous,context,,,12
generalist_phi4_12_b4,generalist_phi4,phi4,generalist,4,"uncertain utility interaction (net metering, utility ownership, and agreed standards)",context,,,12
generalist_phi4_12_b5,generalist_phi4,phi4,generalist,5,lack of pilot projects,context,,,12
generalist_phi4_12_b10,generalist_phi4,phi4,generalist,10,uncertain regulatory roadmap,context,,,12
normative_phi4_12_b1,normative_phi4,phi4,normative,1,"power losses, quality and safety issues",context,,,12
normative_phi4_12_b4,normative_phi4,phi4,normative,4,"uncertain utility interaction (net metering, utility ownership, and agreed standards)",context,,,12
normative_phi4_12_b5,normative_phi4,phi4,normative,5,lack of pilot projects,context,,,12
normative_phi4_12_b8,normative_phi4,phi4,normative,8,misconception and lack of knowledge leads to lengthy/expensive design and permit process,context,,,12
normative_phi4_12_b10,normative_phi4,phi4,normative,10,uncertain regulatory roadmap,context,,,12
subject-matter_phi4_12_b1,subject-matter_phi4,phi4,subject-matter,1,"power losses, quality and safety issues",context,,,12
subject-matter_phi4_12_b2,subject-matter_phi4,phi4,subject-matter,2,reduced reliability in DC devices,context,,,12
subject-matter_phi4_12_b4,subject-matter_phi4,phi4,subject-matter,4,"uncertain utility interaction (net metering, utility ownership, and agreed standards)",context,,,12
subject-matter_phi4_12_b5,subject-matter_phi4,phi4,subject-matter,5,lack of pilot projects,context,,,12
subject-matter_phi4_12_b10,subject-matter_phi4,phi4,subject-matter,10,uncertain regulatory roadmap,context,,,12
generalist_llama_13_b5,generalist_llama,llama,generalist,5,lack of pilot projects,context,,,13
generalist_llama_13_b6,generalist_llama,llama,generalist,6,public perception of DC and readiness to 'champion' installations from DC projects,context,,,13
generalist_llama_13_b7,generalist_llama,llama,generalist,7,incompatibility of DC systems components,context,,,13
generalist_llama_13_b8,generalist_llama,llama,generalist,8,misconception and lack of knowledge leads to lengthy/expensive design and permit process,context,,,13
generalist_llama_13_b9,generalist_llama,llama,generalist,9,lack of enough trained personnel in DC systems,context,,,13
normative_llama_13_b5,normative_llama,llama,normative,5,lack of pilot projects,context,,,13
normative_llama_13_b7,normative_llama,llama,normative,7,incompatibility of DC systems components,context,,,13
normative_llama_13_b8,normative_llama,llama,normative,8,misconception and lack of knowledge leads to lengthy/expensive design and permit process,context,,,13
normative_llama_13_b9,normative_llama,llama,normative,9,lack of enough trained personnel in DC systems,context,,,13
normative_llama_13_b10,normative_llama,llama,normative,10,uncertain regulatory roadmap,context,,,13
subject-matter_llama_13_b1,subject-matter_llama,llama,subject-matter,1,"power losses, quality and safety issues",context,,,13
subject-matter_llama_13_b3,subject-matter_llama,llama,subject-matter,3,lack of use-cases in which DC is advantageous,context,,,13
subject-matter_llama_13_b4,subject-matter_llama,llama,subject-matter,4,"uncertain utility interaction (net metering, utility ownership, and agreed standards)",context,,,13
subject-matter_llama_13_b7,subject-matter_llama,llama,subject-matter,7,incompatibility of DC systems components,context,,,13
subject-matter_llama_13_b8,subject-matter_llama,llama,subject-matter,8,misconception and lack of knowledge leads to lengthy/expensive design and permit process,context,,,13
generalist_mistral_13_b1,generalist_mistral,mistral,generalist,1,"power losses, quality and safety issues",context,,,13
generalist_mistral_13_b2,generalist_mistral,mistral,generalist,2,reduced reliability in DC devices,context,,,13
generalist_mistral_13_b3,generalist_mistral,mistral,generalist,3,lack of use-cases in which DC is advantageous,context,,,13
generalist_mistral_13_b4,generalist_mistral,mistral,generalist,4,"uncertain utility interaction (net metering, utility ownership, and agreed standards)",context,,,13
generalist_mistral_13_b5,generalist_mistral,mistral,generalist,5,lack of pilot projects,context,,,13
normative_mistral_13_b1,normative_mistral,mistral,normative,1,"power losses, quality and safety issues",context,,,13
normative_mistral_13_b2,normative_mistral,mistral,normative,2,reduced reliability in DC devices,context,,,13
normative_mistral_13_b4,normative_mistral,mistral,normative,4,"uncertain utility interaction (net metering, utility ownership, and agreed standards)",context,,,13
normative_mistral_13_b5,normative_mistral,mistral,normative,5,lack of pilot projects,context,,,13
normative_mistral_13_b6,normative_mistral,mistral,normative,6,public perception of DC and readiness to 'champion' installations from DC projects,context,,,13
subject-matter_mistral_13_b1,subject-matter_mistral,mistral,subject-matter,1,"power losses, quality and safety issues",context,,,13
subject-matter_mistral_13_b2,subject-matter_mistral,mistral,subject-matter,2,reduced reliability in DC devices,context,,,13
subject-matter_mistral_13_b3,subject-matter_mistral,mistral,subject-matter,3,lack of use-cases in which DC is advantageous,context,,,13
subject-matter_mistral_13_b4,subject-matter_mistral,mistral,subject-matter,4,"uncertain utility interaction (net metering, utility ownership, and agreed standards)",context,,,13
subject-matter_mistral_13_b5,subject-matter_mistral,mistral,subject-matter,5,lack of pilot projects,context,,,13
generalist_gemma3_13_b1,generalist_gemma3,gemma3,generalist,1,"power losses, quality and safety issues",context,,,13
generalist_gemma3_13_b5,generalist_gemma3,gemma3,generalist,5,lack of pilot projects,context,,,13
generalist_gemma3_13_b6,generalist_gemma3,gemma3,generalist,6,public perception of DC and readiness to 'champion' installations from DC projects,context,,,13
generalist_gemma3_13_b8,generalist_gemma3,gemma3,generalist,8,misconception and lack of knowledge leads to lengthy/expensive design and permit process,context,,,13
generalist_gemma3_13_b10,generalist_gemma3,gemma3,generalist,10,uncertain regulatory roadmap,context,,,13
normative_gemma3_13_b1,normative_gemma3,gemma3,normative,1,"power losses, quality and safety issues",context,,,13
normative_gemma3_13_b4,normative_gemma3,gemma3,normative,4,"uncertain utility interaction (net metering, utility ownership, and agreed standards)",context,,,13
normative_gemma3_13_b7,normative_gemma3,gemma3,normative,7,incompatibility of DC systems components,context,,,13
normative_gemma3_13_b8,normative_gemma3,gemma3,normative,8,misconception and lack of knowledge leads to lengthy/expensive design and permit process,context,,,13
normative_gemma3_13_b11,normative_gemma3,gemma3,normative,11,high costs of DC solutions,context,,,13
subject-matter_gemma3_13_b1,subject-matter_gemma3,gemma3,subject-matter,1,"power losses, quality and safety issues",context,,,13
subject-matter_gemma3_13_b4,subject-matter_gemma3,gemma3,subject-matter,4,"uncertain utility interaction (net metering, utility ownership, and agreed standards)",context,,,13
subject-matter_gemma3_13_b5,subject-matter_gemma3,gemma3,subject-matter,5,lack of pilot projects,context,,,13
subject-matter_gemma3_13_b8,subject-matter_gemma3,gemma3,subject-matter,8,misconception and lack of knowledge leads to lengthy/expensive design and permit process,context,,,13
subject-matter_gemma3_13_b10,subject-matter_gemma3,gemma3,subject-matter,10,uncertain regulatory roadmap,context,,,13
generalist_phi4_13_b1,generalist_phi4,phi4,generalist,1,"power losses, quality and safety issues",context,,,13
generalist_phi4_13_b4,generalist_phi4,phi4,generalist,4,"uncertain utility interaction (net metering, utility ownership, and agreed standards)",context,,,13
generalist_phi4_13_b5,generalist_phi4,phi4,generalist,5,lack of pilot projects,context,,,13
generalist_phi4_13_b8,generalist_phi4,phi4,generalist,8,misconception and lack of knowledge leads to lengthy/expensive design and permit process,context,,,13
generalist_phi4_13_b10,generalist_phi4,phi4,generalist,10,uncertain regulatory roadmap,context,,,13
normative_phi4_13_b1,normative_phi4,phi4,normative,1,"power losses, quality and safety issues",context,,,13
normative_phi4_13_b3,normative_phi4,phi4,normative,3,lack of use-cases in which DC is advantageous,context,,,13
normative_phi4_13_b4,normative_phi4,phi4,normative,4,"uncertain utility interaction (net metering, utility ownership, and agreed standards)",context,,,13
normative_phi4_13_b5,normative_phi4,phi4,normative,5,lack of pilot projects,context,,,13
normative_phi4_13_b10,normative_phi4,phi4,normative,10,uncertain regulatory roadmap,context,,,13
subject-matter_phi4_13_b1,subject-matter_phi4,phi4,subject-matter,1,"power losses, quality and safety issues",context,,,13
subject-matter_phi4_13_b2,subject-matter_phi4,phi4,subject-matter,2,reduced reliability in DC devices,context,,,13
subject-matter_phi4_13_b3,subject-matter_phi4,phi4,subject-matter,3,lack of use-cases in which DC is advantageous,context,,,13
subject-matter_phi4_13_b4,subject-matter_phi4,phi4,subject-matter,4,"uncertain utility interaction (net metering, utility ownership, and agreed standards)",context,,,13
subject-matter_phi4_13_b11,subject-matter_phi4,phi4,subject-matter,11,high costs of DC solutions,context,,,13
generalist_llama_14_b3,generalist_llama,llama,generalist,3,lack of use-cases in which DC is advantageous,context,,,14
generalist_llama_14_b4,generalist_llama,llama,generalist,4,"uncertain utility interaction (net metering, utility ownership, and agreed standards)",context,,,14
generalist_llama_14_b11,generalist_llama,llama,generalist,11,high costs of DC solutions,context,,,14
generalist_llama_14_b6,generalist_llama,llama,generalist,6,public perception of DC and readiness to 'champion' installations from DC projects,context,,,14
generalist_llama_14_b7,generalist_llama,llama,generalist,7,incompatibility of DC systems components,context,,,14
normative_llama_14_b1,normative_llama,llama,normative,1,"power losses, quality and safety issues",context,,,14
normative_llama_14_b2,normative_llama,llama,normative,2,reduced reliability in DC devices,context,,,14
normative_llama_14_b3,normative_llama,llama,normative,3,lack of use-cases in which DC is advantageous,context,,,14
normative_llama_14_b4,normative_llama,llama,normative,4,"uncertain utility interaction (net metering, utility ownership, and agreed standards)",context,,,14
normative_llama_14_b5,normative_llama,llama,normative,5,lack of pilot projects,context,,,14
subject-matter_llama_14_b1,subject-matter_llama,llama,subject-matter,1,"power losses, quality and safety issues",context,,,14
subject-matter_llama_14_b3,subject-matter_llama,llama,subject-matter,3,lack of use-cases in which DC is advantageous,context,,,14
subject-matter_llama_14_b4,subject-matter_llama,llama,subject-matter,4,"uncertain utility interaction (net metering, utility ownership, and agreed standards)",context,,,14
subject-matter_llama_14_b7,subject-matter_llama,llama,subject-matter,7,incompatibility of DC systems components,context,,,14
subject-matter_llama_14_b8,subject-matter_llama,llama,subject-matter,8,misconception and lack of knowledge leads to lengthy/expensive design and permit process,context,,,14
generalist_mistral_14_b1,generalist_mistral,mistral,generalist,1,"power losses, quality and safety issues",context,,,14
generalist_mistral_14_b3,generalist_mistral,mistral,generalist,3,lack of use-cases in which DC is advantageous,context,,,14
generalist_mistral_14_b4,generalist_mistral,mistral,generalist,4,"uncertain utility interaction (net metering, utility ownership, and agreed standards)",context,,,14
generalist_mistral_14_b5,generalist_mistral,mistral,generalist,5,lack of pilot projects,context,,,14
generalist_mistral_14_b7,generalist_mistral,mistral,generalist,7,incompatibility of DC systems components,context,,,14
normative_mistral_14_b1,normative_mistral,mistral,normative,1,"power losses, quality and safety issues",context,,,14
normative_mistral_14_b2,normative_mistral,mistral,normative,2,reduced reliability in DC devices,context,,,14
normative_mistral_14_b4,normative_mistral,mistral,normative,4,"uncertain utility interaction (net metering, utility ownership, and agreed standards)",context,,,14
normative_mistral_14_b5,normative_mistral,mistral,normative,5,lack of pilot projects,context,,,14
normative_mistral_14_b11,normative_mistral,mistral,normative,11,high costs of DC solutions,context,,,14
subject-matter_mistral_14_b1,subject-matter_mistral,mistral,subject-matter,1,"power losses, quality and safety issues",context,,,14
subject-matter_mistral_14_b2,subject-matter_mistral,mistral,subject-matter,2,reduced reliability in DC devices,context,,,14
subject-matter_mistral_14_b4,subject-matter_mistral,mistral,subject-matter,4,"uncertain utility interaction (net metering, utility ownership, and agreed standards)",context,,,14
subject-matter_mistral_14_b5,subject-matter_mistral,mistral,subject-matter,5,lack of pilot projects,context,,,14
subject-matter_mistral_14_b7,subject-matter_mistral,mistral,subject-matter,7,incompatibility of DC systems components,context,,,14
generalist_gemma3_14_b1,generalist_gemma3,gemma3,generalist,1,"power losses, quality and safety issues",context,,,14
generalist_gemma3_14_b5,generalist_gemma3,gemma3,generalist,5,lack of pilot projects,context,,,14
generalist_gemma3_14_b4,generalist_gemma3,gemma3,generalist,4,"uncertain utility interaction (net metering, utility ownership, and agreed standards)",context,,,14
generalist_gemma3_14_b8,generalist_gemma3,gemma3,generalist,8,misconception and lack of knowledge leads to lengthy/expensive design and permit process,context,,,14
generalist_gemma3_14_b11,generalist_gemma3,gemma3,generalist,11,high costs of DC solutions,context,,,14
normative_gemma3_14_b1,normative_gemma3,gemma3,normative,1,"power losses, quality and safety issues",context,,,14
normative_gemma3_14_b4,normative_gemma3,gemma3,normative,4,"uncertain utility interaction (net metering, utility ownership, and agreed standards)",context,,,14
normative_gemma3_14_b7,normative_gemma3,gemma3,normative,7,incompatibility of DC systems components,context,,,14
normative_gemma3_14_b8,normative_gemma3,gemma3,normative,8,misconception and lack of knowledge leads to lengthy/expensive design and permit process,context,,,14
normative_gemma3_14_b11,normative_gemma3,gemma3,normative,11,high costs of DC solutions,context,,,14
subject-matter_gemma3_14_b1,subject-matter_gemma3,gemma3,subject-matter,1,"power losses, quality and safety issues",context,,,14
subject-matter_gemma3_14_b4,subject-matter_gemma3,gemma3,subject-matter,4,"uncertain utility interaction (net metering, utility ownership, and agreed standards)",context,,,14
subject-matter_gemma3_14_b5,subject-matter_gemma3,gemma3,subject-matter,5,lack of pilot projects,context,,,14
subject-matter_gemma3_14_b8,subject-matter_gemma3,gemma3,subject-matter,8,misconception and lack of knowledge leads to lengthy/expensive design and permit process,context,,,14
subject-matter_gemma3_14_b10,subject-matter_gemma3,gemma3,subject-matter,10,uncertain regulatory roadmap,context,,,14
generalist_phi4_14_b1,generalist_phi4,phi4,generalist,1,"power losses, quality and safety issues",context,,,14
generalist_phi4_14_b3,generalist_phi4,phi4,generalist,3,lack of use-cases in which DC is advantageous,context,,,14
generalist_phi4_14_b4,generalist_phi4,phi4,generalist,4,"uncertain utility interaction (net metering, utility ownership, and agreed standards)",context,,,14
generalist_phi4_14_b5,generalist_phi4,phi4,generalist,5,lack of pilot projects,context,,,14
generalist_phi4_14_b10,generalist_phi4,phi4,generalist,10,uncertain regulatory roadmap,context,,,14
normative_phi4_14_b1,normative_phi4,phi4,normative,1,"power losses, quality and safety issues",context,,,14
normative_phi4_14_b3,normative_phi4,phi4,normative,3,lack of use-cases in which DC is advantageous,context,,,14
normative_phi4_14_b4,normative_phi4,phi4,normative,4,"uncertain utility interaction (net metering, utility ownership, and agreed standards)",context,,,14
normative_phi4_14_b5,normative_phi4,phi4,normative,5,lack of pilot projects,context,,,14
normative_phi4_14_b10,normative_phi4,phi4,normative,10,uncertain regulatory roadmap,context,,,14
subject-matter_phi4_14_b1,subject-matter_phi4,phi4,subject-matter,1,"power losses, quality and safety issues",context,,,14
subject-matter_phi4_14_b4,subject-matter_phi4,phi4,subject-matter,4,"uncertain utility interaction (net metering, utility ownership, and agreed standards)",context,,,14
subject-matter_phi4_14_b5,subject-matter_phi4,phi4,subject-matter,5,lack of pilot projects,context,,,14
subject-matter_phi4_14_b8,subject-matter_phi4,phi4,subject-matter,8,misconception and lack of knowledge leads to lengthy/expensive design and permit process,context,,,14
subject-matter_phi4_14_b10,subject-matter_phi4,phi4,subject-matter,10,uncertain regulatory roadmap,context,,,14
generalist_llama_15_b1,generalist_llama,llama,generalist,1,"power losses, quality and safety issues",context,,,15
generalist_llama_15_b2,generalist_llama,llama,generalist,2,reduced reliability in DC devices,context,,,15
generalist_llama_15_b3,generalist_llama,llama,generalist,3,lack of use-cases in which DC is advantageous,context,,,15
generalist_llama_15_b4,generalist_llama,llama,generalist,4,"uncertain utility interaction (net metering, utility ownership, and agreed standards)",context,,,15
generalist_llama_15_b5,generalist_llama,llama,generalist,5,lack of pilot projects,context,,,15
normative_llama_15_b1,normative_llama,llama,normative,1,"power losses, quality and safety issues",context,,,15
normative_llama_15_b2,normative_llama,llama,normative,2,reduced reliability in DC devices,context,,,15
normative_llama_15_b3,normative_llama,llama,normative,3,lack of use-cases in which DC is advantageous,context,,,15
normative_llama_15_b4,normative_llama,llama,normative,4,"uncertain utility interaction (net metering, utility ownership, and agreed standards)",context,,,15
normative_llama_15_b5,normative_llama,llama,normative,5,lack of pilot projects,context,,,15
subject-matter_llama_15_b1,subject-matter_llama,llama,subject-matter,1,"power losses, quality and safety issues",context,,,15
subject-matter_llama_15_b2,subject-matter_llama,llama,subject-matter,2,reduced reliability in DC devices,context,,,15
subject-matter_llama_15_b3,subject-matter_llama,llama,subject-matter,3,lack of use-cases in which DC is advantageous,context,,,15
subject-matter_llama_15_b4,subject-matter_llama,llama,subject-matter,4,"uncertain utility interaction (net metering, utility ownership, and agreed standards)",context,,,15
subject-matter_llama_15_b5,subject-matter_llama,llama,subject-matter,5,lack of pilot projects,context,,,15
generalist_mistral_15_b1,generalist_mistral,mistral,generalist,1,"power losses, quality and safety issues",context,,,15
generalist_mistral_15_b2,generalist_mistral,mistral,generalist,2,reduced reliability in DC devices,context,,,15
generalist_mistral_15_b3,generalist_mistral,mistral,generalist,3,lack of use-cases in which DC is advantageous,context,,,15
generalist_mistral_15_b4,generalist_mistral,mistral,generalist,4,"uncertain utility interaction (net metering, utility ownership, and agreed standards)",context,,,15
generalist_mistral_15_b5,generalist_mistral,mistral,generalist,5,lack of pilot projects,context,,,15
normative_mistral_15_b1,normative_mistral,mistral,normative,1,"power losses, quality and safety issues",context,,,15
normative_mistral_15_b2,normative_mistral,mistral,normative,2,reduced reliability in DC devices,context,,,15
normative_mistral_15_b3,normative_mistral,mistral,normative,3,lack of use-cases in which DC is advantageous,context,,,15
normative_mistral_15_b4,normative_mistral,mistral,normative,4,"uncertain utility interaction (net metering, utility ownership, and agreed standards)",context,,,15
normative_mistral_15_b5,normative_mistral,mistral,normative,5,lack of pilot projects,context,,,15
subject-matter_mistral_15_b1,subject-matter_mistral,mistral,subject-matter,1,"power losses, quality and safety issues",context,,,15
subject-matter_mistral_15_b2,subject-matter_mistral,mistral,subject-matter,2,reduced reliability in DC devices,context,,,15
subject-matter_mistral_15_b4,subject-matter_mistral,mistral,subject-matter,4,"uncertain utility interaction (net metering, utility ownership, and agreed standards)",context,,,15
subject-matter_mistral_15_b5,subject-matter_mistral,mistral,subject-matter,5,lack of pilot projects,context,,,15
subject-matter_mistral_15_b7,subject-matter_mistral,mistral,subject-matter,7,incompatibility of DC systems components,context,,,15
generalist_gemma3_15_b1,generalist_gemma3,gemma3,generalist,1,"power losses, quality and safety issues",context,,,15
generalist_gemma3_15_b5,generalist_gemma3,gemma3,generalist,5,lack of pilot projects,context,,,15
generalist_gemma3_15_b6,generalist_gemma3,gemma3,generalist,6,public perception of DC and readiness to 'champion' installations from DC projects,context,,,15
generalist_gemma3_15_b8,generalist_gemma3,gemma3,generalist,8,misconception and lack of knowledge leads to lengthy/expensive design and permit process,context,,,15
generalist_gemma3_15_b10,generalist_gemma3,gemma3,generalist,10,uncertain regulatory roadmap,context,,,15
normative_gemma3_15_b1,normative_gemma3,gemma3,normative,1,"power losses, quality and safety issues",context,,,15
normative_gemma3_15_b4,normative_gemma3,gemma3,normative,4,"uncertain utility interaction (net metering, utility ownership, and agreed standards)",context,,,15
normative_gemma3_15_b5,normative_gemma3,gemma3,normative,5,lack of pilot projects,context,,,15
normative_gemma3_15_b8,normative_gemma3,gemma3,normative,8,misconception and lack of knowledge leads to lengthy/expensive design and permit process,context,,,15
normative_gemma3_15_b10,normative_gemma3,gemma3,normative,10,uncertain regulatory roadmap,context,,,15
subject-matter_gemma3_15_b1,subject-matter_gemma3,gemma3,subject-matter,1,"power losses, quality and safety issues",context,,,15
subject-matter_gemma3_15_b5,subject-matter_gemma3,gemma3,subject-matter,5,lack of pilot projects,context,,,15
subject-matter_gemma3_15_b4,subject-matter_gemma3,gemma3,subject-matter,4,"uncertain utility interaction (net metering, utility ownership, and agreed standards)",context,,,15
subject-matter_gemma3_15_b8,subject-matter_gemma3,gemma3,subject-matter,8,misconception and lack of knowledge leads to lengthy/expensive design and permit process,context,,,15
subject-matter_gemma3_15_b10,subject-matter_gemma3,gemma3,subject-matter,10,uncertain regulatory roadmap,context,,,15
generalist_phi4_15_b1,generalist_phi4,phi4,generalist,1,"power losses, quality and safety issues",context,,,15
generalist_phi4_15_b2,generalist_phi4,phi4,generalist,2,reduced reliability in DC devices,context,,,15
generalist_phi4_15_b3,generalist_phi4,phi4,generalist,3,lack of use-cases in which DC is advantageous,context,,,15
generalist_phi4_15_b4,generalist_phi4,phi4,generalist,4,"uncertain utility interaction (net metering, utility ownership, and agreed standards)",context,,,15
generalist_phi4_15_b5,generalist_phi4,phi4,generalist,5,lack of pilot projects,context,,,15
normative_phi4_15_b1,normative_phi4,phi4,normative,1,"power losses, quality and safety issues",context,,,15
normative_phi4_15_b2,normative_phi4,phi4,normative,2,reduced reliability in DC devices,context,,,15
normative_phi4_15_b3,normative_phi4,phi4,normative,3,lack of use-cases in which DC is advantageous,context,,,15
normative_phi4_15_b4,normative_phi4,phi4,normative,4,"uncertain utility interaction (net metering, utility ownership, and agreed standards)",context,,,15
normative_phi4_15_b11,normative_phi4,phi4,normative,11,high costs of DC solutions,context,,,15
subject-matter_phi4_15_b1,subject-matter_phi4,phi4,subject-matter,1,"power losses, quality and safety issues",context,,,15
subject-matter_phi4_15_b3,subject-matter_phi4,phi4,subject-matter,3,lack of use-cases in which DC is advantageous,context,,,15
subject-matter_phi4_15_b4,subject-matter_phi4,phi4,subject-matter,4,"uncertain utility interaction (net metering, utility ownership, and agreed standards)",context,,,15
subject-matter_phi4_15_b5,subject-matter_phi4,phi4,subject-matter,5,lack of pilot projects,context,,,15
subject-matter_phi4_15_b10,subject-matter_phi4,phi4,subject-matter,10,uncertain regulatory roadmap,context,,,15
generalist_llama_16_b1,generalist_llama,llama,generalist,1,"power losses, quality and safety issues",context,,,16
generalist_llama_16_b2,generalist_llama,llama,generalist,2,reduced reliability in DC devices,context,,,16
generalist_llama_16_b4,generalist_llama,llama,generalist,4,"uncertain utility interaction (net metering, utility ownership, and agreed standards)",context,,,16
generalist_llama_16_b5,generalist_llama,llama,generalist,5,lack of pilot projects,context,,,16
generalist_llama_16_b6,generalist_llama,llama,generalist,6,public perception of DC and readiness to 'champion' installations from DC projects,context,,,16
normative_llama_16_b1,normative_llama,llama,normative,1,"power losses, quality and safety issues",context,,,16
normative_llama_16_b2,normative_llama,llama,normative,2,reduced reliability in DC devices,context,,,16
normative_llama_16_b4,normative_llama,llama,normative,4,"uncertain utility interaction (net metering, utility ownership, and agreed standards)",context,,,16
normative_llama_16_b6,normative_llama,llama,normative,6,public perception of DC and readiness to 'champion' installations from DC projects,context,,,16
normative_llama_16_b5,normative_llama,llama,normative,5,lack of pilot projects,context,,,16
subject-matter_llama_16_b1,subject-matter_llama,llama,subject-matter,1,"power losses, quality and safety issues",context,,,16
subject-matter_llama_16_b2,subject-matter_llama,llama,subject-matter,2,reduced reliability in DC devices,context,,,16
subject-matter_llama_16_b3,subject-matter_llama,llama,subject-matter,3,lack of use-cases in which DC is advantageous,context,,,16
subject-matter_llama_16_b4,subject-matter_llama,llama,subject-matter,4,"uncertain utility interaction (net metering, utility ownership, and agreed standards)",context,,,16
subject-matter_llama_16_b5,subject-matter_llama,llama,subject-matter,5,lack of pilot projects,context,,,16
generalist_mistral_16_b1,generalist_mistral,mistral,generalist,1,"power losses, quality and safety issues",context,,,16
generalist_mistral_16_b2,generalist_mistral,mistral,generalist,2,reduced reliability in DC devices,context,,,16
generalist_mistral_16_b4,generalist_mistral,mistral,generalist,4,"uncertain utility interaction (net metering, utility ownership, and agreed standards)",context,,,16
generalist_mistral_16_b5,generalist_mistral,mistral,generalist,5,lack of pilot projects,context,,,16
generalist_mistral_16_b7,generalist_mistral,mistral,generalist,7,incompatibility of DC systems components,context,,,16
normative_mistral_16_b1,normative_mistral,mistral,normative,1,"power losses, quality and safety issues",context,,,16
normative_mistral_16_b2,normative_mistral,mistral,normative,2,reduced reliability in DC devices,context,,,16
normative_mistral_16_b3,normative_mistral,mistral,normative,3,lack of use-cases in which DC is advantageous,context,,,16
normative_mistral_16_b4,normative_mistral,mistral,normative,4,"uncertain utility interaction (net metering, utility ownership, and agreed standards)",context,,,16
normative_mistral_16_b5,normative_mistral,mistral,normative,5,lack of pilot projects,context,,,16
subject-matter_mistral_16_b1,subject-matter_mistral,mistral,subject-matter,1,"power losses, quality and safety issues",context,,,16
subject-matter_mistral_16_b2,subject-matter_mistral,mistral,subject-matter,2,reduced reliability in DC devices,context,,,16
subject-matter_mistral_16_b3,subject-matter_mistral,mistral,subject-matter,3,lack of use-cases in which DC is advantageous,context,,,16
subject-matter_mistral_16_b4,subject-matter_mistral,mistral,subject-matter,4,"uncertain utility interaction (net metering, utility ownership, and agreed standards)",context,,,16
subject-matter_mistral_16_b5,subject-matter_mistral,mistral,subject-matter,5,lack of pilot projects,context,,,16
generalist_gemma3_16_b1,generalist_gemma3,gemma3,generalist,1,"power losses, quality and safety issues",context,,,16
generalist_gemma3_16_b5,generalist_gemma3,gemma3,generalist,5,lack of pilot projects,context,,,16
generalist_gemma3_16_b6,generalist_gemma3,gemma3,generalist,6,public perception of DC and readiness to 'champion' installations from DC projects,context,,,16
generalist_gemma3_16_b8,generalist_gemma3,gemma3,generalist,8,misconception and lack of knowledge leads to lengthy/expensive design and permit process,context,,,16
generalist_gemma3_16_b10,generalist_gemma3,gemma3,generalist,10,uncertain regulatory roadmap,context,,,16
normative_gemma3_16_b1,normative_gemma3,gemma3,normative,1,"power losses, quality and safety issues",context,,,16
normative_gemma3_16_b4,normative_gemma3,gemma3,normative,4,"uncertain utility interaction (net metering, utility ownership, and agreed standards)",context,,,16
normative_gemma3_16_b7,normative_gemma3,gemma3,normative,7,incompatibility of DC systems components,context,,,16
normative_gemma3_16_b8,normative_gemma3,gemma3,normative,8,misconception and lack of knowledge leads to lengthy/expensive design and permit process,context,,,16
normative_gemma3_16_b11,normative_gemma3,gemma3,normative,11,high costs of DC solutions,context,,,16
subject-matter_gemma3_16_b1,subject-matter_gemma3,gemma3,subject-matter,1,"power losses, quality and safety issues",context,,,16
subject-matter_gemma3_16_b3,subject-matter_gemma3,gemma3,subject-matter,3,lack of use-cases in which DC is advantageous,context,,,16
subject-matter_gemma3_16_b4,subject-matter_gemma3,gemma3,subject-matter,4,"uncertain utility interaction (net metering, utility ownership, and agreed standards)",context,,,16
subject-matter_gemma3_16_b8,subject-matter_gemma3,gemma3,subject-matter,8,misconception and lack of knowledge leads to lengthy/expensive design and permit process,context,,,16
subject-matter_gemma3_16_b10,subject-matter_gemma3,gemma3,subject-matter,10,uncertain regulatory roadmap,context,,,16
generalist_phi4_16_b1,generalist_phi4,phi4,generalist,1,"power losses, quality and safety issues",context,,,16
generalist_phi4_16_b2,generalist_phi4,phi4,generalist,2,reduced reliability in DC devices,context,,,16
generalist_phi4_16_b3,generalist_phi4,phi4,generalist,3,lack of use-cases in which DC is advantageous,context,,,16
generalist_phi4_16_b4,generalist_phi4,phi4,generalist,4,"uncertain utility interaction (net metering, utility ownership, and agreed standards)",context,,,16
generalist_phi4_16_b5,generalist_phi4,phi4,generalist,5,lack of pilot projects,context,,,16
normative_phi4_16_b1,normative_phi4,phi4,normative,1,"power losses, quality and safety issues",context,,,16
normative_phi4_16_b3,normative_phi4,phi4,normative,3,lack of use-cases in which DC is advantageous,context,,,16
normative_phi4_16_b4,normative_phi4,phi4,normative,4,"uncertain utility interaction (net metering, utility ownership, and agreed standards)",context,,,16
normative_phi4_16_b5,normative_phi4,phi4,normative,5,lack of pilot projects,context,,,16
normative_phi4_16_b10,normative_phi4,phi4,normative,10,uncertain regulatory roadmap,context,,,16
subject-matter_phi4_16_b1,subject-matter_phi4,phi4,subject-matter,1,"power losses, quality and safety issues",context,,,16
subject-matter_phi4_16_b4,subject-matter_phi4,phi4,subject-matter,4,"uncertain utility interaction (net metering, utility ownership, and agreed standards)",context,,,16
subject-matter_phi4_16_b5,subject-matter_phi4,phi4,subject-matter,5,lack of pilot projects,context,,,16
subject-matter_phi4_16_b6,subject-matter_phi4,phi4,subject-matter,6,public perception of DC and readiness to 'champion' installations from DC projects,context,,,16
subject-matter_phi4_16_b10,subject-matter_phi4,phi4,subject-matter,10,uncertain regulatory roadmap,context,,,16
generalist_llama_17_b1,generalist_llama,llama,generalist,1,"power losses, quality and safety issues",context,,,17
generalist_llama_17_b2,generalist_llama,llama,generalist,2,reduced reliability in DC devices,context,,,17
generalist_llama_17_b3,generalist_llama,llama,generalist,3,lack of use-cases in which DC is advantageous,context,,,17
generalist_llama_17_b4,generalist_llama,llama,generalist,4,"uncertain utility interaction (net metering, utility ownership, and agreed standards)",context,,,17
generalist_llama_17_b5,generalist_llama,llama,generalist,5,lack of pilot projects,context,,,17
normative_llama_17_b1,normative_llama,llama,normative,1,"power losses, quality and safety issues",context,,,17
normative_llama_17_b2,normative_llama,llama,normative,2,reduced reliability in DC devices,context,,,17
normative_llama_17_b3,normative_llama,llama,normative,3,lack of use-cases in which DC is advantageous,context,,,17
normative_llama_17_b4,normative_llama,llama,normative,4,"uncertain utility interaction (net metering, utility ownership, and agreed standards)",context,,,17
normative_llama_17_b5,normative_llama,llama,normative,5,lack of pilot projects,context,,,17
subject-matter_llama_17_b1,subject-matter_llama,llama,subject-matter,1,"power losses, quality and safety issues",context,,,17
subject-matter_llama_17_b3,subject-matter_llama,llama,subject-matter,3,lack of use-cases in which DC is advantageous,context,,,17
subject-matter_llama_17_b4,subject-matter_llama,llama,subject-matter,4,"uncertain utility interaction (net metering, utility ownership, and agreed standards)",context,,,17
subject-matter_llama_17_b7,subject-matter_llama,llama,subject-matter,7,incompatibility of DC systems components,context,,,17
subject-matter_llama_17_b8,subject-matter_llama,llama,subject-matter,8,misconception and lack of knowledge leads to lengthy/expensive design and permit process,context,,,17
generalist_mistral_17_b1,generalist_mistral,mistral,generalist,1,"power losses, quality and safety issues",context,,,17
generalist_mistral_17_b2,generalist_mistral,mistral,generalist,2,reduced reliability in DC devices,context,,,17
generalist_mistral_17_b3,generalist_mistral,mistral,generalist,3,lack of use-cases in which DC is advantageous,context,,,17
generalist_mistral_17_b4,generalist_mistral,mistral,generalist,4,"uncertain utility interaction (net metering, utility ownership, and agreed standards)",context,,,17
generalist_mistral_17_b5,generalist_mistral,mistral,generalist,5,lack of pilot projects,context,,,17
normative_mistral_17_b1,normative_mistral,mistral,normative,1,"power losses, quality and safety issues",context,,,17
normative_mistral_17_b2,normative_mistral,mistral,normative,2,reduced reliability in DC devices,context,,,17
normative_mistral_17_b3,normative_mistral,mistral,normative,3,lack of use-cases in which DC is advantageous,context,,,17
normative_mistral_17_b4,normative_mistral,mistral,normative,4,"uncertain utility interaction (net metering, utility ownership, and agreed standards)",context,,,17
normative_mistral_17_b11,normative_mistral,mistral,normative,11,high costs of DC solutions,context,,,17
subject-matter_mistral_17_b1,subject-matter_mistral,mistral,subject-matter,1,"power losses, quality and safety issues",context,,,17
subject-matter_mistral_17_b2,subject-matter_mistral,mistral,subject-matter,2,reduced reliability in DC devices,context,,,17
subject-matter_mistral_17_b4,subject-matter_mistral,mistral,subject-matter,4,"uncertain utility interaction (net metering, utility ownership, and agreed standards)",context,,,17
subject-matter_mistral_17_b5,subject-matter_mistral,mistral,subject-matter,5,lack of pilot projects,context,,,17
subject-matter_mistral_17_b6,subject-matter_mistral,mistral,subject-matter,6,public perception of DC and readiness to 'champion' installations from DC projects,context,,,17
generalist_gemma3_17_b1,generalist_gemma3,gemma3,generalist,1,"power losses, quality and safety issues",context,,,17
generalist_gemma3_17_b3,generalist_gemma3,gemma3,generalist,3,lack of use-cases in which DC is advantageous,context,,,17
generalist_gemma3_17_b4,generalist_gemma3,gemma3,generalist,4,"uncertain utility interaction (net metering, utility ownership, and agreed standards)",context,,,17
generalist_gemma3_17_b8,generalist_gemma3,gemma3,generalist,8,misconception and lack of knowledge leads to lengthy/expensive design and permit process,context,,,17
generalist_gemma3_17_b10,generalist_gemma3,gemma3,generalist,10,uncertain regulatory roadmap,context,,,17
normative_gemma3_17_b1,normative_gemma3,gemma3,normative,1,"power losses, quality and safety issues",context,,,17
normative_gemma3_17_b5,normative_gemma3,gemma3,normative,5,lack of pilot projects,context,,,17
normative_gemma3_17_b4,normative_gemma3,gemma3,normative,4,"uncertain utility interaction (net metering, utility ownership, and agreed standards)",context,,,17
normative_gemma3_17_b8,normative_gemma3,gemma3,normative,8,misconception and lack of knowledge leads to lengthy/expensive design and permit process,context,,,17
normative_gemma3_17_b10,normative_gemma3,gemma3,normative,10,uncertain regulatory roadmap,context,,,17
subject-matter_gemma3_17_b1,subject-matter_gemma3,gemma3,subject-matter,1,"power losses, quality and safety issues",context,,,17
subject-matter_gemma3_17_b3,subject-matter_gemma3,gemma3,subject-matter,3,lack of use-cases in which DC is advantageous,context,,,17
subject-matter_gemma3_17_b4,subject-matter_gemma3,gemma3,subject-matter,4,"uncertain utility interaction (net metering, utility ownership, and agreed standards)",context,,,17
subject-matter_gemma3_17_b8,subject-matter_gemma3,gemma3,subject-matter,8,misconception and lack of knowledge leads to lengthy/expensive design and permit process,context,,,17
subject-matter_gemma3_17_b10,subject-matter_gemma3,gemma3,subject-matter,10,uncertain regulatory roadmap,context,,,17
generalist_phi4_17_b1,generalist_phi4,phi4,generalist,1,"power losses, quality and safety issues",context,,,17
generalist_phi4_17_b4,generalist_phi4,phi4,generalist,4,"uncertain utility interaction (net metering, utility ownership, and agreed standards)",context,,,17
generalist_phi4_17_b5,generalist_phi4,phi4,generalist,5,lack of pilot projects,context,,,17
generalist_phi4_17_b8,generalist_phi4,phi4,generalist,8,misconception and lack of knowledge leads to lengthy/expensive design and permit process,context,,,17
generalist_phi4_17_b10,generalist_phi4,phi4,generalist,10,uncertain regulatory roadmap,context,,,17
normative_phi4_17_b1,normative_phi4,phi4,normative,1,"power losses, quality and safety issues",context,,,17
normative_phi4_17_b3,normative_phi4,phi4,normative,3,lack of use-cases in which DC is advantageous,context,,,17
normative_phi4_17_b4,normative_phi4,phi4,normative,4,"uncertain utility interaction (net metering, utility ownership, and agreed standards)",context,,,17
normative_phi4_17_b5,normative_phi4,phi4,normative,5,lack of pilot projects,context,,,17
normative_phi4_17_b10,normative_phi4,phi4,normative,10,uncertain regulatory roadmap,context,,,17
subject-matter_phi4_17_b1,subject-matter_phi4,phi4,subject-matter,1,"power losses, quality and safety issues",context,,,17
subject-matter_phi4_17_b3,subject-matter_phi4,phi4,subject-matter,3,lack of use-cases in which DC is advantageous,context,,,17
subject-matter_phi4_17_b4,subject-matter_phi4,phi4,subject-matter,4,"uncertain utility interaction (net metering, utility ownership, and agreed standards)",context,,,17
subject-matter_phi4_17_b8,subject-matter_phi4,phi4,subject-matter,8,misconception and lack of knowledge leads to lengthy/expensive design and permit process,context,,,17
subject-matter_phi4_17_b10,subject-matter_phi4,phi4,subject-matter,10,uncertain regulatory roadmap,context,,,17
generalist_llama_18_b3,generalist_llama,llama,generalist,3,lack of use-cases in which DC is advantageous,context,,,18
generalist_llama_18_b7,generalist_llama,llama,generalist,7,incompatibility of DC systems components,context,,,18
generalist_llama_18_b1,generalist_llama,llama,generalist,1,"power losses, quality and safety issues",context,,,18
generalist_llama_18_b4,generalist_llama,llama,generalist,4,"uncertain utility interaction (net metering, utility ownership, and agreed standards)",context,,,18
generalist_llama_18_b11,generalist_llama,llama,generalist,11,high costs of DC solutions,context,,,18
normative_llama_18_b1,normative_llama,llama,normative,1,"power losses, quality and safety issues",context,,,18
normative_llama_18_b2,normative_llama,llama,normative,2,reduced reliability in DC devices,context,,,18
normative_llama_18_b4,normative_llama,llama,normative,4,"uncertain utility interaction (net metering, utility ownership, and agreed standards)",context,,,18
normative_llama_18_b5,normative_llama,llama,normative,5,lack of pilot projects,context,,,18
normative_llama_18_b6,normative_llama,llama,normative,6,public perception of DC and readiness to 'champion' installations from DC projects,context,,,18
subject-matter_llama_18_b1,subject-matter_llama,llama,subject-matter,1,"power losses, quality and safety issues",context,,,18
subject-matter_llama_18_b2,subject-matter_llama,llama,subject-matter,2,reduced reliability in DC devices,context,,,18
subject-matter_llama_18_b3,subject-matter_llama,llama,subject-matter,3,lack of use-cases in which DC is advantageous,context,,,18
subject-matter_llama_18_b4,subject-matter_llama,llama,subject-matter,4,"uncertain utility interaction (net metering, utility ownership, and agreed standards)",context,,,18
subject-matter_llama_18_b5,subject-matter_llama,llama,subject-matter,5,lack of pilot projects,context,,,18
generalist_mistral_18_b1,generalist_mistral,mistral,generalist,1,"power losses, quality and safety issues",context,,,18
generalist_mistral_18_b2,generalist_mistral,mistral,generalist,2,reduced reliability in DC devices,context,,,18
generalist_mistral_18_b4,generalist_mistral,mistral,generalist,4,"uncertain utility interaction (net metering, utility ownership, and agreed standards)",context,,,18
generalist_mistral_18_b5,generalist_mistral,mistral,generalist,5,lack of pilot projects,context,,,18
generalist_mistral_18_b7,generalist_mistral,mistral,generalist,7,incompatibility of DC systems components,context,,,18
normative_mistral_18_b1,normative_mistral,mistral,normative,1,"power losses, quality and safety issues",context,,,18
normative_mistral_18_b2,normative_mistral,mistral,normative,2,reduced reliability in DC devices,context,,,18
normative_mistral_18_b3,normative_mistral,mistral,normative,3,lack of use-cases in which DC is advantageous,context,,,18
normative_mistral_18_b4,normative_mistral,mistral,normative,4,"uncertain utility interaction (net metering, utility ownership, and agreed standards)",context,,,18
normative_mistral_18_b5,normative_mistral,mistral,normative,5,lack of pilot projects,context,,,18
subject-matter_mistral_18_b1,subject-matter_mistral,mistral,subject-matter,1,"power losses, quality and safety issues",context,,,18
subject-matter_mistral_18_b2,subject-matter_mistral,mistral,subject-matter,2,reduced reliability in DC devices,context,,,18
subject-matter_mistral_18_b3,subject-matter_mistral,mistral,subject-matter,3,lack of use-cases in which DC is advantageous,context,,,18
subject-matter_mistral_18_b4,subject-matter_mistral,mistral,subject-matter,4,"uncertain utility interaction (net metering, utility ownership, and agreed standards)",context,,,18
subject-matter_mistral_18_b5,subject-matter_mistral,mistral,subject-matter,5,lack of pilot projects,context,,,18
generalist_gemma3_18_b1,generalist_gemma3,gemma3,generalist,1,"power losses, quality and safety issues",context,,,18
generalist_gemma3_18_b5,generalist_gemma3,gemma3,generalist,5,lack of pilot projects,context,,,18
generalist_gemma3_18_b6,generalist_gemma3,gemma3,generalist,6,public perception of DC and readiness to 'champion' installations from DC projects,context,,,18
generalist_gemma3_18_b8,generalist_gemma3,gemma3,generalist,8,misconception and lack of knowledge leads to lengthy/expensive design and permit process,context,,,18
generalist_gemma3_18_b10,generalist_gemma3,gemma3,generalist,10,uncertain regulatory roadmap,context,,,18
normative_gemma3_18_b1,normative_gemma3,gemma3,normative,1,"power losses, quality and safety issues",context,,,18
normative_gemma3_18_b4,normative_gemma3,gemma3,normative,4,"uncertain utility interaction (net metering, utility ownership, and agreed standards)",context,,,18
normative_gemma3_18_b7,normative_gemma3,gemma3,normative,7,incompatibility of DC systems components,context,,,18
normative_gemma3_18_b8,normative_gemma3,gemma3,normative,8,misconception and lack of knowledge leads to lengthy/expensive design and permit process,context,,,18
normative_gemma3_18_b11,normative_gemma3,gemma3,normative,11,high costs of DC solutions,context,,,18
subject-matter_gemma3_18_b1,subject-matter_gemma3,gemma3,subject-matter,1,"power losses, quality and safety issues",context,,,18
subject-matter_gemma3_18_b3,subject-matter_gemma3,gemma3,subject-matter,3,lack of use-cases in which DC is advantageous,context,,,18
subject-matter_gemma3_18_b4,subject-matter_gemma3,gemma3,subject-matter,4,"uncertain utility interaction (net metering, utility ownership, and agreed standards)",context,,,18
subject-matter_gemma3_18_b8,subject-matter_gemma3,gemma3,subject-matter,8,misconception and lack of knowledge leads to lengthy/expensive design and permit process,context,,,18
subject-matter_gemma3_18_b10,subject-matter_gemma3,gemma3,subject-matter,10,uncertain regulatory roadmap,context,,,18
generalist_phi4_18_b1,generalist_phi4,phi4,generalist,1,"power losses, quality and safety issues",context,,,18
generalist_phi4_18_b4,generalist_phi4,phi4,generalist,4,"uncertain utility interaction (net metering, utility ownership, and agreed standards)",context,,,18
generalist_phi4_18_b5,generalist_phi4,phi4,generalist,5,lack of pilot projects,context,,,18
generalist_phi4_18_b9,generalist_phi4,phi4,generalist,9,lack of enough trained personnel in DC systems,context,,,18
generalist_phi4_18_b10,generalist_phi4,phi4,generalist,10,uncertain regulatory roadmap,context,,,18
normative_phi4_18_b1,normative_phi4,phi4,normative,1,"power losses, quality and safety issues",context,,,18
normative_phi4_18_b4,normative_phi4,phi4,normative,4,"uncertain utility interaction (net metering, utility ownership, and agreed standards)",context,,,18
normative_phi4_18_b5,normative_phi4,phi4,normative,5,lack of pilot projects,context,,,18
normative_phi4_18_b9,normative_phi4,phi4,normative,9,lack of enough trained personnel in DC systems,context,,,18
normative_phi4_18_b10,normative_phi4,phi4,normative,10,uncertain regulatory roadmap,context,,,18
subject-matter_phi4_18_b1,subject-matter_phi4,phi4,subject-matter,1,"power losses, quality and safety issues",context,,,18
subject-matter_phi4_18_b3,subject-matter_phi4,phi4,subject-matter,3,lack of use-cases in which DC is advantageous,context,,,18
subject-matter_phi4_18_b4,subject-matter_phi4,phi4,subject-matter,4,"uncertain utility interaction (net metering, utility ownership, and agreed standards)",context,,,18
subject-matter_phi4_18_b5,subject-matter_phi4,phi4,subject-matter,5,lack of pilot projects,context,,,18
subject-matter_phi4_18_b10,subject-matter_phi4,phi4,subject-matter,10,uncertain regulatory roadmap,context,,,18
generalist_llama_19_b1,generalist_llama,llama,generalist,1,"power losses, quality and safety issues",context,,,19
generalist_llama_19_b2,generalist_llama,llama,generalist,2,reduced reliability in DC devices,context,,,19
generalist_llama_19_b3,generalist_llama,llama,generalist,3,lack of use-cases in which DC is advantageous,context,,,19
generalist_llama_19_b4,generalist_llama,llama,generalist,4,"uncertain utility interaction (net metering, utility ownership, and agreed standards)",context,,,19
generalist_llama_19_b5,generalist_llama,llama,generalist,5,lack of pilot projects,context,,,19
normative_llama_19_b1,normative_llama,llama,normative,1,"power losses, quality and safety issues",context,,,19
normative_llama_19_b2,normative_llama,llama,normative,2,reduced reliability in DC devices,context,,,19
normative_llama_19_b4,normative_llama,llama,normative,4,"uncertain utility interaction (net metering, utility ownership, and agreed standards)",context,,,19
normative_llama_19_b5,normative_llama,llama,normative,5,lack of pilot projects,context,,,19
normative_llama_19_b6,normative_llama,llama,normative,6,public perception of DC and readiness to 'champion' installations from DC projects,context,,,19
subject-matter_llama_19_b1,subject-matter_llama,llama,subject-matter,1,"power losses, quality and safety issues",context,,,19
subject-matter_llama_19_b3,subject-matter_llama,llama,subject-matter,3,lack of use-cases in which DC is advantageous,context,,,19
subject-matter_llama_19_b4,subject-matter_llama,llama,subject-matter,4,"uncertain utility interaction (net metering, utility ownership, and agreed standards)",context,,,19
subject-matter_llama_19_b5,subject-matter_llama,llama,subject-matter,5,lack of pilot projects,context,,,19
subject-matter_llama_19_b6,subject-matter_llama,llama,subject-matter,6,public perception of DC and readiness to 'champion' installations from DC projects,context,,,19
generalist_mistral_19_b1,generalist_mistral,mistral,generalist,1,"power losses, quality and safety issues",context,,,19
generalist_mistral_19_b2,generalist_mistral,mistral,generalist,2,reduced reliability in DC devices,context,,,19
generalist_mistral_19_b4,generalist_mistral,mistral,generalist,4,"uncertain utility interaction (net metering, utility ownership, and agreed standards)",context,,,19
generalist_mistral_19_b5,generalist_mistral,mistral,generalist,5,lack of pilot projects,context,,,19
generalist_mistral_19_b9,generalist_mistral,mistral,generalist,9,lack of enough trained personnel in DC systems,context,,,19
normative_mistral_19_b1,normative_mistral,mistral,normative,1,"power losses, quality and safety issues",context,,,19
normative_mistral_19_b2,normative_mistral,mistral,normative,2,reduced reliability in DC devices,context,,,19
normative_mistral_19_b3,normative_mistral,mistral,normative,3,lack of use-cases in which DC is advantageous,context,,,19
normative_mistral_19_b4,normative_mistral,mistral,normative,4,"uncertain utility interaction (net metering, utility ownership, and agreed standards)",context,,,19
normative_mistral_19_b5,normative_mistral,mistral,normative,5,lack of pilot projects,context,,,19
subject-matter_mistral_19_b1,subject-matter_mistral,mistral,subject-matter,1,"power losses, quality and safety issues",context,,,19
subject-matter_mistral_19_b2,subject-matter_mistral,mistral,subject-matter,2,reduced reliability in DC devices,context,,,19
subject-matter_mistral_19_b3,subject-matter_mistral,mistral,subject-matter,3,lack of use-cases in which DC is advantageous,context,,,19
subject-matter_mistral_19_b4,subject-matter_mistral,mistral,subject-matter,4,"uncertain utility interaction (net metering, utility ownership, and agreed standards)",context,,,19
subject-matter_mistral_19_b5,subject-matter_mistral,mistral,subject-matter,5,lack of pilot projects,context,,,19
generalist_gemma3_19_b1,generalist_gemma3,gemma3,generalist,1,"power losses, quality and safety issues",context,,,19
generalist_gemma3_19_b3,generalist_gemma3,gemma3,generalist,3,lack of use-cases in which DC is advantageous,context,,,19
generalist_gemma3_19_b4,generalist_gemma3,gemma3,generalist,4,"uncertain utility interaction (net metering, utility ownership, and agreed standards)",context,,,19
generalist_gemma3_19_b8,generalist_gemma3,gemma3,generalist,8,misconception and lack of knowledge leads to lengthy/expensive design and permit process,context,,,19
generalist_gemma3_19_b10,generalist_gemma3,gemma3,generalist,10,uncertain regulatory roadmap,context,,,19
normative_gemma3_19_b1,normative_gemma3,gemma3,normative,1,"power losses, quality and safety issues",context,,,19
normative_gemma3_19_b5,normative_gemma3,gemma3,normative,5,lack of pilot projects,context,,,19
normative_gemma3_19_b6,normative_gemma3,gemma3,normative,6,public perception of DC and readiness to 'champion' installations from DC projects,context,,,19
normative_gemma3_19_b10,normative_gemma3,gemma3,normative,10,uncertain regulatory roadmap,context,,,19
normative_gemma3_19_b11,normative_gemma3,gemma3,normative,11,high costs of DC solutions,context,,,19
subject-matter_gemma3_19_b1,subject-matter_gemma3,gemma3,subject-matter,1,"power losses, quality and safety issues",context,,,19
subject-matter_gemma3_19_b3,subject-matter_gemma3,gemma3,subject-matter,3,lack of use-cases in which DC is advantageous,context,,,19
subject-matter_gemma3_19_b4,subject-matter_gemma3,gemma3,subject-matter,4,"uncertain utility interaction (net metering, utility ownership, and agreed standards)",context,,,19
subject-matter_gemma3_19_b8,subject-matter_gemma3,gemma3,subject-matter,8,misconception and lack of knowledge leads to lengthy/expensive design and permit process,context,,,19
subject-matter_gemma3_19_b10,subject-matter_gemma3,gemma3,subject-matter,10,uncertain regulatory roadmap,context,,,19
generalist_phi4_19_b1,generalist_phi4,phi4,generalist,1,"power losses, quality and safety issues",context,,,19
generalist_phi4_19_b4,generalist_phi4,phi4,generalist,4,"uncertain utility interaction (net metering, utility ownership, and agreed standards)",context,,,19
generalist_phi4_19_b5,generalist_phi4,phi4,generalist,5,lack of pilot projects,context,,,19
generalist_phi4_19_b9,generalist_phi4,phi4,generalist,9,lack of enough trained personnel in DC systems,context,,,19
generalist_phi4_19_b10,generalist_phi4,phi4,generalist,10,uncertain regulatory roadmap,context,,,19
normative_phi4_19_b1,normative_phi4,phi4,normative,1,"power losses, quality and safety issues",context,,,19
normative_phi4_19_b2,normative_phi4,phi4,normative,2,reduced reliability in DC devices,context,,,19
normative_phi4_19_b3,normative_phi4,phi4,normative,3,lack of use-cases in which DC is advantageous,context,,,19
normative_phi4_19_b4,normative_phi4,phi4,normative,4,"uncertain utility interaction (net metering, utility ownership, and agreed standards)",context,,,19
normative_phi4_19_b5,normative_phi4,phi4,normative,5,lack of pilot projects,context,,,19
subject-matter_phi4_19_b1,subject-matter_phi4,phi4,subject-matter,1,"power losses, quality and safety issues",context,,,19
subject-matter_phi4_19_b4,subject-matter_phi4,phi4,subject-matter,4,"uncertain utility interaction (net metering, utility ownership, and agreed standards)",context,,,19
subject-matter_phi4_19_b5,subject-matter_phi4,phi4,subject-matter,5,lack of pilot projects,context,,,19
subject-matter_phi4_19_b8,subject-matter_phi4,phi4,subject-matter,8,misconception and lack of knowledge leads to lengthy/expensive design and permit process,context,,,19
subject-matter_phi4_19_b10,subject-matter_phi4,phi4,subject-matter,10,uncertain regulatory roadmap,context,,,19
generalist_llama_20_b1,generalist_llama,llama,generalist,1,"power losses, quality and safety issues",context,,,20
generalist_llama_20_b2,generalist_llama,llama,generalist,2,reduced reliability in DC devices,context,,,20
generalist_llama_20_b3,generalist_llama,llama,generalist,3,lack of use-cases in which DC is advantageous,context,,,20
generalist_llama_20_b4,generalist_llama,llama,generalist,4,"uncertain utility interaction (net metering, utility ownership, and agreed standards)",context,,,20
generalist_llama_20_b5,generalist_llama,llama,generalist,5,lack of pilot projects,context,,,20
normative_llama_20_b11,normative_llama,llama,normative,11,high costs of DC solutions,context,,,20
normative_llama_20_b1,normative_llama,llama,normative,1,"power losses, quality and safety issues",context,,,20
normative_llama_20_b3,normative_llama,llama,normative,3,lack of use-cases in which DC is advantageous,context,,,20
normative_llama_20_b4,normative_llama,llama,normative,4,"uncertain utility interaction (net metering, utility ownership, and agreed standards)",context,,,20
normative_llama_20_b7,normative_llama,llama,normative,7,incompatibility of DC systems components,context,,,20
subject-matter_llama_20_b1,subject-matter_llama,llama,subject-matter,1,"power losses, quality and safety issues",context,,,20
subject-matter_llama_20_b4,subject-matter_llama,llama,subject-matter,4,"uncertain utility interaction (net metering, utility ownership, and agreed standards)",context,,,20
subject-matter_llama_20_b3,subject-matter_llama,llama,subject-matter,3,lack of use-cases in which DC is advantageous,context,,,20
subject-matter_llama_20_b7,subject-matter_llama,llama,subject-matter,7,incompatibility of DC systems components,context,,,20
subject-matter_llama_20_b8,subject-matter_llama,llama,subject-matter,8,misconception and lack of knowledge leads to lengthy/expensive design and permit process,context,,,20
generalist_mistral_20_b1,generalist_mistral,mistral,generalist,1,"power losses, quality and safety issues",context,,,20
generalist_mistral_20_b2,generalist_mistral,mistral,generalist,2,reduced reliability in DC devices,context,,,20
generalist_mistral_20_b3,generalist_mistral,mistral,generalist,3,lack of use-cases in which DC is advantageous,context,,,20
generalist_mistral_20_b4,generalist_mistral,mistral,generalist,4,"uncertain utility interaction (net metering, utility ownership, and agreed standards)",context,,,20
generalist_mistral_20_b5,generalist_mistral,mistral,generalist,5,lack of pilot projects,context,,,20
normative_mistral_20_b1,normative_mistral,mistral,normative,1,"power losses, quality and safety issues",context,,,20
normative_mistral_20_b2,normative_mistral,mistral,normative,2,reduced reliability in DC devices,context,,,20
normative_mistral_20_b3,normative_mistral,mistral,normative,3,lack of use-cases in which DC is advantageous,context,,,20
normative_mistral_20_b4,normative_mistral,mistral,normative,4,"uncertain utility interaction (net metering, utility ownership, and agreed standards)",context,,,20
normative_mistral_20_b5,normative_mistral,mistral,normative,5,lack of pilot projects,context,,,20
subject-matter_mistral_20_b1,subject-matter_mistral,mistral,subject-matter,1,"power losses, quality and safety issues",context,,,20
subject-matter_mistral_20_b2,subject-matter_mistral,mistral,subject-matter,2,reduced reliability in DC devices,context,,,20
subject-matter_mistral_20_b3,subject-matter_mistral,mistral,subject-matter,3,lack of use-cases in which DC is advantageous,context,,,20
subject-matter_mistral_20_b4,subject-matter_mistral,mistral,subject-matter,4,"uncertain utility interaction (net metering, utility ownership, and agreed standards)",context,,,20
subject-matter_mistral_20_b5,subject-matter_mistral,mistral,subject-matter,5,lack of pilot projects,context,,,20
generalist_gemma3_20_b1,generalist_gemma3,gemma3,generalist,1,"power losses, quality and safety issues",context,,,20
generalist_gemma3_20_b5,generalist_gemma3,gemma3,generalist,5,lack of pilot projects,context,,,20
generalist_gemma3_20_b6,generalist_gemma3,gemma3,generalist,6,public perception of DC and readiness to 'champion' installations from DC projects,context,,,20
generalist_gemma3_20_b8,generalist_gemma3,gemma3,generalist,8,misconception and lack of knowledge leads to lengthy/expensive design and permit process,context,,,20
generalist_gemma3_20_b10,generalist_gemma3,gemma3,generalist,10,uncertain regulatory roadmap,context,,,20
normative_gemma3_20_b1,normative_gemma3,gemma3,normative,1,"power losses, quality and safety issues",context,,,20
normative_gemma3_20_b4,normative_gemma3,gemma3,normative,4,"uncertain utility interaction (net metering, utility ownership, and agreed standards)",context,,,20
normative_gemma3_20_b5,normative_gemma3,gemma3,normative,5,lack of pilot projects,context,,,20
normative_gemma3_20_b8,normative_gemma3,gemma3,normative,8,misconception and lack of knowledge leads to lengthy/expensive design and permit process,context,,,20
normative_gemma3_20_b10,normative_gemma3,gemma3,normative,10,uncertain regulatory roadmap,context,,,20
subject-matter_gemma3_20_b1,subject-matter_gemma3,gemma3,subject-matter,1,"power losses, quality and safety issues",context,,,20
subject-matter_gemma3_20_b5,subject-matter_gemma3,gemma3,subject-matter,5,lack of pilot projects,context,,,20
subject-matter_gemma3_20_b4,subject-matter_gemma3,gemma3,subject-matter,4,"uncertain utility interaction (net metering, utility ownership, and agreed standards)",context,,,20
subject-matter_gemma3_20_b8,subject-matter_gemma3,gemma3,subject-matter,8,misconception and lack of knowledge leads to lengthy/expensive design and permit process,context,,,20
subject-matter_gemma3_20_b10,subject-matter_gemma3,gemma3,subject-matter,10,uncertain regulatory roadmap,context,,,20
generalist_phi4_20_b1,generalist_phi4,phi4,generalist,1,"power losses, quality and safety issues",context,,,20
generalist_phi4_20_b3,generalist_phi4,phi4,generalist,3,lack of use-cases in which DC is advantageous,context,,,20
generalist_phi4_20_b4,generalist_phi4,phi4,generalist,4,"uncertain utility interaction (net metering, utility ownership, and agreed standards)",context,,,20
generalist_phi4_20_b5,generalist_phi4,phi4,generalist,5,lack of pilot projects,context,,,20
generalist_phi4_20_b10,generalist_phi4,phi4,generalist,10,uncertain regulatory roadmap,context,,,20
normative_phi4_20_b1,normative_phi4,phi4,normative,1,"power losses, quality and safety issues",context,,,20
normative_phi4_20_b3,normative_phi4,phi4,normative,3,lack of use-cases in which DC is advantageous,context,,,20
normative_phi4_20_b4,normative_phi4,phi4,normative,4,"uncertain utility interaction (net metering, utility ownership, and agreed standards)",context,,,20
normative_phi4_20_b8,normative_phi4,phi4,normative,8,misconception and lack of knowledge leads to lengthy/expensive design and permit process,context,,,20
normative_phi4_20_b10,normative_phi4,phi4,normative,10,uncertain regulatory roadmap,context,,,20
subject-matter_phi4_20_b1,subject-matter_phi4,phi4,subject-matter,1,"power losses, quality and safety issues",context,,,20
subject-matter_phi4_20_b4,subject-matter_phi4,phi4,subject-matter,4,"uncertain utility interaction (net metering, utility ownership, and agreed standards)",context,,,20
subject-matter_phi4_20_b5,subject-matter_phi4,phi4,subject-matter,5,lack of pilot projects,context,,,20
subject-matter_phi4_20_b10,subject-matter_phi4,phi4,subject-matter,10,uncertain regulatory roadmap,context,,,20
subject-matter_phi4_20_b11,subject-matter_phi4,phi4,subject-matter,11,high costs of DC solutions,context,,,20
generalist_llama_21_b1,generalist_llama,llama,generalist,1,"power losses, quality and safety issues",context,,,21
generalist_llama_21_b2,generalist_llama,llama,generalist,2,reduced reliability in DC devices,context,,,21
generalist_llama_21_b4,generalist_llama,llama,generalist,4,"uncertain utility interaction (net metering, utility ownership, and agreed standards)",context,,,21
generalist_llama_21_b5,generalist_llama,llama,generalist,5,lack of pilot projects,context,,,21
generalist_llama_21_b6,generalist_llama,llama,generalist,6,public perception of DC and readiness to 'champion' installations from DC projects,context,,,21
normative_llama_21_b1,normative_llama,llama,normative,1,"power losses, quality and safety issues",context,,,21
normative_llama_21_b2,normative_llama,llama,normative,2,reduced reliability in DC devices,context,,,21
normative_llama_21_b3,normative_llama,llama,normative,3,lack of use-cases in which DC is advantageous,context,,,21
normative_llama_21_b4,normative_llama,llama,normative,4,"uncertain utility interaction (net metering, utility ownership, and agreed standards)",context,,,21
normative_llama_21_b5,normative_llama,llama,normative,5,lack of pilot projects,context,,,21
subject-matter_llama_21_b1,subject-matter_llama,llama,subject-matter,1,"power losses, quality and safety issues",context,,,21
subject-matter_llama_21_b2,subject-matter_llama,llama,subject-matter,2,reduced reliability in DC devices,context,,,21
subject-matter_llama_21_b3,subject-matter_llama,llama,subject-matter,3,lack of use-cases in which DC is advantageous,context,,,21
subject-matter_llama_21_b4,subject-matter_llama,llama,subject-matter,4,"uncertain utility interaction (net metering, utility ownership, and agreed standards)",context,,,21
subject-matter_llama_21_b5,subject-matter_llama,llama,subject-matter,5,lack of pilot projects,context,,,21
generalist_mistral_21_b1,generalist_mistral,mistral,generalist,1,"power losses, quality and safety issues",context,,,21
generalist_mistral_21_b2,generalist_mistral,mistral,generalist,2,reduced reliability in DC devices,context,,,21
generalist_mistral_21_b3,generalist_mistral,mistral,generalist,3,lack of use-cases in which DC is advantageous,context,,,21
generalist_mistral_21_b4,generalist_mistral,mistral,generalist,4,"uncertain utility interaction (net metering, utility ownership, and agreed standards)",context,,,21
generalist_mistral_21_b5,generalist_mistral,mistral,generalist,5,lack of pilot projects,context,,,21
normative_mistral_21_b1,normative_mistral,mistral,normative,1,"power losses, quality and safety issues",context,,,21
normative_mistral_21_b2,normative_mistral,mistral,normative,2,reduced reliability in DC devices,context,,,21
normative_mistral_21_b4,normative_mistral,mistral,normative,4,"uncertain utility interaction (net metering, utility ownership, and agreed standards)",context,,,21
normative_mistral_21_b5,normative_mistral,mistral,normative,5,lack of pilot projects,context,,,21
normative_mistral_21_b9,normative_mistral,mistral,normative,9,lack of enough trained personnel in DC systems,context,,,21
subject-matter_mistral_21_b1,subject-matter_mistral,mistral,subject-matter,1,"power losses, quality and safety issues",context,,,21
subject-matter_mistral_21_b2,subject-matter_mistral,mistral,subject-matter,2,reduced reliability in DC devices,context,,,21
subject-matter_mistral_21_b3,subject-matter_mistral,mistral,subject-matter,3,lack of use-cases in which DC is advantageous,context,,,21
subject-matter_mistral_21_b4,subject-matter_mistral,mistral,subject-matter,4,"uncertain utility interaction (net metering, utility ownership, and agreed standards)",context,,,21
subject-matter_mistral_21_b5,subject-matter_mistral,mistral,subject-matter,5,lack of pilot projects,context,,,21
generalist_gemma3_21_b1,generalist_gemma3,gemma3,generalist,1,"power losses, quality and safety issues",context,,,21
generalist_gemma3_21_b5,generalist_gemma3,gemma3,generalist,5,lack of pilot projects,context,,,21
generalist_gemma3_21_b6,generalist_gemma3,gemma3,generalist,6,public perception of DC and readiness to 'champion' installations from DC projects,context,,,21
generalist_gemma3_21_b8,generalist_gemma3,gemma3,generalist,8,misconception and lack of knowledge leads to lengthy/expensive design and permit process,context,,,21
generalist_gemma3_21_b10,generalist_gemma3,gemma3,generalist,10,uncertain regulatory roadmap,context,,,21
normative_gemma3_21_b1,normative_gemma3,gemma3,normative,1,"power losses, quality and safety issues",context,,,21
normative_gemma3_21_b4,normative_gemma3,gemma3,normative,4,"uncertain utility interaction (net metering, utility ownership, and agreed standards)",context,,,21
normative_gemma3_21_b7,normative_gemma3,gemma3,normative,7,incompatibility of DC systems components,context,,,21
normative_gemma3_21_b8,normative_gemma3,gemma3,normative,8,misconception and lack of knowledge leads to lengthy/expensive design and permit process,context,,,21
normative_gemma3_21_b11,normative_gemma3,gemma3,normative,11,high costs of DC solutions,context,,,21
subject-matter_gemma3_21_b1,subject-matter_gemma3,gemma3,subject-matter,1,"power losses, quality and safety issues",context,,,21
subject-matter_gemma3_21_b3,subject-matter_gemma3,gemma3,subject-matter,3,lack of use-cases in which DC is advantageous,context,,,21
subject-matter_gemma3_21_b4,subject-matter_gemma3,gemma3,subject-matter,4,"uncertain utility interaction (net metering, utility ownership, and agreed standards)",context,,,21
subject-matter_gemma3_21_b8,subject-matter_gemma3,gemma3,subject-matter,8,misconception and lack of knowledge leads to lengthy/expensive design and permit process,context,,,21
subject-matter_gemma3_21_b10,subject-matter_gemma3,gemma3,subject-matter,10,uncertain regulatory roadmap,context,,,21
generalist_phi4_21_b1,generalist_phi4,phi4,generalist,1,"power losses, quality and safety issues",context,,,21
generalist_phi4_21_b2,generalist_phi4,phi4,generalist,2,reduced reliability in DC devices,context,,,21
generalist_phi4_21_b3,generalist_phi4,phi4,generalist,3,lack of use-cases in which DC is advantageous,context,,,21
generalist_phi4_21_b4,generalist_phi4,phi4,generalist,4,"uncertain utility interaction (net metering, utility ownership, and agreed standards)",context,,,21
generalist_phi4_21_b5,generalist_phi4,phi4,generalist,5,lack of pilot projects,context,,,21
normative_phi4_21_b1,normative_phi4,phi4,normative,1,"power losses, quality and safety issues",context,,,21
normative_phi4_21_b2,normative_phi4,phi4,normative,2,reduced reliability in DC devices,context,,,21
normative_phi4_21_b3,normative_phi4,phi4,normative,3,lack of use-cases in which DC is advantageous,context,,,21
normative_phi4_21_b4,normative_phi4,phi4,normative,4,"uncertain utility interaction (net metering, utility ownership, and agreed standards)",context,,,21
normative_phi4_21_b5,normative_phi4,phi4,normative,5,lack of pilot projects,context,,,21
subject-matter_phi4_21_b1,subject-matter_phi4,phi4,subject-matter,1,"power losses, quality and safety issues",context,,,21
subject-matter_phi4_21_b3,subject-matter_phi4,phi4,subject-matter,3,lack of use-cases in which DC is advantageous,context,,,21
subject-matter_phi4_21_b4,subject-matter_phi4,phi4,subject-matter,4,"uncertain utility interaction (net metering, utility ownership, and agreed standards)",context,,,21
subject-matter_phi4_21_b5,subject-matter_phi4,phi4,subject-matter,5,lack of pilot projects,context,,,21
subject-matter_phi4_21_b10,subject-matter_phi4,phi4,subject-matter,10,uncertain regulatory roadmap,context,,,21
generalist_llama_22_b5,generalist_llama,llama,generalist,5,lack of pilot projects,context,,,22
generalist_llama_22_b7,generalist_llama,llama,generalist,7,incompatibility of DC systems components,context,,,22
generalist_llama_22_b8,generalist_llama,llama,generalist,8,misconception and lack of knowledge leads to lengthy/expensive design and permit process,context,,,22
generalist_llama_22_b9,generalist_llama,llama,generalist,9,lack of enough trained personnel in DC systems,context,,,22
generalist_llama_22_b10,generalist_llama,llama,generalist,10,uncertain regulatory roadmap,context,,,22
normative_llama_22_b1,normative_llama,llama,normative,1,"power losses, quality and safety issues",context,,,22
normative_llama_22_b2,normative_llama,llama,normative,2,reduced reliability in DC devices,context,,,22
normative_llama_22_b3,normative_llama,llama,normative,3,lack of use-cases in which DC is advantageous,context,,,22
normative_llama_22_b4,normative_llama,llama,normative,4,"uncertain utility interaction (net metering, utility ownership, and agreed standards)",context,,,22
normative_llama_22_b5,normative_llama,llama,normative,5,lack of pilot projects,context,,,22
subject-matter_llama_22_b1,subject-matter_llama,llama,subject-matter,1,"power losses, quality and safety issues",context,,,22
subject-matter_llama_22_b2,subject-matter_llama,llama,subject-matter,2,reduced reliability in DC devices,context,,,22
subject-matter_llama_22_b3,subject-matter_llama,llama,subject-matter,3,lack of use-cases in which DC is advantageous,context,,,22
subject-matter_llama_22_b4,subject-matter_llama,llama,subject-matter,4,"uncertain utility interaction (net metering, utility ownership, and agreed standards)",context,,,22
subject-matter_llama_22_b5,subject-matter_llama,llama,subject-matter,5,lack of pilot projects,context,,,22
generalist_mistral_22_b1,generalist_mistral,mistral,generalist,1,"power losses, quality and safety issues",context,,,22
generalist_mistral_22_b2,generalist_mistral,mistral,generalist,2,reduced reliability in DC devices,context,,,22
generalist_mistral_22_b3,generalist_mistral,mistral,generalist,3,lack of use-cases in which DC is advantageous,context,,,22
generalist_mistral_22_b4,generalist_mistral,mistral,generalist,4,"uncertain utility interaction (net metering, utility ownership, and agreed standards)",context,,,22
generalist_mistral_22_b5,generalist_mistral,mistral,generalist,5,lack of pilot projects,context,,,22
normative_mistral_22_b1,normative_mistral,mistral,normative,1,"power losses, quality and safety issues",context,,,22
normative_mistral_22_b2,normative_mistral,mistral,normative,2,reduced reliability in DC devices,context,,,22
normative_mistral_22_b4,normative_mistral,mistral,normative,4,"uncertain utility interaction (net metering, utility ownership, and agreed standards)",context,,,22
normative_mistral_22_b5,normative_mistral,mistral,normative,5,lack of pilot projects,context,,,22
normative_mistral_22_b11,normative_mistral,mistral,normative,11,high costs of DC solutions,context,,,22
subject-matter_mistral_22_b1,subject-matter_mistral,mistral,subject-matter,1,"power losses, quality and safety issues",context,,,22
subject-matter_mistral_22_b2,subject-matter_mistral,mistral,subject-matter,2,reduced reliability in DC devices,context,,,22
subject-matter_mistral_22_b3,subject-matter_mistral,mistral,subject-matter,3,lack of use-cases in which DC is advantageous,context,,,22
subject-matter_mistral_22_b4,subject-matter_mistral,mistral,subject-matter,4,"uncertain utility interaction (net metering, utility ownership, and agreed standards)",context,,,22
subject-matter_mistral_22_b5,subject-matter_mistral,mistral,subject-matter,5,lack of pilot projects,context,,,22
generalist_gemma3_22_b1,generalist_gemma3,gemma3,generalist,1,"power losses, quality and safety issues",context,,,22
generalist_gemma3_22_b3,generalist_gemma3,gemma3,generalist,3,lack of use-cases in which DC is advantageous,context,,,22
generalist_gemma3_22_b4,generalist_gemma3,gemma3,generalist,4,"uncertain utility interaction (net metering, utility ownership, and agreed standards)",context,,,22
generalist_gemma3_22_b8,generalist_gemma3,gemma3,generalist,8,misconception and lack of knowledge leads to lengthy/expensive design and permit process,context,,,22
generalist_gemma3_22_b10,generalist_gemma3,gemma3,generalist,10,uncertain regulatory roadmap,context,,,22
normative_gemma3_22_b1,normative_gemma3,gemma3,normative,1,"power losses, quality and safety issues",context,,,22
normative_gemma3_22_b4,normative_gemma3,gemma3,normative,4,"uncertain utility interaction (net metering, utility ownership, and agreed standards)",context,,,22
normative_gemma3_22_b5,normative_gemma3,gemma3,normative,5,lack of pilot projects,context,,,22
normative_gemma3_22_b8,normative_gemma3,gemma3,normative,8,misconception and lack of knowledge leads to lengthy/expensive design and permit process,context,,,22
normative_gemma3_22_b10,normative_gemma3,gemma3,normative,10,uncertain regulatory roadmap,context,,,22
subject-matter_gemma3_22_b1,subject-matter_gemma3,gemma3,subject-matter,1,"power losses, quality and safety issues",context,,,22
subject-matter_gemma3_22_b3,subject-matter_gemma3,gemma3,subject-matter,3,lack of use-cases in which DC is advantageous,context,,,22
subject-matter_gemma3_22_b4,subject-matter_gemma3,gemma3,subject-matter,4,"uncertain utility interaction (net metering, utility ownership, and agreed standards)",context,,,22
subject-matter_gemma3_22_b8,subject-matter_gemma3,gemma3,subject-matter,8,misconception and lack of knowledge leads to lengthy/expensive design and permit process,context,,,22
subject-matter_gemma3_22_b10,subject-matter_gemma3,gemma3,subject-matter,10,uncertain regulatory roadmap,context,,,22
generalist_phi4_22_b1,generalist_phi4,phi4,generalist,1,"power losses, quality and safety issues",context,,,22
generalist_phi4_22_b2,generalist_phi4,phi4,generalist,2,reduced reliability in DC devices,context,,,22
generalist_phi4_22_b4,generalist_phi4,phi4,generalist,4,"uncertain utility interaction (net metering, utility ownership, and agreed standards)",context,,,22
generalist_phi4_22_b5,generalist_phi4,phi4,generalist,5,lack of pilot projects,context,,,22
generalist_phi4_22_b11,generalist_phi4,phi4,generalist,11,high costs of DC solutions,context,,,22
normative_phi4_22_b1,normative_phi4,phi4,normative,1,"power losses, quality and safety issues",context,,,22
normative_phi4_22_b3,normative_phi4,phi4,normative,3,lack of use-cases in which DC is advantageous,context,,,22
normative_phi4_22_b4,normative_phi4,phi4,normative,4,"uncertain utility interaction (net metering, utility ownership, and agreed standards)",context,,,22
normative_phi4_22_b5,normative_phi4,phi4,normative,5,lack of pilot projects,context,,,22
normative_phi4_22_b10,normative_phi4,phi4,normative,10,uncertain regulatory roadmap,context,,,22
subject-matter_phi4_22_b1,subject-matter_phi4,phi4,subject-matter,1,"power losses, quality and safety issues",context,,,22
subject-matter_phi4_22_b2,subject-matter_phi4,phi4,subject-matter,2,reduced reliability in DC devices,context,,,22
subject-matter_phi4_22_b4,subject-matter_phi4,phi4,subject-matter,4,"uncertain utility interaction (net metering, utility ownership, and agreed standards)",context,,,22
subject-matter_phi4_22_b5,subject-matter_phi4,phi4,subject-matter,5,lack of pilot projects,context,,,22
subject-matter_phi4_22_b9,subject-matter_phi4,phi4,subject-matter,9,lack of enough trained personnel in DC systems,context,,,22
generalist_llama_23_b1,generalist_llama,llama,generalist,1,"power losses, quality and safety issues",context,,,23
generalist_llama_23_b2,generalist_llama,llama,generalist,2,reduced reliability in DC devices,context,,,23
generalist_llama_23_b3,generalist_llama,llama,generalist,3,lack of use-cases in which DC is advantageous,context,,,23
generalist_llama_23_b4,generalist_llama,llama,generalist,4,"uncertain utility interaction (net metering, utility ownership, and agreed standards)",context,,,23
generalist_llama_23_b5,generalist_llama,llama,generalist,5,lack of pilot projects,context,,,23
normative_llama_23_b5,normative_llama,llama,normative,5,lack of pilot projects,context,,,23
normative_llama_23_b6,normative_llama,llama,normative,6,public perception of DC and readiness to 'champion' installations from DC projects,context,,,23
normative_llama_23_b7,normative_llama,llama,normative,7,incompatibility of DC systems components,context,,,23
normative_llama_23_b8,normative_llama,llama,normative,8,misconception and lack of knowledge leads to lengthy/expensive design and permit process,context,,,23
normative_llama_23_b9,normative_llama,llama,normative,9,lack of enough trained personnel in DC systems,context,,,23
subject-matter_llama_23_b1,subject-matter_llama,llama,subject-matter,1,"power losses, quality and safety issues",context,,,23
subject-matter_llama_23_b6,subject-matter_llama,llama,subject-matter,6,public perception of DC and readiness to 'champion' installations from DC projects,context,,,23
subject-matter_llama_23_b7,subject-matter_llama,llama,subject-matter,7,incompatibility of DC systems components,context,,,23
subject-matter_llama_23_b8,subject-matter_llama,llama,subject-matter,8,misconception and lack of knowledge leads to lengthy/expensive design and permit process,context,,,23
subject-matter_llama_23_b9,subject-matter_llama,llama,subject-matter,9,lack of enough trained personnel in DC systems,context,,,23
generalist_mistral_23_b1,generalist_mistral,mistral,generalist,1,"power losses, quality and safety issues",context,,,23
generalist_mistral_23_b2,generalist_mistral,mistral,generalist,2,reduced reliability in DC devices,context,,,23
generalist_mistral_23_b3,generalist_mistral,mistral,generalist,3,lack of use-cases in which DC is advantageous,context,,,23
generalist_mistral_23_b4,generalist_mistral,mistral,generalist,4,"uncertain utility interaction (net metering, utility ownership, and agreed standards)",context,,,23
generalist_mistral_23_b5,generalist_mistral,mistral,generalist,5,lack of pilot projects,context,,,23
normative_mistral_23_b1,normative_mistral,mistral,normative,1,"power losses, quality and safety issues",context,,,23
normative_mistral_23_b2,normative_mistral,mistral,normative,2,reduced reliability in DC devices,context,,,23
normative_mistral_23_b3,normative_mistral,mistral,normative,3,lack of use-cases in which DC is advantageous,context,,,23
normative_mistral_23_b4,normative_mistral,mistral,normative,4,"uncertain utility interaction (net metering, utility ownership, and agreed standards)",context,,,23
normative_mistral_23_b5,normative_mistral,mistral,normative,5,lack of pilot projects,context,,,23
subject-matter_mistral_23_b1,subject-matter_mistral,mistral,subject-matter,1,"power losses, quality and safety issues",context,,,23
subject-matter_mistral_23_b2,subject-matter_mistral,mistral,subject-matter,2,reduced reliability in DC devices,context,,,23
subject-matter_mistral_23_b4,subject-matter_mistral,mistral,subject-matter,4,"uncertain utility interaction (net metering, utility ownership, and agreed standards)",context,,,23
subject-matter_mistral_23_b5,subject-matter_mistral,mistral,subject-matter,5,lack of pilot projects,context,,,23
subject-matter_mistral_23_b7,subject-matter_mistral,mistral,subject-matter,7,incompatibility of DC systems components,context,,,23
generalist_gemma3_23_b1,generalist_gemma3,gemma3,generalist,1,"power losses, quality and safety issues",context,,,23
generalist_gemma3_23_b3,generalist_gemma3,gemma3,generalist,3,lack of use-cases in which DC is advantageous,context,,,23
generalist_gemma3_23_b4,generalist_gemma3,gemma3,generalist,4,"uncertain utility interaction (net metering, utility ownership, and agreed standards)",context,,,23
generalist_gemma3_23_b8,generalist_gemma3,gemma3,generalist,8,misconception and lack of knowledge leads to lengthy/expensive design and permit process,context,,,23
generalist_gemma3_23_b11,generalist_gemma3,gemma3,generalist,11,high costs of DC solutions,context,,,23
normative_gemma3_23_b1,normative_gemma3,gemma3,normative,1,"power losses, quality and safety issues",context,,,23
normative_gemma3_23_b5,normative_gemma3,gemma3,normative,5,lack of pilot projects,context,,,23
normative_gemma3_23_b6,normative_gemma3,gemma3,normative,6,public perception of DC and readiness to 'champion' installations from DC projects,context,,,23
normative_gemma3_23_b8,normative_gemma3,gemma3,normative,8,misconception and lack of knowledge leads to lengthy/expensive design and permit process,context,,,23
normative_gemma3_23_b10,normative_gemma3,gemma3,normative,10,uncertain regulatory roadmap,context,,,23
subject-matter_gemma3_23_b1,subject-matter_gemma3,gemma3,subject-matter,1,"power losses, quality and safety issues",context,,,23
subject-matter_gemma3_23_b5,subject-matter_gemma3,gemma3,subject-matter,5,lack of pilot projects,context,,,23
subject-matter_gemma3_23_b6,subject-matter_gemma3,gemma3,subject-matter,6,public perception of DC and readiness to 'champion' installations from DC projects,context,,,23
subject-matter_gemma3_23_b8,subject-matter_gemma3,gemma3,subject-matter,8,misconception and lack of knowledge leads to lengthy/expensive design and permit process,context,,,23
subject-matter_gemma3_23_b10,subject-matter_gemma3,gemma3,subject-matter,10,uncertain regulatory roadmap,context,,,23
generalist_phi4_23_b1,generalist_phi4,phi4,generalist,1,"power losses, quality and safety issues",context,,,23
generalist_phi4_23_b3,generalist_phi4,phi4,generalist,3,lack of use-cases in which DC is advantageous,context,,,23
generalist_phi4_23_b4,generalist_phi4,phi4,generalist,4,"uncertain utility interaction (net metering, utility ownership, and agreed standards)",context,,,23
generalist_phi4_23_b5,generalist_phi4,phi4,generalist,5,lack of pilot projects,context,,,23
generalist_phi4_23_b10,generalist_phi4,phi4,generalist,10,uncertain regulatory roadmap,context,,,23
normative_phi4_23_b1,normative_phi4,phi4,normative,1,"power losses, quality and safety issues",context,,,23
normative_phi4_23_b4,normative_phi4,phi4,normative,4,"uncertain utility interaction (net metering, utility ownership, and agreed standards)",context,,,23
normative_phi4_23_b5,normative_phi4,phi4,normative,5,lack of pilot projects,context,,,23
normative_phi4_23_b8,normative_phi4,phi4,normative,8,misconception and lack of knowledge leads to lengthy/expensive design and permit process,context,,,23
normative_phi4_23_b10,normative_phi4,phi4,normative,10,uncertain regulatory roadmap,context,,,23
subject-matter_phi4_23_b1,subject-matter_phi4,phi4,subject-matter,1,"power losses, quality and safety issues",context,,,23
subject-matter_phi4_23_b2,subject-matter_phi4,phi4,subject-matter,2,reduced reliability in DC devices,context,,,23
subject-matter_phi4_23_b4,subject-matter_phi4,phi4,subject-matter,4,"uncertain utility interaction (net metering, utility ownership, and agreed standards)",context,,,23
subject-matter_phi4_23_b5,subject-matter_phi4,phi4,subject-matter,5,lack of pilot projects,context,,,23
subject-matter_phi4_23_b10,subject-matter_phi4,phi4,subject-matter,10,uncertain regulatory roadmap,context,,,23
generalist_llama_24_b1,generalist_llama,llama,generalist,1,"power losses, quality and safety issues",context,,,24
generalist_llama_24_b3,generalist_llama,llama,generalist,3,lack of use-cases in which DC is advantageous,context,,,24
generalist_llama_24_b4,generalist_llama,llama,generalist,4,"uncertain utility interaction (net metering, utility ownership, and agreed standards)",context,,,24
generalist_llama_24_b5,generalist_llama,llama,generalist,5,lack of pilot projects,context,,,24
generalist_llama_24_b6,generalist_llama,llama,generalist,6,public perception of DC and readiness to 'champion' installations from DC projects,context,,,24
normative_llama_24_b1,normative_llama,llama,normative,1,"power losses, quality and safety issues",context,,,24
normative_llama_24_b2,normative_llama,llama,normative,2,reduced reliability in DC devices,context,,,24
normative_llama_24_b3,normative_llama,llama,normative,3,lack of use-cases in which DC is advantageous,context,,,24
normative_llama_24_b4,normative_llama,llama,normative,4,"uncertain utility interaction (net metering, utility ownership, and agreed standards)",context,,,24
normative_llama_24_b5,normative_llama,llama,normative,5,lack of pilot projects,context,,,24
subject-matter_llama_24_b5,subject-matter_llama,llama,subject-matter,5,lack of pilot projects,context,,,24
subject-matter_llama_24_b6,subject-matter_llama,llama,subject-matter,6,public perception of DC and readiness to 'champion' installations from DC projects,context,,,24
subject-matter_llama_24_b7,subject-matter_llama,llama,subject-matter,7,incompatibility of DC systems components,context,,,24
subject-matter_llama_24_b8,subject-matter_llama,llama,subject-matter,8,misconception and lack of knowledge leads to lengthy/expensive design and permit process,context,,,24
subject-matter_llama_24_b9,subject-matter_llama,llama,subject-matter,9,lack of enough trained personnel in DC systems,context,,,24
generalist_mistral_24_b1,generalist_mistral,mistral,generalist,1,"power losses, quality and safety issues",context,,,24
generalist_mistral_24_b2,generalist_mistral,mistral,generalist,2,reduced reliability in DC devices,context,,,24
generalist_mistral_24_b3,generalist_mistral,mistral,generalist,3,lack of use-cases in which DC is advantageous,context,,,24
generalist_mistral_24_b4,generalist_mistral,mistral,generalist,4,"uncertain utility interaction (net metering, utility ownership, and agreed standards)",context,,,24
generalist_mistral_24_b5,generalist_mistral,mistral,generalist,5,lack of pilot projects,context,,,24
normative_mistral_24_b1,normative_mistral,mistral,normative,1,"power losses, quality and safety issues",context,,,24
normative_mistral_24_b2,normative_mistral,mistral,normative,2,reduced reliability in DC devices,context,,,24
normative_mistral_24_b3,normative_mistral,mistral,normative,3,lack of use-cases in which DC is advantageous,context,,,24
normative_mistral_24_b4,normative_mistral,mistral,normative,4,"uncertain utility interaction (net metering, utility ownership, and agreed standards)",context,,,24
normative_mistral_24_b11,normative_mistral,mistral,normative,11,high costs of DC solutions,context,,,24
subject-matter_mistral_24_b1,subject-matter_mistral,mistral,subject-matter,1,"power losses, quality and safety issues",context,,,24
subject-matter_mistral_24_b2,subject-matter_mistral,mistral,subject-matter,2,reduced reliability in DC devices,context,,,24
subject-matter_mistral_24_b3,subject-matter_mistral,mistral,subject-matter,3,lack of use-cases in which DC is advantageous,context,,,24
subject-matter_mistral_24_b4,subject-matter_mistral,mistral,subject-matter,4,"uncertain utility interaction (net metering, utility ownership, and agreed standards)",context,,,24
subject-matter_mistral_24_b11,subject-matter_mistral,mistral,subject-matter,11,high costs of DC solutions,context,,,24
generalist_gemma3_24_b1,generalist_gemma3,gemma3,generalist,1,"power losses, quality and safety issues",context,,,24
generalist_gemma3_24_b3,generalist_gemma3,gemma3,generalist,3,lack of use-cases in which DC is advantageous,context,,,24
generalist_gemma3_24_b4,generalist_gemma3,gemma3,generalist,4,"uncertain utility interaction (net metering, utility ownership, and agreed standards)",context,,,24
generalist_gemma3_24_b8,generalist_gemma3,gemma3,generalist,8,misconception and lack of knowledge leads to lengthy/expensive design and permit process,context,,,24
generalist_gemma3_24_b11,generalist_gemma3,gemma3,generalist,11,high costs of DC solutions,context,,,24
normative_gemma3_24_b1,normative_gemma3,gemma3,normative,1,"power losses, quality and safety issues",context,,,24
normative_gemma3_24_b4,normative_gemma3,gemma3,normative,4,"uncertain utility interaction (net metering, utility ownership, and agreed standards)",context,,,24
normative_gemma3_24_b7,normative_gemma3,gemma3,normative,7,incompatibility of DC systems components,context,,,24
normative_gemma3_24_b8,normative_gemma3,gemma3,normative,8,misconception and lack of knowledge leads to lengthy/expensive design and permit process,context,,,24
normative_gemma3_24_b11,normative_gemma3,gemma3,normative,11,high costs of DC solutions,context,,,24
subject-matter_gemma3_24_b1,subject-matter_gemma3,gemma3,subject-matter,1,"power losses, quality and safety issues",context,,,24
subject-matter_gemma3_24_b4,subject-matter_gemma3,gemma3,subject-matter,4,"uncertain utility interaction (net metering, utility ownership, and agreed standards)",context,,,24
subject-matter_gemma3_24_b8,subject-matter_gemma3,gemma3,subject-matter,8,misconception and lack of knowledge leads to lengthy/expensive design and permit process,context,,,24
subject-matter_gemma3_24_b10,subject-matter_gemma3,gemma3,subject-matter,10,uncertain regulatory roadmap,context,,,24
subject-matter_gemma3_24_b11,subject-matter_gemma3,gemma3,subject-matter,11,high costs of DC solutions,context,,,24
generalist_phi4_24_b1,generalist_phi4,phi4,generalist,1,"power losses, quality and safety issues",context,,,24
generalist_phi4_24_b2,generalist_phi4,phi4,generalist,2,reduced reliability in DC devices,context,,,24
generalist_phi4_24_b3,generalist_phi4,phi4,generalist,3,lack of use-cases in which DC is advantageous,context,,,24
generalist_phi4_24_b4,generalist_phi4,phi4,generalist,4,"uncertain utility interaction (net metering, utility ownership, and agreed standards)",context,,,24
generalist_phi4_24_b5,generalist_phi4,phi4,generalist,5,lack of pilot projects,context,,,24
normative_phi4_24_b1,normative_phi4,phi4,normative,1,"power losses, quality and safety issues",context,,,24
normative_phi4_24_b3,normative_phi4,phi4,normative,3,lack of use-cases in which DC is advantageous,context,,,24
normative_phi4_24_b4,normative_phi4,phi4,normative,4,"uncertain utility interaction (net metering, utility ownership, and agreed standards)",context,,,24
normative_phi4_24_b5,normative_phi4,phi4,normative,5,lack of pilot projects,context,,,24
normative_phi4_24_b10,normative_phi4,phi4,normative,10,uncertain regulatory roadmap,context,,,24
subject-matter_phi4_24_b1,subject-matter_phi4,phi4,subject-matter,1,"power losses, quality and safety issues",context,,,24
subject-matter_phi4_24_b4,subject-matter_phi4,phi4,subject-matter,4,"uncertain utility interaction (net metering, utility ownership, and agreed standards)",context,,,24
subject-matter_phi4_24_b5,subject-matter_phi4,phi4,subject-matter,5,lack of pilot projects,context,,,24
subject-matter_phi4_24_b8,subject-matter_phi4,phi4,subject-matter,8,misconception and lack of knowledge leads to lengthy/expensive design and permit process,context,,,24
subject-matter_phi4_24_b11,subject-matter_phi4,phi4,subject-matter,11,high costs of DC solutions,context,,,24
generalist_llama_25_b1,generalist_llama,llama,generalist,1,"power losses, quality and safety issues",context,,,25
generalist_llama_25_b2,generalist_llama,llama,generalist,2,reduced reliability in DC devices,context,,,25
generalist_llama_25_b3,generalist_llama,llama,generalist,3,lack of use-cases in which DC is advantageous,context,,,25
generalist_llama_25_b4,generalist_llama,llama,generalist,4,"uncertain utility interaction (net metering, utility ownership, and agreed standards)",context,,,25
generalist_llama_25_b5,generalist_llama,llama,generalist,5,lack of pilot projects,context,,,25
normative_llama_25_b1,normative_llama,llama,normative,1,"power losses, quality and safety issues",context,,,25
normative_llama_25_b2,normative_llama,llama,normative,2,reduced reliability in DC devices,context,,,25
normative_llama_25_b3,normative_llama,llama,normative,3,lack of use-cases in which DC is advantageous,context,,,25
normative_llama_25_b4,normative_llama,llama,normative,4,"uncertain utility interaction (net metering, utility ownership, and agreed standards)",context,,,25
normative_llama_25_b5,normative_llama,llama,normative,5,lack of pilot projects,context,,,25
subject-matter_llama_25_b1,subject-matter_llama,llama,subject-matter,1,"power losses, quality and safety issues",context,,,25
subject-matter_llama_25_b2,subject-matter_llama,llama,subject-matter,2,reduced reliability in DC devices,context,,,25
subject-matter_llama_25_b4,subject-matter_llama,llama,subject-matter,4,"uncertain utility interaction (net metering, utility ownership, and agreed standards)",context,,,25
subject-matter_llama_25_b3,subject-matter_llama,llama,subject-matter,3,lack of use-cases in which DC is advantageous,context,,,25
subject-matter_llama_25_b7,subject-matter_llama,llama,subject-matter,7,incompatibility of DC systems components,context,,,25
generalist_mistral_25_b1,generalist_mistral,mistral,generalist,1,"power losses, quality and safety issues",context,,,25
generalist_mistral_25_b2,generalist_mistral,mistral,generalist,2,reduced reliability in DC devices,context,,,25
generalist_mistral_25_b3,generalist_mistral,mistral,generalist,3,lack of use-cases in which DC is advantageous,context,,,25
generalist_mistral_25_b4,generalist_mistral,mistral,generalist,4,"uncertain utility interaction (net metering, utility ownership, and agreed standards)",context,,,25
generalist_mistral_25_b5,generalist_mistral,mistral,generalist,5,lack of pilot projects,context,,,25
normative_mistral_25_b1,normative_mistral,mistral,normative,1,"power losses, quality and safety issues",context,,,25
normative_mistral_25_b2,normative_mistral,mistral,normative,2,reduced reliability in DC devices,context,,,25
normative_mistral_25_b3,normative_mistral,mistral,normative,3,lack of use-cases in which DC is advantageous,context,,,25
normative_mistral_25_b4,normative_mistral,mistral,normative,4,"uncertain utility interaction (net metering, utility ownership, and agreed standards)",context,,,25
normative_mistral_25_b5,normative_mistral,mistral,normative,5,lack of pilot projects,context,,,25
subject-matter_mistral_25_b1,subject-matter_mistral,mistral,subject-matter,1,"power losses, quality and safety issues",context,,,25
subject-matter_mistral_25_b2,subject-matter_mistral,mistral,subject-matter,2,reduced reliability in DC devices,context,,,25
subject-matter_mistral_25_b4,subject-matter_mistral,mistral,subject-matter,4,"uncertain utility interaction (net metering, utility ownership, and agreed standards)",context,,,25
subject-matter_mistral_25_b5,subject-matter_mistral,mistral,subject-matter,5,lack of pilot projects,context,,,25
subject-matter_mistral_25_b9,subject-matter_mistral,mistral,subject-matter,9,lack of enough trained personnel in DC systems,context,,,25
generalist_gemma3_25_b1,generalist_gemma3,gemma3,generalist,1,"power losses, quality and safety issues",context,,,25
generalist_gemma3_25_b3,generalist_gemma3,gemma3,generalist,3,lack of use-cases in which DC is advantageous,context,,,25
generalist_gemma3_25_b4,generalist_gemma3,gemma3,generalist,4,"uncertain utility interaction (net metering, utility ownership, and agreed standards)",context,,,25
generalist_gemma3_25_b8,generalist_gemma3,gemma3,generalist,8,misconception and lack of knowledge leads to lengthy/expensive design and permit process,context,,,25
generalist_gemma3_25_b11,generalist_gemma3,gemma3,generalist,11,high costs of DC solutions,context,,,25
normative_gemma3_25_b1,normative_gemma3,gemma3,normative,1,"power losses, quality and safety issues",context,,,25
normative_gemma3_25_b4,normative_gemma3,gemma3,normative,4,"uncertain utility interaction (net metering, utility ownership, and agreed standards)",context,,,25
normative_gemma3_25_b7,normative_gemma3,gemma3,normative,7,incompatibility of DC systems components,context,,,25
normative_gemma3_25_b8,normative_gemma3,gemma3,normative,8,misconception and lack of knowledge leads to lengthy/expensive design and permit process,context,,,25
normative_gemma3_25_b11,normative_gemma3,gemma3,normative,11,high costs of DC solutions,context,,,25
subject-matter_gemma3_25_b1,subject-matter_gemma3,gemma3,subject-matter,1,"power losses, quality and safety issues",context,,,25
subject-matter_gemma3_25_b5,subject-matter_gemma3,gemma3,subject-matter,5,lack of pilot projects,context,,,25
subject-matter_gemma3_25_b4,subject-matter_gemma3,gemma3,subject-matter,4,"uncertain utility interaction (net metering, utility ownership, and agreed standards)",context,,,25
subject-matter_gemma3_25_b8,subject-matter_gemma3,gemma3,subject-matter,8,misconception and lack of knowledge leads to lengthy/expensive design and permit process,context,,,25
subject-matter_gemma3_25_b10,subject-matter_gemma3,gemma3,subject-matter,10,uncertain regulatory roadmap,context,,,25
generalist_phi4_25_b1,generalist_phi4,phi4,generalist,1,"power losses, quality and safety issues",context,,,25
generalist_phi4_25_b3,generalist_phi4,phi4,generalist,3,lack of use-cases in which DC is advantageous,context,,,25
generalist_phi4_25_b4,generalist_phi4,phi4,generalist,4,"uncertain utility interaction (net metering, utility ownership, and agreed standards)",context,,,25
generalist_phi4_25_b5,generalist_phi4,phi4,generalist,5,lack of pilot projects,context,,,25
generalist_phi4_25_b10,generalist_phi4,phi4,generalist,10,uncertain regulatory roadmap,context,,,25
normative_phi4_25_b1,normative_phi4,phi4,normative,1,"power losses, quality and safety issues",context,,,25
normative_phi4_25_b3,normative_phi4,phi4,normative,3,lack of use-cases in which DC is advantageous,context,,,25
normative_phi4_25_b4,normative_phi4,phi4,normative,4,"uncertain utility interaction (net metering, utility ownership, and agreed standards)",context,,,25
normative_phi4_25_b9,normative_phi4,phi4,normative,9,lack of enough trained personnel in DC systems,context,,,25
normative_phi4_25_b10,normative_phi4,phi4,normative,10,uncertain regulatory roadmap,context,,,25
subject-matter_phi4_25_b1,subject-matter_phi4,phi4,subject-matter,1,"power losses, quality and safety issues",context,,,25
subject-matter_phi4_25_b2,subject-matter_phi4,phi4,subject-matter,2,reduced reliability in DC devices,context,,,25
subject-matter_phi4_25_b3,subject-matter_phi4,phi4,subject-matter,3,lack of use-cases in which DC is advantageous,context,,,25
subject-matter_phi4_25_b4,subject-matter_phi4,phi4,subject-matter,4,"uncertain utility interaction (net metering, utility ownership, and agreed standards)",context,,,25
subject-matter_phi4_25_b10,subject-matter_phi4,phi4,subject-matter,10,uncertain regulatory roadmap,context,,,25
generalist_llama_26_b1,generalist_llama,llama,generalist,1,"power losses, quality and safety issues",context,,,26
generalist_llama_26_b2,generalist_llama,llama,generalist,2,reduced reliability in DC devices,context,,,26
generalist_llama_26_b3,generalist_llama,llama,generalist,3,lack of use-cases in which DC is advantageous,context,,,26
generalist_llama_26_b4,generalist_llama,llama,generalist,4,"uncertain utility interaction (net metering, utility ownership, and agreed standards)",context,,,26
generalist_llama_26_b5,generalist_llama,llama,generalist,5,lack of pilot projects,context,,,26
normative_llama_26_b1,normative_llama,llama,normative,1,"power losses, quality and safety issues",context,,,26
normative_llama_26_b2,normative_llama,llama,normative,2,reduced reliability in DC devices,context,,,26
normative_llama_26_b3,normative_llama,llama,normative,3,lack of use-cases in which DC is advantageous,context,,,26
normative_llama_26_b4,normative_llama,llama,normative,4,"uncertain utility interaction (net metering, utility ownership, and agreed standards)",context,,,26
normative_llama_26_b5,normative_llama,llama,normative,5,lack of pilot projects,context,,,26
subject-matter_llama_26_b1,subject-matter_llama,llama,subject-matter,1,"power losses, quality and safety issues",context,,,26
subject-matter_llama_26_b2,subject-matter_llama,llama,subject-matter,2,reduced reliability in DC devices,context,,,26
subject-matter_llama_26_b3,subject-matter_llama,llama,subject-matter,3,lack of use-cases in which DC is advantageous,context,,,26
subject-matter_llama_26_b4,subject-matter_llama,llama,subject-matter,4,"uncertain utility interaction (net metering, utility ownership, and agreed standards)",context,,,26
subject-matter_llama_26_b5,subject-matter_llama,llama,subject-matter,5,lack of pilot projects,context,,,26
generalist_mistral_26_b1,generalist_mistral,mistral,generalist,1,"power losses, quality and safety issues",context,,,26
generalist_mistral_26_b2,generalist_mistral,mistral,generalist,2,reduced reliability in DC devices,context,,,26
generalist_mistral_26_b3,generalist_mistral,mistral,generalist,3,lack of use-cases in which DC is advantageous,context,,,26
generalist_mistral_26_b4,generalist_mistral,mistral,generalist,4,"uncertain utility interaction (net metering, utility ownership, and agreed standards)",context,,,26
generalist_mistral_26_b5,generalist_mistral,mistral,generalist,5,lack of pilot projects,context,,,26
normative_mistral_26_b1,normative_mistral,mistral,normative,1,"power losses, quality and safety issues",context,,,26
normative_mistral_26_b2,normative_mistral,mistral,normative,2,reduced reliability in DC devices,context,,,26
normative_mistral_26_b3,normative_mistral,mistral,normative,3,lack of use-cases in which DC is advantageous,context,,,26
normative_mistral_26_b4,normative_mistral,mistral,normative,4,"uncertain utility interaction (net metering, utility ownership, and agreed standards)",context,,,26
normative_mistral_26_b5,normative_mistral,mistral,normative,5,lack of pilot projects,context,,,26
subject-matter_mistral_26_b1,subject-matter_mistral,mistral,subject-matter,1,"power losses, quality and safety issues",context,,,26
subject-matter_mistral_26_b2,subject-matter_mistral,mistral,subject-matter,2,reduced reliability in DC devices,context,,,26
subject-matter_mistral_26_b3,subject-matter_mistral,mistral,subject-matter,3,lack of use-cases in which DC is advantageous,context,,,26
subject-matter_mistral_26_b4,subject-matter_mistral,mistral,subject-matter,4,"uncertain utility interaction (net metering, utility ownership, and agreed standards)",context,,,26
subject-matter_mistral_26_b5,subject-matter_mistral,mistral,subject-matter,5,lack of pilot projects,context,,,26
generalist_gemma3_26_b1,generalist_gemma3,gemma3,generalist,1,"power losses, quality and safety issues",context,,,26
generalist_gemma3_26_b5,generalist_gemma3,gemma3,generalist,5,lack of pilot projects,context,,,26
generalist_gemma3_26_b6,generalist_gemma3,gemma3,generalist,6,public perception of DC and readiness to 'champion' installations from DC projects,context,,,26
generalist_gemma3_26_b8,generalist_gemma3,gemma3,generalist,8,misconception and lack of knowledge leads to lengthy/expensive design and permit process,context,,,26
generalist_gemma3_26_b10,generalist_gemma3,gemma3,generalist,10,uncertain regulatory roadmap,context,,,26
normative_gemma3_26_b1,normative_gemma3,gemma3,normative,1,"power losses, quality and safety issues",context,,,26
normative_gemma3_26_b4,normative_gemma3,gemma3,normative,4,"uncertain utility interaction (net metering, utility ownership, and agreed standards)",context,,,26
normative_gemma3_26_b7,normative_gemma3,gemma3,normative,7,incompatibility of DC systems components,context,,,26
normative_gemma3_26_b8,normative_gemma3,gemma3,normative,8,misconception and lack of knowledge leads to lengthy/expensive design and permit process,context,,,26
normative_gemma3_26_b11,normative_gemma3,gemma3,normative,11,high costs of DC solutions,context,,,26
subject-matter_gemma3_26_b1,subject-matter_gemma3,gemma3,subject-matter,1,"power losses, quality and safety issues",context,,,26
subject-matter_gemma3_26_b3,subject-matter_gemma3,gemma3,subject-matter,3,lack of use-cases in which DC is advantageous,context,,,26
subject-matter_gemma3_26_b4,subject-matter_gemma3,gemma3,subject-matter,4,"uncertain utility interaction (net metering, utility ownership, and agreed standards)",context,,,26
subject-matter_gemma3_26_b8,subject-matter_gemma3,gemma3,subject-matter,8,misconception and lack of knowledge leads to lengthy/expensive design and permit process,context,,,26
subject-matter_gemma3_26_b10,subject-matter_gemma3,gemma3,subject-matter,10,uncertain regulatory roadmap,context,,,26
generalist_phi4_26_b1,generalist_phi4,phi4,generalist,1,"power losses, quality and safety issues",context,,,26
generalist_phi4_26_b4,generalist_phi4,phi4,generalist,4,"uncertain utility interaction (net metering, utility ownership, and agreed standards)",context,,,26
generalist_phi4_26_b5,generalist_phi4,phi4,generalist,5,lack of pilot projects,context,,,26
generalist_phi4_26_b10,generalist_phi4,phi4,generalist,10,uncertain regulatory roadmap,context,,,26
generalist_phi4_26_b11,generalist_phi4,phi4,generalist,11,high costs of DC solutions,context,,,26
normative_phi4_26_b1,normative_phi4,phi4,normative,1,"power losses, quality and safety issues",context,,,26
normative_phi4_26_b4,normative_phi4,phi4,normative,4,"uncertain utility interaction (net metering, utility ownership, and agreed standards)",context,,,26
normative_phi4_26_b6,normative_phi4,phi4,normative,6,public perception of DC and readiness to 'champion' installations from DC projects,context,,,26
normative_phi4_26_b8,normative_phi4,phi4,normative,8,misconception and lack of knowledge leads to lengthy/expensive design and permit process,context,,,26
normative_phi4_26_b10,normative_phi4,phi4,normative,10,uncertain regulatory roadmap,context,,,26
subject-matter_phi4_26_b1,subject-matter_phi4,phi4,subject-matter,1,"power losses, quality and safety issues",context,,,26
subject-matter_phi4_26_b3,subject-matter_phi4,phi4,subject-matter,3,lack of use-cases in which DC is advantageous,context,,,26
subject-matter_phi4_26_b4,subject-matter_phi4,phi4,subject-matter,4,"uncertain utility interaction (net metering, utility ownership, and agreed standards)",context,,,26
subject-matter_phi4_26_b5,subject-matter_phi4,phi4,subject-matter,5,lack of pilot projects,context,,,26
subject-matter_phi4_26_b10,subject-matter_phi4,phi4,subject-matter,10,uncertain regulatory roadmap,context,,,26
generalist_llama_27_b1,generalist_llama,llama,generalist,1,"power losses, quality and safety issues",context,,,27
generalist_llama_27_b2,generalist_llama,llama,generalist,2,reduced reliability in DC devices,context,,,27
generalist_llama_27_b3,generalist_llama,llama,generalist,3,lack of use-cases in which DC is advantageous,context,,,27
generalist_llama_27_b4,generalist_llama,llama,generalist,4,"uncertain utility interaction (net metering, utility ownership, and agreed standards)",context,,,27
generalist_llama_27_b5,generalist_llama,llama,generalist,5,lack of pilot projects,context,,,27
normative_llama_27_b1,normative_llama,llama,normative,1,"power losses, quality and safety issues",context,,,27
normative_llama_27_b2,normative_llama,llama,normative,2,reduced reliability in DC devices,context,,,27
normative_llama_27_b3,normative_llama,llama,normative,3,lack of use-cases in which DC is advantageous,context,,,27
normative_llama_27_b4,normative_llama,llama,normative,4,"uncertain utility interaction (net metering, utility ownership, and agreed standards)",context,,,27
normative_llama_27_b5,normative_llama,llama,normative,5,lack of pilot projects,context,,,27
subject-matter_llama_27_b1,subject-matter_llama,llama,subject-matter,1,"power losses, quality and safety issues",context,,,27
subject-matter_llama_27_b2,subject-matter_llama,llama,subject-matter,2,reduced reliability in DC devices,context,,,27
subject-matter_llama_27_b3,subject-matter_llama,llama,subject-matter,3,lack of use-cases in which DC is advantageous,context,,,27
subject-matter_llama_27_b4,subject-matter_llama,llama,subject-matter,4,"uncertain utility interaction (net metering, utility ownership, and agreed standards)",context,,,27
subject-matter_llama_27_b5,subject-matter_llama,llama,subject-matter,5,lack of pilot projects,context,,,27
generalist_mistral_27_b1,generalist_mistral,mistral,generalist,1,"power losses, quality and safety issues",context,,,27
generalist_mistral_27_b2,generalist_mistral,mistral,generalist,2,reduced reliability in DC devices,context,,,27
generalist_mistral_27_b3,generalist_mistral,mistral,generalist,3,lack of use-cases in which DC is advantageous,context,,,27
generalist_mistral_27_b4,generalist_mistral,mistral,generalist,4,"uncertain utility interaction (net metering, utility ownership, and agreed standards)",context,,,27
generalist_mistral_27_b5,generalist_mistral,mistral,generalist,5,lack of pilot projects,context,,,27
normative_mistral_27_b1,normative_mistral,mistral,normative,1,"power losses, quality and safety issues",context,,,27
normative_mistral_27_b2,normative_mistral,mistral,normative,2,reduced reliability in DC devices,context,,,27
normative_mistral_27_b4,normative_mistral,mistral,normative,4,"uncertain utility interaction (net metering, utility ownership, and agreed standards)",context,,,27
normative_mistral_27_b5,normative_mistral,mistral,normative,5,lack of pilot projects,context,,,27
normative_mistral_27_b6,normative_mistral,mistral,normative,6,public perception of DC and readiness to 'champion' installations from DC projects,context,,,27
subject-matter_mistral_27_b1,subject-matter_mistral,mistral,subject-matter,1,"power losses, quality and safety issues",context,,,27
subject-matter_mistral_27_b2,subject-matter_mistral,mistral,subject-matter,2,reduced reliability in DC devices,context,,,27
subject-matter_mistral_27_b4,subject-matter_mistral,mistral,subject-matter,4,"uncertain utility interaction (net metering, utility ownership, and agreed standards)",context,,,27
subject-matter_mistral_27_b5,subject-matter_mistral,mistral,subject-matter,5,lack of pilot projects,context,,,27
subject-matter_mistral_27_b11,subject-matter_mistral,mistral,subject-matter,11,high costs of DC solutions,context,,,27
generalist_gemma3_27_b1,generalist_gemma3,gemma3,generalist,1,"power losses, quality and safety issues",context,,,27
generalist_gemma3_27_b5,generalist_gemma3,gemma3,generalist,5,lack of pilot projects,context,,,27
generalist_gemma3_27_b6,generalist_gemma3,gemma3,generalist,6,public perception of DC and readiness to 'champion' installations from DC projects,context,,,27
generalist_gemma3_27_b8,generalist_gemma3,gemma3,generalist,8,misconception and lack of knowledge leads to lengthy/expensive design and permit process,context,,,27
generalist_gemma3_27_b10,generalist_gemma3,gemma3,generalist,10,uncertain regulatory roadmap,context,,,27
normative_gemma3_27_b1,normative_gemma3,gemma3,normative,1,"power losses, quality and safety issues",context,,,27
normative_gemma3_27_b4,normative_gemma3,gemma3,normative,4,"uncertain utility interaction (net metering, utility ownership, and agreed standards)",context,,,27
normative_gemma3_27_b7,normative_gemma3,gemma3,normative,7,incompatibility of DC systems components,context,,,27
normative_gemma3_27_b8,normative_gemma3,gemma3,normative,8,misconception and lack of knowledge leads to lengthy/expensive design and permit process,context,,,27
normative_gemma3_27_b11,normative_gemma3,gemma3,normative,11,high costs of DC solutions,context,,,27
subject-matter_gemma3_27_b1,subject-matter_gemma3,gemma3,subject-matter,1,"power losses, quality and safety issues",context,,,27
subject-matter_gemma3_27_b3,subject-matter_gemma3,gemma3,subject-matter,3,lack of use-cases in which DC is advantageous,context,,,27
subject-matter_gemma3_27_b4,subject-matter_gemma3,gemma3,subject-matter,4,"uncertain utility interaction (net metering, utility ownership, and agreed standards)",context,,,27
subject-matter_gemma3_27_b8,subject-matter_gemma3,gemma3,subject-matter,8,misconception and lack of knowledge leads to lengthy/expensive design and permit process,context,,,27
subject-matter_gemma3_27_b10,subject-matter_gemma3,gemma3,subject-matter,10,uncertain regulatory roadmap,context,,,27
generalist_phi4_27_b1,generalist_phi4,phi4,generalist,1,"power losses, quality and safety issues",context,,,27
generalist_phi4_27_b3,generalist_phi4,phi4,generalist,3,lack of use-cases in which DC is advantageous,context,,,27
generalist_phi4_27_b4,generalist_phi4,phi4,generalist,4,"uncertain utility interaction (net metering, utility ownership, and agreed standards)",context,,,27
generalist_phi4_27_b5,generalist_phi4,phi4,generalist,5,lack of pilot projects,context,,,27
generalist_phi4_27_b10,generalist_phi4,phi4,generalist,10,uncertain regulatory roadmap,context,,,27
normative_phi4_27_b1,normative_phi4,phi4,normative,1,"power losses, quality and safety issues",context,,,27
normative_phi4_27_b2,normative_phi4,phi4,normative,2,reduced reliability in DC devices,context,,,27
normative_phi4_27_b3,normative_phi4,phi4,normative,3,lack of use-cases in which DC is advantageous,context,,,27
normative_phi4_27_b4,normative_phi4,phi4,normative,4,"uncertain utility interaction (net metering, utility ownership, and agreed standards)",context,,,27
normative_phi4_27_b5,normative_phi4,phi4,normative,5,lack of pilot projects,context,,,27
subject-matter_phi4_27_b1,subject-matter_phi4,phi4,subject-matter,1,"power losses, quality and safety issues",context,,,27
subject-matter_phi4_27_b3,subject-matter_phi4,phi4,subject-matter,3,lack of use-cases in which DC is advantageous,context,,,27
subject-matter_phi4_27_b4,subject-matter_phi4,phi4,subject-matter,4,"uncertain utility interaction (net metering, utility ownership, and agreed standards)",context,,,27
subject-matter_phi4_27_b5,subject-matter_phi4,phi4,subject-matter,5,lack of pilot projects,context,,,27
subject-matter_phi4_27_b10,subject-matter_phi4,phi4,subject-matter,10,uncertain regulatory roadmap,context,,,27
generalist_llama_28_b1,generalist_llama,llama,generalist,1,"power losses, quality and safety issues",context,,,28
generalist_llama_28_b3,generalist_llama,llama,generalist,3,lack of use-cases in which DC is advantageous,context,,,28
generalist_llama_28_b4,generalist_llama,llama,generalist,4,"uncertain utility interaction (net metering, utility ownership, and agreed standards)",context,,,28
generalist_llama_28_b7,generalist_llama,llama,generalist,7,incompatibility of DC systems components,context,,,28
generalist_llama_28_b11,generalist_llama,llama,generalist,11,high costs of DC solutions,context,,,28
normative_llama_28_b1,normative_llama,llama,normative,1,"power losses, quality and safety issues",context,,,28
normative_llama_28_b2,normative_llama,llama,normative,2,reduced reliability in DC devices,context,,,28
normative_llama_28_b3,normative_llama,llama,normative,3,lack of use-cases in which DC is advantageous,context,,,28
normative_llama_28_b4,normative_llama,llama,normative,4,"uncertain utility interaction (net metering, utility ownership, and agreed standards)",context,,,28
normative_llama_28_b5,normative_llama,llama,normative,5,lack of pilot projects,context,,,28
subject-matter_llama_28_b1,subject-matter_llama,llama,subject-matter,1,"power losses, quality and safety issues",context,,,28
subject-matter_llama_28_b2,subject-matter_llama,llama,subject-matter,2,reduced reliability in DC devices,context,,,28
subject-matter_llama_28_b3,subject-matter_llama,llama,subject-matter,3,lack of use-cases in which DC is advantageous,context,,,28
subject-matter_llama_28_b4,subject-matter_llama,llama,subject-matter,4,"uncertain utility interaction (net metering, utility ownership, and agreed standards)",context,,,28
subject-matter_llama_28_b5,subject-matter_llama,llama,subject-matter,5,lack of pilot projects,context,,,28
generalist_mistral_28_b1,generalist_mistral,mistral,generalist,1,"power losses, quality and safety issues",context,,,28
generalist_mistral_28_b2,generalist_mistral,mistral,generalist,2,reduced reliability in DC devices,context,,,28
generalist_mistral_28_b3,generalist_mistral,mistral,generalist,3,lack of use-cases in which DC is advantageous,context,,,28
generalist_mistral_28_b4,generalist_mistral,mistral,generalist,4,"uncertain utility interaction (net metering, utility ownership, and agreed standards)",context,,,28
generalist_mistral_28_b5,generalist_mistral,mistral,generalist,5,lack of pilot projects,context,,,28
normative_mistral_28_b1,normative_mistral,mistral,normative,1,"power losses, quality and safety issues",context,,,28
normative_mistral_28_b2,normative_mistral,mistral,normative,2,reduced reliability in DC devices,context,,,28
normative_mistral_28_b3,normative_mistral,mistral,normative,3,lack of use-cases in which DC is advantageous,context,,,28
normative_mistral_28_b4,normative_mistral,mistral,normative,4,"uncertain utility interaction (net metering, utility ownership, and agreed standards)",context,,,28
normative_mistral_28_b5,normative_mistral,mistral,normative,5,lack of pilot projects,context,,,28
subject-matter_mistral_28_b1,subject-matter_mistral,mistral,subject-matter,1,"power losses, quality and safety issues",context,,,28
subject-matter_mistral_28_b2,subject-matter_mistral,mistral,subject-matter,2,reduced reliability in DC devices,context,,,28
subject-matter_mistral_28_b4,subject-matter_mistral,mistral,subject-matter,4,"uncertain utility interaction (net metering, utility ownership, and agreed standards)",context,,,28
subject-matter_mistral_28_b5,subject-matter_mistral,mistral,subject-matter,5,lack of pilot projects,context,,,28
subject-matter_mistral_28_b7,subject-matter_mistral,mistral,subject-matter,7,incompatibility of DC systems components,context,,,28
generalist_gemma3_28_b1,generalist_gemma3,gemma3,generalist,1,"power losses, quality and safety issues",context,,,28
generalist_gemma3_28_b3,generalist_gemma3,gemma3,generalist,3,lack of use-cases in which DC is advantageous,context,,,28
generalist_gemma3_28_b4,generalist_gemma3,gemma3,generalist,4,"uncertain utility interaction (net metering, utility ownership, and agreed standards)",context,,,28
generalist_gemma3_28_b8,generalist_gemma3,gemma3,generalist,8,misconception and lack of knowledge leads to lengthy/expensive design and permit process,context,,,28
generalist_gemma3_28_b11,generalist_gemma3,gemma3,generalist,11,high costs of DC solutions,context,,,28
normative_gemma3_28_b1,normative_gemma3,gemma3,normative,1,"power losses, quality and safety issues",context,,,28
normative_gemma3_28_b5,normative_gemma3,gemma3,normative,5,lack of pilot projects,context,,,28
normative_gemma3_28_b4,normative_gemma3,gemma3,normative,4,"uncertain utility interaction (net metering, utility ownership, and agreed standards)",context,,,28
normative_gemma3_28_b8,normative_gemma3,gemma3,normative,8,misconception and lack of knowledge leads to lengthy/expensive design and permit process,context,,,28
normative_gemma3_28_b10,normative_gemma3,gemma3,normative,10,uncertain regulatory roadmap,context,,,28
subject-matter_gemma3_28_b1,subject-matter_gemma3,gemma3,subject-matter,1,"power losses, quality and safety issues",context,,,28
subject-matter_gemma3_28_b5,subject-matter_gemma3,gemma3,subject-matter,5,lack of pilot projects,context,,,28
subject-matter_gemma3_28_b6,subject-matter_gemma3,gemma3,subject-matter,6,public perception of DC and readiness to 'champion' installations from DC projects,context,,,28
subject-matter_gemma3_28_b8,subject-matter_gemma3,gemma3,subject-matter,8,misconception and lack of knowledge leads to lengthy/expensive design and permit process,context,,,28
subject-matter_gemma3_28_b10,subject-matter_gemma3,gemma3,subject-matter,10,uncertain regulatory roadmap,context,,,28
generalist_phi4_28_b1,generalist_phi4,phi4,generalist,1,"power losses, quality and safety issues",context,,,28
generalist_phi4_28_b3,generalist_phi4,phi4,generalist,3,lack of use-cases in which DC is advantageous,context,,,28
generalist_phi4_28_b4,generalist_phi4,phi4,generalist,4,"uncertain utility interaction (net metering, utility ownership, and agreed standards)",context,,,28
generalist_phi4_28_b5,generalist_phi4,phi4,generalist,5,lack of pilot projects,context,,,28
generalist_phi4_28_b10,generalist_phi4,phi4,generalist,10,uncertain regulatory roadmap,context,,,28
normative_phi4_28_b1,normative_phi4,phi4,normative,1,"power losses, quality and safety issues",context,,,28
normative_phi4_28_b3,normative_phi4,phi4,normative,3,lack of use-cases in which DC is advantageous,context,,,28
normative_phi4_28_b4,normative_phi4,phi4,normative,4,"uncertain utility interaction (net metering, utility ownership, and agreed standards)",context,,,28
normative_phi4_28_b5,normative_phi4,phi4,normative,5,lack of pilot projects,context,,,28
normative_phi4_28_b10,normative_phi4,phi4,normative,10,uncertain regulatory roadmap,context,,,28
subject-matter_phi4_28_b1,subject-matter_phi4,phi4,subject-matter,1,"power losses, quality and safety issues",context,,,28
subject-matter_phi4_28_b4,subject-matter_phi4,phi4,subject-matter,4,"uncertain utility interaction (net metering, utility ownership, and agreed standards)",context,,,28
subject-matter_phi4_28_b5,subject-matter_phi4,phi4,subject-matter,5,lack of pilot projects,context,,,28
subject-matter_phi4_28_b6,subject-matter_phi4,phi4,subject-matter,6,public perception of DC and readiness to 'champion' installations from DC projects,context,,,28
subject-matter_phi4_28_b10,subject-matter_phi4,phi4,subject-matter,10,uncertain regulatory roadmap,context,,,28
generalist_llama_29_b1,generalist_llama,llama,generalist,1,"power losses, quality and safety issues",context,,,29
generalist_llama_29_b3,generalist_llama,llama,generalist,3,lack of use-cases in which DC is advantageous,context,,,29
generalist_llama_29_b4,generalist_llama,llama,generalist,4,"uncertain utility interaction (net metering, utility ownership, and agreed standards)",context,,,29
generalist_llama_29_b7,generalist_llama,llama,generalist,7,incompatibility of DC systems components,context,,,29
generalist_llama_29_b8,generalist_llama,llama,generalist,8,misconception and lack of knowledge leads to lengthy/expensive design and permit process,context,,,29
normative_llama_29_b6,normative_llama,llama,normative,6,public perception of DC and readiness to 'champion' installations from DC projects,context,,,29
normative_llama_29_b7,normative_llama,llama,normative,7,incompatibility of DC systems components,context,,,29
normative_llama_29_b9,normative_llama,llama,normative,9,lack of enough trained personnel in DC systems,context,,,29
normative_llama_29_b10,normative_llama,llama,normative,10,uncertain regulatory roadmap,context,,,29
normative_llama_29_b11,normative_llama,llama,normative,11,high costs of DC solutions,context,,,29
subject-matter_llama_29_b1,subject-matter_llama,llama,subject-matter,1,"power losses, quality and safety issues",context,,,29
subject-matter_llama_29_b2,subject-matter_llama,llama,subject-matter,2,reduced reliability in DC devices,context,,,29
subject-matter_llama_29_b4,subject-matter_llama,llama,subject-matter,4,"uncertain utility interaction (net metering, utility ownership, and agreed standards)",context,,,29
subject-matter_llama_29_b3,subject-matter_llama,llama,subject-matter,3,lack of use-cases in which DC is advantageous,context,,,29
subject-matter_llama_29_b6,subject-matter_llama,llama,subject-matter,6,public perception of DC and readiness to 'champion' installations from DC projects,context,,,29
generalist_mistral_29_b1,generalist_mistral,mistral,generalist,1,"power losses, quality and safety issues",context,,,29
generalist_mistral_29_b2,generalist_mistral,mistral,generalist,2,reduced reliability in DC devices,context,,,29
generalist_mistral_29_b4,generalist_mistral,mistral,generalist,4,"uncertain utility interaction (net metering, utility ownership, and agreed standards)",context,,,29
generalist_mistral_29_b5,generalist_mistral,mistral,generalist,5,lack of pilot projects,context,,,29
generalist_mistral_29_b9,generalist_mistral,mistral,generalist,9,lack of enough trained personnel in DC systems,context,,,29
normative_mistral_29_b1,normative_mistral,mistral,normative,1,"power losses, quality and safety issues",context,,,29
normative_mistral_29_b2,normative_mistral,mistral,normative,2,reduced reliability in DC devices,context,,,29
normative_mistral_29_b4,normative_mistral,mistral,normative,4,"uncertain utility interaction (net metering, utility ownership, and agreed standards)",context,,,29
normative_mistral_29_b5,normative_mistral,mistral,normative,5,lack of pilot projects,context,,,29
normative_mistral_29_b6,normative_mistral,mistral,normative,6,public perception of DC and readiness to 'champion' installations from DC projects,context,,,29
subject-matter_mistral_29_b1,subject-matter_mistral,mistral,subject-matter,1,"power losses, quality and safety issues",context,,,29
subject-matter_mistral_29_b2,subject-matter_mistral,mistral,subject-matter,2,reduced reliability in DC devices,context,,,29
subject-matter_mistral_29_b4,subject-matter_mistral,mistral,subject-matter,4,"uncertain utility interaction (net metering, utility ownership, and agreed standards)",context,,,29
subject-matter_mistral_29_b5,subject-matter_mistral,mistral,subject-matter,5,lack of pilot projects,context,,,29
subject-matter_mistral_29_b10,subject-matter_mistral,mistral,subject-matter,10,uncertain regulatory roadmap,context,,,29
generalist_gemma3_29_b1,generalist_gemma3,gemma3,generalist,1,"power losses, quality and safety issues",context,,,29
generalist_gemma3_29_b5,generalist_gemma3,gemma3,generalist,5,lack of pilot projects,context,,,29
generalist_gemma3_29_b6,generalist_gemma3,gemma3,generalist,6,public perception of DC and readiness to 'champion' installations from DC projects,context,,,29
generalist_gemma3_29_b8,generalist_gemma3,gemma3,generalist,8,misconception and lack of knowledge leads to lengthy/expensive design and permit process,context,,,29
generalist_gemma3_29_b10,generalist_gemma3,gemma3,generalist,10,uncertain regulatory roadmap,context,,,29
normative_gemma3_29_b1,normative_gemma3,gemma3,normative,1,"power losses, quality and safety issues",context,,,29
normative_gemma3_29_b4,normative_gemma3,gemma3,normative,4,"uncertain utility interaction (net metering, utility ownership, and agreed standards)",context,,,29
normative_gemma3_29_b7,normative_gemma3,gemma3,normative,7,incompatibility of DC systems components,context,,,29
normative_gemma3_29_b8,normative_gemma3,gemma3,normative,8,misconception and lack of knowledge leads to lengthy/expensive design and permit process,context,,,29
normative_gemma3_29_b11,normative_gemma3,gemma3,normative,11,high costs of DC solutions,context,,,29
subject-matter_gemma3_29_b1,subject-matter_gemma3,gemma3,subject-matter,1,"power losses, quality and safety issues",context,,,29
subject-matter_gemma3_29_b3,subject-matter_gemma3,gemma3,subject-matter,3,lack of use-cases in which DC is advantageous,context,,,29
subject-matter_gemma3_29_b4,subject-matter_gemma3,gemma3,subject-matter,4,"uncertain utility interaction (net metering, utility ownership, and agreed standards)",context,,,29
subject-matter_gemma3_29_b8,subject-matter_gemma3,gemma3,subject-matter,8,misconception and lack of knowledge leads to lengthy/expensive design and permit process,context,,,29
subject-matter_gemma3_29_b10,subject-matter_gemma3,gemma3,subject-matter,10,uncertain regulatory roadmap,context,,,29
generalist_phi4_29_b1,generalist_phi4,phi4,generalist,1,"power losses, quality and safety issues",context,,,29
generalist_phi4_29_b3,generalist_phi4,phi4,generalist,3,lack of use-cases in which DC is advantageous,context,,,29
generalist_phi4_29_b4,generalist_phi4,phi4,generalist,4,"uncertain utility interaction (net metering, utility ownership, and agreed standards)",context,,,29
generalist_phi4_29_b5,generalist_phi4,phi4,generalist,5,lack of pilot projects,context,,,29
generalist_phi4_29_b10,generalist_phi4,phi4,generalist,10,uncertain regulatory roadmap,context,,,29
normative_phi4_29_b1,normative_phi4,phi4,normative,1,"power losses, quality and safety issues",context,,,29
normative_phi4_29_b4,normative_phi4,phi4,normative,4,"uncertain utility interaction (net metering, utility ownership, and agreed standards)",context,,,29
normative_phi4_29_b5,normative_phi4,phi4,normative,5,lack of pilot projects,context,,,29
normative_phi4_29_b9,normative_phi4,phi4,normative,9,lack of enough trained personnel in DC systems,context,,,29
normative_phi4_29_b10,normative_phi4,phi4,normative,10,uncertain regulatory roadmap,context,,,29
subject-matter_phi4_29_b1,subject-matter_phi4,phi4,subject-matter,1,"power losses, quality and safety issues",context,,,29
subject-matter_phi4_29_b3,subject-matter_phi4,phi4,subject-matter,3,lack of use-cases in which DC is advantageous,context,,,29
subject-matter_phi4_29_b4,subject-matter_phi4,phi4,subject-matter,4,"uncertain utility interaction (net metering, utility ownership, and agreed standards)",context,,,29
subject-matter_phi4_29_b5,subject-matter_phi4,phi4,subject-matter,5,lack of pilot projects,context,,,29
subject-matter_phi4_29_b10,subject-matter_phi4,phi4,subject-matter,10,uncertain regulatory roadmap,context,,,29
generalist_llama_30_b1,generalist_llama,llama,generalist,1,"power losses, quality and safety issues",context,,,30
generalist_llama_30_b2,generalist_llama,llama,generalist,2,reduced reliability in DC devices,context,,,30
generalist_llama_30_b3,generalist_llama,llama,generalist,3,lack of use-cases in which DC is advantageous,context,,,30
generalist_llama_30_b4,generalist_llama,llama,generalist,4,"uncertain utility interaction (net metering, utility ownership, and agreed standards)",context,,,30
generalist_llama_30_b5,generalist_llama,llama,generalist,5,lack of pilot projects,context,,,30
normative_llama_30_b1,normative_llama,llama,normative,1,"power losses, quality and safety issues",context,,,30
normative_llama_30_b2,normative_llama,llama,normative,2,reduced reliability in DC devices,context,,,30
normative_llama_30_b4,normative_llama,llama,normative,4,"uncertain utility interaction (net metering, utility ownership, and agreed standards)",context,,,30
normative_llama_30_b5,normative_llama,llama,normative,5,lack of pilot projects,context,,,30
normative_llama_30_b6,normative_llama,llama,normative,6,public perception of DC and readiness to 'champion' installations from DC projects,context,,,30
subject-matter_llama_30_b7,subject-matter_llama,llama,subject-matter,7,incompatibility of DC systems components,context,,,30
subject-matter_llama_30_b11,subject-matter_llama,llama,subject-matter,11,high costs of DC solutions,context,,,30
subject-matter_llama_30_b3,subject-matter_llama,llama,subject-matter,3,lack of use-cases in which DC is advantageous,context,,,30
subject-matter_llama_30_b4,subject-matter_llama,llama,subject-matter,4,"uncertain utility interaction (net metering, utility ownership, and agreed standards)",context,,,30
subject-matter_llama_30_b5,subject-matter_llama,llama,subject-matter,5,lack of pilot projects,context,,,30
generalist_mistral_30_b1,generalist_mistral,mistral,generalist,1,"power losses, quality and safety issues",context,,,30
generalist_mistral_30_b2,generalist_mistral,mistral,generalist,2,reduced reliability in DC devices,context,,,30
generalist_mistral_30_b3,generalist_mistral,mistral,generalist,3,lack of use-cases in which DC is advantageous,context,,,30
generalist_mistral_30_b4,generalist_mistral,mistral,generalist,4,"uncertain utility interaction (net metering, utility ownership, and agreed standards)",context,,,30
generalist_mistral_30_b5,generalist_mistral,mistral,generalist,5,lack of pilot projects,context,,,30
normative_mistral_30_b1,normative_mistral,mistral,normative,1,"power losses, quality and safety issues",context,,,30
normative_mistral_30_b2,normative_mistral,mistral,normative,2,reduced reliability in DC devices,context,,,30
normative_mistral_30_b3,normative_mistral,mistral,normative,3,lack of use-cases in which DC is advantageous,context,,,30
normative_mistral_30_b4,normative_mistral,mistral,normative,4,"uncertain utility interaction (net metering, utility ownership, and agreed standards)",context,,,30
normative_mistral_30_b5,normative_mistral,mistral,normative,5,lack of pilot projects,context,,,30
subject-matter_mistral_30_b1,subject-matter_mistral,mistral,subject-matter,1,"power losses, quality and safety issues",context,,,30
subject-matter_mistral_30_b2,subject-matter_mistral,mistral,subject-matter,2,reduced reliability in DC devices,context,,,30
subject-matter_mistral_30_b3,subject-matter_mistral,mistral,subject-matter,3,lack of use-cases in which DC is advantageous,context,,,30
subject-matter_mistral_30_b4,subject-matter_mistral,mistral,subject-matter,4,"uncertain utility interaction (net metering, utility ownership, and agreed standards)",context,,,30
subject-matter_mistral_30_b5,subject-matter_mistral,mistral,subject-matter,5,lack of pilot projects,context,,,30
generalist_gemma3_30_b1,generalist_gemma3,gemma3,generalist,1,"power losses, quality and safety issues",context,,,30
generalist_gemma3_30_b3,generalist_gemma3,gemma3,generalist,3,lack of use-cases in which DC is advantageous,context,,,30
generalist_gemma3_30_b4,generalist_gemma3,gemma3,generalist,4,"uncertain utility interaction (net metering, utility ownership, and agreed standards)",context,,,30
generalist_gemma3_30_b8,generalist_gemma3,gemma3,generalist,8,misconception and lack of knowledge leads to lengthy/expensive design and permit process,context,,,30
generalist_gemma3_30_b11,generalist_gemma3,gemma3,generalist,11,high costs of DC solutions,context,,,30
normative_gemma3_30_b1,normative_gemma3,gemma3,normative,1,"power losses, quality and safety issues",context,,,30
normative_gemma3_30_b4,normative_gemma3,gemma3,normative,4,"uncertain utility interaction (net metering, utility ownership, and agreed standards)",context,,,30
normative_gemma3_30_b7,normative_gemma3,gemma3,normative,7,incompatibility of DC systems components,context,,,30
normative_gemma3_30_b8,normative_gemma3,gemma3,normative,8,misconception and lack of knowledge leads to lengthy/expensive design and permit process,context,,,30
normative_gemma3_30_b11,normative_gemma3,gemma3,normative,11,high costs of DC solutions,context,,,30
subject-matter_gemma3_30_b1,subject-matter_gemma3,gemma3,subject-matter,1,"power losses, quality and safety issues",context,,,30
subject-matter_gemma3_30_b3,subject-matter_gemma3,gemma3,subject-matter,3,lack of use-cases in which DC is advantageous,context,,,30
subject-matter_gemma3_30_b4,subject-matter_gemma3,gemma3,subject-matter,4,"uncertain utility interaction (net metering, utility ownership, and agreed standards)",context,,,30
subject-matter_gemma3_30_b8,subject-matter_gemma3,gemma3,subject-matter,8,misconception and lack of knowledge leads to lengthy/expensive design and permit process,context,,,30
subject-matter_gemma3_30_b10,subject-matter_gemma3,gemma3,subject-matter,10,uncertain regulatory roadmap,context,,,30
generalist_phi4_30_b1,generalist_phi4,phi4,generalist,1,"power losses, quality and safety issues",context,,,30
generalist_phi4_30_b3,generalist_phi4,phi4,generalist,3,lack of use-cases in which DC is advantageous,context,,,30
generalist_phi4_30_b4,generalist_phi4,phi4,generalist,4,"uncertain utility interaction (net metering, utility ownership, and agreed standards)",context,,,30
generalist_phi4_30_b5,generalist_phi4,phi4,generalist,5,lack of pilot projects,context,,,30
generalist_phi4_30_b10,generalist_phi4,phi4,generalist,10,uncertain regulatory roadmap,context,,,30
normative_phi4_30_b1,normative_phi4,phi4,normative,1,"power losses, quality and safety issues",context,,,30
normative_phi4_30_b2,normative_phi4,phi4,normative,2,reduced reliability in DC devices,context,,,30
normative_phi4_30_b3,normative_phi4,phi4,normative,3,lack of use-cases in which DC is advantageous,context,,,30
normative_phi4_30_b4,normative_phi4,phi4,normative,4,"uncertain utility interaction (net metering, utility ownership, and agreed standards)",context,,,30
normative_phi4_30_b9,normative_phi4,phi4,normative,9,lack of enough trained personnel in DC systems,context,,,30
subject-matter_phi4_30_b1,subject-matter_phi4,phi4,subject-matter,1,"power losses, quality and safety issues",context,,,30
subject-matter_phi4_30_b2,subject-matter_phi4,phi4,subject-matter,2,reduced reliability in DC devices,context,,,30
subject-matter_phi4_30_b4,subject-matter_phi4,phi4,subject-matter,4,"uncertain utility interaction (net metering, utility ownership, and agreed standards)",context,,,30
subject-matter_phi4_30_b5,subject-matter_phi4,phi4,subject-matter,5,lack of pilot projects,context,,,30
subject-matter_phi4_30_b10,subject-matter_phi4,phi4,subject-matter,10,uncertain regulatory roadmap,context,,,30
generalist_llama_31_b1,generalist_llama,llama,generalist,1,"power losses, quality and safety issues",context,,,31
generalist_llama_31_b2,generalist_llama,llama,generalist,2,reduced reliability in DC devices,context,,,31
generalist_llama_31_b3,generalist_llama,llama,generalist,3,lack of use-cases in which DC is advantageous,context,,,31
generalist_llama_31_b4,generalist_llama,llama,generalist,4,"uncertain utility interaction (net metering, utility ownership, and agreed standards)",context,,,31
generalist_llama_31_b5,generalist_llama,llama,generalist,5,lack of pilot projects,context,,,31
normative_llama_31_b1,normative_llama,llama,normative,1,"power losses, quality and safety issues",context,,,31
normative_llama_31_b2,normative_llama,llama,normative,2,reduced reliability in DC devices,context,,,31
normative_llama_31_b7,normative_llama,llama,normative,7,incompatibility of DC systems components,context,,,31
normative_llama_31_b9,normative_llama,llama,normative,9,lack of enough trained personnel in DC systems,context,,,31
normative_llama_31_b10,normative_llama,llama,normative,10,uncertain regulatory roadmap,context,,,31
subject-matter_llama_31_b1,subject-matter_llama,llama,subject-matter,1,"power losses, quality and safety issues",context,,,31
subject-matter_llama_31_b2,subject-matter_llama,llama,subject-matter,2,reduced reliability in DC devices,context,,,31
subject-matter_llama_31_b3,subject-matter_llama,llama,subject-matter,3,lack of use-cases in which DC is advantageous,context,,,31
subject-matter_llama_31_b4,subject-matter_llama,llama,subject-matter,4,"uncertain utility interaction (net metering, utility ownership, and agreed standards)",context,,,31
subject-matter_llama_31_b5,subject-matter_llama,llama,subject-matter,5,lack of pilot projects,context,,,31
generalist_mistral_31_b1,generalist_mistral,mistral,generalist,1,"power losses, quality and safety issues",context,,,31
generalist_mistral_31_b2,generalist_mistral,mistral,generalist,2,reduced reliability in DC devices,context,,,31
generalist_mistral_31_b3,generalist_mistral,mistral,generalist,3,lack of use-cases in which DC is advantageous,context,,,31
generalist_mistral_31_b4,generalist_mistral,mistral,generalist,4,"uncertain utility interaction (net metering, utility ownership, and agreed standards)",context,,,31
generalist_mistral_31_b5,generalist_mistral,mistral,generalist,5,lack of pilot projects,context,,,31
normative_mistral_31_b1,normative_mistral,mistral,normative,1,"power losses, quality and safety issues",context,,,31
normative_mistral_31_b2,normative_mistral,mistral,normative,2,reduced reliability in DC devices,context,,,31
normative_mistral_31_b4,normative_mistral,mistral,normative,4,"uncertain utility interaction (net metering, utility ownership, and agreed standards)",context,,,31
normative_mistral_31_b5,normative_mistral,mistral,normative,5,lack of pilot projects,context,,,31
normative_mistral_31_b11,normative_mistral,mistral,normative,11,high costs of DC solutions,context,,,31
subject-matter_mistral_31_b1,subject-matter_mistral,mistral,subject-matter,1,"power losses, quality and safety issues",context,,,31
subject-matter_mistral_31_b2,subject-matter_mistral,mistral,subject-matter,2,reduced reliability in DC devices,context,,,31
subject-matter_mistral_31_b3,subject-matter_mistral,mistral,subject-matter,3,lack of use-cases in which DC is advantageous,context,,,31
subject-matter_mistral_31_b4,subject-matter_mistral,mistral,subject-matter,4,"uncertain utility interaction (net metering, utility ownership, and agreed standards)",context,,,31
subject-matter_mistral_31_b5,subject-matter_mistral,mistral,subject-matter,5,lack of pilot projects,context,,,31
generalist_gemma3_31_b1,generalist_gemma3,gemma3,generalist,1,"power losses, quality and safety issues",context,,,31
generalist_gemma3_31_b5,generalist_gemma3,gemma3,generalist,5,lack of pilot projects,context,,,31
generalist_gemma3_31_b6,generalist_gemma3,gemma3,generalist,6,public perception of DC and readiness to 'champion' installations from DC projects,context,,,31
generalist_gemma3_31_b8,generalist_gemma3,gemma3,generalist,8,misconception and lack of knowledge leads to lengthy/expensive design and permit process,context,,,31
generalist_gemma3_31_b10,generalist_gemma3,gemma3,generalist,10,uncertain regulatory roadmap,context,,,31
normative_gemma3_31_b1,normative_gemma3,gemma3,normative,1,"power losses, quality and safety issues",context,,,31
normative_gemma3_31_b4,normative_gemma3,gemma3,normative,4,"uncertain utility interaction (net metering, utility ownership, and agreed standards)",context,,,31
normative_gemma3_31_b7,normative_gemma3,gemma3,normative,7,incompatibility of DC systems components,context,,,31
normative_gemma3_31_b8,normative_gemma3,gemma3,normative,8,misconception and lack of knowledge leads to lengthy/expensive design and permit process,context,,,31
normative_gemma3_31_b11,normative_gemma3,gemma3,normative,11,high costs of DC solutions,context,,,31
subject-matter_gemma3_31_b1,subject-matter_gemma3,gemma3,subject-matter,1,"power losses, quality and safety issues",context,,,31
subject-matter_gemma3_31_b5,subject-matter_gemma3,gemma3,subject-matter,5,lack of pilot projects,context,,,31
subject-matter_gemma3_31_b4,subject-matter_gemma3,gemma3,subject-matter,4,"uncertain utility interaction (net metering, utility ownership, and agreed standards)",context,,,31
subject-matter_gemma3_31_b8,subject-matter_gemma3,gemma3,subject-matter,8,misconception and lack of knowledge leads to lengthy/expensive design and permit process,context,,,31
subject-matter_gemma3_31_b10,subject-matter_gemma3,gemma3,subject-matter,10,uncertain regulatory roadmap,context,,,31
generalist_phi4_31_b1,generalist_phi4,phi4,generalist,1,"power losses, quality and safety issues",context,,,31
generalist_phi4_31_b3,generalist_phi4,phi4,generalist,3,lack of use-cases in which DC is advantageous,context,,,31
generalist_phi4_31_b4,generalist_phi4,phi4,generalist,4,"uncertain utility interaction (net metering, utility ownership, and agreed standards)",context,,,31
generalist_phi4_31_b5,generalist_phi4,phi4,generalist,5,lack of pilot projects,context,,,31
generalist_phi4_31_b10,generalist_phi4,phi4,generalist,10,uncertain regulatory roadmap,context,,,31
normative_phi4_31_b1,normative_phi4,phi4,normative,1,"power losses, quality and safety issues",context,,,31
normative_phi4_31_b3,normative_phi4,phi4,normative,3,lack of use-cases in which DC is advantageous,context,,,31
normative_phi4_31_b4,normative_phi4,phi4,normative,4,"uncertain utility interaction (net metering, utility ownership, and agreed standards)",context,,,31
normative_phi4_31_b5,normative_phi4,phi4,normative,5,lack of pilot projects,context,,,31
normative_phi4_31_b10,normative_phi4,phi4,normative,10,uncertain regulatory roadmap,context,,,31
subject-matter_phi4_31_b1,subject-matter_phi4,phi4,subject-matter,1,"power losses, quality and safety issues",context,,,31
subject-matter_phi4_31_b4,subject-matter_phi4,phi4,subject-matter,4,"uncertain utility interaction (net metering, utility ownership, and agreed standards)",context,,,31
subject-matter_phi4_31_b5,subject-matter_phi4,phi4,subject-matter,5,lack of pilot projects,context,,,31
subject-matter_phi4_31_b10,subject-matter_phi4,phi4,subject-matter,10,uncertain regulatory roadmap,context,,,31
subject-matter_phi4_31_b11,subject-matter_phi4,phi4,subject-matter,11,high costs of DC solutions,context,,,31
generalist_llama_32_b1,generalist_llama,llama,generalist,1,"power losses, quality and safety issues",context,,,32
generalist_llama_32_b2,generalist_llama,llama,generalist,2,reduced reliability in DC devices,context,,,32
generalist_llama_32_b3,generalist_llama,llama,generalist,3,lack of use-cases in which DC is advantageous,context,,,32
generalist_llama_32_b4,generalist_llama,llama,generalist,4,"uncertain utility interaction (net metering, utility ownership, and agreed standards)",context,,,32
generalist_llama_32_b5,generalist_llama,llama,generalist,5,lack of pilot projects,context,,,32
normative_llama_32_b1,normative_llama,llama,normative,1,"power losses, quality and safety issues",context,,,32
normative_llama_32_b6,normative_llama,llama,normative,6,public perception of DC and readiness to 'champion' installations from DC projects,context,,,32
normative_llama_32_b7,normative_llama,llama,normative,7,incompatibility of DC systems components,context,,,32
normative_llama_32_b8,normative_llama,llama,normative,8,misconception and lack of knowledge leads to lengthy/expensive design and permit process,context,,,32
normative_llama_32_b9,normative_llama,llama,normative,9,lack of enough trained personnel in DC systems,context,,,32
subject-matter_llama_32_b1,subject-matter_llama,llama,subject-matter,1,"power losses, quality and safety issues",context,,,32
subject-matter_llama_32_b2,subject-matter_llama,llama,subject-matter,2,reduced reliability in DC devices,context,,,32
subject-matter_llama_32_b3,subject-matter_llama,llama,subject-matter,3,lack of use-cases in which DC is advantageous,context,,,32
subject-matter_llama_32_b4,subject-matter_llama,llama,subject-matter,4,"uncertain utility interaction (net metering, utility ownership, and agreed standards)",context,,,32
subject-matter_llama_32_b5,subject-matter_llama,llama,subject-matter,5,lack of pilot projects,context,,,32
generalist_mistral_32_b1,generalist_mistral,mistral,generalist,1,"power losses, quality and safety issues",context,,,32
generalist_mistral_32_b2,generalist_mistral,mistral,generalist,2,reduced reliability in DC devices,context,,,32
generalist_mistral_32_b3,generalist_mistral,mistral,generalist,3,lack of use-cases in which DC is advantageous,context,,,32
generalist_mistral_32_b4,generalist_mistral,mistral,generalist,4,"uncertain utility interaction (net metering, utility ownership, and agreed standards)",context,,,32
generalist_mistral_32_b5,generalist_mistral,mistral,generalist,5,lack of pilot projects,context,,,32
normative_mistral_32_b1,normative_mistral,mistral,normative,1,"power losses, quality and safety issues",context,,,32
normative_mistral_32_b2,normative_mistral,mistral,normative,2,reduced reliability in DC devices,context,,,32
normative_mistral_32_b4,normative_mistral,mistral,normative,4,"uncertain utility interaction (net metering, utility ownership, and agreed standards)",context,,,32
normative_mistral_32_b5,normative_mistral,mistral,normative,5,lack of pilot projects,context,,,32
normative_mistral_32_b11,normative_mistral,mistral,normative,11,high costs of DC solutions,context,,,32
subject-matter_mistral_32_b1,subject-matter_mistral,mistral,subject-matter,1,"power losses, quality and safety issues",context,,,32
subject-matter_mistral_32_b2,subject-matter_mistral,mistral,subject-matter,2,reduced reliability in DC devices,context,,,32
subject-matter_mistral_32_b4,subject-matter_mistral,mistral,subject-matter,4,"uncertain utility interaction (net metering, utility ownership, and agreed standards)",context,,,32
subject-matter_mistral_32_b5,subject-matter_mistral,mistral,subject-matter,5,lack of pilot projects,context,,,32
subject-matter_mistral_32_b10,subject-matter_mistral,mistral,subject-matter,10,uncertain regulatory roadmap,context,,,32
generalist_gemma3_32_b1,generalist_gemma3,gemma3,generalist,1,"power losses, quality and safety issues",context,,,32
generalist_gemma3_32_b5,generalist_gemma3,gemma3,generalist,5,lack of pilot projects,context,,,32
generalist_gemma3_32_b6,generalist_gemma3,gemma3,generalist,6,public perception of DC and readiness to 'champion' installations from DC projects,context,,,32
generalist_gemma3_32_b8,generalist_gemma3,gemma3,generalist,8,misconception and lack of knowledge leads to lengthy/expensive design and permit process,context,,,32
generalist_gemma3_32_b10,generalist_gemma3,gemma3,generalist,10,uncertain regulatory roadmap,context,,,32
normative_gemma3_32_b1,normative_gemma3,gemma3,normative,1,"power losses, quality and safety issues",context,,,32
normative_gemma3_32_b4,normative_gemma3,gemma3,normative,4,"uncertain utility interaction (net metering, utility ownership, and agreed standards)",context,,,32
normative_gemma3_32_b7,normative_gemma3,gemma3,normative,7,incompatibility of DC systems components,context,,,32
normative_gemma3_32_b8,normative_gemma3,gemma3,normative,8,misconception and lack of knowledge leads to lengthy/expensive design and permit process,context,,,32
normative_gemma3_32_b11,normative_gemma3,gemma3,normative,11,high costs of DC solutions,context,,,32
subject-matter_gemma3_32_b1,subject-matter_gemma3,gemma3,subject-matter,1,"power losses, quality and safety issues",context,,,32
subject-matter_gemma3_32_b5,subject-matter_gemma3,gemma3,subject-matter,5,lack of pilot projects,context,,,32
subject-matter_gemma3_32_b6,subject-matter_gemma3,gemma3,subject-matter,6,public perception of DC and readiness to 'champion' installations from DC projects,context,,,32
subject-matter_gemma3_32_b8,subject-matter_gemma3,gemma3,subject-matter,8,misconception and lack of knowledge leads to lengthy/expensive design and permit process,context,,,32
subject-matter_gemma3_32_b10,subject-matter_gemma3,gemma3,subject-matter,10,uncertain regulatory roadmap,context,,,32
generalist_phi4_32_b1,generalist_phi4,phi4,generalist,1,"power losses, quality and safety issues",context,,,32
generalist_phi4_32_b3,generalist_phi4,phi4,generalist,3,lack of use-cases in which DC is advantageous,context,,,32
generalist_phi4_32_b4,generalist_phi4,phi4,generalist,4,"uncertain utility interaction (net metering, utility ownership, and agreed standards)",context,,,32
generalist_phi4_32_b5,generalist_phi4,phi4,generalist,5,lack of pilot projects,context,,,32
generalist_phi4_32_b10,generalist_phi4,phi4,generalist,10,uncertain regulatory roadmap,context,,,32
normative_phi4_32_b1,normative_phi4,phi4,normative,1,"power losses, quality and safety issues",context,,,32
normative_phi4_32_b2,normative_phi4,phi4,normative,2,reduced reliability in DC devices,context,,,32
normative_phi4_32_b3,normative_phi4,phi4,normative,3,lack of use-cases in which DC is advantageous,context,,,32
normative_phi4_32_b4,normative_phi4,phi4,normative,4,"uncertain utility interaction (net metering, utility ownership, and agreed standards)",context,,,32
normative_phi4_32_b5,normative_phi4,phi4,normative,5,lack of pilot projects,context,,,32
subject-matter_phi4_32_b1,subject-matter_phi4,phi4,subject-matter,1,"power losses, quality and safety issues",context,,,32
subject-matter_phi4_32_b3,subject-matter_phi4,phi4,subject-matter,3,lack of use-cases in which DC is advantageous,context,,,32
subject-matter_phi4_32_b4,subject-matter_phi4,phi4,subject-matter,4,"uncertain utility interaction (net metering, utility ownership, and agreed standards)",context,,,32
subject-matter_phi4_32_b5,subject-matter_phi4,phi4,subject-matter,5,lack of pilot projects,context,,,32
subject-matter_phi4_32_b10,subject-matter_phi4,phi4,subject-matter,10,uncertain regulatory roadmap,context,,,32
generalist_llama_33_b1,generalist_llama,llama,generalist,1,"power losses, quality and safety issues",context,,,33
generalist_llama_33_b2,generalist_llama,llama,generalist,2,reduced reliability in DC devices,context,,,33
generalist_llama_33_b3,generalist_llama,llama,generalist,3,lack of use-cases in which DC is advantageous,context,,,33
generalist_llama_33_b4,generalist_llama,llama,generalist,4,"uncertain utility interaction (net metering, utility ownership, and agreed standards)",context,,,33
generalist_llama_33_b5,generalist_llama,llama,generalist,5,lack of pilot projects,context,,,33
normative_llama_33_b1,normative_llama,llama,normative,1,"power losses, quality and safety issues",context,,,33
normative_llama_33_b2,normative_llama,llama,normative,2,reduced reliability in DC devices,context,,,33
normative_llama_33_b3,normative_llama,llama,normative,3,lack of use-cases in which DC is advantageous,context,,,33
normative_llama_33_b4,normative_llama,llama,normative,4,"uncertain utility interaction (net metering, utility ownership, and agreed standards)",context,,,33
normative_llama_33_b5,normative_llama,llama,normative,5,lack of pilot projects,context,,,33
subject-matter_llama_33_b1,subject-matter_llama,llama,subject-matter,1,"power losses, quality and safety issues",context,,,33
subject-matter_llama_33_b4,subject-matter_llama,llama,subject-matter,4,"uncertain utility interaction (net metering, utility ownership, and agreed standards)",context,,,33
subject-matter_llama_33_b3,subject-matter_llama,llama,subject-matter,3,lack of use-cases in which DC is advantageous,context,,,33
subject-matter_llama_33_b7,subject-matter_llama,llama,subject-matter,7,incompatibility of DC systems components,context,,,33
subject-matter_llama_33_b8,subject-matter_llama,llama,subject-matter,8,misconception and lack of knowledge leads to lengthy/expensive design and permit process,context,,,33
generalist_mistral_33_b1,generalist_mistral,mistral,generalist,1,"power losses, quality and safety issues",context,,,33
generalist_mistral_33_b2,generalist_mistral,mistral,generalist,2,reduced reliability in DC devices,context,,,33
generalist_mistral_33_b4,generalist_mistral,mistral,generalist,4,"uncertain utility interaction (net metering, utility ownership, and agreed standards)",context,,,33
generalist_mistral_33_b5,generalist_mistral,mistral,generalist,5,lack of pilot projects,context,,,33
generalist_mistral_33_b11,generalist_mistral,mistral,generalist,11,high costs of DC solutions,context,,,33
normative_mistral_33_b1,normative_mistral,mistral,normative,1,"power losses, quality and safety issues",context,,,33
normative_mistral_33_b2,normative_mistral,mistral,normative,2,reduced reliability in DC devices,context,,,33
normative_mistral_33_b4,normative_mistral,mistral,normative,4,"uncertain utility interaction (net metering, utility ownership, and agreed standards)",context,,,33
normative_mistral_33_b5,normative_mistral,mistral,normative,5,lack of pilot projects,context,,,33
normative_mistral_33_b11,normative_mistral,mistral,normative,11,high costs of DC solutions,context,,,33
subject-matter_mistral_33_b1,subject-matter_mistral,mistral,subject-matter,1,"power losses, quality and safety issues",context,,,33
subject-matter_mistral_33_b2,subject-matter_mistral,mistral,subject-matter,2,reduced reliability in DC devices,context,,,33
subject-matter_mistral_33_b4,subject-matter_mistral,mistral,subject-matter,4,"uncertain utility interaction (net metering, utility ownership, and agreed standards)",context,,,33
subject-matter_mistral_33_b5,subject-matter_mistral,mistral,subject-matter,5,lack of pilot projects,context,,,33
subject-matter_mistral_33_b7,subject-matter_mistral,mistral,subject-matter,7,incompatibility of DC systems components,context,,,33
generalist_gemma3_33_b1,generalist_gemma3,gemma3,generalist,1,"power losses, quality and safety issues",context,,,33
generalist_gemma3_33_b5,generalist_gemma3,gemma3,generalist,5,lack of pilot projects,context,,,33
generalist_gemma3_33_b6,generalist_gemma3,gemma3,generalist,6,public perception of DC and readiness to 'champion' installations from DC projects,context,,,33
generalist_gemma3_33_b8,generalist_gemma3,gemma3,generalist,8,misconception and lack of knowledge leads to lengthy/expensive design and permit process,context,,,33
generalist_gemma3_33_b10,generalist_gemma3,gemma3,generalist,10,uncertain regulatory roadmap,context,,,33
normative_gemma3_33_b1,normative_gemma3,gemma3,normative,1,"power losses, quality and safety issues",context,,,33
normative_gemma3_33_b4,normative_gemma3,gemma3,normative,4,"uncertain utility interaction (net metering, utility ownership, and agreed standards)",context,,,33
normative_gemma3_33_b7,normative_gemma3,gemma3,normative,7,incompatibility of DC systems components,context,,,33
normative_gemma3_33_b8,normative_gemma3,gemma3,normative,8,misconception and lack of knowledge leads to lengthy/expensive design and permit process,context,,,33
normative_gemma3_33_b11,normative_gemma3,gemma3,normative,11,high costs of DC solutions,context,,,33
subject-matter_gemma3_33_b1,subject-matter_gemma3,gemma3,subject-matter,1,"power losses, quality and safety issues",context,,,33
subject-matter_gemma3_33_b4,subject-matter_gemma3,gemma3,subject-matter,4,"uncertain utility interaction (net metering, utility ownership, and agreed standards)",context,,,33
subject-matter_gemma3_33_b7,subject-matter_gemma3,gemma3,subject-matter,7,incompatibility of DC systems components,context,,,33
subject-matter_gemma3_33_b8,subject-matter_gemma3,gemma3,subject-matter,8,misconception and lack of knowledge leads to lengthy/expensive design and permit process,context,,,33
subject-matter_gemma3_33_b11,subject-matter_gemma3,gemma3,subject-matter,11,high costs of DC solutions,context,,,33
generalist_phi4_33_b1,generalist_phi4,phi4,generalist,1,"power losses, quality and safety issues",context,,,33
generalist_phi4_33_b3,generalist_phi4,phi4,generalist,3,lack of use-cases in which DC is advantageous,context,,,33
generalist_phi4_33_b4,generalist_phi4,phi4,generalist,4,"uncertain utility interaction (net metering, utility ownership, and agreed standards)",context,,,33
generalist_phi4_33_b5,generalist_phi4,phi4,generalist,5,lack of pilot projects,context,,,33
generalist_phi4_33_b10,generalist_phi4,phi4,generalist,10,uncertain regulatory roadmap,context,,,33
normative_phi4_33_b1,normative_phi4,phi4,normative,1,"power losses, quality and safety issues",context,,,33
normative_phi4_33_b3,normative_phi4,phi4,normative,3,lack of use-cases in which DC is advantageous,context,,,33
normative_phi4_33_b4,normative_phi4,phi4,normative,4,"uncertain utility interaction (net metering, utility ownership, and agreed standards)",context,,,33
normative_phi4_33_b8,normative_phi4,phi4,normative,8,misconception and lack of knowledge leads to lengthy/expensive design and permit process,context,,,33
normative_phi4_33_b10,normative_phi4,phi4,normative,10,uncertain regulatory roadmap,context,,,33
subject-matter_phi4_33_b1,subject-matter_phi4,phi4,subject-matter,1,"power losses, quality and safety issues",context,,,33
subject-matter_phi4_33_b2,subject-matter_phi4,phi4,subject-matter,2,reduced reliability in DC devices,context,,,33
subject-matter_phi4_33_b3,subject-matter_phi4,phi4,subject-matter,3,lack of use-cases in which DC is advantageous,context,,,33
subject-matter_phi4_33_b4,subject-matter_phi4,phi4,subject-matter,4,"uncertain utility interaction (net metering, utility ownership, and agreed standards)",context,,,33
subject-matter_phi4_33_b5,subject-matter_phi4,phi4,subject-matter,5,lack of pilot projects,context,,,33
generalist_llama_34_b1,generalist_llama,llama,generalist,1,"power losses, quality and safety issues",context,,,34
generalist_llama_34_b2,generalist_llama,llama,generalist,2,reduced reliability in DC devices,context,,,34
generalist_llama_34_b3,generalist_llama,llama,generalist,3,lack of use-cases in which DC is advantageous,context,,,34
generalist_llama_34_b4,generalist_llama,llama,generalist,4,"uncertain utility interaction (net metering, utility ownership, and agreed standards)",context,,,34
generalist_llama_34_b5,generalist_llama,llama,generalist,5,lack of pilot projects,context,,,34
normative_llama_34_b1,normative_llama,llama,normative,1,"power losses, quality and safety issues",context,,,34
normative_llama_34_b2,normative_llama,llama,normative,2,reduced reliability in DC devices,context,,,34
normative_llama_34_b4,normative_llama,llama,normative,4,"uncertain utility interaction (net metering, utility ownership, and agreed standards)",context,,,34
normative_llama_34_b3,normative_llama,llama,normative,3,lack of use-cases in which DC is advantageous,context,,,34
normative_llama_34_b6,normative_llama,llama,normative,6,public perception of DC and readiness to 'champion' installations from DC projects,context,,,34
subject-matter_llama_34_b3,subject-matter_llama,llama,subject-matter,3,lack of use-cases in which DC is advantageous,context,,,34
subject-matter_llama_34_b4,subject-matter_llama,llama,subject-matter,4,"uncertain utility interaction (net metering, utility ownership, and agreed standards)",context,,,34
subject-matter_llama_34_b6,subject-matter_llama,llama,subject-matter,6,public perception of DC and readiness to 'champion' installations from DC projects,context,,,34
subject-matter_llama_34_b7,subject-matter_llama,llama,subject-matter,7,incompatibility of DC systems components,context,,,34
subject-matter_llama_34_b9,subject-matter_llama,llama,subject-matter,9,lack of enough trained personnel in DC systems,context,,,34
generalist_mistral_34_b1,generalist_mistral,mistral,generalist,1,"power losses, quality and safety issues",context,,,34
generalist_mistral_34_b2,generalist_mistral,mistral,generalist,2,reduced reliability in DC devices,context,,,34
generalist_mistral_34_b3,generalist_mistral,mistral,generalist,3,lack of use-cases in which DC is advantageous,context,,,34
generalist_mistral_34_b4,generalist_mistral,mistral,generalist,4,"uncertain utility interaction (net metering, utility ownership, and agreed standards)",context,,,34
generalist_mistral_34_b5,generalist_mistral,mistral,generalist,5,lack of pilot projects,context,,,34
normative_mistral_34_b1,normative_mistral,mistral,normative,1,"power losses, quality and safety issues",context,,,34
normative_mistral_34_b2,normative_mistral,mistral,normative,2,reduced reliability in DC devices,context,,,34
normative_mistral_34_b4,normative_mistral,mistral,normative,4,"uncertain utility interaction (net metering, utility ownership, and agreed standards)",context,,,34
normative_mistral_34_b5,normative_mistral,mistral,normative,5,lack of pilot projects,context,,,34
normative_mistral_34_b9,normative_mistral,mistral,normative,9,lack of enough trained personnel in DC systems,context,,,34
subject-matter_mistral_34_b1,subject-matter_mistral,mistral,subject-matter,1,"power losses, quality and safety issues",context,,,34
subject-matter_mistral_34_b2,subject-matter_mistral,mistral,subject-matter,2,reduced reliability in DC devices,context,,,34
subject-matter_mistral_34_b3,subject-matter_mistral,mistral,subject-matter,3,lack of use-cases in which DC is advantageous,context,,,34
subject-matter_mistral_34_b4,subject-matter_mistral,mistral,subject-matter,4,"uncertain utility interaction (net metering, utility ownership, and agreed standards)",context,,,34
subject-matter_mistral_34_b5,subject-matter_mistral,mistral,subject-matter,5,lack of pilot projects,context,,,34
generalist_gemma3_34_b1,generalist_gemma3,gemma3,generalist,1,"power losses, quality and safety issues",context,,,34
generalist_gemma3_34_b5,generalist_gemma3,gemma3,generalist,5,lack of pilot projects,context,,,34
generalist_gemma3_34_b6,generalist_gemma3,gemma3,generalist,6,public perception of DC and readiness to 'champion' installations from DC projects,context,,,34
generalist_gemma3_34_b8,generalist_gemma3,gemma3,generalist,8,misconception and lack of knowledge leads to lengthy/expensive design and permit process,context,,,34
generalist_gemma3_34_b10,generalist_gemma3,gemma3,generalist,10,uncertain regulatory roadmap,context,,,34
normative_gemma3_34_b1,normative_gemma3,gemma3,normative,1,"power losses, quality and safety issues",context,,,34
normative_gemma3_34_b4,normative_gemma3,gemma3,normative,4,"uncertain utility interaction (net metering, utility ownership, and agreed standards)",context,,,34
normative_gemma3_34_b7,normative_gemma3,gemma3,normative,7,incompatibility of DC systems components,context,,,34
normative_gemma3_34_b8,normative_gemma3,gemma3,normative,8,misconception and lack of knowledge leads to lengthy/expensive design and permit process,context,,,34
normative_gemma3_34_b11,normative_gemma3,gemma3,normative,11,high costs of DC solutions,context,,,34
subject-matter_gemma3_34_b1,subject-matter_gemma3,gemma3,subject-matter,1,"power losses, quality and safety issues",context,,,34
subject-matter_gemma3_34_b4,subject-matter_gemma3,gemma3,subject-matter,4,"uncertain utility interaction (net metering, utility ownership, and agreed standards)",context,,,34
subject-matter_gemma3_34_b5,subject-matter_gemma3,gemma3,subject-matter,5,lack of pilot projects,context,,,34
subject-matter_gemma3_34_b8,subject-matter_gemma3,gemma3,subject-matter,8,misconception and lack of knowledge leads to lengthy/expensive design and permit process,context,,,34
subject-matter_gemma3_34_b10,subject-matter_gemma3,gemma3,subject-matter,10,uncertain regulatory roadmap,context,,,34
generalist_phi4_34_b1,generalist_phi4,phi4,generalist,1,"power losses, quality and safety issues",context,,,34
generalist_phi4_34_b3,generalist_phi4,phi4,generalist,3,lack of use-cases in which DC is advantageous,context,,,34
generalist_phi4_34_b4,generalist_phi4,phi4,generalist,4,"uncertain utility interaction (net metering, utility ownership, and agreed standards)",context,,,34
generalist_phi4_34_b5,generalist_phi4,phi4,generalist,5,lack of pilot projects,context,,,34
generalist_phi4_34_b10,generalist_phi4,phi4,generalist,10,uncertain regulatory roadmap,context,,,34
normative_phi4_34_b1,normative_phi4,phi4,normative,1,"power losses, quality and safety issues",context,,,34
normative_phi4_34_b2,normative_phi4,phi4,normative,2,reduced reliability in DC devices,context,,,34
normative_phi4_34_b4,normative_phi4,phi4,normative,4,"uncertain utility interaction (net metering, utility ownership, and agreed standards)",context,,,34
normative_phi4_34_b5,normative_phi4,phi4,normative,5,lack of pilot projects,context,,,34
normative_phi4_34_b10,normative_phi4,phi4,normative,10,uncertain regulatory roadmap,context,,,34
subject-matter_phi4_34_b1,subject-matter_phi4,phi4,subject-matter,1,"power losses, quality and safety issues",context,,,34
subject-matter_phi4_34_b2,subject-matter_phi4,phi4,subject-matter,2,reduced reliability in DC devices,context,,,34
subject-matter_phi4_34_b3,subject-matter_phi4,phi4,subject-matter,3,lack of use-cases in which DC is advantageous,context,,,34
subject-matter_phi4_34_b4,subject-matter_phi4,phi4,subject-matter,4,"uncertain utility interaction (net metering, utility ownership, and agreed standards)",context,,,34
subject-matter_phi4_34_b5,subject-matter_phi4,phi4,subject-matter,5,lack of pilot projects,context,,,34
generalist_llama_35_b1,generalist_llama,llama,generalist,1,"power losses, quality and safety issues",context,,,35
generalist_llama_35_b2,generalist_llama,llama,generalist,2,reduced reliability in DC devices,context,,,35
generalist_llama_35_b3,generalist_llama,llama,generalist,3,lack of use-cases in which DC is advantageous,context,,,35
generalist_llama_35_b4,generalist_llama,llama,generalist,4,"uncertain utility interaction (net metering, utility ownership, and agreed standards)",context,,,35
generalist_llama_35_b5,generalist_llama,llama,generalist,5,lack of pilot projects,context,,,35
normative_llama_35_b1,normative_llama,llama,normative,1,"power losses, quality and safety issues",context,,,35
normative_llama_35_b2,normative_llama,llama,normative,2,reduced reliability in DC devices,context,,,35
normative_llama_35_b3,normative_llama,llama,normative,3,lack of use-cases in which DC is advantageous,context,,,35
normative_llama_35_b4,normative_llama,llama,normative,4,"uncertain utility interaction (net metering, utility ownership, and agreed standards)",context,,,35
normative_llama_35_b5,normative_llama,llama,normative,5,lack of pilot projects,context,,,35
subject-matter_llama_35_b1,subject-matter_llama,llama,subject-matter,1,"power losses, quality and safety issues",context,,,35
subject-matter_llama_35_b3,subject-matter_llama,llama,subject-matter,3,lack of use-cases in which DC is advantageous,context,,,35
subject-matter_llama_35_b4,subject-matter_llama,llama,subject-matter,4,"uncertain utility interaction (net metering, utility ownership, and agreed standards)",context,,,35
subject-matter_llama_35_b7,subject-matter_llama,llama,subject-matter,7,incompatibility of DC systems components,context,,,35
subject-matter_llama_35_b8,subject-matter_llama,llama,subject-matter,8,misconception and lack of knowledge leads to lengthy/expensive design and permit process,context,,,35
generalist_mistral_35_b1,generalist_mistral,mistral,generalist,1,"power losses, quality and safety issues",context,,,35
generalist_mistral_35_b2,generalist_mistral,mistral,generalist,2,reduced reliability in DC devices,context,,,35
generalist_mistral_35_b3,generalist_mistral,mistral,generalist,3,lack of use-cases in which DC is advantageous,context,,,35
generalist_mistral_35_b4,generalist_mistral,mistral,generalist,4,"uncertain utility interaction (net metering, utility ownership, and agreed standards)",context,,,35
generalist_mistral_35_b5,generalist_mistral,mistral,generalist,5,lack of pilot projects,context,,,35
normative_mistral_35_b1,normative_mistral,mistral,normative,1,"power losses, quality and safety issues",context,,,35
normative_mistral_35_b2,normative_mistral,mistral,normative,2,reduced reliability in DC devices,context,,,35
normative_mistral_35_b4,normative_mistral,mistral,normative,4,"uncertain utility interaction (net metering, utility ownership, and agreed standards)",context,,,35
normative_mistral_35_b5,normative_mistral,mistral,normative,5,lack of pilot projects,context,,,35
normative_mistral_35_b6,normative_mistral,mistral,normative,6,public perception of DC and readiness to 'champion' installations from DC projects,context,,,35
subject-matter_mistral_35_b1,subject-matter_mistral,mistral,subject-matter,1,"power losses, quality and safety issues",context,,,35
subject-matter_mistral_35_b2,subject-matter_mistral,mistral,subject-matter,2,reduced reliability in DC devices,context,,,35
subject-matter_mistral_35_b4,subject-matter_mistral,mistral,subject-matter,4,"uncertain utility interaction (net metering, utility ownership, and agreed standards)",context,,,35
subject-matter_mistral_35_b5,subject-matter_mistral,mistral,subject-matter,5,lack of pilot projects,context,,,35
subject-matter_mistral_35_b7,subject-matter_mistral,mistral,subject-matter,7,incompatibility of DC systems components,context,,,35
generalist_gemma3_35_b1,generalist_gemma3,gemma3,generalist,1,"power losses, quality and safety issues",context,,,35
generalist_gemma3_35_b5,generalist_gemma3,gemma3,generalist,5,lack of pilot projects,context,,,35
generalist_gemma3_35_b6,generalist_gemma3,gemma3,generalist,6,public perception of DC and readiness to 'champion' installations from DC projects,context,,,35
generalist_gemma3_35_b8,generalist_gemma3,gemma3,generalist,8,misconception and lack of knowledge leads to lengthy/expensive design and permit process,context,,,35
generalist_gemma3_35_b10,generalist_gemma3,gemma3,generalist,10,uncertain regulatory roadmap,context,,,35
normative_gemma3_35_b1,normative_gemma3,gemma3,normative,1,"power losses, quality and safety issues",context,,,35
normative_gemma3_35_b5,normative_gemma3,gemma3,normative,5,lack of pilot projects,context,,,35
normative_gemma3_35_b6,normative_gemma3,gemma3,normative,6,public perception of DC and readiness to 'champion' installations from DC projects,context,,,35
normative_gemma3_35_b8,normative_gemma3,gemma3,normative,8,misconception and lack of knowledge leads to lengthy/expensive design and permit process,context,,,35
normative_gemma3_35_b10,normative_gemma3,gemma3,normative,10,uncertain regulatory roadmap,context,,,35
subject-matter_gemma3_35_b1,subject-matter_gemma3,gemma3,subject-matter,1,"power losses, quality and safety issues",context,,,35
subject-matter_gemma3_35_b4,subject-matter_gemma3,gemma3,subject-matter,4,"uncertain utility interaction (net metering, utility ownership, and agreed standards)",context,,,35
subject-matter_gemma3_35_b7,subject-matter_gemma3,gemma3,subject-matter,7,incompatibility of DC systems components,context,,,35
subject-matter_gemma3_35_b8,subject-matter_gemma3,gemma3,subject-matter,8,misconception and lack of knowledge leads to lengthy/expensive design and permit process,context,,,35
subject-matter_gemma3_35_b11,subject-matter_gemma3,gemma3,subject-matter,11,high costs of DC solutions,context,,,35
generalist_phi4_35_b1,generalist_phi4,phi4,generalist,1,"power losses, quality and safety issues",context,,,35
generalist_phi4_35_b3,generalist_phi4,phi4,generalist,3,lack of use-cases in which DC is advantageous,context,,,35
generalist_phi4_35_b4,generalist_phi4,phi4,generalist,4,"uncertain utility interaction (net metering, utility ownership, and agreed standards)",context,,,35
generalist_phi4_35_b5,generalist_phi4,phi4,generalist,5,lack of pilot projects,context,,,35
generalist_phi4_35_b10,generalist_phi4,phi4,generalist,10,uncertain regulatory roadmap,context,,,35
normative_phi4_35_b1,normative_phi4,phi4,normative,1,"power losses, quality and safety issues",context,,,35
normative_phi4_35_b3,normative_phi4,phi4,normative,3,lack of use-cases in which DC is advantageous,context,,,35
normative_phi4_35_b4,normative_phi4,phi4,normative,4,"uncertain utility interaction (net metering, utility ownership, and agreed standards)",context,,,35
normative_phi4_35_b5,normative_phi4,phi4,normative,5,lack of pilot projects,context,,,35
normative_phi4_35_b10,normative_phi4,phi4,normative,10,uncertain regulatory roadmap,context,,,35
subject-matter_phi4_35_b1,subject-matter_phi4,phi4,subject-matter,1,"power losses, quality and safety issues",context,,,35
subject-matter_phi4_35_b3,subject-matter_phi4,phi4,subject-matter,3,lack of use-cases in which DC is advantageous,context,,,35
subject-matter_phi4_35_b4,subject-matter_phi4,phi4,subject-matter,4,"uncertain utility interaction (net metering, utility ownership, and agreed standards)",context,,,35
subject-matter_phi4_35_b5,subject-matter_phi4,phi4,subject-matter,5,lack of pilot projects,context,,,35
subject-matter_phi4_35_b10,subject-matter_phi4,phi4,subject-matter,10,uncertain regulatory roadmap,context,,,35
generalist_llama_36_b1,generalist_llama,llama,generalist,1,"power losses, quality and safety issues",context,,,36
generalist_llama_36_b2,generalist_llama,llama,generalist,2,reduced reliability in DC devices,context,,,36
generalist_llama_36_b3,generalist_llama,llama,generalist,3,lack of use-cases in which DC is advantageous,context,,,36
generalist_llama_36_b4,generalist_llama,llama,generalist,4,"uncertain utility interaction (net metering, utility ownership, and agreed standards)",context,,,36
generalist_llama_36_b5,generalist_llama,llama,generalist,5,lack of pilot projects,context,,,36
normative_llama_36_b1,normative_llama,llama,normative,1,"power losses, quality and safety issues",context,,,36
normative_llama_36_b2,normative_llama,llama,normative,2,reduced reliability in DC devices,context,,,36
normative_llama_36_b3,normative_llama,llama,normative,3,lack of use-cases in which DC is advantageous,context,,,36
normative_llama_36_b4,normative_llama,llama,normative,4,"uncertain utility interaction (net metering, utility ownership, and agreed standards)",context,,,36
normative_llama_36_b5,normative_llama,llama,normative,5,lack of pilot projects,context,,,36
subject-matter_llama_36_b1,subject-matter_llama,llama,subject-matter,1,"power losses, quality and safety issues",context,,,36
subject-matter_llama_36_b2,subject-matter_llama,llama,subject-matter,2,reduced reliability in DC devices,context,,,36
subject-matter_llama_36_b3,subject-matter_llama,llama,subject-matter,3,lack of use-cases in which DC is advantageous,context,,,36
subject-matter_llama_36_b4,subject-matter_llama,llama,subject-matter,4,"uncertain utility interaction (net metering, utility ownership, and agreed standards)",context,,,36
subject-matter_llama_36_b5,subject-matter_llama,llama,subject-matter,5,lack of pilot projects,context,,,36
generalist_mistral_36_b1,generalist_mistral,mistral,generalist,1,"power losses, quality and safety issues",context,,,36
generalist_mistral_36_b2,generalist_mistral,mistral,generalist,2,reduced reliability in DC devices,context,,,36
generalist_mistral_36_b3,generalist_mistral,mistral,generalist,3,lack of use-cases in which DC is advantageous,context,,,36
generalist_mistral_36_b4,generalist_mistral,mistral,generalist,4,"uncertain utility interaction (net metering, utility ownership, and agreed standards)",context,,,36
generalist_mistral_36_b5,generalist_mistral,mistral,generalist,5,lack of pilot projects,context,,,36
normative_mistral_36_b1,normative_mistral,mistral,normative,1,"power losses, quality and safety issues",context,,,36
normative_mistral_36_b2,normative_mistral,mistral,normative,2,reduced reliability in DC devices,context,,,36
normative_mistral_36_b4,normative_mistral,mistral,normative,4,"uncertain utility interaction (net metering, utility ownership, and agreed standards)",context,,,36
normative_mistral_36_b5,normative_mistral,mistral,normative,5,lack of pilot projects,context,,,36
normative_mistral_36_b11,normative_mistral,mistral,normative,11,high costs of DC solutions,context,,,36
subject-matter_mistral_36_b1,subject-matter_mistral,mistral,subject-matter,1,"power losses, quality and safety issues",context,,,36
subject-matter_mistral_36_b2,subject-matter_mistral,mistral,subject-matter,2,reduced reliability in DC devices,context,,,36
subject-matter_mistral_36_b3,subject-matter_mistral,mistral,subject-matter,3,lack of use-cases in which DC is advantageous,context,,,36
subject-matter_mistral_36_b4,subject-matter_mistral,mistral,subject-matter,4,"uncertain utility interaction (net metering, utility ownership, and agreed standards)",context,,,36
subject-matter_mistral_36_b5,subject-matter_mistral,mistral,subject-matter,5,lack of pilot projects,context,,,36
generalist_gemma3_36_b1,generalist_gemma3,gemma3,generalist,1,"power losses, quality and safety issues",context,,,36
generalist_gemma3_36_b5,generalist_gemma3,gemma3,generalist,5,lack of pilot projects,context,,,36
generalist_gemma3_36_b6,generalist_gemma3,gemma3,generalist,6,public perception of DC and readiness to 'champion' installations from DC projects,context,,,36
generalist_gemma3_36_b8,generalist_gemma3,gemma3,generalist,8,misconception and lack of knowledge leads to lengthy/expensive design and permit process,context,,,36
generalist_gemma3_36_b10,generalist_gemma3,gemma3,generalist,10,uncertain regulatory roadmap,context,,,36
normative_gemma3_36_b1,normative_gemma3,gemma3,normative,1,"power losses, quality and safety issues",context,,,36
normative_gemma3_36_b4,normative_gemma3,gemma3,normative,4,"uncertain utility interaction (net metering, utility ownership, and agreed standards)",context,,,36
normative_gemma3_36_b7,normative_gemma3,gemma3,normative,7,incompatibility of DC systems components,context,,,36
normative_gemma3_36_b8,normative_gemma3,gemma3,normative,8,misconception and lack of knowledge leads to lengthy/expensive design and permit process,context,,,36
normative_gemma3_36_b11,normative_gemma3,gemma3,normative,11,high costs of DC solutions,context,,,36
subject-matter_gemma3_36_b1,subject-matter_gemma3,gemma3,subject-matter,1,"power losses, quality and safety issues",context,,,36
subject-matter_gemma3_36_b5,subject-matter_gemma3,gemma3,subject-matter,5,lack of pilot projects,context,,,36
subject-matter_gemma3_36_b4,subject-matter_gemma3,gemma3,subject-matter,4,"uncertain utility interaction (net metering, utility ownership, and agreed standards)",context,,,36
subject-matter_gemma3_36_b8,subject-matter_gemma3,gemma3,subject-matter,8,misconception and lack of knowledge leads to lengthy/expensive design and permit process,context,,,36
subject-matter_gemma3_36_b10,subject-matter_gemma3,gemma3,subject-matter,10,uncertain regulatory roadmap,context,,,36
generalist_phi4_36_b1,generalist_phi4,phi4,generalist,1,"power losses, quality and safety issues",context,,,36
generalist_phi4_36_b3,generalist_phi4,phi4,generalist,3,lack of use-cases in which DC is advantageous,context,,,36
generalist_phi4_36_b4,generalist_phi4,phi4,generalist,4,"uncertain utility interaction (net metering, utility ownership, and agreed standards)",context,,,36
generalist_phi4_36_b5,generalist_phi4,phi4,generalist,5,lack of pilot projects,context,,,36
generalist_phi4_36_b10,generalist_phi4,phi4,generalist,10,uncertain regulatory roadmap,context,,,36
normative_phi4_36_b1,normative_phi4,phi4,normative,1,"power losses, quality and safety issues",context,,,36
normative_phi4_36_b3,normative_phi4,phi4,normative,3,lack of use-cases in which DC is advantageous,context,,,36
normative_phi4_36_b4,normative_phi4,phi4,normative,4,"uncertain utility interaction (net metering, utility ownership, and agreed standards)",context,,,36
normative_phi4_36_b5,normative_phi4,phi4,normative,5,lack of pilot projects,context,,,36
normative_phi4_36_b10,normative_phi4,phi4,normative,10,uncertain regulatory roadmap,context,,,36
subject-matter_phi4_36_b1,subject-matter_phi4,phi4,subject-matter,1,"power losses, quality and safety issues",context,,,36
subject-matter_phi4_36_b2,subject-matter_phi4,phi4,subject-matter,2,reduced reliability in DC devices,context,,,36
subject-matter_phi4_36_b4,subject-matter_phi4,phi4,subject-matter,4,"uncertain utility interaction (net metering, utility ownership, and agreed standards)",context,,,36
subject-matter_phi4_36_b5,subject-matter_phi4,phi4,subject-matter,5,lack of pilot projects,context,,,36
subject-matter_phi4_36_b10,subject-matter_phi4,phi4,subject-matter,10,uncertain regulatory roadmap,context,,,36
generalist_llama_37_b1,generalist_llama,llama,generalist,1,"power losses, quality and safety issues",context,,,37
generalist_llama_37_b2,generalist_llama,llama,generalist,2,reduced reliability in DC devices,context,,,37
generalist_llama_37_b3,generalist_llama,llama,generalist,3,lack of use-cases in which DC is advantageous,context,,,37
generalist_llama_37_b4,generalist_llama,llama,generalist,4,"uncertain utility interaction (net metering, utility ownership, and agreed standards)",context,,,37
generalist_llama_37_b5,generalist_llama,llama,generalist,5,lack of pilot projects,context,,,37
normative_llama_37_b1,normative_llama,llama,normative,1,"power losses, quality and safety issues",context,,,37
normative_llama_37_b6,normative_llama,llama,normative,6,public perception of DC and readiness to 'champion' installations from DC projects,context,,,37
normative_llama_37_b7,normative_llama,llama,normative,7,incompatibility of DC systems components,context,,,37
normative_llama_37_b8,normative_llama,llama,normative,8,misconception and lack of knowledge leads to lengthy/expensive design and permit process,context,,,37
normative_llama_37_b9,normative_llama,llama,normative,9,lack of enough trained personnel in DC systems,context,,,37
subject-matter_llama_37_b1,subject-matter_llama,llama,subject-matter,1,"power losses, quality and safety issues",context,,,37
subject-matter_llama_37_b3,subject-matter_llama,llama,subject-matter,3,lack of use-cases in which DC is advantageous,context,,,37
subject-matter_llama_37_b4,subject-matter_llama,llama,subject-matter,4,"uncertain utility interaction (net metering, utility ownership, and agreed standards)",context,,,37
subject-matter_llama_37_b11,subject-matter_llama,llama,subject-matter,11,high costs of DC solutions,context,,,37
subject-matter_llama_37_b7,subject-matter_llama,llama,subject-matter,7,incompatibility of DC systems components,context,,,37
generalist_mistral_37_b1,generalist_mistral,mistral,generalist,1,"power losses, quality and safety issues",context,,,37
generalist_mistral_37_b2,generalist_mistral,mistral,generalist,2,reduced reliability in DC devices,context,,,37
generalist_mistral_37_b3,generalist_mistral,mistral,generalist,3,lack of use-cases in which DC is advantageous,context,,,37
generalist_mistral_37_b4,generalist_mistral,mistral,generalist,4,"uncertain utility interaction (net metering, utility ownership, and agreed standards)",context,,,37
generalist_mistral_37_b5,generalist_mistral,mistral,generalist,5,lack of pilot projects,context,,,37
normative_mistral_37_b1,normative_mistral,mistral,normative,1,"power losses, quality and safety issues",context,,,37
normative_mistral_37_b2,normative_mistral,mistral,normative,2,reduced reliability in DC devices,context,,,37
normative_mistral_37_b4,normative_mistral,mistral,normative,4,"uncertain utility interaction (net metering, utility ownership, and agreed standards)",context,,,37
normative_mistral_37_b5,normative_mistral,mistral,normative,5,lack of pilot projects,context,,,37
normative_mistral_37_b7,normative_mistral,mistral,normative,7,incompatibility of DC systems components,context,,,37
subject-matter_mistral_37_b1,subject-matter_mistral,mistral,subject-matter,1,"power losses, quality and safety issues",context,,,37
subject-matter_mistral_37_b2,subject-matter_mistral,mistral,subject-matter,2,reduced reliability in DC devices,context,,,37
subject-matter_mistral_37_b3,subject-matter_mistral,mistral,subject-matter,3,lack of use-cases in which DC is advantageous,context,,,37
subject-matter_mistral_37_b4,subject-matter_mistral,mistral,subject-matter,4,"uncertain utility interaction (net metering, utility ownership, and agreed standards)",context,,,37
subject-matter_mistral_37_b11,subject-matter_mistral,mistral,subject-matter,11,high costs of DC solutions,context,,,37
generalist_gemma3_37_b1,generalist_gemma3,gemma3,generalist,1,"power losses, quality and safety issues",context,,,37
generalist_gemma3_37_b5,generalist_gemma3,gemma3,generalist,5,lack of pilot projects,context,,,37
generalist_gemma3_37_b6,generalist_gemma3,gemma3,generalist,6,public perception of DC and readiness to 'champion' installations from DC projects,context,,,37
generalist_gemma3_37_b8,generalist_gemma3,gemma3,generalist,8,misconception and lack of knowledge leads to lengthy/expensive design and permit process,context,,,37
generalist_gemma3_37_b10,generalist_gemma3,gemma3,generalist,10,uncertain regulatory roadmap,context,,,37
normative_gemma3_37_b1,normative_gemma3,gemma3,normative,1,"power losses, quality and safety issues",context,,,37
normative_gemma3_37_b4,normative_gemma3,gemma3,normative,4,"uncertain utility interaction (net metering, utility ownership, and agreed standards)",context,,,37
normative_gemma3_37_b5,normative_gemma3,gemma3,normative,5,lack of pilot projects,context,,,37
normative_gemma3_37_b8,normative_gemma3,gemma3,normative,8,misconception and lack of knowledge leads to lengthy/expensive design and permit process,context,,,37
normative_gemma3_37_b10,normative_gemma3,gemma3,normative,10,uncertain regulatory roadmap,context,,,37
subject-matter_gemma3_37_b1,subject-matter_gemma3,gemma3,subject-matter,1,"power losses, quality and safety issues",context,,,37
subject-matter_gemma3_37_b4,subject-matter_gemma3,gemma3,subject-matter,4,"uncertain utility interaction (net metering, utility ownership, and agreed standards)",context,,,37
subject-matter_gemma3_37_b8,subject-matter_gemma3,gemma3,subject-matter,8,misconception and lack of knowledge leads to lengthy/expensive design and permit process,context,,,37
subject-matter_gemma3_37_b9,subject-matter_gemma3,gemma3,subject-matter,9,lack of enough trained personnel in DC systems,context,,,37
subject-matter_gemma3_37_b10,subject-matter_gemma3,gemma3,subject-matter,10,uncertain regulatory roadmap,context,,,37
generalist_phi4_37_b1,generalist_phi4,phi4,generalist,1,"power losses, quality and safety issues",context,,,37
generalist_phi4_37_b2,generalist_phi4,phi4,generalist,2,reduced reliability in DC devices,context,,,37
generalist_phi4_37_b3,generalist_phi4,phi4,generalist,3,lack of use-cases in which DC is advantageous,context,,,37
generalist_phi4_37_b4,generalist_phi4,phi4,generalist,4,"uncertain utility interaction (net metering, utility ownership, and agreed standards)",context,,,37
generalist_phi4_37_b5,generalist_phi4,phi4,generalist,5,lack of pilot projects,context,,,37
normative_phi4_37_b1,normative_phi4,phi4,normative,1,"power losses, quality and safety issues",context,,,37
normative_phi4_37_b3,normative_phi4,phi4,normative,3,lack of use-cases in which DC is advantageous,context,,,37
normative_phi4_37_b4,normative_phi4,phi4,normative,4,"uncertain utility interaction (net metering, utility ownership, and agreed standards)",context,,,37
normative_phi4_37_b5,normative_phi4,phi4,normative,5,lack of pilot projects,context,,,37
normative_phi4_37_b10,normative_phi4,phi4,normative,10,uncertain regulatory roadmap,context,,,37
subject-matter_phi4_37_b1,subject-matter_phi4,phi4,subject-matter,1,"power losses, quality and safety issues",context,,,37
subject-matter_phi4_37_b4,subject-matter_phi4,phi4,subject-matter,4,"uncertain utility interaction (net metering, utility ownership, and agreed standards)",context,,,37
subject-matter_phi4_37_b5,subject-matter_phi4,phi4,subject-matter,5,lack of pilot projects,context,,,37
subject-matter_phi4_37_b10,subject-matter_phi4,phi4,subject-matter,10,uncertain regulatory roadmap,context,,,37
subject-matter_phi4_37_b11,subject-matter_phi4,phi4,subject-matter,11,high costs of DC solutions,context,,,37
generalist_llama_38_b1,generalist_llama,llama,generalist,1,"power losses, quality and safety issues",context,,,38
generalist_llama_38_b2,generalist_llama,llama,generalist,2,reduced reliability in DC devices,context,,,38
generalist_llama_38_b3,generalist_llama,llama,generalist,3,lack of use-cases in which DC is advantageous,context,,,38
generalist_llama_38_b4,generalist_llama,llama,generalist,4,"uncertain utility interaction (net metering, utility ownership, and agreed standards)",context,,,38
generalist_llama_38_b5,generalist_llama,llama,generalist,5,lack of pilot projects,context,,,38
normative_llama_38_b1,normative_llama,llama,normative,1,"power losses, quality and safety issues",context,,,38
normative_llama_38_b2,normative_llama,llama,normative,2,reduced reliability in DC devices,context,,,38
normative_llama_38_b3,normative_llama,llama,normative,3,lack of use-cases in which DC is advantageous,context,,,38
normative_llama_38_b4,normative_llama,llama,normative,4,"uncertain utility interaction (net metering, utility ownership, and agreed standards)",context,,,38
normative_llama_38_b5,normative_llama,llama,normative,5,lack of pilot projects,context,,,38
subject-matter_llama_38_b1,subject-matter_llama,llama,subject-matter,1,"power losses, quality and safety issues",context,,,38
subject-matter_llama_38_b2,subject-matter_llama,llama,subject-matter,2,reduced reliability in DC devices,context,,,38
subject-matter_llama_38_b3,subject-matter_llama,llama,subject-matter,3,lack of use-cases in which DC is advantageous,context,,,38
subject-matter_llama_38_b4,subject-matter_llama,llama,subject-matter,4,"uncertain utility interaction (net metering, utility ownership, and agreed standards)",context,,,38
subject-matter_llama_38_b5,subject-matter_llama,llama,subject-matter,5,lack of pilot projects,context,,,38
generalist_mistral_38_b1,generalist_mistral,mistral,generalist,1,"power losses, quality and safety issues",context,,,38
generalist_mistral_38_b2,generalist_mistral,mistral,generalist,2,reduced reliability in DC devices,context,,,38
generalist_mistral_38_b3,generalist_mistral,mistral,generalist,3,lack of use-cases in which DC is advantageous,context,,,38
generalist_mistral_38_b4,generalist_mistral,mistral,generalist,4,"uncertain utility interaction (net metering, utility ownership, and agreed standards)",context,,,38
generalist_mistral_38_b5,generalist_mistral,mistral,generalist,5,lack of pilot projects,context,,,38
normative_mistral_38_b1,normative_mistral,mistral,normative,1,"power losses, quality and safety issues",context,,,38
normative_mistral_38_b2,normative_mistral,mistral,normative,2,reduced reliability in DC devices,context,,,38
normative_mistral_38_b3,normative_mistral,mistral,normative,3,lack of use-cases in which DC is advantageous,context,,,38
normative_mistral_38_b4,normative_mistral,mistral,normative,4,"uncertain utility interaction (net metering, utility ownership, and agreed standards)",context,,,38
normative_mistral_38_b5,normative_mistral,mistral,normative,5,lack of pilot projects,context,,,38
subject-matter_mistral_38_b1,subject-matter_mistral,mistral,subject-matter,1,"power losses, quality and safety issues",context,,,38
subject-matter_mistral_38_b2,subject-matter_mistral,mistral,subject-matter,2,reduced reliability in DC devices,context,,,38
subject-matter_mistral_38_b4,subject-matter_mistral,mistral,subject-matter,4,"uncertain utility interaction (net metering, utility ownership, and agreed standards)",context,,,38
subject-matter_mistral_38_b5,subject-matter_mistral,mistral,subject-matter,5,lack of pilot projects,context,,,38
subject-matter_mistral_38_b6,subject-matter_mistral,mistral,subject-matter,6,public perception of DC and readiness to 'champion' installations from DC projects,context,,,38
generalist_gemma3_38_b1,generalist_gemma3,gemma3,generalist,1,"power losses, quality and safety issues",context,,,38
generalist_gemma3_38_b5,generalist_gemma3,gemma3,generalist,5,lack of pilot projects,context,,,38
generalist_gemma3_38_b4,generalist_gemma3,gemma3,generalist,4,"uncertain utility interaction (net metering, utility ownership, and agreed standards)",context,,,38
generalist_gemma3_38_b8,generalist_gemma3,gemma3,generalist,8,misconception and lack of knowledge leads to lengthy/expensive design and permit process,context,,,38
generalist_gemma3_38_b10,generalist_gemma3,gemma3,generalist,10,uncertain regulatory roadmap,context,,,38
normative_gemma3_38_b1,normative_gemma3,gemma3,normative,1,"power losses, quality and safety issues",context,,,38
normative_gemma3_38_b4,normative_gemma3,gemma3,normative,4,"uncertain utility interaction (net metering, utility ownership, and agreed standards)",context,,,38
normative_gemma3_38_b7,normative_gemma3,gemma3,normative,7,incompatibility of DC systems components,context,,,38
normative_gemma3_38_b8,normative_gemma3,gemma3,normative,8,misconception and lack of knowledge leads to lengthy/expensive design and permit process,context,,,38
normative_gemma3_38_b11,normative_gemma3,gemma3,normative,11,high costs of DC solutions,context,,,38
subject-matter_gemma3_38_b1,subject-matter_gemma3,gemma3,subject-matter,1,"power losses, quality and safety issues",context,,,38
subject-matter_gemma3_38_b4,subject-matter_gemma3,gemma3,subject-matter,4,"uncertain utility interaction (net metering, utility ownership, and agreed standards)",context,,,38
subject-matter_gemma3_38_b7,subject-matter_gemma3,gemma3,subject-matter,7,incompatibility of DC systems components,context,,,38
subject-matter_gemma3_38_b8,subject-matter_gemma3,gemma3,subject-matter,8,misconception and lack of knowledge leads to lengthy/expensive design and permit process,context,,,38
subject-matter_gemma3_38_b11,subject-matter_gemma3,gemma3,subject-matter,11,high costs of DC solutions,context,,,38
generalist_phi4_38_b1,generalist_phi4,phi4,generalist,1,"power losses, quality and safety issues",context,,,38
generalist_phi4_38_b4,generalist_phi4,phi4,generalist,4,"uncertain utility interaction (net metering, utility ownership, and agreed standards)",context,,,38
generalist_phi4_38_b5,generalist_phi4,phi4,generalist,5,lack of pilot projects,context,,,38
generalist_phi4_38_b9,generalist_phi4,phi4,generalist,9,lack of enough trained personnel in DC systems,context,,,38
generalist_phi4_38_b10,generalist_phi4,phi4,generalist,10,uncertain regulatory roadmap,context,,,38
normative_phi4_38_b1,normative_phi4,phi4,normative,1,"power losses, quality and safety issues",context,,,38
normative_phi4_38_b3,normative_phi4,phi4,normative,3,lack of use-cases in which DC is advantageous,context,,,38
normative_phi4_38_b4,normative_phi4,phi4,normative,4,"uncertain utility interaction (net metering, utility ownership, and agreed standards)",context,,,38
normative_phi4_38_b5,normative_phi4,phi4,normative,5,lack of pilot projects,context,,,38
normative_phi4_38_b10,normative_phi4,phi4,normative,10,uncertain regulatory roadmap,context,,,38
subject-matter_phi4_38_b1,subject-matter_phi4,phi4,subject-matter,1,"power losses, quality and safety issues",context,,,38
subject-matter_phi4_38_b3,subject-matter_phi4,phi4,subject-matter,3,lack of use-cases in which DC is advantageous,context,,,38
subject-matter_phi4_38_b4,subject-matter_phi4,phi4,subject-matter,4,"uncertain utility interaction (net metering, utility ownership, and agreed standards)",context,,,38
subject-matter_phi4_38_b5,subject-matter_phi4,phi4,subject-matter,5,lack of pilot projects,context,,,38
subject-matter_phi4_38_b10,subject-matter_phi4,phi4,subject-matter,10,uncertain regulatory roadmap,context,,,38
generalist_llama_39_b3,generalist_llama,llama,generalist,3,lack of use-cases in which DC is advantageous,context,,,39
generalist_llama_39_b4,generalist_llama,llama,generalist,4,"uncertain utility interaction (net metering, utility ownership, and agreed standards)",context,,,39
generalist_llama_39_b11,generalist_llama,llama,generalist,11,high costs of DC solutions,context,,,39
generalist_llama_39_b7,generalist_llama,llama,generalist,7,incompatibility of DC systems components,context,,,39
generalist_llama_39_b8,generalist_llama,llama,generalist,8,misconception and lack of knowledge leads to lengthy/expensive design and permit process,context,,,39
normative_llama_39_b1,normative_llama,llama,normative,1,"power losses, quality and safety issues",context,,,39
normative_llama_39_b2,normative_llama,llama,normative,2,reduced reliability in DC devices,context,,,39
normative_llama_39_b3,normative_llama,llama,normative,3,lack of use-cases in which DC is advantageous,context,,,39
normative_llama_39_b4,normative_llama,llama,normative,4,"uncertain utility interaction (net metering, utility ownership, and agreed standards)",context,,,39
normative_llama_39_b5,normative_llama,llama,normative,5,lack of pilot projects,context,,,39
subject-matter_llama_39_b1,subject-matter_llama,llama,subject-matter,1,"power losses, quality and safety issues",context,,,39
subject-matter_llama_39_b2,subject-matter_llama,llama,subject-matter,2,reduced reliability in DC devices,context,,,39
subject-matter_llama_39_b3,subject-matter_llama,llama,subject-matter,3,lack of use-cases in which DC is advantageous,context,,,39
subject-matter_llama_39_b4,subject-matter_llama,llama,subject-matter,4,"uncertain utility interaction (net metering, utility ownership, and agreed standards)",context,,,39
subject-matter_llama_39_b5,subject-matter_llama,llama,subject-matter,5,lack of pilot projects,context,,,39
generalist_mistral_39_b1,generalist_mistral,mistral,generalist,1,"power losses, quality and safety issues",context,,,39
generalist_mistral_39_b2,generalist_mistral,mistral,generalist,2,reduced reliability in DC devices,context,,,39
generalist_mistral_39_b3,generalist_mistral,mistral,generalist,3,lack of use-cases in which DC is advantageous,context,,,39
generalist_mistral_39_b4,generalist_mistral,mistral,generalist,4,"uncertain utility interaction (net metering, utility ownership, and agreed standards)",context,,,39
generalist_mistral_39_b5,generalist_mistral,mistral,generalist,5,lack of pilot projects,context,,,39
normative_mistral_39_b1,normative_mistral,mistral,normative,1,"power losses, quality and safety issues",context,,,39
normative_mistral_39_b2,normative_mistral,mistral,normative,2,reduced reliability in DC devices,context,,,39
normative_mistral_39_b4,normative_mistral,mistral,normative,4,"uncertain utility interaction (net metering, utility ownership, and agreed standards)",context,,,39
normative_mistral_39_b5,normative_mistral,mistral,normative,5,lack of pilot projects,context,,,39
normative_mistral_39_b11,normative_mistral,mistral,normative,11,high costs of DC solutions,context,,,39
subject-matter_mistral_39_b1,subject-matter_mistral,mistral,subject-matter,1,"power losses, quality and safety issues",context,,,39
subject-matter_mistral_39_b2,subject-matter_mistral,mistral,subject-matter,2,reduced reliability in DC devices,context,,,39
subject-matter_mistral_39_b3,subject-matter_mistral,mistral,subject-matter,3,lack of use-cases in which DC is advantageous,context,,,39
subject-matter_mistral_39_b4,subject-matter_mistral,mistral,subject-matter,4,"uncertain utility interaction (net metering, utility ownership, and agreed standards)",context,,,39
subject-matter_mistral_39_b5,subject-matter_mistral,mistral,subject-matter,5,lack of pilot projects,context,,,39
generalist_gemma3_39_b1,generalist_gemma3,gemma3,generalist,1,"power losses, quality and safety issues",context,,,39
generalist_gemma3_39_b3,generalist_gemma3,gemma3,generalist,3,lack of use-cases in which DC is advantageous,context,,,39
generalist_gemma3_39_b4,generalist_gemma3,gemma3,generalist,4,"uncertain utility interaction (net metering, utility ownership, and agreed standards)",context,,,39
generalist_gemma3_39_b8,generalist_gemma3,gemma3,generalist,8,misconception and lack of knowledge leads to lengthy/expensive design and permit process,context,,,39
generalist_gemma3_39_b10,generalist_gemma3,gemma3,generalist,10,uncertain regulatory roadmap,context,,,39
normative_gemma3_39_b1,normative_gemma3,gemma3,normative,1,"power losses, quality and safety issues",context,,,39
normative_gemma3_39_b4,normative_gemma3,gemma3,normative,4,"uncertain utility interaction (net metering, utility ownership, and agreed standards)",context,,,39
normative_gemma3_39_b7,normative_gemma3,gemma3,normative,7,incompatibility of DC systems components,context,,,39
normative_gemma3_39_b8,normative_gemma3,gemma3,normative,8,misconception and lack of knowledge leads to lengthy/expensive design and permit process,context,,,39
normative_gemma3_39_b11,normative_gemma3,gemma3,normative,11,high costs of DC solutions,context,,,39
subject-matter_gemma3_39_b1,subject-matter_gemma3,gemma3,subject-matter,1,"power losses, quality and safety issues",context,,,39
subject-matter_gemma3_39_b5,subject-matter_gemma3,gemma3,subject-matter,5,lack of pilot projects,context,,,39
subject-matter_gemma3_39_b4,subject-matter_gemma3,gemma3,subject-matter,4,"uncertain utility interaction (net metering, utility ownership, and agreed standards)",context,,,39
subject-matter_gemma3_39_b8,subject-matter_gemma3,gemma3,subject-matter,8,misconception and lack of knowledge leads to lengthy/expensive design and permit process,context,,,39
subject-matter_gemma3_39_b10,subject-matter_gemma3,gemma3,subject-matter,10,uncertain regulatory roadmap,context,,,39
generalist_phi4_39_b1,generalist_phi4,phi4,generalist,1,"power losses, quality and safety issues",context,,,39
generalist_phi4_39_b3,generalist_phi4,phi4,generalist,3,lack of use-cases in which DC is advantageous,context,,,39
generalist_phi4_39_b4,generalist_phi4,phi4,generalist,4,"uncertain utility interaction (net metering, utility ownership, and agreed standards)",context,,,39
generalist_phi4_39_b5,generalist_phi4,phi4,generalist,5,lack of pilot projects,context,,,39
generalist_phi4_39_b10,generalist_phi4,phi4,generalist,10,uncertain regulatory roadmap,context,,,39
normative_phi4_39_b1,normative_phi4,phi4,normative,1,"power losses, quality and safety issues",context,,,39
normative_phi4_39_b2,normative_phi4,phi4,normative,2,reduced reliability in DC devices,context,,,39
normative_phi4_39_b3,normative_phi4,phi4,normative,3,lack of use-cases in which DC is advantageous,context,,,39
normative_phi4_39_b4,normative_phi4,phi4,normative,4,"uncertain utility interaction (net metering, utility ownership, and agreed standards)",context,,,39
normative_phi4_39_b11,normative_phi4,phi4,normative,11,high costs of DC solutions,context,,,39
subject-matter_phi4_39_b1,subject-matter_phi4,phi4,subject-matter,1,"power losses, quality and safety issues",context,,,39
subject-matter_phi4_39_b2,subject-matter_phi4,phi4,subject-matter,2,reduced reliability in DC devices,context,,,39
subject-matter_phi4_39_b3,subject-matter_phi4,phi4,subject-matter,3,lack of use-cases in which DC is advantageous,context,,,39
subject-matter_phi4_39_b4,subject-matter_phi4,phi4,subject-matter,4,"uncertain utility interaction (net metering, utility ownership, and agreed standards)",context,,,39
subject-matter_phi4_39_b11,subject-matter_phi4,phi4,subject-matter,11,high costs of DC solutions,context,,,39
generalist_llama_40_b1,generalist_llama,llama,generalist,1,"power losses, quality and safety issues",context,,,40
generalist_llama_40_b3,generalist_llama,llama,generalist,3,lack of use-cases in which DC is advantageous,context,,,40
generalist_llama_40_b4,generalist_llama,llama,generalist,4,"uncertain utility interaction (net metering, utility ownership, and agreed standards)",context,,,40
generalist_llama_40_b7,generalist_llama,llama,generalist,7,incompatibility of DC systems components,context,,,40
generalist_llama_40_b8,generalist_llama,llama,generalist,8,misconception and lack of knowledge leads to lengthy/expensive design and permit process,context,,,40
normative_llama_40_b1,normative_llama,llama,normative,1,"power losses, quality and safety issues",context,,,40
normative_llama_40_b2,normative_llama,llama,normative,2,reduced reliability in DC devices,context,,,40
normative_llama_40_b3,normative_llama,llama,normative,3,lack of use-cases in which DC is advantageous,context,,,40
normative_llama_40_b4,normative_llama,llama,normative,4,"uncertain utility interaction (net metering, utility ownership, and agreed standards)",context,,,40
normative_llama_40_b5,normative_llama,llama,normative,5,lack of pilot projects,context,,,40
subject-matter_llama_40_b1,subject-matter_llama,llama,subject-matter,1,"power losses, quality and safety issues",context,,,40
subject-matter_llama_40_b2,subject-matter_llama,llama,subject-matter,2,reduced reliability in DC devices,context,,,40
subject-matter_llama_40_b3,subject-matter_llama,llama,subject-matter,3,lack of use-cases in which DC is advantageous,context,,,40
subject-matter_llama_40_b4,subject-matter_llama,llama,subject-matter,4,"uncertain utility interaction (net metering, utility ownership, and agreed standards)",context,,,40
subject-matter_llama_40_b11,subject-matter_llama,llama,subject-matter,11,high costs of DC solutions,context,,,40
generalist_mistral_40_b1,generalist_mistral,mistral,generalist,1,"power losses, quality and safety issues",context,,,40
generalist_mistral_40_b2,generalist_mistral,mistral,generalist,2,reduced reliability in DC devices,context,,,40
generalist_mistral_40_b3,generalist_mistral,mistral,generalist,3,lack of use-cases in which DC is advantageous,context,,,40
generalist_mistral_40_b4,generalist_mistral,mistral,generalist,4,"uncertain utility interaction (net metering, utility ownership, and agreed standards)",context,,,40
generalist_mistral_40_b5,generalist_mistral,mistral,generalist,5,lack of pilot projects,context,,,40
normative_mistral_40_b1,normative_mistral,mistral,normative,1,"power losses, quality and safety issues",context,,,40
normative_mistral_40_b2,normative_mistral,mistral,normative,2,reduced reliability in DC devices,context,,,40
normative_mistral_40_b4,normative_mistral,mistral,normative,4,"uncertain utility interaction (net metering, utility ownership, and agreed standards)",context,,,40
normative_mistral_40_b5,normative_mistral,mistral,normative,5,lack of pilot projects,context,,,40
normative_mistral_40_b6,normative_mistral,mistral,normative,6,public perception of DC and readiness to 'champion' installations from DC projects,context,,,40
subject-matter_mistral_40_b1,subject-matter_mistral,mistral,subject-matter,1,"power losses, quality and safety issues",context,,,40
subject-matter_mistral_40_b2,subject-matter_mistral,mistral,subject-matter,2,reduced reliability in DC devices,context,,,40
subject-matter_mistral_40_b3,subject-matter_mistral,mistral,subject-matter,3,lack of use-cases in which DC is advantageous,context,,,40
subject-matter_mistral_40_b4,subject-matter_mistral,mistral,subject-matter,4,"uncertain utility interaction (net metering, utility ownership, and agreed standards)",context,,,40
subject-matter_mistral_40_b5,subject-matter_mistral,mistral,subject-matter,5,lack of pilot projects,context,,,40
generalist_gemma3_40_b1,generalist_gemma3,gemma3,generalist,1,"power losses, quality and safety issues",context,,,40
generalist_gemma3_40_b5,generalist_gemma3,gemma3,generalist,5,lack of pilot projects,context,,,40
generalist_gemma3_40_b6,generalist_gemma3,gemma3,generalist,6,public perception of DC and readiness to 'champion' installations from DC projects,context,,,40
generalist_gemma3_40_b8,generalist_gemma3,gemma3,generalist,8,misconception and lack of knowledge leads to lengthy/expensive design and permit process,context,,,40
generalist_gemma3_40_b10,generalist_gemma3,gemma3,generalist,10,uncertain regulatory roadmap,context,,,40
normative_gemma3_40_b1,normative_gemma3,gemma3,normative,1,"power losses, quality and safety issues",context,,,40
normative_gemma3_40_b4,normative_gemma3,gemma3,normative,4,"uncertain utility interaction (net metering, utility ownership, and agreed standards)",context,,,40
normative_gemma3_40_b7,normative_gemma3,gemma3,normative,7,incompatibility of DC systems components,context,,,40
normative_gemma3_40_b8,normative_gemma3,gemma3,normative,8,misconception and lack of knowledge leads to lengthy/expensive design and permit process,context,,,40
normative_gemma3_40_b11,normative_gemma3,gemma3,normative,11,high costs of DC solutions,context,,,40
subject-matter_gemma3_40_b1,subject-matter_gemma3,gemma3,subject-matter,1,"power losses, quality and safety issues",context,,,40
subject-matter_gemma3_40_b4,subject-matter_gemma3,gemma3,subject-matter,4,"uncertain utility interaction (net metering, utility ownership, and agreed standards)",context,,,40
subject-matter_gemma3_40_b5,subject-matter_gemma3,gemma3,subject-matter,5,lack of pilot projects,context,,,40
subject-matter_gemma3_40_b8,subject-matter_gemma3,gemma3,subject-matter,8,misconception and lack of knowledge leads to lengthy/expensive design and permit process,context,,,40
subject-matter_gemma3_40_b10,subject-matter_gemma3,gemma3,subject-matter,10,uncertain regulatory roadmap,context,,,40
generalist_phi4_40_b1,generalist_phi4,phi4,generalist,1,"power losses, quality and safety issues",context,,,40
generalist_phi4_40_b2,generalist_phi4,phi4,generalist,2,reduced reliability in DC devices,context,,,40
generalist_phi4_40_b3,generalist_phi4,phi4,generalist,3,lack of use-cases in which DC is advantageous,context,,,40
generalist_phi4_40_b4,generalist_phi4,phi4,generalist,4,"uncertain utility interaction (net metering, utility ownership, and agreed standards)",context,,,40
generalist_phi4_40_b10,generalist_phi4,phi4,generalist,10,uncertain regulatory roadmap,context,,,40
normative_phi4_40_b1,normative_phi4,phi4,normative,1,"power losses, quality and safety issues",context,,,40
normative_phi4_40_b4,normative_phi4,phi4,normative,4,"uncertain utility interaction (net metering, utility ownership, and agreed standards)",context,,,40
normative_phi4_40_b5,normative_phi4,phi4,normative,5,lack of pilot projects,context,,,40
normative_phi4_40_b10,normative_phi4,phi4,normative,10,uncertain regulatory roadmap,context,,,40
normative_phi4_40_b11,normative_phi4,phi4,normative,11,high costs of DC solutions,context,,,40
subject-matter_phi4_40_b1,subject-matter_phi4,phi4,subject-matter,1,"power losses, quality and safety issues",context,,,40
subject-matter_phi4_40_b3,subject-matter_phi4,phi4,subject-matter,3,lack of use-cases in which DC is advantageous,context,,,40
subject-matter_phi4_40_b4,subject-matter_phi4,phi4,subject-matter,4,"uncertain utility interaction (net metering, utility ownership, and agreed standards)",context,,,40
subject-matter_phi4_40_b5,subject-matter_phi4,phi4,subject-matter,5,lack of pilot projects,context,,,40
subject-matter_phi4_40_b10,subject-matter_phi4,phi4,subject-matter,10,uncertain regulatory roadmap,context,,,40
generalist_llama_41_b1,generalist_llama,llama,generalist,1,"power losses, quality and safety issues",context,,,41
generalist_llama_41_b2,generalist_llama,llama,generalist,2,reduced reliability in DC devices,context,,,41
generalist_llama_41_b4,generalist_llama,llama,generalist,4,"uncertain utility interaction (net metering, utility ownership, and agreed standards)",context,,,41
generalist_llama_41_b5,generalist_llama,llama,generalist,5,lack of pilot projects,context,,,41
generalist_llama_41_b6,generalist_llama,llama,generalist,6,public perception of DC and readiness to 'champion' installations from DC projects,context,,,41
normative_llama_41_b1,normative_llama,llama,normative,1,"power losses, quality and safety issues",context,,,41
normative_llama_41_b2,normative_llama,llama,normative,2,reduced reliability in DC devices,context,,,41
normative_llama_41_b3,normative_llama,llama,normative,3,lack of use-cases in which DC is advantageous,context,,,41
normative_llama_41_b4,normative_llama,llama,normative,4,"uncertain utility interaction (net metering, utility ownership, and agreed standards)",context,,,41
normative_llama_41_b5,normative_llama,llama,normative,5,lack of pilot projects,context,,,41
subject-matter_llama_41_b1,subject-matter_llama,llama,subject-matter,1,"power losses, quality and safety issues",context,,,41
subject-matter_llama_41_b2,subject-matter_llama,llama,subject-matter,2,reduced reliability in DC devices,context,,,41
subject-matter_llama_41_b3,subject-matter_llama,llama,subject-matter,3,lack of use-cases in which DC is advantageous,context,,,41
subject-matter_llama_41_b4,subject-matter_llama,llama,subject-matter,4,"uncertain utility interaction (net metering, utility ownership, and agreed standards)",context,,,41
subject-matter_llama_41_b5,subject-matter_llama,llama,subject-matter,5,lack of pilot projects,context,,,41
generalist_mistral_41_b1,generalist_mistral,mistral,generalist,1,"power losses, quality and safety issues",context,,,41
generalist_mistral_41_b2,generalist_mistral,mistral,generalist,2,reduced reliability in DC devices,context,,,41
generalist_mistral_41_b4,generalist_mistral,mistral,generalist,4,"uncertain utility interaction (net metering, utility ownership, and agreed standards)",context,,,41
generalist_mistral_41_b5,generalist_mistral,mistral,generalist,5,lack of pilot projects,context,,,41
generalist_mistral_41_b6,generalist_mistral,mistral,generalist,6,public perception of DC and readiness to 'champion' installations from DC projects,context,,,41
normative_mistral_41_b1,normative_mistral,mistral,normative,1,"power losses, quality and safety issues",context,,,41
normative_mistral_41_b2,normative_mistral,mistral,normative,2,reduced reliability in DC devices,context,,,41
normative_mistral_41_b3,normative_mistral,mistral,normative,3,lack of use-cases in which DC is advantageous,context,,,41
normative_mistral_41_b4,normative_mistral,mistral,normative,4,"uncertain utility interaction (net metering, utility ownership, and agreed standards)",context,,,41
normative_mistral_41_b5,normative_mistral,mistral,normative,5,lack of pilot projects,context,,,41
subject-matter_mistral_41_b1,subject-matter_mistral,mistral,subject-matter,1,"power losses, quality and safety issues",context,,,41
subject-matter_mistral_41_b2,subject-matter_mistral,mistral,subject-matter,2,reduced reliability in DC devices,context,,,41
subject-matter_mistral_41_b3,subject-matter_mistral,mistral,subject-matter,3,lack of use-cases in which DC is advantageous,context,,,41
subject-matter_mistral_41_b4,subject-matter_mistral,mistral,subject-matter,4,"uncertain utility interaction (net metering, utility ownership, and agreed standards)",context,,,41
subject-matter_mistral_41_b5,subject-matter_mistral,mistral,subject-matter,5,lack of pilot projects,context,,,41
generalist_gemma3_41_b1,generalist_gemma3,gemma3,generalist,1,"power losses, quality and safety issues",context,,,41
generalist_gemma3_41_b5,generalist_gemma3,gemma3,generalist,5,lack of pilot projects,context,,,41
generalist_gemma3_41_b6,generalist_gemma3,gemma3,generalist,6,public perception of DC and readiness to 'champion' installations from DC projects,context,,,41
generalist_gemma3_41_b8,generalist_gemma3,gemma3,generalist,8,misconception and lack of knowledge leads to lengthy/expensive design and permit process,context,,,41
generalist_gemma3_41_b10,generalist_gemma3,gemma3,generalist,10,uncertain regulatory roadmap,context,,,41
normative_gemma3_41_b1,normative_gemma3,gemma3,normative,1,"power losses, quality and safety issues",context,,,41
normative_gemma3_41_b5,normative_gemma3,gemma3,normative,5,lack of pilot projects,context,,,41
normative_gemma3_41_b6,normative_gemma3,gemma3,normative,6,public perception of DC and readiness to 'champion' installations from DC projects,context,,,41
normative_gemma3_41_b8,normative_gemma3,gemma3,normative,8,misconception and lack of knowledge leads to lengthy/expensive design and permit process,context,,,41
normative_gemma3_41_b10,normative_gemma3,gemma3,normative,10,uncertain regulatory roadmap,context,,,41
subject-matter_gemma3_41_b1,subject-matter_gemma3,gemma3,subject-matter,1,"power losses, quality and safety issues",context,,,41
subject-matter_gemma3_41_b5,subject-matter_gemma3,gemma3,subject-matter,5,lack of pilot projects,context,,,41
subject-matter_gemma3_41_b4,subject-matter_gemma3,gemma3,subject-matter,4,"uncertain utility interaction (net metering, utility ownership, and agreed standards)",context,,,41
subject-matter_gemma3_41_b8,subject-matter_gemma3,gemma3,subject-matter,8,misconception and lack of knowledge leads to lengthy/expensive design and permit process,context,,,41
subject-matter_gemma3_41_b10,subject-matter_gemma3,gemma3,subject-matter,10,uncertain regulatory roadmap,context,,,41
generalist_phi4_41_b1,generalist_phi4,phi4,generalist,1,"power losses, quality and safety issues",context,,,41
generalist_phi4_41_b3,generalist_phi4,phi4,generalist,3,lack of use-cases in which DC is advantageous,context,,,41
generalist_phi4_41_b4,generalist_phi4,phi4,generalist,4,"uncertain utility interaction (net metering, utility ownership, and agreed standards)",context,,,41
generalist_phi4_41_b5,generalist_phi4,phi4,generalist,5,lack of pilot projects,context,,,41
generalist_phi4_41_b10,generalist_phi4,phi4,generalist,10,uncertain regulatory roadmap,context,,,41
normative_phi4_41_b1,normative_phi4,phi4,normative,1,"power losses, quality and safety issues",context,,,41
normative_phi4_41_b3,normative_phi4,phi4,normative,3,lack of use-cases in which DC is advantageous,context,,,41
normative_phi4_41_b4,normative_phi4,phi4,normative,4,"uncertain utility interaction (net metering, utility ownership, and agreed standards)",context,,,41
normative_phi4_41_b8,normative_phi4,phi4,normative,8,misconception and lack of knowledge leads to lengthy/expensive design and permit process,context,,,41
normative_phi4_41_b10,normative_phi4,phi4,normative,10,uncertain regulatory roadmap,context,,,41
subject-matter_phi4_41_b1,subject-matter_phi4,phi4,subject-matter,1,"power losses, quality and safety issues",context,,,41
subject-matter_phi4_41_b3,subject-matter_phi4,phi4,subject-matter,3,lack of use-cases in which DC is advantageous,context,,,41
subject-matter_phi4_41_b4,subject-matter_phi4,phi4,subject-matter,4,"uncertain utility interaction (net metering, utility ownership, and agreed standards)",context,,,41
subject-matter_phi4_41_b5,subject-matter_phi4,phi4,subject-matter,5,lack of pilot projects,context,,,41
subject-matter_phi4_41_b10,subject-matter_phi4,phi4,subject-matter,10,uncertain regulatory roadmap,context,,,41
generalist_llama_42_b1,generalist_llama,llama,generalist,1,"power losses, quality and safety issues",context,,,42
generalist_llama_42_b6,generalist_llama,llama,generalist,6,public perception of DC and readiness to 'champion' installations from DC projects,context,,,42
generalist_llama_42_b7,generalist_llama,llama,generalist,7,incompatibility of DC systems components,context,,,42
generalist_llama_42_b8,generalist_llama,llama,generalist,8,misconception and lack of knowledge leads to lengthy/expensive design and permit process,context,,,42
generalist_llama_42_b9,generalist_llama,llama,generalist,9,lack of enough trained personnel in DC systems,context,,,42
normative_llama_42_b2,normative_llama,llama,normative,2,reduced reliability in DC devices,context,,,42
normative_llama_42_b3,normative_llama,llama,normative,3,lack of use-cases in which DC is advantageous,context,,,42
normative_llama_42_b6,normative_llama,llama,normative,6,public perception of DC and readiness to 'champion' installations from DC projects,context,,,42
normative_llama_42_b7,normative_llama,llama,normative,7,incompatibility of DC systems components,context,,,42
normative_llama_42_b10,normative_llama,llama,normative,10,uncertain regulatory roadmap,context,,,42
subject-matter_llama_42_b1,subject-matter_llama,llama,subject-matter,1,"power losses, quality and safety issues",context,,,42
subject-matter_llama_42_b4,subject-matter_llama,llama,subject-matter,4,"uncertain utility interaction (net metering, utility ownership, and agreed standards)",context,,,42
subject-matter_llama_42_b3,subject-matter_llama,llama,subject-matter,3,lack of use-cases in which DC is advantageous,context,,,42
subject-matter_llama_42_b7,subject-matter_llama,llama,subject-matter,7,incompatibility of DC systems components,context,,,42
subject-matter_llama_42_b11,subject-matter_llama,llama,subject-matter,11,high costs of DC solutions,context,,,42
generalist_mistral_42_b1,generalist_mistral,mistral,generalist,1,"power losses, quality and safety issues",context,,,42
generalist_mistral_42_b2,generalist_mistral,mistral,generalist,2,reduced reliability in DC devices,context,,,42
generalist_mistral_42_b3,generalist_mistral,mistral,generalist,3,lack of use-cases in which DC is advantageous,context,,,42
generalist_mistral_42_b4,generalist_mistral,mistral,generalist,4,"uncertain utility interaction (net metering, utility ownership, and agreed standards)",context,,,42
generalist_mistral_42_b5,generalist_mistral,mistral,generalist,5,lack of pilot projects,context,,,42
normative_mistral_42_b1,normative_mistral,mistral,normative,1,"power losses, quality and safety issues",context,,,42
normative_mistral_42_b2,normative_mistral,mistral,normative,2,reduced reliability in DC devices,context,,,42
normative_mistral_42_b4,normative_mistral,mistral,normative,4,"uncertain utility interaction (net metering, utility ownership, and agreed standards)",context,,,42
normative_mistral_42_b5,normative_mistral,mistral,normative,5,lack of pilot projects,context,,,42
normative_mistral_42_b6,normative_mistral,mistral,normative,6,public perception of DC and readiness to 'champion' installations from DC projects,context,,,42
subject-matter_mistral_42_b1,subject-matter_mistral,mistral,subject-matter,1,"power losses, quality and safety issues",context,,,42
subject-matter_mistral_42_b2,subject-matter_mistral,mistral,subject-matter,2,reduced reliability in DC devices,context,,,42
subject-matter_mistral_42_b3,subject-matter_mistral,mistral,subject-matter,3,lack of use-cases in which DC is advantageous,context,,,42
subject-matter_mistral_42_b4,subject-matter_mistral,mistral,subject-matter,4,"uncertain utility interaction (net metering, utility ownership, and agreed standards)",context,,,42
subject-matter_mistral_42_b5,subject-matter_mistral,mistral,subject-matter,5,lack of pilot projects,context,,,42
generalist_gemma3_42_b1,generalist_gemma3,gemma3,generalist,1,"power losses, quality and safety issues",context,,,42
generalist_gemma3_42_b5,generalist_gemma3,gemma3,generalist,5,lack of pilot projects,context,,,42
generalist_gemma3_42_b6,generalist_gemma3,gemma3,generalist,6,public perception of DC and readiness to 'champion' installations from DC projects,context,,,42
generalist_gemma3_42_b8,generalist_gemma3,gemma3,generalist,8,misconception and lack of knowledge leads to lengthy/expensive design and permit process,context,,,42
generalist_gemma3_42_b10,generalist_gemma3,gemma3,generalist,10,uncertain regulatory roadmap,context,,,42
normative_gemma3_42_b1,normative_gemma3,gemma3,normative,1,"power losses, quality and safety issues",context,,,42
normative_gemma3_42_b4,normative_gemma3,gemma3,normative,4,"uncertain utility interaction (net metering, utility ownership, and agreed standards)",context,,,42
normative_gemma3_42_b7,normative_gemma3,gemma3,normative,7,incompatibility of DC systems components,context,,,42
normative_gemma3_42_b8,normative_gemma3,gemma3,normative,8,misconception and lack of knowledge leads to lengthy/expensive design and permit process,context,,,42
normative_gemma3_42_b11,normative_gemma3,gemma3,normative,11,high costs of DC solutions,context,,,42
subject-matter_gemma3_42_b1,subject-matter_gemma3,gemma3,subject-matter,1,"power losses, quality and safety issues",context,,,42
subject-matter_gemma3_42_b4,subject-matter_gemma3,gemma3,subject-matter,4,"uncertain utility interaction (net metering, utility ownership, and agreed standards)",context,,,42
subject-matter_gemma3_42_b7,subject-matter_gemma3,gemma3,subject-matter,7,incompatibility of DC systems components,context,,,42
subject-matter_gemma3_42_b8,subject-matter_gemma3,gemma3,subject-matter,8,misconception and lack of knowledge leads to lengthy/expensive design and permit process,context,,,42
subject-matter_gemma3_42_b11,subject-matter_gemma3,gemma3,subject-matter,11,high costs of DC solutions,context,,,42
generalist_phi4_42_b1,generalist_phi4,phi4,generalist,1,"power losses, quality and safety issues",context,,,42
generalist_phi4_42_b3,generalist_phi4,phi4,generalist,3,lack of use-cases in which DC is advantageous,context,,,42
generalist_phi4_42_b4,generalist_phi4,phi4,generalist,4,"uncertain utility interaction (net metering, utility ownership, and agreed standards)",context,,,42
generalist_phi4_42_b5,generalist_phi4,phi4,generalist,5,lack of pilot projects,context,,,42
generalist_phi4_42_b10,generalist_phi4,phi4,generalist,10,uncertain regulatory roadmap,context,,,42
normative_phi4_42_b1,normative_phi4,phi4,normative,1,"power losses, quality and safety issues",context,,,42
normative_phi4_42_b2,normative_phi4,phi4,normative,2,reduced reliability in DC devices,context,,,42
normative_phi4_42_b4,normative_phi4,phi4,normative,4,"uncertain utility interaction (net metering, utility ownership, and agreed standards)",context,,,42
normative_phi4_42_b8,normative_phi4,phi4,normative,8,misconception and lack of knowledge leads to lengthy/expensive design and permit process,context,,,42
normative_phi4_42_b10,normative_phi4,phi4,normative,10,uncertain regulatory roadmap,context,,,42
subject-matter_phi4_42_b1,subject-matter_phi4,phi4,subject-matter,1,"power losses, quality and safety issues",context,,,42
subject-matter_phi4_42_b3,subject-matter_phi4,phi4,subject-matter,3,lack of use-cases in which DC is advantageous,context,,,42
subject-matter_phi4_42_b4,subject-matter_phi4,phi4,subject-matter,4,"uncertain utility interaction (net metering, utility ownership, and agreed standards)",context,,,42
subject-matter_phi4_42_b5,subject-matter_phi4,phi4,subject-matter,5,lack of pilot projects,context,,,42
subject-matter_phi4_42_b10,subject-matter_phi4,phi4,subject-matter,10,uncertain regulatory roadmap,context,,,42
generalist_llama_43_b1,generalist_llama,llama,generalist,1,"power losses, quality and safety issues",context,,,43
generalist_llama_43_b2,generalist_llama,llama,generalist,2,reduced reliability in DC devices,context,,,43
generalist_llama_43_b4,generalist_llama,llama,generalist,4,"uncertain utility interaction (net metering, utility ownership, and agreed standards)",context,,,43
generalist_llama_43_b5,generalist_llama,llama,generalist,5,lack of pilot projects,context,,,43
generalist_llama_43_b6,generalist_llama,llama,generalist,6,public perception of DC and readiness to 'champion' installations from DC projects,context,,,43
normative_llama_43_b1,normative_llama,llama,normative,1,"power losses, quality and safety issues",context,,,43
normative_llama_43_b3,normative_llama,llama,normative,3,lack of use-cases in which DC is advantageous,context,,,43
normative_llama_43_b4,normative_llama,llama,normative,4,"uncertain utility interaction (net metering, utility ownership, and agreed standards)",context,,,43
normative_llama_43_b7,normative_llama,llama,normative,7,incompatibility of DC systems components,context,,,43
normative_llama_43_b8,normative_llama,llama,normative,8,misconception and lack of knowledge leads to lengthy/expensive design and permit process,context,,,43
subject-matter_llama_43_b1,subject-matter_llama,llama,subject-matter,1,"power losses, quality and safety issues",context,,,43
subject-matter_llama_43_b2,subject-matter_llama,llama,subject-matter,2,reduced reliability in DC devices,context,,,43
subject-matter_llama_43_b3,subject-matter_llama,llama,subject-matter,3,lack of use-cases in which DC is advantageous,context,,,43
subject-matter_llama_43_b4,subject-matter_llama,llama,subject-matter,4,"uncertain utility interaction (net metering, utility ownership, and agreed standards)",context,,,43
subject-matter_llama_43_b5,subject-matter_llama,llama,subject-matter,5,lack of pilot projects,context,,,43
generalist_mistral_43_b1,generalist_mistral,mistral,generalist,1,"power losses, quality and safety issues",context,,,43
generalist_mistral_43_b2,generalist_mistral,mistral,generalist,2,reduced reliability in DC devices,context,,,43
generalist_mistral_43_b3,generalist_mistral,mistral,generalist,3,lack of use-cases in which DC is advantageous,context,,,43
generalist_mistral_43_b4,generalist_mistral,mistral,generalist,4,"uncertain utility interaction (net metering, utility ownership, and agreed standards)",context,,,43
generalist_mistral_43_b5,generalist_mistral,mistral,generalist,5,lack of pilot projects,context,,,43
normative_mistral_43_b1,normative_mistral,mistral,normative,1,"power losses, quality and safety issues",context,,,43
normative_mistral_43_b2,normative_mistral,mistral,normative,2,reduced reliability in DC devices,context,,,43
normative_mistral_43_b4,normative_mistral,mistral,normative,4,"uncertain utility interaction (net metering, utility ownership, and agreed standards)",context,,,43
normative_mistral_43_b5,normative_mistral,mistral,normative,5,lack of pilot projects,context,,,43
normative_mistral_43_b6,normative_mistral,mistral,normative,6,public perception of DC and readiness to 'champion' installations from DC projects,context,,,43
subject-matter_mistral_43_b1,subject-matter_mistral,mistral,subject-matter,1,"power losses, quality and safety issues",context,,,43
subject-matter_mistral_43_b2,subject-matter_mistral,mistral,subject-matter,2,reduced reliability in DC devices,context,,,43
subject-matter_mistral_43_b3,subject-matter_mistral,mistral,subject-matter,3,lack of use-cases in which DC is advantageous,context,,,43
subject-matter_mistral_43_b4,subject-matter_mistral,mistral,subject-matter,4,"uncertain utility interaction (net metering, utility ownership, and agreed standards)",context,,,43
subject-matter_mistral_43_b5,subject-matter_mistral,mistral,subject-matter,5,lack of pilot projects,context,,,43
generalist_gemma3_43_b1,generalist_gemma3,gemma3,generalist,1,"power losses, quality and safety issues",context,,,43
generalist_gemma3_43_b5,generalist_gemma3,gemma3,generalist,5,lack of pilot projects,context,,,43
generalist_gemma3_43_b6,generalist_gemma3,gemma3,generalist,6,public perception of DC and readiness to 'champion' installations from DC projects,context,,,43
generalist_gemma3_43_b8,generalist_gemma3,gemma3,generalist,8,misconception and lack of knowledge leads to lengthy/expensive design and permit process,context,,,43
generalist_gemma3_43_b10,generalist_gemma3,gemma3,generalist,10,uncertain regulatory roadmap,context,,,43
normative_gemma3_43_b1,normative_gemma3,gemma3,normative,1,"power losses, quality and safety issues",context,,,43
normative_gemma3_43_b4,normative_gemma3,gemma3,normative,4,"uncertain utility interaction (net metering, utility ownership, and agreed standards)",context,,,43
normative_gemma3_43_b5,normative_gemma3,gemma3,normative,5,lack of pilot projects,context,,,43
normative_gemma3_43_b8,normative_gemma3,gemma3,normative,8,misconception and lack of knowledge leads to lengthy/expensive design and permit process,context,,,43
normative_gemma3_43_b10,normative_gemma3,gemma3,normative,10,uncertain regulatory roadmap,context,,,43
subject-matter_gemma3_43_b1,subject-matter_gemma3,gemma3,subject-matter,1,"power losses, quality and safety issues",context,,,43
subject-matter_gemma3_43_b3,subject-matter_gemma3,gemma3,subject-matter,3,lack of use-cases in which DC is advantageous,context,,,43
subject-matter_gemma3_43_b4,subject-matter_gemma3,gemma3,subject-matter,4,"uncertain utility interaction (net metering, utility ownership, and agreed standards)",context,,,43
subject-matter_gemma3_43_b8,subject-matter_gemma3,gemma3,subject-matter,8,misconception and lack of knowledge leads to lengthy/expensive design and permit process,context,,,43
subject-matter_gemma3_43_b10,subject-matter_gemma3,gemma3,subject-matter,10,uncertain regulatory roadmap,context,,,43
generalist_phi4_43_b1,generalist_phi4,phi4,generalist,1,"power losses, quality and safety issues",context,,,43
generalist_phi4_43_b2,generalist_phi4,phi4,generalist,2,reduced reliability in DC devices,context,,,43
generalist_phi4_43_b4,generalist_phi4,phi4,generalist,4,"uncertain utility interaction (net metering, utility ownership, and agreed standards)",context,,,43
generalist_phi4_43_b5,generalist_phi4,phi4,generalist,5,lack of pilot projects,context,,,43
generalist_phi4_43_b10,generalist_phi4,phi4,generalist,10,uncertain regulatory roadmap,context,,,43
normative_phi4_43_b1,normative_phi4,phi4,normative,1,"power losses, quality and safety issues",context,,,43
normative_phi4_43_b3,normative_phi4,phi4,normative,3,lack of use-cases in which DC is advantageous,context,,,43
normative_phi4_43_b4,normative_phi4,phi4,normative,4,"uncertain utility interaction (net metering, utility ownership, and agreed standards)",context,,,43
normative_phi4_43_b5,normative_phi4,phi4,normative,5,lack of pilot projects,context,,,43
normative_phi4_43_b10,normative_phi4,phi4,normative,10,uncertain regulatory roadmap,context,,,43
subject-matter_phi4_43_b1,subject-matter_phi4,phi4,subject-matter,1,"power losses, quality and safety issues",context,,,43
subject-matter_phi4_43_b4,subject-matter_phi4,phi4,subject-matter,4,"uncertain utility interaction (net metering, utility ownership, and agreed standards)",context,,,43
subject-matter_phi4_43_b5,subject-matter_phi4,phi4,subject-matter,5,lack of pilot projects,context,,,43
subject-matter_phi4_43_b8,subject-matter_phi4,phi4,subject-matter,8,misconception and lack of knowledge leads to lengthy/expensive design and permit process,context,,,43
subject-matter_phi4_43_b10,subject-matter_phi4,phi4,subject-matter,10,uncertain regulatory roadmap,context,,,43
generalist_llama_44_b1,generalist_llama,llama,generalist,1,"power losses, quality and safety issues",context,,,44
generalist_llama_44_b2,generalist_llama,llama,generalist,2,reduced reliability in DC devices,context,,,44
generalist_llama_44_b3,generalist_llama,llama,generalist,3,lack of use-cases in which DC is advantageous,context,,,44
generalist_llama_44_b4,generalist_llama,llama,generalist,4,"uncertain utility interaction (net metering, utility ownership, and agreed standards)",context,,,44
generalist_llama_44_b5,generalist_llama,llama,generalist,5,lack of pilot projects,context,,,44
normative_llama_44_b1,normative_llama,llama,normative,1,"power losses, quality and safety issues",context,,,44
normative_llama_44_b2,normative_llama,llama,normative,2,reduced reliability in DC devices,context,,,44
normative_llama_44_b3,normative_llama,llama,normative,3,lack of use-cases in which DC is advantageous,context,,,44
normative_llama_44_b4,normative_llama,llama,normative,4,"uncertain utility interaction (net metering, utility ownership, and agreed standards)",context,,,44
normative_llama_44_b5,normative_llama,llama,normative,5,lack of pilot projects,context,,,44
subject-matter_llama_44_b1,subject-matter_llama,llama,subject-matter,1,"power losses, quality and safety issues",context,,,44
subject-matter_llama_44_b2,subject-matter_llama,llama,subject-matter,2,reduced reliability in DC devices,context,,,44
subject-matter_llama_44_b3,subject-matter_llama,llama,subject-matter,3,lack of use-cases in which DC is advantageous,context,,,44
subject-matter_llama_44_b4,subject-matter_llama,llama,subject-matter,4,"uncertain utility interaction (net metering, utility ownership, and agreed standards)",context,,,44
subject-matter_llama_44_b11,subject-matter_llama,llama,subject-matter,11,high costs of DC solutions,context,,,44
generalist_mistral_44_b1,generalist_mistral,mistral,generalist,1,"power losses, quality and safety issues",context,,,44
generalist_mistral_44_b2,generalist_mistral,mistral,generalist,2,reduced reliability in DC devices,context,,,44
generalist_mistral_44_b3,generalist_mistral,mistral,generalist,3,lack of use-cases in which DC is advantageous,context,,,44
generalist_mistral_44_b4,generalist_mistral,mistral,generalist,4,"uncertain utility interaction (net metering, utility ownership, and agreed standards)",context,,,44
generalist_mistral_44_b5,generalist_mistral,mistral,generalist,5,lack of pilot projects,context,,,44
normative_mistral_44_b1,normative_mistral,mistral,normative,1,"power losses, quality and safety issues",context,,,44
normative_mistral_44_b2,normative_mistral,mistral,normative,2,reduced reliability in DC devices,context,,,44
normative_mistral_44_b4,normative_mistral,mistral,normative,4,"uncertain utility interaction (net metering, utility ownership, and agreed standards)",context,,,44
normative_mistral_44_b5,normative_mistral,mistral,normative,5,lack of pilot projects,context,,,44
normative_mistral_44_b7,normative_mistral,mistral,normative,7,incompatibility of DC systems components,context,,,44
subject-matter_mistral_44_b1,subject-matter_mistral,mistral,subject-matter,1,"power losses, quality and safety issues",context,,,44
subject-matter_mistral_44_b2,subject-matter_mistral,mistral,subject-matter,2,reduced reliability in DC devices,context,,,44
subject-matter_mistral_44_b4,subject-matter_mistral,mistral,subject-matter,4,"uncertain utility interaction (net metering, utility ownership, and agreed standards)",context,,,44
subject-matter_mistral_44_b5,subject-matter_mistral,mistral,subject-matter,5,lack of pilot projects,context,,,44
subject-matter_mistral_44_b7,subject-matter_mistral,mistral,subject-matter,7,incompatibility of DC systems components,context,,,44
generalist_gemma3_44_b1,generalist_gemma3,gemma3,generalist,1,"power losses, quality and safety issues",context,,,44
generalist_gemma3_44_b3,generalist_gemma3,gemma3,generalist,3,lack of use-cases in which DC is advantageous,context,,,44
generalist_gemma3_44_b4,generalist_gemma3,gemma3,generalist,4,"uncertain utility interaction (net metering, utility ownership, and agreed standards)",context,,,44
generalist_gemma3_44_b8,generalist_gemma3,gemma3,generalist,8,misconception and lack of knowledge leads to lengthy/expensive design and permit process,context,,,44
generalist_gemma3_44_b10,generalist_gemma3,gemma3,generalist,10,uncertain regulatory roadmap,context,,,44
normative_gemma3_44_b1,normative_gemma3,gemma3,normative,1,"power losses, quality and safety issues",context,,,44
normative_gemma3_44_b4,normative_gemma3,gemma3,normative,4,"uncertain utility interaction (net metering, utility ownership, and agreed standards)",context,,,44
normative_gemma3_44_b7,normative_gemma3,gemma3,normative,7,incompatibility of DC systems components,context,,,44
normative_gemma3_44_b8,normative_gemma3,gemma3,normative,8,misconception and lack of knowledge leads to lengthy/expensive design and permit process,context,,,44
normative_gemma3_44_b11,normative_gemma3,gemma3,normative,11,high costs of DC solutions,context,,,44
subject-matter_gemma3_44_b1,subject-matter_gemma3,gemma3,subject-matter,1,"power losses, quality and safety issues",context,,,44
subject-matter_gemma3_44_b5,subject-matter_gemma3,gemma3,subject-matter,5,lack of pilot projects,context,,,44
subject-matter_gemma3_44_b4,subject-matter_gemma3,gemma3,subject-matter,4,"uncertain utility interaction (net metering, utility ownership, and agreed standards)",context,,,44
subject-matter_gemma3_44_b8,subject-matter_gemma3,gemma3,subject-matter,8,misconception and lack of knowledge leads to lengthy/expensive design and permit process,context,,,44
subject-matter_gemma3_44_b10,subject-matter_gemma3,gemma3,subject-matter,10,uncertain regulatory roadmap,context,,,44
generalist_phi4_44_b1,generalist_phi4,phi4,generalist,1,"power losses, quality and safety issues",context,,,44
generalist_phi4_44_b3,generalist_phi4,phi4,generalist,3,lack of use-cases in which DC is advantageous,context,,,44
generalist_phi4_44_b4,generalist_phi4,phi4,generalist,4,"uncertain utility interaction (net metering, utility ownership, and agreed standards)",context,,,44
generalist_phi4_44_b5,generalist_phi4,phi4,generalist,5,lack of pilot projects,context,,,44
generalist_phi4_44_b10,generalist_phi4,phi4,generalist,10,uncertain regulatory roadmap,context,,,44
normative_phi4_44_b1,normative_phi4,phi4,normative,1,"power losses, quality and safety issues",context,,,44
normative_phi4_44_b2,normative_phi4,phi4,normative,2,reduced reliability in DC devices,context,,,44
normative_phi4_44_b3,normative_phi4,phi4,normative,3,lack of use-cases in which DC is advantageous,context,,,44
normative_phi4_44_b4,normative_phi4,phi4,normative,4,"uncertain utility interaction (net metering, utility ownership, and agreed standards)",context,,,44
normative_phi4_44_b5,normative_phi4,phi4,normative,5,lack of pilot projects,context,,,44
subject-matter_phi4_44_b1,subject-matter_phi4,phi4,subject-matter,1,"power losses, quality and safety issues",context,,,44
subject-matter_phi4_44_b3,subject-matter_phi4,phi4,subject-matter,3,lack of use-cases in which DC is advantageous,context,,,44
subject-matter_phi4_44_b4,subject-matter_phi4,phi4,subject-matter,4,"uncertain utility interaction (net metering, utility ownership, and agreed standards)",context,,,44
subject-matter_phi4_44_b5,subject-matter_phi4,phi4,subject-matter,5,lack of pilot projects,context,,,44
subject-matter_phi4_44_b10,subject-matter_phi4,phi4,subject-matter,10,uncertain regulatory roadmap,context,,,44
generalist_llama_45_b3,generalist_llama,llama,generalist,3,lack of use-cases in which DC is advantageous,context,,,45
generalist_llama_45_b7,generalist_llama,llama,generalist,7,incompatibility of DC systems components,context,,,45
generalist_llama_45_b11,generalist_llama,llama,generalist,11,high costs of DC solutions,context,,,45
generalist_llama_45_b4,generalist_llama,llama,generalist,4,"uncertain utility interaction (net metering, utility ownership, and agreed standards)",context,,,45
generalist_llama_45_b5,generalist_llama,llama,generalist,5,lack of pilot projects,context,,,45
normative_llama_45_b1,normative_llama,llama,normative,1,"power losses, quality and safety issues",context,,,45
normative_llama_45_b2,normative_llama,llama,normative,2,reduced reliability in DC devices,context,,,45
normative_llama_45_b4,normative_llama,llama,normative,4,"uncertain utility interaction (net metering, utility ownership, and agreed standards)",context,,,45
normative_llama_45_b5,normative_llama,llama,normative,5,lack of pilot projects,context,,,45
normative_llama_45_b6,normative_llama,llama,normative,6,public perception of DC and readiness to 'champion' installations from DC projects,context,,,45
subject-matter_llama_45_b1,subject-matter_llama,llama,subject-matter,1,"power losses, quality and safety issues",context,,,45
subject-matter_llama_45_b2,subject-matter_llama,llama,subject-matter,2,reduced reliability in DC devices,context,,,45
subject-matter_llama_45_b3,subject-matter_llama,llama,subject-matter,3,lack of use-cases in which DC is advantageous,context,,,45
subject-matter_llama_45_b4,subject-matter_llama,llama,subject-matter,4,"uncertain utility interaction (net metering, utility ownership, and agreed standards)",context,,,45
subject-matter_llama_45_b5,subject-matter_llama,llama,subject-matter,5,lack of pilot projects,context,,,45
generalist_mistral_45_b1,generalist_mistral,mistral,generalist,1,"power losses, quality and safety issues",context,,,45
generalist_mistral_45_b2,generalist_mistral,mistral,generalist,2,reduced reliability in DC devices,context,,,45
generalist_mistral_45_b3,generalist_mistral,mistral,generalist,3,lack of use-cases in which DC is advantageous,context,,,45
generalist_mistral_45_b4,generalist_mistral,mistral,generalist,4,"uncertain utility interaction (net metering, utility ownership, and agreed standards)",context,,,45
generalist_mistral_45_b7,generalist_mistral,mistral,generalist,7,incompatibility of DC systems components,context,,,45
normative_mistral_45_b1,normative_mistral,mistral,normative,1,"power losses, quality and safety issues",context,,,45
normative_mistral_45_b2,normative_mistral,mistral,normative,2,reduced reliability in DC devices,context,,,45
normative_mistral_45_b4,normative_mistral,mistral,normative,4,"uncertain utility interaction (net metering, utility ownership, and agreed standards)",context,,,45
normative_mistral_45_b5,normative_mistral,mistral,normative,5,lack of pilot projects,context,,,45
normative_mistral_45_b9,normative_mistral,mistral,normative,9,lack of enough trained personnel in DC systems,context,,,45
subject-matter_mistral_45_b1,subject-matter_mistral,mistral,subject-matter,1,"power losses, quality and safety issues",context,,,45
subject-matter_mistral_45_b2,subject-matter_mistral,mistral,subject-matter,2,reduced reliability in DC devices,context,,,45
subject-matter_mistral_45_b4,subject-matter_mistral,mistral,subject-matter,4,"uncertain utility interaction (net metering, utility ownership, and agreed standards)",context,,,45
subject-matter_mistral_45_b5,subject-matter_mistral,mistral,subject-matter,5,lack of pilot projects,context,,,45
subject-matter_mistral_45_b9,subject-matter_mistral,mistral,subject-matter,9,lack of enough trained personnel in DC systems,context,,,45
generalist_gemma3_45_b1,generalist_gemma3,gemma3,generalist,1,"power losses, quality and safety issues",context,,,45
generalist_gemma3_45_b5,generalist_gemma3,gemma3,generalist,5,lack of pilot projects,context,,,45
generalist_gemma3_45_b6,generalist_gemma3,gemma3,generalist,6,public perception of DC and readiness to 'champion' installations from DC projects,context,,,45
generalist_gemma3_45_b8,generalist_gemma3,gemma3,generalist,8,misconception and lack of knowledge leads to lengthy/expensive design and permit process,context,,,45
generalist_gemma3_45_b10,generalist_gemma3,gemma3,generalist,10,uncertain regulatory roadmap,context,,,45
normative_gemma3_45_b1,normative_gemma3,gemma3,normative,1,"power losses, quality and safety issues",context,,,45
normative_gemma3_45_b4,normative_gemma3,gemma3,normative,4,"uncertain utility interaction (net metering, utility ownership, and agreed standards)",context,,,45
normative_gemma3_45_b7,normative_gemma3,gemma3,normative,7,incompatibility of DC systems components,context,,,45
normative_gemma3_45_b8,normative_gemma3,gemma3,normative,8,misconception and lack of knowledge leads to lengthy/expensive design and permit process,context,,,45
normative_gemma3_45_b11,normative_gemma3,gemma3,normative,11,high costs of DC solutions,context,,,45
subject-matter_gemma3_45_b1,subject-matter_gemma3,gemma3,subject-matter,1,"power losses, quality and safety issues",context,,,45
subject-matter_gemma3_45_b5,subject-matter_gemma3,gemma3,subject-matter,5,lack of pilot projects,context,,,45
subject-matter_gemma3_45_b4,subject-matter_gemma3,gemma3,subject-matter,4,"uncertain utility interaction (net metering, utility ownership, and agreed standards)",context,,,45
subject-matter_gemma3_45_b8,subject-matter_gemma3,gemma3,subject-matter,8,misconception and lack of knowledge leads to lengthy/expensive design and permit process,context,,,45
subject-matter_gemma3_45_b10,subject-matter_gemma3,gemma3,subject-matter,10,uncertain regulatory roadmap,context,,,45
generalist_phi4_45_b1,generalist_phi4,phi4,generalist,1,"power losses, quality and safety issues",context,,,45
generalist_phi4_45_b3,generalist_phi4,phi4,generalist,3,lack of use-cases in which DC is advantageous,context,,,45
generalist_phi4_45_b4,generalist_phi4,phi4,generalist,4,"uncertain utility interaction (net metering, utility ownership, and agreed standards)",context,,,45
generalist_phi4_45_b5,generalist_phi4,phi4,generalist,5,lack of pilot projects,context,,,45
generalist_phi4_45_b10,generalist_phi4,phi4,generalist,10,uncertain regulatory roadmap,context,,,45
normative_phi4_45_b1,normative_phi4,phi4,normative,1,"power losses, quality and safety issues",context,,,45
normative_phi4_45_b3,normative_phi4,phi4,normative,3,lack of use-cases in which DC is advantageous,context,,,45
normative_phi4_45_b4,normative_phi4,phi4,normative,4,"uncertain utility interaction (net metering, utility ownership, and agreed standards)",context,,,45
normative_phi4_45_b5,normative_phi4,phi4,normative,5,lack of pilot projects,context,,,45
normative_phi4_45_b10,normative_phi4,phi4,normative,10,uncertain regulatory roadmap,context,,,45
subject-matter_phi4_45_b1,subject-matter_phi4,phi4,subject-matter,1,"power losses, quality and safety issues",context,,,45
subject-matter_phi4_45_b3,subject-matter_phi4,phi4,subject-matter,3,lack of use-cases in which DC is advantageous,context,,,45
subject-matter_phi4_45_b4,subject-matter_phi4,phi4,subject-matter,4,"uncertain utility interaction (net metering, utility ownership, and agreed standards)",context,,,45
subject-matter_phi4_45_b8,subject-matter_phi4,phi4,subject-matter,8,misconception and lack of knowledge leads to lengthy/expensive design and permit process,context,,,45
subject-matter_phi4_45_b10,subject-matter_phi4,phi4,subject-matter,10,uncertain regulatory roadmap,context,,,45
generalist_llama_46_b1,generalist_llama,llama,generalist,1,"power losses, quality and safety issues",context,,,46
generalist_llama_46_b2,generalist_llama,llama,generalist,2,reduced reliability in DC devices,context,,,46
generalist_llama_46_b3,generalist_llama,llama,generalist,3,lack of use-cases in which DC is advantageous,context,,,46
generalist_llama_46_b4,generalist_llama,llama,generalist,4,"uncertain utility interaction (net metering, utility ownership, and agreed standards)",context,,,46
generalist_llama_46_b5,generalist_llama,llama,generalist,5,lack of pilot projects,context,,,46
normative_llama_46_b1,normative_llama,llama,normative,1,"power losses, quality and safety issues",context,,,46
normative_llama_46_b2,normative_llama,llama,normative,2,reduced reliability in DC devices,context,,,46
normative_llama_46_b3,normative_llama,llama,normative,3,lack of use-cases in which DC is advantageous,context,,,46
normative_llama_46_b4,normative_llama,llama,normative,4,"uncertain utility interaction (net metering, utility ownership, and agreed standards)",context,,,46
normative_llama_46_b5,normative_llama,llama,normative,5,lack of pilot projects,context,,,46
subject-matter_llama_46_b1,subject-matter_llama,llama,subject-matter,1,"power losses, quality and safety issues",context,,,46
subject-matter_llama_46_b2,subject-matter_llama,llama,subject-matter,2,reduced reliability in DC devices,context,,,46
subject-matter_llama_46_b3,subject-matter_llama,llama,subject-matter,3,lack of use-cases in which DC is advantageous,context,,,46
subject-matter_llama_46_b4,subject-matter_llama,llama,subject-matter,4,"uncertain utility interaction (net metering, utility ownership, and agreed standards)",context,,,46
subject-matter_llama_46_b5,subject-matter_llama,llama,subject-matter,5,lack of pilot projects,context,,,46
generalist_mistral_46_b1,generalist_mistral,mistral,generalist,1,"power losses, quality and safety issues",context,,,46
generalist_mistral_46_b2,generalist_mistral,mistral,generalist,2,reduced reliability in DC devices,context,,,46
generalist_mistral_46_b3,generalist_mistral,mistral,generalist,3,lack of use-cases in which DC is advantageous,context,,,46
generalist_mistral_46_b4,generalist_mistral,mistral,generalist,4,"uncertain utility interaction (net metering, utility ownership, and agreed standards)",context,,,46
generalist_mistral_46_b5,generalist_mistral,mistral,generalist,5,lack of pilot projects,context,,,46
normative_mistral_46_b1,normative_mistral,mistral,normative,1,"power losses, quality and safety issues",context,,,46
normative_mistral_46_b2,normative_mistral,mistral,normative,2,reduced reliability in DC devices,context,,,46
normative_mistral_46_b3,normative_mistral,mistral,normative,3,lack of use-cases in which DC is advantageous,context,,,46
normative_mistral_46_b4,normative_mistral,mistral,normative,4,"uncertain utility interaction (net metering, utility ownership, and agreed standards)",context,,,46
normative_mistral_46_b5,normative_mistral,mistral,normative,5,lack of pilot projects,context,,,46
subject-matter_mistral_46_b1,subject-matter_mistral,mistral,subject-matter,1,"power losses, quality and safety issues",context,,,46
subject-matter_mistral_46_b2,subject-matter_mistral,mistral,subject-matter,2,reduced reliability in DC devices,context,,,46
subject-matter_mistral_46_b3,subject-matter_mistral,mistral,subject-matter,3,lack of use-cases in which DC is advantageous,context,,,46
subject-matter_mistral_46_b4,subject-matter_mistral,mistral,subject-matter,4,"uncertain utility interaction (net metering, utility ownership, and agreed standards)",context,,,46
subject-matter_mistral_46_b5,subject-matter_mistral,mistral,subject-matter,5,lack of pilot projects,context,,,46
generalist_gemma3_46_b1,generalist_gemma3,gemma3,generalist,1,"power losses, quality and safety issues",context,,,46
generalist_gemma3_46_b5,generalist_gemma3,gemma3,generalist,5,lack of pilot projects,context,,,46
generalist_gemma3_46_b6,generalist_gemma3,gemma3,generalist,6,public perception of DC and readiness to 'champion' installations from DC projects,context,,,46
generalist_gemma3_46_b8,generalist_gemma3,gemma3,generalist,8,misconception and lack of knowledge leads to lengthy/expensive design and permit process,context,,,46
generalist_gemma3_46_b10,generalist_gemma3,gemma3,generalist,10,uncertain regulatory roadmap,context,,,46
normative_gemma3_46_b1,normative_gemma3,gemma3,normative,1,"power losses, quality and safety issues",context,,,46
normative_gemma3_46_b4,normative_gemma3,gemma3,normative,4,"uncertain utility interaction (net metering, utility ownership, and agreed standards)",context,,,46
normative_gemma3_46_b7,normative_gemma3,gemma3,normative,7,incompatibility of DC systems components,context,,,46
normative_gemma3_46_b8,normative_gemma3,gemma3,normative,8,misconception and lack of knowledge leads to lengthy/expensive design and permit process,context,,,46
normative_gemma3_46_b11,normative_gemma3,gemma3,normative,11,high costs of DC solutions,context,,,46
subject-matter_gemma3_46_b1,subject-matter_gemma3,gemma3,subject-matter,1,"power losses, quality and safety issues",context,,,46
subject-matter_gemma3_46_b4,subject-matter_gemma3,gemma3,subject-matter,4,"uncertain utility interaction (net metering, utility ownership, and agreed standards)",context,,,46
subject-matter_gemma3_46_b7,subject-matter_gemma3,gemma3,subject-matter,7,incompatibility of DC systems components,context,,,46
subject-matter_gemma3_46_b8,subject-matter_gemma3,gemma3,subject-matter,8,misconception and lack of knowledge leads to lengthy/expensive design and permit process,context,,,46
subject-matter_gemma3_46_b11,subject-matter_gemma3,gemma3,subject-matter,11,high costs of DC solutions,context,,,46
generalist_phi4_46_b1,generalist_phi4,phi4,generalist,1,"power losses, quality and safety issues",context,,,46
generalist_phi4_46_b2,generalist_phi4,phi4,generalist,2,reduced reliability in DC devices,context,,,46
generalist_phi4_46_b3,generalist_phi4,phi4,generalist,3,lack of use-cases in which DC is advantageous,context,,,46
generalist_phi4_46_b4,generalist_phi4,phi4,generalist,4,"uncertain utility interaction (net metering, utility ownership, and agreed standards)",context,,,46
generalist_phi4_46_b5,generalist_phi4,phi4,generalist,5,lack of pilot projects,context,,,46
normative_phi4_46_b1,normative_phi4,phi4,normative,1,"power losses, quality and safety issues",context,,,46
normative_phi4_46_b2,normative_phi4,phi4,normative,2,reduced reliability in DC devices,context,,,46
normative_phi4_46_b3,normative_phi4,phi4,normative,3,lack of use-cases in which DC is advantageous,context,,,46
normative_phi4_46_b4,normative_phi4,phi4,normative,4,"uncertain utility interaction (net metering, utility ownership, and agreed standards)",context,,,46
normative_phi4_46_b5,normative_phi4,phi4,normative,5,lack of pilot projects,context,,,46
subject-matter_phi4_46_b1,subject-matter_phi4,phi4,subject-matter,1,"power losses, quality and safety issues",context,,,46
subject-matter_phi4_46_b2,subject-matter_phi4,phi4,subject-matter,2,reduced reliability in DC devices,context,,,46
subject-matter_phi4_46_b4,subject-matter_phi4,phi4,subject-matter,4,"uncertain utility interaction (net metering, utility ownership, and agreed standards)",context,,,46
subject-matter_phi4_46_b8,subject-matter_phi4,phi4,subject-matter,8,misconception and lack of knowledge leads to lengthy/expensive design and permit process,context,,,46
subject-matter_phi4_46_b10,subject-matter_phi4,phi4,subject-matter,10,uncertain regulatory roadmap,context,,,46
generalist_llama_47_b1,generalist_llama,llama,generalist,1,"power losses, quality and safety issues",context,,,47
generalist_llama_47_b2,generalist_llama,llama,generalist,2,reduced reliability in DC devices,context,,,47
generalist_llama_47_b3,generalist_llama,llama,generalist,3,lack of use-cases in which DC is advantageous,context,,,47
generalist_llama_47_b4,generalist_llama,llama,generalist,4,"uncertain utility interaction (net metering, utility ownership, and agreed standards)",context,,,47
generalist_llama_47_b5,generalist_llama,llama,generalist,5,lack of pilot projects,context,,,47
normative_llama_47_b1,normative_llama,llama,normative,1,"power losses, quality and safety issues",context,,,47
normative_llama_47_b2,normative_llama,llama,normative,2,reduced reliability in DC devices,context,,,47
normative_llama_47_b4,normative_llama,llama,normative,4,"uncertain utility interaction (net metering, utility ownership, and agreed standards)",context,,,47
normative_llama_47_b3,normative_llama,llama,normative,3,lack of use-cases in which DC is advantageous,context,,,47
normative_llama_47_b7,normative_llama,llama,normative,7,incompatibility of DC systems components,context,,,47
subject-matter_llama_47_b1,subject-matter_llama,llama,subject-matter,1,"power losses, quality and safety issues",context,,,47
subject-matter_llama_47_b2,subject-matter_llama,llama,subject-matter,2,reduced reliability in DC devices,context,,,47
subject-matter_llama_47_b3,subject-matter_llama,llama,subject-matter,3,lack of use-cases in which DC is advantageous,context,,,47
subject-matter_llama_47_b4,subject-matter_llama,llama,subject-matter,4,"uncertain utility interaction (net metering, utility ownership, and agreed standards)",context,,,47
subject-matter_llama_47_b5,subject-matter_llama,llama,subject-matter,5,lack of pilot projects,context,,,47
generalist_mistral_47_b1,generalist_mistral,mistral,generalist,1,"power losses, quality and safety issues",context,,,47
generalist_mistral_47_b2,generalist_mistral,mistral,generalist,2,reduced reliability in DC devices,context,,,47
generalist_mistral_47_b3,generalist_mistral,mistral,generalist,3,lack of use-cases in which DC is advantageous,context,,,47
generalist_mistral_47_b4,generalist_mistral,mistral,generalist,4,"uncertain utility interaction (net metering, utility ownership, and agreed standards)",context,,,47
generalist_mistral_47_b5,generalist_mistral,mistral,generalist,5,lack of pilot projects,context,,,47
normative_mistral_47_b1,normative_mistral,mistral,normative,1,"power losses, quality and safety issues",context,,,47
normative_mistral_47_b2,normative_mistral,mistral,normative,2,reduced reliability in DC devices,context,,,47
normative_mistral_47_b4,normative_mistral,mistral,normative,4,"uncertain utility interaction (net metering, utility ownership, and agreed standards)",context,,,47
normative_mistral_47_b5,normative_mistral,mistral,normative,5,lack of pilot projects,context,,,47
normative_mistral_47_b6,normative_mistral,mistral,normative,6,public perception of DC and readiness to 'champion' installations from DC projects,context,,,47
subject-matter_mistral_47_b1,subject-matter_mistral,mistral,subject-matter,1,"power losses, quality and safety issues",context,,,47
subject-matter_mistral_47_b2,subject-matter_mistral,mistral,subject-matter,2,reduced reliability in DC devices,context,,,47
subject-matter_mistral_47_b4,subject-matter_mistral,mistral,subject-matter,4,"uncertain utility interaction (net metering, utility ownership, and agreed standards)",context,,,47
subject-matter_mistral_47_b5,subject-matter_mistral,mistral,subject-matter,5,lack of pilot projects,context,,,47
subject-matter_mistral_47_b9,subject-matter_mistral,mistral,subject-matter,9,lack of enough trained personnel in DC systems,context,,,47
generalist_gemma3_47_b1,generalist_gemma3,gemma3,generalist,1,"power losses, quality and safety issues",context,,,47
generalist_gemma3_47_b5,generalist_gemma3,gemma3,generalist,5,lack of pilot projects,context,,,47
generalist_gemma3_47_b4,generalist_gemma3,gemma3,generalist,4,"uncertain utility interaction (net metering, utility ownership, and agreed standards)",context,,,47
generalist_gemma3_47_b8,generalist_gemma3,gemma3,generalist,8,misconception and lack of knowledge leads to lengthy/expensive design and permit process,context,,,47
generalist_gemma3_47_b10,generalist_gemma3,gemma3,generalist,10,uncertain regulatory roadmap,context,,,47
normative_gemma3_47_b1,normative_gemma3,gemma3,normative,1,"power losses, quality and safety issues",context,,,47
normative_gemma3_47_b5,normative_gemma3,gemma3,normative,5,lack of pilot projects,context,,,47
normative_gemma3_47_b6,normative_gemma3,gemma3,normative,6,public perception of DC and readiness to 'champion' installations from DC projects,context,,,47
normative_gemma3_47_b8,normative_gemma3,gemma3,normative,8,misconception and lack of knowledge leads to lengthy/expensive design and permit process,context,,,47
normative_gemma3_47_b10,normative_gemma3,gemma3,normative,10,uncertain regulatory roadmap,context,,,47
subject-matter_gemma3_47_b1,subject-matter_gemma3,gemma3,subject-matter,1,"power losses, quality and safety issues",context,,,47
subject-matter_gemma3_47_b5,subject-matter_gemma3,gemma3,subject-matter,5,lack of pilot projects,context,,,47
subject-matter_gemma3_47_b4,subject-matter_gemma3,gemma3,subject-matter,4,"uncertain utility interaction (net metering, utility ownership, and agreed standards)",context,,,47
subject-matter_gemma3_47_b8,subject-matter_gemma3,gemma3,subject-matter,8,misconception and lack of knowledge leads to lengthy/expensive design and permit process,context,,,47
subject-matter_gemma3_47_b10,subject-matter_gemma3,gemma3,subject-matter,10,uncertain regulatory roadmap,context,,,47
generalist_phi4_47_b1,generalist_phi4,phi4,generalist,1,"power losses, quality and safety issues",context,,,47
generalist_phi4_47_b2,generalist_phi4,phi4,generalist,2,reduced reliability in DC devices,context,,,47
generalist_phi4_47_b3,generalist_phi4,phi4,generalist,3,lack of use-cases in which DC is advantageous,context,,,47
generalist_phi4_47_b4,generalist_phi4,phi4,generalist,4,"uncertain utility interaction (net metering, utility ownership, and agreed standards)",context,,,47
generalist_phi4_47_b5,generalist_phi4,phi4,generalist,5,lack of pilot projects,context,,,47
normative_phi4_47_b1,normative_phi4,phi4,normative,1,"power losses, quality and safety issues",context,,,47
normative_phi4_47_b3,normative_phi4,phi4,normative,3,lack of use-cases in which DC is advantageous,context,,,47
normative_phi4_47_b4,normative_phi4,phi4,normative,4,"uncertain utility interaction (net metering, utility ownership, and agreed standards)",context,,,47
normative_phi4_47_b5,normative_phi4,phi4,normative,5,lack of pilot projects,context,,,47
normative_phi4_47_b10,normative_phi4,phi4,normative,10,uncertain regulatory roadmap,context,,,47
subject-matter_phi4_47_b1,subject-matter_phi4,phi4,subject-matter,1,"power losses, quality and safety issues",context,,,47
subject-matter_phi4_47_b3,subject-matter_phi4,phi4,subject-matter,3,lack of use-cases in which DC is advantageous,context,,,47
subject-matter_phi4_47_b4,subject-matter_phi4,phi4,subject-matter,4,"uncertain utility interaction (net metering, utility ownership, and agreed standards)",context,,,47
subject-matter_phi4_47_b8,subject-matter_phi4,phi4,subject-matter,8,misconception and lack of knowledge leads to lengthy/expensive design and permit process,context,,,47
subject-matter_phi4_47_b10,subject-matter_phi4,phi4,subject-matter,10,uncertain regulatory roadmap,context,,,47
generalist_llama_48_b1,generalist_llama,llama,generalist,1,"power losses, quality and safety issues",context,,,48
generalist_llama_48_b3,generalist_llama,llama,generalist,3,lack of use-cases in which DC is advantageous,context,,,48
generalist_llama_48_b4,generalist_llama,llama,generalist,4,"uncertain utility interaction (net metering, utility ownership, and agreed standards)",context,,,48
generalist_llama_48_b5,generalist_llama,llama,generalist,5,lack of pilot projects,context,,,48
generalist_llama_48_b6,generalist_llama,llama,generalist,6,public perception of DC and readiness to 'champion' installations from DC projects,context,,,48
normative_llama_48_b1,normative_llama,llama,normative,1,"power losses, quality and safety issues",context,,,48
normative_llama_48_b2,normative_llama,llama,normative,2,reduced reliability in DC devices,context,,,48
normative_llama_48_b3,normative_llama,llama,normative,3,lack of use-cases in which DC is advantageous,context,,,48
normative_llama_48_b4,normative_llama,llama,normative,4,"uncertain utility interaction (net metering, utility ownership, and agreed standards)",context,,,48
normative_llama_48_b5,normative_llama,llama,normative,5,lack of pilot projects,context,,,48
subject-matter_llama_48_b1,subject-matter_llama,llama,subject-matter,1,"power losses, quality and safety issues",context,,,48
subject-matter_llama_48_b2,subject-matter_llama,llama,subject-matter,2,reduced reliability in DC devices,context,,,48
subject-matter_llama_48_b4,subject-matter_llama,llama,subject-matter,4,"uncertain utility interaction (net metering, utility ownership, and agreed standards)",context,,,48
subject-matter_llama_48_b5,subject-matter_llama,llama,subject-matter,5,lack of pilot projects,context,,,48
subject-matter_llama_48_b6,subject-matter_llama,llama,subject-matter,6,public perception of DC and readiness to 'champion' installations from DC projects,context,,,48
generalist_mistral_48_b1,generalist_mistral,mistral,generalist,1,"power losses, quality and safety issues",context,,,48
generalist_mistral_48_b2,generalist_mistral,mistral,generalist,2,reduced reliability in DC devices,context,,,48
generalist_mistral_48_b3,generalist_mistral,mistral,generalist,3,lack of use-cases in which DC is advantageous,context,,,48
generalist_mistral_48_b4,generalist_mistral,mistral,generalist,4,"uncertain utility interaction (net metering, utility ownership, and agreed standards)",context,,,48
generalist_mistral_48_b5,generalist_mistral,mistral,generalist,5,lack of pilot projects,context,,,48
normative_mistral_48_b1,normative_mistral,mistral,normative,1,"power losses, quality and safety issues",context,,,48
normative_mistral_48_b2,normative_mistral,mistral,normative,2,reduced reliability in DC devices,context,,,48
normative_mistral_48_b3,normative_mistral,mistral,normative,3,lack of use-cases in which DC is advantageous,context,,,48
normative_mistral_48_b4,normative_mistral,mistral,normative,4,"uncertain utility interaction (net metering, utility ownership, and agreed standards)",context,,,48
normative_mistral_48_b5,normative_mistral,mistral,normative,5,lack of pilot projects,context,,,48
subject-matter_mistral_48_b1,subject-matter_mistral,mistral,subject-matter,1,"power losses, quality and safety issues",context,,,48
subject-matter_mistral_48_b2,subject-matter_mistral,mistral,subject-matter,2,reduced reliability in DC devices,context,,,48
subject-matter_mistral_48_b3,subject-matter_mistral,mistral,subject-matter,3,lack of use-cases in which DC is advantageous,context,,,48
subject-matter_mistral_48_b4,subject-matter_mistral,mistral,subject-matter,4,"uncertain utility interaction (net metering, utility ownership, and agreed standards)",context,,,48
subject-matter_mistral_48_b5,subject-matter_mistral,mistral,subject-matter,5,lack of pilot projects,context,,,48
generalist_gemma3_48_b1,generalist_gemma3,gemma3,generalist,1,"power losses, quality and safety issues",context,,,48
generalist_gemma3_48_b3,generalist_gemma3,gemma3,generalist,3,lack of use-cases in which DC is advantageous,context,,,48
generalist_gemma3_48_b4,generalist_gemma3,gemma3,generalist,4,"uncertain utility interaction (net metering, utility ownership, and agreed standards)",context,,,48
generalist_gemma3_48_b8,generalist_gemma3,gemma3,generalist,8,misconception and lack of knowledge leads to lengthy/expensive design and permit process,context,,,48
generalist_gemma3_48_b10,generalist_gemma3,gemma3,generalist,10,uncertain regulatory roadmap,context,,,48
normative_gemma3_48_b1,normative_gemma3,gemma3,normative,1,"power losses, quality and safety issues",context,,,48
normative_gemma3_48_b5,normative_gemma3,gemma3,normative,5,lack of pilot projects,context,,,48
normative_gemma3_48_b6,normative_gemma3,gemma3,normative,6,public perception of DC and readiness to 'champion' installations from DC projects,context,,,48
normative_gemma3_48_b10,normative_gemma3,gemma3,normative,10,uncertain regulatory roadmap,context,,,48
normative_gemma3_48_b11,normative_gemma3,gemma3,normative,11,high costs of DC solutions,context,,,48
subject-matter_gemma3_48_b1,subject-matter_gemma3,gemma3,subject-matter,1,"power losses, quality and safety issues",context,,,48
subject-matter_gemma3_48_b5,subject-matter_gemma3,gemma3,subject-matter,5,lack of pilot projects,context,,,48
subject-matter_gemma3_48_b6,subject-matter_gemma3,gemma3,subject-matter,6,public perception of DC and readiness to 'champion' installations from DC projects,context,,,48
subject-matter_gemma3_48_b8,subject-matter_gemma3,gemma3,subject-matter,8,misconception and lack of knowledge leads to lengthy/expensive design and permit process,context,,,48
subject-matter_gemma3_48_b10,subject-matter_gemma3,gemma3,subject-matter,10,uncertain regulatory roadmap,context,,,48
generalist_phi4_48_b1,generalist_phi4,phi4,generalist,1,"power losses, quality and safety issues",context,,,48
generalist_phi4_48_b4,generalist_phi4,phi4,generalist,4,"uncertain utility interaction (net metering, utility ownership, and agreed standards)",context,,,48
generalist_phi4_48_b5,generalist_phi4,phi4,generalist,5,lack of pilot projects,context,,,48
generalist_phi4_48_b9,generalist_phi4,phi4,generalist,9,lack of enough trained personnel in DC systems,context,,,48
generalist_phi4_48_b10,generalist_phi4,phi4,generalist,10,uncertain regulatory roadmap,context,,,48
normative_phi4_48_b1,normative_phi4,phi4,normative,1,"power losses, quality and safety issues",context,,,48
normative_phi4_48_b3,normative_phi4,phi4,normative,3,lack of use-cases in which DC is advantageous,context,,,48
normative_phi4_48_b4,normative_phi4,phi4,normative,4,"uncertain utility interaction (net metering, utility ownership, and agreed standards)",context,,,48
normative_phi4_48_b8,normative_phi4,phi4,normative,8,misconception and lack of knowledge leads to lengthy/expensive design and permit process,context,,,48
normative_phi4_48_b10,normative_phi4,phi4,normative,10,uncertain regulatory roadmap,context,,,48
subject-matter_phi4_48_b1,subject-matter_phi4,phi4,subject-matter,1,"power losses, quality and safety issues",context,,,48
subject-matter_phi4_48_b3,subject-matter_phi4,phi4,subject-matter,3,lack of use-cases in which DC is advantageous,context,,,48
subject-matter_phi4_48_b4,subject-matter_phi4,phi4,subject-matter,4,"uncertain utility interaction (net metering, utility ownership, and agreed standards)",context,,,48
subject-matter_phi4_48_b5,subject-matter_phi4,phi4,subject-matter,5,lack of pilot projects,context,,,48
subject-matter_phi4_48_b10,subject-matter_phi4,phi4,subject-matter,10,uncertain regulatory roadmap,context,,,48
generalist_llama_49_b3,generalist_llama,llama,generalist,3,lack of use-cases in which DC is advantageous,context,,,49
generalist_llama_49_b7,generalist_llama,llama,generalist,7,incompatibility of DC systems components,context,,,49
generalist_llama_49_b1,generalist_llama,llama,generalist,1,"power losses, quality and safety issues",context,,,49
generalist_llama_49_b4,generalist_llama,llama,generalist,4,"uncertain utility interaction (net metering, utility ownership, and agreed standards)",context,,,49
generalist_llama_49_b11,generalist_llama,llama,generalist,11,high costs of DC solutions,context,,,49
normative_llama_49_b1,normative_llama,llama,normative,1,"power losses, quality and safety issues",context,,,49
normative_llama_49_b2,normative_llama,llama,normative,2,reduced reliability in DC devices,context,,,49
normative_llama_49_b4,normative_llama,llama,normative,4,"uncertain utility interaction (net metering, utility ownership, and agreed standards)",context,,,49
normative_llama_49_b5,normative_llama,llama,normative,5,lack of pilot projects,context,,,49
normative_llama_49_b6,normative_llama,llama,normative,6,public perception of DC and readiness to 'champion' installations from DC projects,context,,,49
subject-matter_llama_49_b1,subject-matter_llama,llama,subject-matter,1,"power losses, quality and safety issues",context,,,49
subject-matter_llama_49_b2,subject-matter_llama,llama,subject-matter,2,reduced reliability in DC devices,context,,,49
subject-matter_llama_49_b3,subject-matter_llama,llama,subject-matter,3,lack of use-cases in which DC is advantageous,context,,,49
subject-matter_llama_49_b4,subject-matter_llama,llama,subject-matter,4,"uncertain utility interaction (net metering, utility ownership, and agreed standards)",context,,,49
subject-matter_llama_49_b5,subject-matter_llama,llama,subject-matter,5,lack of pilot projects,context,,,49
generalist_mistral_49_b1,generalist_mistral,mistral,generalist,1,"power losses, quality and safety issues",context,,,49
generalist_mistral_49_b2,generalist_mistral,mistral,generalist,2,reduced reliability in DC devices,context,,,49
generalist_mistral_49_b4,generalist_mistral,mistral,generalist,4,"uncertain utility interaction (net metering, utility ownership, and agreed standards)",context,,,49
generalist_mistral_49_b5,generalist_mistral,mistral,generalist,5,lack of pilot projects,context,,,49
generalist_mistral_49_b6,generalist_mistral,mistral,generalist,6,public perception of DC and readiness to 'champion' installations from DC projects,context,,,49
normative_mistral_49_b1,normative_mistral,mistral,normative,1,"power losses, quality and safety issues",context,,,49
normative_mistral_49_b2,normative_mistral,mistral,normative,2,reduced reliability in DC devices,context,,,49
normative_mistral_49_b4,normative_mistral,mistral,normative,4,"uncertain utility interaction (net metering, utility ownership, and agreed standards)",context,,,49
normative_mistral_49_b5,normative_mistral,mistral,normative,5,lack of pilot projects,context,,,49
normative_mistral_49_b6,normative_mistral,mistral,normative,6,public perception of DC and readiness to 'champion' installations from DC projects,context,,,49
subject-matter_mistral_49_b1,subject-matter_mistral,mistral,subject-matter,1,"power losses, quality and safety issues",context,,,49
subject-matter_mistral_49_b2,subject-matter_mistral,mistral,subject-matter,2,reduced reliability in DC devices,context,,,49
subject-matter_mistral_49_b4,subject-matter_mistral,mistral,subject-matter,4,"uncertain utility interaction (net metering, utility ownership, and agreed standards)",context,,,49
subject-matter_mistral_49_b5,subject-matter_mistral,mistral,subject-matter,5,lack of pilot projects,context,,,49
subject-matter_mistral_49_b7,subject-matter_mistral,mistral,subject-matter,7,incompatibility of DC systems components,context,,,49
generalist_gemma3_49_b1,generalist_gemma3,gemma3,generalist,1,"power losses, quality and safety issues",context,,,49
generalist_gemma3_49_b3,generalist_gemma3,gemma3,generalist,3,lack of use-cases in which DC is advantageous,context,,,49
generalist_gemma3_49_b4,generalist_gemma3,gemma3,generalist,4,"uncertain utility interaction (net metering, utility ownership, and agreed standards)",context,,,49
generalist_gemma3_49_b8,generalist_gemma3,gemma3,generalist,8,misconception and lack of knowledge leads to lengthy/expensive design and permit process,context,,,49
generalist_gemma3_49_b10,generalist_gemma3,gemma3,generalist,10,uncertain regulatory roadmap,context,,,49
normative_gemma3_49_b1,normative_gemma3,gemma3,normative,1,"power losses, quality and safety issues",context,,,49
normative_gemma3_49_b5,normative_gemma3,gemma3,normative,5,lack of pilot projects,context,,,49
normative_gemma3_49_b4,normative_gemma3,gemma3,normative,4,"uncertain utility interaction (net metering, utility ownership, and agreed standards)",context,,,49
normative_gemma3_49_b8,normative_gemma3,gemma3,normative,8,misconception and lack of knowledge leads to lengthy/expensive design and permit process,context,,,49
normative_gemma3_49_b10,normative_gemma3,gemma3,normative,10,uncertain regulatory roadmap,context,,,49
subject-matter_gemma3_49_b1,subject-matter_gemma3,gemma3,subject-matter,1,"power losses, quality and safety issues",context,,,49
subject-matter_gemma3_49_b3,subject-matter_gemma3,gemma3,subject-matter,3,lack of use-cases in which DC is advantageous,context,,,49
subject-matter_gemma3_49_b4,subject-matter_gemma3,gemma3,subject-matter,4,"uncertain utility interaction (net metering, utility ownership, and agreed standards)",context,,,49
subject-matter_gemma3_49_b8,subject-matter_gemma3,gemma3,subject-matter,8,misconception and lack of knowledge leads to lengthy/expensive design and permit process,context,,,49
subject-matter_gemma3_49_b10,subject-matter_gemma3,gemma3,subject-matter,10,uncertain regulatory roadmap,context,,,49
generalist_phi4_49_b1,generalist_phi4,phi4,generalist,1,"power losses, quality and safety issues",context,,,49
generalist_phi4_49_b3,generalist_phi4,phi4,generalist,3,lack of use-cases in which DC is advantageous,context,,,49
generalist_phi4_49_b4,generalist_phi4,phi4,generalist,4,"uncertain utility interaction (net metering, utility ownership, and agreed standards)",context,,,49
generalist_phi4_49_b8,generalist_phi4,phi4,generalist,8,misconception and lack of knowledge leads to lengthy/expensive design and permit process,context,,,49
generalist_phi4_49_b10,generalist_phi4,phi4,generalist,10,uncertain regulatory roadmap,context,,,49
normative_phi4_49_b1,normative_phi4,phi4,normative,1,"power losses, quality and safety issues",context,,,49
normative_phi4_49_b3,normative_phi4,phi4,normative,3,lack of use-cases in which DC is advantageous,context,,,49
normative_phi4_49_b4,normative_phi4,phi4,normative,4,"uncertain utility interaction (net metering, utility ownership, and agreed standards)",context,,,49
normative_phi4_49_b5,normative_phi4,phi4,normative,5,lack of pilot projects,context,,,49
normative_phi4_49_b10,normative_phi4,phi4,normative,10,uncertain regulatory roadmap,context,,,49
subject-matter_phi4_49_b1,subject-matter_phi4,phi4,subject-matter,1,"power losses, quality and safety issues",context,,,49
subject-matter_phi4_49_b3,subject-matter_phi4,phi4,subject-matter,3,lack of use-cases in which DC is advantageous,context,,,49
subject-matter_phi4_49_b4,subject-matter_phi4,phi4,subject-matter,4,"uncertain utility interaction (net metering, utility ownership, and agreed standards)",context,,,49
subject-matter_phi4_49_b8,subject-matter_phi4,phi4,subject-matter,8,misconception and lack of knowledge leads to lengthy/expensive design and permit process,context,,,49
subject-matter_phi4_49_b10,subject-matter_phi4,phi4,subject-matter,10,uncertain regulatory roadmap,context,,,49
ANCHOR_WORD_phi4_generalist_00_b1_20260703_075506,phi4_generalist,phi4,generalist,1,"power losses, quality and safety issues",anchor,ANCHOR_WORD,,0
ANCHOR_WORD_phi4_generalist_00_b4_20260703_075506,phi4_generalist,phi4,generalist,4,"uncertain utility interaction (net metering, utility ownership, and agreed standards)",anchor,ANCHOR_WORD,,0
ANCHOR_WORD_phi4_generalist_00_b5_20260703_075506,phi4_generalist,phi4,generalist,5,lack of pilot projects,anchor,ANCHOR_WORD,,0
ANCHOR_WORD_phi4_generalist_00_b8_20260703_075506,phi4_generalist,phi4,generalist,8,misconception and lack of knowledge leads to lengthy/expensive design and permit process,anchor,ANCHOR_WORD,,0
ANCHOR_WORD_phi4_generalist_00_b10_20260703_075506,phi4_generalist,phi4,generalist,10,uncertain regulatory roadmap,anchor,ANCHOR_WORD,,0
ANCHOR_WORD_phi4_normative_00_b1_20260703_075506,phi4_normative,phi4,normative,1,"power losses, quality and safety issues",anchor,ANCHOR_WORD,,0
ANCHOR_WORD_phi4_normative_00_b4_20260703_075506,phi4_normative,phi4,normative,4,"uncertain utility interaction (net metering, utility ownership, and agreed standards)",anchor,ANCHOR_WORD,,0
ANCHOR_WORD_phi4_normative_00_b5_20260703_075506,phi4_normative,phi4,normative,5,lack of pilot projects,anchor,ANCHOR_WORD,,0
ANCHOR_WORD_phi4_normative_00_b8_20260703_075506,phi4_normative,phi4,normative,8,misconception and lack of knowledge leads to lengthy/expensive design and permit process,anchor,ANCHOR_WORD,,0
ANCHOR_WORD_phi4_normative_00_b10_20260703_075506,phi4_normative,phi4,normative,10,uncertain regulatory roadmap,anchor,ANCHOR_WORD,,0
ANCHOR_WORD_phi4_subject-matter_00_b1_20260703_075506,phi4_subject-matter,phi4,subject-matter,1,"power losses, quality and safety issues",anchor,ANCHOR_WORD,,0
ANCHOR_WORD_phi4_subject-matter_00_b2_20260703_075506,phi4_subject-matter,phi4,subject-matter,2,reduced reliability in DC devices,anchor,ANCHOR_WORD,,0
ANCHOR_WORD_phi4_subject-matter_00_b4_20260703_075506,phi4_subject-matter,phi4,subject-matter,4,"uncertain utility interaction (net metering, utility ownership, and agreed standards)",anchor,ANCHOR_WORD,,0
ANCHOR_WORD_phi4_subject-matter_00_b8_20260703_075506,phi4_subject-matter,phi4,subject-matter,8,misconception and lack of knowledge leads to lengthy/expensive design and permit process,anchor,ANCHOR_WORD,,0
ANCHOR_WORD_phi4_subject-matter_00_b10_20260703_075506,phi4_subject-matter,phi4,subject-matter,10,uncertain regulatory roadmap,anchor,ANCHOR_WORD,,0
ANCHOR_WORD_llama_generalist_00_b5_20260703_075506,llama_generalist,llama,generalist,5,lack of pilot projects,anchor,ANCHOR_WORD,,0
ANCHOR_WORD_llama_generalist_00_b6_20260703_075506,llama_generalist,llama,generalist,6,public perception of DC and readiness to 'champion' installations from DC projects,anchor,ANCHOR_WORD,,0
ANCHOR_WORD_llama_generalist_00_b7_20260703_075506,llama_generalist,llama,generalist,7,incompatibility of DC systems components,anchor,ANCHOR_WORD,,0
ANCHOR_WORD_llama_generalist_00_b8_20260703_075506,llama_generalist,llama,generalist,8,misconception and lack of knowledge leads to lengthy/expensive design and permit process,anchor,ANCHOR_WORD,,0
ANCHOR_WORD_llama_generalist_00_b9_20260703_075506,llama_generalist,llama,generalist,9,lack of enough trained personnel in DC systems,anchor,ANCHOR_WORD,,0
ANCHOR_WORD_llama_normative_00_b1_20260703_075506,llama_normative,llama,normative,1,"power losses, quality and safety issues",anchor,ANCHOR_WORD,,0
ANCHOR_WORD_llama_normative_00_b2_20260703_075506,llama_normative,llama,normative,2,reduced reliability in DC devices,anchor,ANCHOR_WORD,,0
ANCHOR_WORD_llama_normative_00_b3_20260703_075506,llama_normative,llama,normative,3,lack of use-cases in which DC is advantageous,anchor,ANCHOR_WORD,,0
ANCHOR_WORD_llama_normative_00_b4_20260703_075506,llama_normative,llama,normative,4,"uncertain utility interaction (net metering, utility ownership, and agreed standards)",anchor,ANCHOR_WORD,,0
ANCHOR_WORD_llama_normative_00_b5_20260703_075506,llama_normative,llama,normative,5,lack of pilot projects,anchor,ANCHOR_WORD,,0
ANCHOR_WORD_llama_subject-matter_00_b1_20260703_075506,llama_subject-matter,llama,subject-matter,1,"power losses, quality and safety issues",anchor,ANCHOR_WORD,,0
ANCHOR_WORD_llama_subject-matter_00_b3_20260703_075506,llama_subject-matter,llama,subject-matter,3,lack of use-cases in which DC is advantageous,anchor,ANCHOR_WORD,,0
ANCHOR_WORD_llama_subject-matter_00_b4_20260703_075506,llama_subject-matter,llama,subject-matter,4,"uncertain utility interaction (net metering, utility ownership, and agreed standards)",anchor,ANCHOR_WORD,,0
ANCHOR_WORD_llama_subject-matter_00_b7_20260703_075506,llama_subject-matter,llama,subject-matter,7,incompatibility of DC systems components,anchor,ANCHOR_WORD,,0
ANCHOR_WORD_llama_subject-matter_00_b8_20260703_075506,llama_subject-matter,llama,subject-matter,8,misconception and lack of knowledge leads to lengthy/expensive design and permit process,anchor,ANCHOR_WORD,,0
ANCHOR_WORD_mistral_generalist_00_b1_20260703_075506,mistral_generalist,mistral,generalist,1,"power losses, quality and safety issues",anchor,ANCHOR_WORD,,0
ANCHOR_WORD_mistral_generalist_00_b2_20260703_075506,mistral_generalist,mistral,generalist,2,reduced reliability in DC devices,anchor,ANCHOR_WORD,,0
ANCHOR_WORD_mistral_generalist_00_b3_20260703_075506,mistral_generalist,mistral,generalist,3,lack of use-cases in which DC is advantageous,anchor,ANCHOR_WORD,,0
ANCHOR_WORD_mistral_generalist_00_b4_20260703_075506,mistral_generalist,mistral,generalist,4,"uncertain utility interaction (net metering, utility ownership, and agreed standards)",anchor,ANCHOR_WORD,,0
ANCHOR_WORD_mistral_generalist_00_b5_20260703_075506,mistral_generalist,mistral,generalist,5,lack of pilot projects,anchor,ANCHOR_WORD,,0
ANCHOR_WORD_mistral_normative_00_b1_20260703_075506,mistral_normative,mistral,normative,1,"power losses, quality and safety issues",anchor,ANCHOR_WORD,,0
ANCHOR_WORD_mistral_normative_00_b2_20260703_075506,mistral_normative,mistral,normative,2,reduced reliability in DC devices,anchor,ANCHOR_WORD,,0
ANCHOR_WORD_mistral_normative_00_b4_20260703_075506,mistral_normative,mistral,normative,4,"uncertain utility interaction (net metering, utility ownership, and agreed standards)",anchor,ANCHOR_WORD,,0
ANCHOR_WORD_mistral_normative_00_b5_20260703_075506,mistral_normative,mistral,normative,5,lack of pilot projects,anchor,ANCHOR_WORD,,0
ANCHOR_WORD_mistral_normative_00_b6_20260703_075506,mistral_normative,mistral,normative,6,public perception of DC and readiness to 'champion' installations from DC projects,anchor,ANCHOR_WORD,,0
ANCHOR_WORD_mistral_subject-matter_00_b1_20260703_075506,mistral_subject-matter,mistral,subject-matter,1,"power losses, quality and safety issues",anchor,ANCHOR_WORD,,0
ANCHOR_WORD_mistral_subject-matter_00_b2_20260703_075506,mistral_subject-matter,mistral,subject-matter,2,reduced reliability in DC devices,anchor,ANCHOR_WORD,,0
ANCHOR_WORD_mistral_subject-matter_00_b3_20260703_075506,mistral_subject-matter,mistral,subject-matter,3,lack of use-cases in which DC is advantageous,anchor,ANCHOR_WORD,,0
ANCHOR_WORD_mistral_subject-matter_00_b4_20260703_075506,mistral_subject-matter,mistral,subject-matter,4,"uncertain utility interaction (net metering, utility ownership, and agreed standards)",anchor,ANCHOR_WORD,,0
ANCHOR_WORD_mistral_subject-matter_00_b5_20260703_075506,mistral_subject-matter,mistral,subject-matter,5,lack of pilot projects,anchor,ANCHOR_WORD,,0
ANCHOR_WORD_gemma3_generalist_00_b1_20260703_075506,gemma3_generalist,gemma3,generalist,1,"power losses, quality and safety issues",anchor,ANCHOR_WORD,,0
ANCHOR_WORD_gemma3_generalist_00_b3_20260703_075506,gemma3_generalist,gemma3,generalist,3,lack of use-cases in which DC is advantageous,anchor,ANCHOR_WORD,,0
ANCHOR_WORD_gemma3_generalist_00_b4_20260703_075506,gemma3_generalist,gemma3,generalist,4,"uncertain utility interaction (net metering, utility ownership, and agreed standards)",anchor,ANCHOR_WORD,,0
ANCHOR_WORD_gemma3_generalist_00_b8_20260703_075506,gemma3_generalist,gemma3,generalist,8,misconception and lack of knowledge leads to lengthy/expensive design and permit process,anchor,ANCHOR_WORD,,0
ANCHOR_WORD_gemma3_generalist_00_b11_20260703_075506,gemma3_generalist,gemma3,generalist,11,high costs of DC solutions,anchor,ANCHOR_WORD,,0
ANCHOR_WORD_gemma3_normative_00_b1_20260703_075506,gemma3_normative,gemma3,normative,1,"power losses, quality and safety issues",anchor,ANCHOR_WORD,,0
ANCHOR_WORD_gemma3_normative_00_b4_20260703_075506,gemma3_normative,gemma3,normative,4,"uncertain utility interaction (net metering, utility ownership, and agreed standards)",anchor,ANCHOR_WORD,,0
ANCHOR_WORD_gemma3_normative_00_b8_20260703_075506,gemma3_normative,gemma3,normative,8,misconception and lack of knowledge leads to lengthy/expensive design and permit process,anchor,ANCHOR_WORD,,0
ANCHOR_WORD_gemma3_normative_00_b10_20260703_075506,gemma3_normative,gemma3,normative,10,uncertain regulatory roadmap,anchor,ANCHOR_WORD,,0
ANCHOR_WORD_gemma3_normative_00_b11_20260703_075506,gemma3_normative,gemma3,normative,11,high costs of DC solutions,anchor,ANCHOR_WORD,,0
ANCHOR_WORD_gemma3_subject-matter_00_b1_20260703_075506,gemma3_subject-matter,gemma3,subject-matter,1,"power losses, quality and safety issues",anchor,ANCHOR_WORD,,0
ANCHOR_WORD_gemma3_subject-matter_00_b4_20260703_075506,gemma3_subject-matter,gemma3,subject-matter,4,"uncertain utility interaction (net metering, utility ownership, and agreed standards)",anchor,ANCHOR_WORD,,0
ANCHOR_WORD_gemma3_subject-matter_00_b8_20260703_075506,gemma3_subject-matter,gemma3,subject-matter,8,misconception and lack of knowledge leads to lengthy/expensive design and permit process,anchor,ANCHOR_WORD,,0
ANCHOR_WORD_gemma3_subject-matter_00_b9_20260703_075506,gemma3_subject-matter,gemma3,subject-matter,9,lack of enough trained personnel in DC systems,anchor,ANCHOR_WORD,,0
ANCHOR_WORD_gemma3_subject-matter_00_b10_20260703_075506,gemma3_subject-matter,gemma3,subject-matter,10,uncertain regulatory roadmap,anchor,ANCHOR_WORD,,0
ANCHOR_WORD_phi4_generalist_01_b1_20260703_080130,phi4_generalist,phi4,generalist,1,"power losses, quality and safety issues",anchor,ANCHOR_WORD,,1
ANCHOR_WORD_phi4_generalist_01_b4_20260703_080130,phi4_generalist,phi4,generalist,4,"uncertain utility interaction (net metering, utility ownership, and agreed standards)",anchor,ANCHOR_WORD,,1
ANCHOR_WORD_phi4_generalist_01_b5_20260703_080130,phi4_generalist,phi4,generalist,5,lack of pilot projects,anchor,ANCHOR_WORD,,1
ANCHOR_WORD_phi4_generalist_01_b8_20260703_080130,phi4_generalist,phi4,generalist,8,misconception and lack of knowledge leads to lengthy/expensive design and permit process,anchor,ANCHOR_WORD,,1
ANCHOR_WORD_phi4_generalist_01_b10_20260703_080130,phi4_generalist,phi4,generalist,10,uncertain regulatory roadmap,anchor,ANCHOR_WORD,,1
ANCHOR_WORD_phi4_normative_01_b1_20260703_080130,phi4_normative,phi4,normative,1,"power losses, quality and safety issues",anchor,ANCHOR_WORD,,1
ANCHOR_WORD_phi4_normative_01_b4_20260703_080130,phi4_normative,phi4,normative,4,"uncertain utility interaction (net metering, utility ownership, and agreed standards)",anchor,ANCHOR_WORD,,1
ANCHOR_WORD_phi4_normative_01_b5_20260703_080130,phi4_normative,phi4,normative,5,lack of pilot projects,anchor,ANCHOR_WORD,,1
ANCHOR_WORD_phi4_normative_01_b6_20260703_080130,phi4_normative,phi4,normative,6,public perception of DC and readiness to 'champion' installations from DC projects,anchor,ANCHOR_WORD,,1
ANCHOR_WORD_phi4_normative_01_b10_20260703_080130,phi4_normative,phi4,normative,10,uncertain regulatory roadmap,anchor,ANCHOR_WORD,,1
ANCHOR_WORD_phi4_subject-matter_01_b1_20260703_080130,phi4_subject-matter,phi4,subject-matter,1,"power losses, quality and safety issues",anchor,ANCHOR_WORD,,1
ANCHOR_WORD_phi4_subject-matter_01_b3_20260703_080130,phi4_subject-matter,phi4,subject-matter,3,lack of use-cases in which DC is advantageous,anchor,ANCHOR_WORD,,1
ANCHOR_WORD_phi4_subject-matter_01_b4_20260703_080130,phi4_subject-matter,phi4,subject-matter,4,"uncertain utility interaction (net metering, utility ownership, and agreed standards)",anchor,ANCHOR_WORD,,1
ANCHOR_WORD_phi4_subject-matter_01_b8_20260703_080130,phi4_subject-matter,phi4,subject-matter,8,misconception and lack of knowledge leads to lengthy/expensive design and permit process,anchor,ANCHOR_WORD,,1
ANCHOR_WORD_phi4_subject-matter_01_b10_20260703_080130,phi4_subject-matter,phi4,subject-matter,10,uncertain regulatory roadmap,anchor,ANCHOR_WORD,,1
ANCHOR_WORD_llama_generalist_01_b1_20260703_080130,llama_generalist,llama,generalist,1,"power losses, quality and safety issues",anchor,ANCHOR_WORD,,1
ANCHOR_WORD_llama_generalist_01_b2_20260703_080130,llama_generalist,llama,generalist,2,reduced reliability in DC devices,anchor,ANCHOR_WORD,,1
ANCHOR_WORD_llama_generalist_01_b3_20260703_080130,llama_generalist,llama,generalist,3,lack of use-cases in which DC is advantageous,anchor,ANCHOR_WORD,,1
ANCHOR_WORD_llama_generalist_01_b4_20260703_080130,llama_generalist,llama,generalist,4,"uncertain utility interaction (net metering, utility ownership, and agreed standards)",anchor,ANCHOR_WORD,,1
ANCHOR_WORD_llama_generalist_01_b5_20260703_080130,llama_generalist,llama,generalist,5,lack of pilot projects,anchor,ANCHOR_WORD,,1
ANCHOR_WORD_llama_normative_01_b1_20260703_080130,llama_normative,llama,normative,1,"power losses, quality and safety issues",anchor,ANCHOR_WORD,,1
ANCHOR_WORD_llama_normative_01_b6_20260703_080130,llama_normative,llama,normative,6,public perception of DC and readiness to 'champion' installations from DC projects,anchor,ANCHOR_WORD,,1
ANCHOR_WORD_llama_normative_01_b7_20260703_080130,llama_normative,llama,normative,7,incompatibility of DC systems components,anchor,ANCHOR_WORD,,1
ANCHOR_WORD_llama_normative_01_b8_20260703_080130,llama_normative,llama,normative,8,misconception and lack of knowledge leads to lengthy/expensive design and permit process,anchor,ANCHOR_WORD,,1
ANCHOR_WORD_llama_normative_01_b9_20260703_080130,llama_normative,llama,normative,9,lack of enough trained personnel in DC systems,anchor,ANCHOR_WORD,,1
ANCHOR_WORD_llama_subject-matter_01_b1_20260703_080130,llama_subject-matter,llama,subject-matter,1,"power losses, quality and safety issues",anchor,ANCHOR_WORD,,1
ANCHOR_WORD_llama_subject-matter_01_b4_20260703_080130,llama_subject-matter,llama,subject-matter,4,"uncertain utility interaction (net metering, utility ownership, and agreed standards)",anchor,ANCHOR_WORD,,1
ANCHOR_WORD_llama_subject-matter_01_b3_20260703_080130,llama_subject-matter,llama,subject-matter,3,lack of use-cases in which DC is advantageous,anchor,ANCHOR_WORD,,1
ANCHOR_WORD_llama_subject-matter_01_b7_20260703_080130,llama_subject-matter,llama,subject-matter,7,incompatibility of DC systems components,anchor,ANCHOR_WORD,,1
ANCHOR_WORD_llama_subject-matter_01_b8_20260703_080130,llama_subject-matter,llama,subject-matter,8,misconception and lack of knowledge leads to lengthy/expensive design and permit process,anchor,ANCHOR_WORD,,1
ANCHOR_WORD_mistral_generalist_01_b1_20260703_080130,mistral_generalist,mistral,generalist,1,"power losses, quality and safety issues",anchor,ANCHOR_WORD,,1
ANCHOR_WORD_mistral_generalist_01_b2_20260703_080130,mistral_generalist,mistral,generalist,2,reduced reliability in DC devices,anchor,ANCHOR_WORD,,1
ANCHOR_WORD_mistral_generalist_01_b3_20260703_080130,mistral_generalist,mistral,generalist,3,lack of use-cases in which DC is advantageous,anchor,ANCHOR_WORD,,1
ANCHOR_WORD_mistral_generalist_01_b4_20260703_080130,mistral_generalist,mistral,generalist,4,"uncertain utility interaction (net metering, utility ownership, and agreed standards)",anchor,ANCHOR_WORD,,1
ANCHOR_WORD_mistral_generalist_01_b5_20260703_080130,mistral_generalist,mistral,generalist,5,lack of pilot projects,anchor,ANCHOR_WORD,,1
ANCHOR_WORD_mistral_normative_01_b1_20260703_080130,mistral_normative,mistral,normative,1,"power losses, quality and safety issues",anchor,ANCHOR_WORD,,1
ANCHOR_WORD_mistral_normative_01_b2_20260703_080130,mistral_normative,mistral,normative,2,reduced reliability in DC devices,anchor,ANCHOR_WORD,,1
ANCHOR_WORD_mistral_normative_01_b3_20260703_080130,mistral_normative,mistral,normative,3,lack of use-cases in which DC is advantageous,anchor,ANCHOR_WORD,,1
ANCHOR_WORD_mistral_normative_01_b4_20260703_080130,mistral_normative,mistral,normative,4,"uncertain utility interaction (net metering, utility ownership, and agreed standards)",anchor,ANCHOR_WORD,,1
ANCHOR_WORD_mistral_normative_01_b5_20260703_080130,mistral_normative,mistral,normative,5,lack of pilot projects,anchor,ANCHOR_WORD,,1
ANCHOR_WORD_mistral_subject-matter_01_b1_20260703_080130,mistral_subject-matter,mistral,subject-matter,1,"power losses, quality and safety issues",anchor,ANCHOR_WORD,,1
ANCHOR_WORD_mistral_subject-matter_01_b2_20260703_080130,mistral_subject-matter,mistral,subject-matter,2,reduced reliability in DC devices,anchor,ANCHOR_WORD,,1
ANCHOR_WORD_mistral_subject-matter_01_b3_20260703_080130,mistral_subject-matter,mistral,subject-matter,3,lack of use-cases in which DC is advantageous,anchor,ANCHOR_WORD,,1
ANCHOR_WORD_mistral_subject-matter_01_b4_20260703_080130,mistral_subject-matter,mistral,subject-matter,4,"uncertain utility interaction (net metering, utility ownership, and agreed standards)",anchor,ANCHOR_WORD,,1
ANCHOR_WORD_mistral_subject-matter_01_b5_20260703_080130,mistral_subject-matter,mistral,subject-matter,5,lack of pilot projects,anchor,ANCHOR_WORD,,1
ANCHOR_WORD_gemma3_generalist_01_b1_20260703_080130,gemma3_generalist,gemma3,generalist,1,"power losses, quality and safety issues",anchor,ANCHOR_WORD,,1
ANCHOR_WORD_gemma3_generalist_01_b3_20260703_080130,gemma3_generalist,gemma3,generalist,3,lack of use-cases in which DC is advantageous,anchor,ANCHOR_WORD,,1
ANCHOR_WORD_gemma3_generalist_01_b4_20260703_080130,gemma3_generalist,gemma3,generalist,4,"uncertain utility interaction (net metering, utility ownership, and agreed standards)",anchor,ANCHOR_WORD,,1
ANCHOR_WORD_gemma3_generalist_01_b8_20260703_080130,gemma3_generalist,gemma3,generalist,8,misconception and lack of knowledge leads to lengthy/expensive design and permit process,anchor,ANCHOR_WORD,,1
ANCHOR_WORD_gemma3_generalist_01_b11_20260703_080130,gemma3_generalist,gemma3,generalist,11,high costs of DC solutions,anchor,ANCHOR_WORD,,1
ANCHOR_WORD_gemma3_normative_01_b1_20260703_080130,gemma3_normative,gemma3,normative,1,"power losses, quality and safety issues",anchor,ANCHOR_WORD,,1
ANCHOR_WORD_gemma3_normative_01_b5_20260703_080130,gemma3_normative,gemma3,normative,5,lack of pilot projects,anchor,ANCHOR_WORD,,1
ANCHOR_WORD_gemma3_normative_01_b6_20260703_080130,gemma3_normative,gemma3,normative,6,public perception of DC and readiness to 'champion' installations from DC projects,anchor,ANCHOR_WORD,,1
ANCHOR_WORD_gemma3_normative_01_b8_20260703_080130,gemma3_normative,gemma3,normative,8,misconception and lack of knowledge leads to lengthy/expensive design and permit process,anchor,ANCHOR_WORD,,1
ANCHOR_WORD_gemma3_normative_01_b10_20260703_080130,gemma3_normative,gemma3,normative,10,uncertain regulatory roadmap,anchor,ANCHOR_WORD,,1
ANCHOR_WORD_gemma3_subject-matter_01_b1_20260703_080130,gemma3_subject-matter,gemma3,subject-matter,1,"power losses, quality and safety issues",anchor,ANCHOR_WORD,,1
ANCHOR_WORD_gemma3_subject-matter_01_b4_20260703_080130,gemma3_subject-matter,gemma3,subject-matter,4,"uncertain utility interaction (net metering, utility ownership, and agreed standards)",anchor,ANCHOR_WORD,,1
ANCHOR_WORD_gemma3_subject-matter_01_b8_20260703_080130,gemma3_subject-matter,gemma3,subject-matter,8,misconception and lack of knowledge leads to lengthy/expensive design and permit process,anchor,ANCHOR_WORD,,1
ANCHOR_WORD_gemma3_subject-matter_01_b9_20260703_080130,gemma3_subject-matter,gemma3,subject-matter,9,lack of enough trained personnel in DC systems,anchor,ANCHOR_WORD,,1
ANCHOR_WORD_gemma3_subject-matter_01_b10_20260703_080130,gemma3_subject-matter,gemma3,subject-matter,10,uncertain regulatory roadmap,anchor,ANCHOR_WORD,,1
ANCHOR_WORD_phi4_generalist_02_b1_20260703_080352,phi4_generalist,phi4,generalist,1,"power losses, quality and safety issues",anchor,ANCHOR_WORD,,2
ANCHOR_WORD_phi4_generalist_02_b3_20260703_080352,phi4_generalist,phi4,generalist,3,lack of use-cases in which DC is advantageous,anchor,ANCHOR_WORD,,2
ANCHOR_WORD_phi4_generalist_02_b4_20260703_080352,phi4_generalist,phi4,generalist,4,"uncertain utility interaction (net metering, utility ownership, and agreed standards)",anchor,ANCHOR_WORD,,2
ANCHOR_WORD_phi4_generalist_02_b8_20260703_080352,phi4_generalist,phi4,generalist,8,misconception and lack of knowledge leads to lengthy/expensive design and permit process,anchor,ANCHOR_WORD,,2
ANCHOR_WORD_phi4_generalist_02_b10_20260703_080352,phi4_generalist,phi4,generalist,10,uncertain regulatory roadmap,anchor,ANCHOR_WORD,,2
ANCHOR_WORD_phi4_normative_02_b1_20260703_080352,phi4_normative,phi4,normative,1,"power losses, quality and safety issues",anchor,ANCHOR_WORD,,2
ANCHOR_WORD_phi4_normative_02_b4_20260703_080352,phi4_normative,phi4,normative,4,"uncertain utility interaction (net metering, utility ownership, and agreed standards)",anchor,ANCHOR_WORD,,2
ANCHOR_WORD_phi4_normative_02_b5_20260703_080352,phi4_normative,phi4,normative,5,lack of pilot projects,anchor,ANCHOR_WORD,,2
ANCHOR_WORD_phi4_normative_02_b6_20260703_080352,phi4_normative,phi4,normative,6,public perception of DC and readiness to 'champion' installations from DC projects,anchor,ANCHOR_WORD,,2
ANCHOR_WORD_phi4_normative_02_b10_20260703_080352,phi4_normative,phi4,normative,10,uncertain regulatory roadmap,anchor,ANCHOR_WORD,,2
ANCHOR_WORD_phi4_subject-matter_02_b1_20260703_080352,phi4_subject-matter,phi4,subject-matter,1,"power losses, quality and safety issues",anchor,ANCHOR_WORD,,2
ANCHOR_WORD_phi4_subject-matter_02_b4_20260703_080352,phi4_subject-matter,phi4,subject-matter,4,"uncertain utility interaction (net metering, utility ownership, and agreed standards)",anchor,ANCHOR_WORD,,2
ANCHOR_WORD_phi4_subject-matter_02_b6_20260703_080352,phi4_subject-matter,phi4,subject-matter,6,public perception of DC and readiness to 'champion' installations from DC projects,anchor,ANCHOR_WORD,,2
ANCHOR_WORD_phi4_subject-matter_02_b8_20260703_080352,phi4_subject-matter,phi4,subject-matter,8,misconception and lack of knowledge leads to lengthy/expensive design and permit process,anchor,ANCHOR_WORD,,2
ANCHOR_WORD_phi4_subject-matter_02_b10_20260703_080352,phi4_subject-matter,phi4,subject-matter,10,uncertain regulatory roadmap,anchor,ANCHOR_WORD,,2
ANCHOR_WORD_llama_generalist_02_b1_20260703_080352,llama_generalist,llama,generalist,1,"power losses, quality and safety issues",anchor,ANCHOR_WORD,,2
ANCHOR_WORD_llama_generalist_02_b3_20260703_080352,llama_generalist,llama,generalist,3,lack of use-cases in which DC is advantageous,anchor,ANCHOR_WORD,,2
ANCHOR_WORD_llama_generalist_02_b4_20260703_080352,llama_generalist,llama,generalist,4,"uncertain utility interaction (net metering, utility ownership, and agreed standards)",anchor,ANCHOR_WORD,,2
ANCHOR_WORD_llama_generalist_02_b5_20260703_080352,llama_generalist,llama,generalist,5,lack of pilot projects,anchor,ANCHOR_WORD,,2
ANCHOR_WORD_llama_generalist_02_b6_20260703_080352,llama_generalist,llama,generalist,6,public perception of DC and readiness to 'champion' installations from DC projects,anchor,ANCHOR_WORD,,2
ANCHOR_WORD_llama_normative_02_b1_20260703_080352,llama_normative,llama,normative,1,"power losses, quality and safety issues",anchor,ANCHOR_WORD,,2
ANCHOR_WORD_llama_normative_02_b2_20260703_080352,llama_normative,llama,normative,2,reduced reliability in DC devices,anchor,ANCHOR_WORD,,2
ANCHOR_WORD_llama_normative_02_b3_20260703_080352,llama_normative,llama,normative,3,lack of use-cases in which DC is advantageous,anchor,ANCHOR_WORD,,2
ANCHOR_WORD_llama_normative_02_b4_20260703_080352,llama_normative,llama,normative,4,"uncertain utility interaction (net metering, utility ownership, and agreed standards)",anchor,ANCHOR_WORD,,2
ANCHOR_WORD_llama_normative_02_b5_20260703_080352,llama_normative,llama,normative,5,lack of pilot projects,anchor,ANCHOR_WORD,,2
ANCHOR_WORD_llama_subject-matter_02_b1_20260703_080352,llama_subject-matter,llama,subject-matter,1,"power losses, quality and safety issues",anchor,ANCHOR_WORD,,2
ANCHOR_WORD_llama_subject-matter_02_b2_20260703_080352,llama_subject-matter,llama,subject-matter,2,reduced reliability in DC devices,anchor,ANCHOR_WORD,,2
ANCHOR_WORD_llama_subject-matter_02_b4_20260703_080352,llama_subject-matter,llama,subject-matter,4,"uncertain utility interaction (net metering, utility ownership, and agreed standards)",anchor,ANCHOR_WORD,,2
ANCHOR_WORD_llama_subject-matter_02_b5_20260703_080352,llama_subject-matter,llama,subject-matter,5,lack of pilot projects,anchor,ANCHOR_WORD,,2
ANCHOR_WORD_llama_subject-matter_02_b6_20260703_080352,llama_subject-matter,llama,subject-matter,6,public perception of DC and readiness to 'champion' installations from DC projects,anchor,ANCHOR_WORD,,2
ANCHOR_WORD_mistral_generalist_02_b1_20260703_080352,mistral_generalist,mistral,generalist,1,"power losses, quality and safety issues",anchor,ANCHOR_WORD,,2
ANCHOR_WORD_mistral_generalist_02_b4_20260703_080352,mistral_generalist,mistral,generalist,4,"uncertain utility interaction (net metering, utility ownership, and agreed standards)",anchor,ANCHOR_WORD,,2
ANCHOR_WORD_mistral_generalist_02_b3_20260703_080352,mistral_generalist,mistral,generalist,3,lack of use-cases in which DC is advantageous,anchor,ANCHOR_WORD,,2
ANCHOR_WORD_mistral_generalist_02_b7_20260703_080352,mistral_generalist,mistral,generalist,7,incompatibility of DC systems components,anchor,ANCHOR_WORD,,2
ANCHOR_WORD_mistral_generalist_02_b11_20260703_080352,mistral_generalist,mistral,generalist,11,high costs of DC solutions,anchor,ANCHOR_WORD,,2
ANCHOR_WORD_mistral_normative_02_b1_20260703_080352,mistral_normative,mistral,normative,1,"power losses, quality and safety issues",anchor,ANCHOR_WORD,,2
ANCHOR_WORD_mistral_normative_02_b2_20260703_080352,mistral_normative,mistral,normative,2,reduced reliability in DC devices,anchor,ANCHOR_WORD,,2
ANCHOR_WORD_mistral_normative_02_b3_20260703_080352,mistral_normative,mistral,normative,3,lack of use-cases in which DC is advantageous,anchor,ANCHOR_WORD,,2
ANCHOR_WORD_mistral_normative_02_b4_20260703_080352,mistral_normative,mistral,normative,4,"uncertain utility interaction (net metering, utility ownership, and agreed standards)",anchor,ANCHOR_WORD,,2
ANCHOR_WORD_mistral_normative_02_b5_20260703_080352,mistral_normative,mistral,normative,5,lack of pilot projects,anchor,ANCHOR_WORD,,2
ANCHOR_WORD_mistral_subject-matter_02_b1_20260703_080352,mistral_subject-matter,mistral,subject-matter,1,"power losses, quality and safety issues",anchor,ANCHOR_WORD,,2
ANCHOR_WORD_mistral_subject-matter_02_b2_20260703_080352,mistral_subject-matter,mistral,subject-matter,2,reduced reliability in DC devices,anchor,ANCHOR_WORD,,2
ANCHOR_WORD_mistral_subject-matter_02_b3_20260703_080352,mistral_subject-matter,mistral,subject-matter,3,lack of use-cases in which DC is advantageous,anchor,ANCHOR_WORD,,2
ANCHOR_WORD_mistral_subject-matter_02_b4_20260703_080352,mistral_subject-matter,mistral,subject-matter,4,"uncertain utility interaction (net metering, utility ownership, and agreed standards)",anchor,ANCHOR_WORD,,2
ANCHOR_WORD_mistral_subject-matter_02_b5_20260703_080352,mistral_subject-matter,mistral,subject-matter,5,lack of pilot projects,anchor,ANCHOR_WORD,,2
ANCHOR_WORD_gemma3_generalist_02_b1_20260703_080352,gemma3_generalist,gemma3,generalist,1,"power losses, quality and safety issues",anchor,ANCHOR_WORD,,2
ANCHOR_WORD_gemma3_generalist_02_b3_20260703_080352,gemma3_generalist,gemma3,generalist,3,lack of use-cases in which DC is advantageous,anchor,ANCHOR_WORD,,2
ANCHOR_WORD_gemma3_generalist_02_b5_20260703_080352,gemma3_generalist,gemma3,generalist,5,lack of pilot projects,anchor,ANCHOR_WORD,,2
ANCHOR_WORD_gemma3_generalist_02_b8_20260703_080352,gemma3_generalist,gemma3,generalist,8,misconception and lack of knowledge leads to lengthy/expensive design and permit process,anchor,ANCHOR_WORD,,2
ANCHOR_WORD_gemma3_generalist_02_b11_20260703_080352,gemma3_generalist,gemma3,generalist,11,high costs of DC solutions,anchor,ANCHOR_WORD,,2
ANCHOR_WORD_gemma3_normative_02_b1_20260703_080352,gemma3_normative,gemma3,normative,1,"power losses, quality and safety issues",anchor,ANCHOR_WORD,,2
ANCHOR_WORD_gemma3_normative_02_b4_20260703_080352,gemma3_normative,gemma3,normative,4,"uncertain utility interaction (net metering, utility ownership, and agreed standards)",anchor,ANCHOR_WORD,,2
ANCHOR_WORD_gemma3_normative_02_b8_20260703_080352,gemma3_normative,gemma3,normative,8,misconception and lack of knowledge leads to lengthy/expensive design and permit process,anchor,ANCHOR_WORD,,2
ANCHOR_WORD_gemma3_normative_02_b9_20260703_080352,gemma3_normative,gemma3,normative,9,lack of enough trained personnel in DC systems,anchor,ANCHOR_WORD,,2
ANCHOR_WORD_gemma3_normative_02_b10_20260703_080352,gemma3_normative,gemma3,normative,10,uncertain regulatory roadmap,anchor,ANCHOR_WORD,,2
ANCHOR_WORD_gemma3_subject-matter_02_b1_20260703_080352,gemma3_subject-matter,gemma3,subject-matter,1,"power losses, quality and safety issues",anchor,ANCHOR_WORD,,2
ANCHOR_WORD_gemma3_subject-matter_02_b4_20260703_080352,gemma3_subject-matter,gemma3,subject-matter,4,"uncertain utility interaction (net metering, utility ownership, and agreed standards)",anchor,ANCHOR_WORD,,2
ANCHOR_WORD_gemma3_subject-matter_02_b8_20260703_080352,gemma3_subject-matter,gemma3,subject-matter,8,misconception and lack of knowledge leads to lengthy/expensive design and permit process,anchor,ANCHOR_WORD,,2
ANCHOR_WORD_gemma3_subject-matter_02_b10_20260703_080352,gemma3_subject-matter,gemma3,subject-matter,10,uncertain regulatory roadmap,anchor,ANCHOR_WORD,,2
ANCHOR_WORD_gemma3_subject-matter_02_b11_20260703_080352,gemma3_subject-matter,gemma3,subject-matter,11,high costs of DC solutions,anchor,ANCHOR_WORD,,2
ANCHOR_WORD_phi4_generalist_03_b1_20260703_080806,phi4_generalist,phi4,generalist,1,"power losses, quality and safety issues",anchor,ANCHOR_WORD,,3
ANCHOR_WORD_phi4_generalist_03_b3_20260703_080806,phi4_generalist,phi4,generalist,3,lack of use-cases in which DC is advantageous,anchor,ANCHOR_WORD,,3
ANCHOR_WORD_phi4_generalist_03_b4_20260703_080806,phi4_generalist,phi4,generalist,4,"uncertain utility interaction (net metering, utility ownership, and agreed standards)",anchor,ANCHOR_WORD,,3
ANCHOR_WORD_phi4_generalist_03_b8_20260703_080806,phi4_generalist,phi4,generalist,8,misconception and lack of knowledge leads to lengthy/expensive design and permit process,anchor,ANCHOR_WORD,,3
ANCHOR_WORD_phi4_generalist_03_b10_20260703_080806,phi4_generalist,phi4,generalist,10,uncertain regulatory roadmap,anchor,ANCHOR_WORD,,3
ANCHOR_WORD_phi4_normative_03_b1_20260703_080806,phi4_normative,phi4,normative,1,"power losses, quality and safety issues",anchor,ANCHOR_WORD,,3
ANCHOR_WORD_phi4_normative_03_b4_20260703_080806,phi4_normative,phi4,normative,4,"uncertain utility interaction (net metering, utility ownership, and agreed standards)",anchor,ANCHOR_WORD,,3
ANCHOR_WORD_phi4_normative_03_b5_20260703_080806,phi4_normative,phi4,normative,5,lack of pilot projects,anchor,ANCHOR_WORD,,3
ANCHOR_WORD_phi4_normative_03_b6_20260703_080806,phi4_normative,phi4,normative,6,public perception of DC and readiness to 'champion' installations from DC projects,anchor,ANCHOR_WORD,,3
ANCHOR_WORD_phi4_normative_03_b10_20260703_080806,phi4_normative,phi4,normative,10,uncertain regulatory roadmap,anchor,ANCHOR_WORD,,3
ANCHOR_WORD_phi4_subject-matter_03_b1_20260703_080806,phi4_subject-matter,phi4,subject-matter,1,"power losses, quality and safety issues",anchor,ANCHOR_WORD,,3
ANCHOR_WORD_phi4_subject-matter_03_b4_20260703_080806,phi4_subject-matter,phi4,subject-matter,4,"uncertain utility interaction (net metering, utility ownership, and agreed standards)",anchor,ANCHOR_WORD,,3
ANCHOR_WORD_phi4_subject-matter_03_b6_20260703_080806,phi4_subject-matter,phi4,subject-matter,6,public perception of DC and readiness to 'champion' installations from DC projects,anchor,ANCHOR_WORD,,3
ANCHOR_WORD_phi4_subject-matter_03_b8_20260703_080806,phi4_subject-matter,phi4,subject-matter,8,misconception and lack of knowledge leads to lengthy/expensive design and permit process,anchor,ANCHOR_WORD,,3
ANCHOR_WORD_phi4_subject-matter_03_b10_20260703_080806,phi4_subject-matter,phi4,subject-matter,10,uncertain regulatory roadmap,anchor,ANCHOR_WORD,,3
ANCHOR_WORD_llama_generalist_03_b1_20260703_080806,llama_generalist,llama,generalist,1,"power losses, quality and safety issues",anchor,ANCHOR_WORD,,3
ANCHOR_WORD_llama_generalist_03_b2_20260703_080806,llama_generalist,llama,generalist,2,reduced reliability in DC devices,anchor,ANCHOR_WORD,,3
ANCHOR_WORD_llama_generalist_03_b3_20260703_080806,llama_generalist,llama,generalist,3,lack of use-cases in which DC is advantageous,anchor,ANCHOR_WORD,,3
ANCHOR_WORD_llama_generalist_03_b4_20260703_080806,llama_generalist,llama,generalist,4,"uncertain utility interaction (net metering, utility ownership, and agreed standards)",anchor,ANCHOR_WORD,,3
ANCHOR_WORD_llama_generalist_03_b5_20260703_080806,llama_generalist,llama,generalist,5,lack of pilot projects,anchor,ANCHOR_WORD,,3
ANCHOR_WORD_llama_normative_03_b1_20260703_080806,llama_normative,llama,normative,1,"power losses, quality and safety issues",anchor,ANCHOR_WORD,,3
ANCHOR_WORD_llama_normative_03_b2_20260703_080806,llama_normative,llama,normative,2,reduced reliability in DC devices,anchor,ANCHOR_WORD,,3
ANCHOR_WORD_llama_normative_03_b3_20260703_080806,llama_normative,llama,normative,3,lack of use-cases in which DC is advantageous,anchor,ANCHOR_WORD,,3
ANCHOR_WORD_llama_normative_03_b4_20260703_080806,llama_normative,llama,normative,4,"uncertain utility interaction (net metering, utility ownership, and agreed standards)",anchor,ANCHOR_WORD,,3
ANCHOR_WORD_llama_normative_03_b5_20260703_080806,llama_normative,llama,normative,5,lack of pilot projects,anchor,ANCHOR_WORD,,3
ANCHOR_WORD_llama_subject-matter_03_b1_20260703_080806,llama_subject-matter,llama,subject-matter,1,"power losses, quality and safety issues",anchor,ANCHOR_WORD,,3
ANCHOR_WORD_llama_subject-matter_03_b2_20260703_080806,llama_subject-matter,llama,subject-matter,2,reduced reliability in DC devices,anchor,ANCHOR_WORD,,3
ANCHOR_WORD_llama_subject-matter_03_b3_20260703_080806,llama_subject-matter,llama,subject-matter,3,lack of use-cases in which DC is advantageous,anchor,ANCHOR_WORD,,3
ANCHOR_WORD_llama_subject-matter_03_b4_20260703_080806,llama_subject-matter,llama,subject-matter,4,"uncertain utility interaction (net metering, utility ownership, and agreed standards)",anchor,ANCHOR_WORD,,3
ANCHOR_WORD_llama_subject-matter_03_b5_20260703_080806,llama_subject-matter,llama,subject-matter,5,lack of pilot projects,anchor,ANCHOR_WORD,,3
ANCHOR_WORD_mistral_generalist_03_b1_20260703_080806,mistral_generalist,mistral,generalist,1,"power losses, quality and safety issues",anchor,ANCHOR_WORD,,3
ANCHOR_WORD_mistral_generalist_03_b2_20260703_080806,mistral_generalist,mistral,generalist,2,reduced reliability in DC devices,anchor,ANCHOR_WORD,,3
ANCHOR_WORD_mistral_generalist_03_b3_20260703_080806,mistral_generalist,mistral,generalist,3,lack of use-cases in which DC is advantageous,anchor,ANCHOR_WORD,,3
ANCHOR_WORD_mistral_generalist_03_b4_20260703_080806,mistral_generalist,mistral,generalist,4,"uncertain utility interaction (net metering, utility ownership, and agreed standards)",anchor,ANCHOR_WORD,,3
ANCHOR_WORD_mistral_generalist_03_b5_20260703_080806,mistral_generalist,mistral,generalist,5,lack of pilot projects,anchor,ANCHOR_WORD,,3
ANCHOR_WORD_mistral_normative_03_b1_20260703_080806,mistral_normative,mistral,normative,1,"power losses, quality and safety issues",anchor,ANCHOR_WORD,,3
ANCHOR_WORD_mistral_normative_03_b2_20260703_080806,mistral_normative,mistral,normative,2,reduced reliability in DC devices,anchor,ANCHOR_WORD,,3
ANCHOR_WORD_mistral_normative_03_b3_20260703_080806,mistral_normative,mistral,normative,3,lack of use-cases in which DC is advantageous,anchor,ANCHOR_WORD,,3
ANCHOR_WORD_mistral_normative_03_b4_20260703_080806,mistral_normative,mistral,normative,4,"uncertain utility interaction (net metering, utility ownership, and agreed standards)",anchor,ANCHOR_WORD,,3
ANCHOR_WORD_mistral_normative_03_b5_20260703_080806,mistral_normative,mistral,normative,5,lack of pilot projects,anchor,ANCHOR_WORD,,3
ANCHOR_WORD_mistral_subject-matter_03_b1_20260703_080806,mistral_subject-matter,mistral,subject-matter,1,"power losses, quality and safety issues",anchor,ANCHOR_WORD,,3
ANCHOR_WORD_mistral_subject-matter_03_b2_20260703_080806,mistral_subject-matter,mistral,subject-matter,2,reduced reliability in DC devices,anchor,ANCHOR_WORD,,3
ANCHOR_WORD_mistral_subject-matter_03_b3_20260703_080806,mistral_subject-matter,mistral,subject-matter,3,lack of use-cases in which DC is advantageous,anchor,ANCHOR_WORD,,3
ANCHOR_WORD_mistral_subject-matter_03_b4_20260703_080806,mistral_subject-matter,mistral,subject-matter,4,"uncertain utility interaction (net metering, utility ownership, and agreed standards)",anchor,ANCHOR_WORD,,3
ANCHOR_WORD_mistral_subject-matter_03_b5_20260703_080806,mistral_subject-matter,mistral,subject-matter,5,lack of pilot projects,anchor,ANCHOR_WORD,,3
ANCHOR_WORD_gemma3_generalist_03_b1_20260703_080806,gemma3_generalist,gemma3,generalist,1,"power losses, quality and safety issues",anchor,ANCHOR_WORD,,3
ANCHOR_WORD_gemma3_generalist_03_b3_20260703_080806,gemma3_generalist,gemma3,generalist,3,lack of use-cases in which DC is advantageous,anchor,ANCHOR_WORD,,3
ANCHOR_WORD_gemma3_generalist_03_b4_20260703_080806,gemma3_generalist,gemma3,generalist,4,"uncertain utility interaction (net metering, utility ownership, and agreed standards)",anchor,ANCHOR_WORD,,3
ANCHOR_WORD_gemma3_generalist_03_b8_20260703_080806,gemma3_generalist,gemma3,generalist,8,misconception and lack of knowledge leads to lengthy/expensive design and permit process,anchor,ANCHOR_WORD,,3
ANCHOR_WORD_gemma3_generalist_03_b11_20260703_080806,gemma3_generalist,gemma3,generalist,11,high costs of DC solutions,anchor,ANCHOR_WORD,,3
ANCHOR_WORD_gemma3_normative_03_b1_20260703_080806,gemma3_normative,gemma3,normative,1,"power losses, quality and safety issues",anchor,ANCHOR_WORD,,3
ANCHOR_WORD_gemma3_normative_03_b4_20260703_080806,gemma3_normative,gemma3,normative,4,"uncertain utility interaction (net metering, utility ownership, and agreed standards)",anchor,ANCHOR_WORD,,3
ANCHOR_WORD_gemma3_normative_03_b8_20260703_080806,gemma3_normative,gemma3,normative,8,misconception and lack of knowledge leads to lengthy/expensive design and permit process,anchor,ANCHOR_WORD,,3
ANCHOR_WORD_gemma3_normative_03_b10_20260703_080806,gemma3_normative,gemma3,normative,10,uncertain regulatory roadmap,anchor,ANCHOR_WORD,,3
ANCHOR_WORD_gemma3_normative_03_b11_20260703_080806,gemma3_normative,gemma3,normative,11,high costs of DC solutions,anchor,ANCHOR_WORD,,3
ANCHOR_WORD_gemma3_subject-matter_03_b1_20260703_080806,gemma3_subject-matter,gemma3,subject-matter,1,"power losses, quality and safety issues",anchor,ANCHOR_WORD,,3
ANCHOR_WORD_gemma3_subject-matter_03_b5_20260703_080806,gemma3_subject-matter,gemma3,subject-matter,5,lack of pilot projects,anchor,ANCHOR_WORD,,3
ANCHOR_WORD_gemma3_subject-matter_03_b6_20260703_080806,gemma3_subject-matter,gemma3,subject-matter,6,public perception of DC and readiness to 'champion' installations from DC projects,anchor,ANCHOR_WORD,,3
ANCHOR_WORD_gemma3_subject-matter_03_b8_20260703_080806,gemma3_subject-matter,gemma3,subject-matter,8,misconception and lack of knowledge leads to lengthy/expensive design and permit process,anchor,ANCHOR_WORD,,3
ANCHOR_WORD_gemma3_subject-matter_03_b10_20260703_080806,gemma3_subject-matter,gemma3,subject-matter,10,uncertain regulatory roadmap,anchor,ANCHOR_WORD,,3
ANCHOR_WORD_phi4_generalist_04_b1_20260703_082010,phi4_generalist,phi4,generalist,1,"power losses, quality and safety issues",anchor,ANCHOR_WORD,,4
ANCHOR_WORD_phi4_generalist_04_b2_20260703_082010,phi4_generalist,phi4,generalist,2,reduced reliability in DC devices,anchor,ANCHOR_WORD,,4
ANCHOR_WORD_phi4_generalist_04_b4_20260703_082010,phi4_generalist,phi4,generalist,4,"uncertain utility interaction (net metering, utility ownership, and agreed standards)",anchor,ANCHOR_WORD,,4
ANCHOR_WORD_phi4_generalist_04_b8_20260703_082010,phi4_generalist,phi4,generalist,8,misconception and lack of knowledge leads to lengthy/expensive design and permit process,anchor,ANCHOR_WORD,,4
ANCHOR_WORD_phi4_generalist_04_b10_20260703_082010,phi4_generalist,phi4,generalist,10,uncertain regulatory roadmap,anchor,ANCHOR_WORD,,4
ANCHOR_WORD_phi4_normative_04_b1_20260703_082010,phi4_normative,phi4,normative,1,"power losses, quality and safety issues",anchor,ANCHOR_WORD,,4
ANCHOR_WORD_phi4_normative_04_b4_20260703_082010,phi4_normative,phi4,normative,4,"uncertain utility interaction (net metering, utility ownership, and agreed standards)",anchor,ANCHOR_WORD,,4
ANCHOR_WORD_phi4_normative_04_b8_20260703_082010,phi4_normative,phi4,normative,8,misconception and lack of knowledge leads to lengthy/expensive design and permit process,anchor,ANCHOR_WORD,,4
ANCHOR_WORD_phi4_normative_04_b10_20260703_082010,phi4_normative,phi4,normative,10,uncertain regulatory roadmap,anchor,ANCHOR_WORD,,4
ANCHOR_WORD_phi4_normative_04_b11_20260703_082010,phi4_normative,phi4,normative,11,high costs of DC solutions,anchor,ANCHOR_WORD,,4
ANCHOR_WORD_phi4_subject-matter_04_b1_20260703_082010,phi4_subject-matter,phi4,subject-matter,1,"power losses, quality and safety issues",anchor,ANCHOR_WORD,,4
ANCHOR_WORD_phi4_subject-matter_04_b2_20260703_082010,phi4_subject-matter,phi4,subject-matter,2,reduced reliability in DC devices,anchor,ANCHOR_WORD,,4
ANCHOR_WORD_phi4_subject-matter_04_b4_20260703_082010,phi4_subject-matter,phi4,subject-matter,4,"uncertain utility interaction (net metering, utility ownership, and agreed standards)",anchor,ANCHOR_WORD,,4
ANCHOR_WORD_phi4_subject-matter_04_b8_20260703_082010,phi4_subject-matter,phi4,subject-matter,8,misconception and lack of knowledge leads to lengthy/expensive design and permit process,anchor,ANCHOR_WORD,,4
ANCHOR_WORD_phi4_subject-matter_04_b10_20260703_082010,phi4_subject-matter,phi4,subject-matter,10,uncertain regulatory roadmap,anchor,ANCHOR_WORD,,4
ANCHOR_WORD_llama_generalist_04_b1_20260703_082010,llama_generalist,llama,generalist,1,"power losses, quality and safety issues",anchor,ANCHOR_WORD,,4
ANCHOR_WORD_llama_generalist_04_b3_20260703_082010,llama_generalist,llama,generalist,3,lack of use-cases in which DC is advantageous,anchor,ANCHOR_WORD,,4
ANCHOR_WORD_llama_generalist_04_b4_20260703_082010,llama_generalist,llama,generalist,4,"uncertain utility interaction (net metering, utility ownership, and agreed standards)",anchor,ANCHOR_WORD,,4
ANCHOR_WORD_llama_generalist_04_b7_20260703_082010,llama_generalist,llama,generalist,7,incompatibility of DC systems components,anchor,ANCHOR_WORD,,4
ANCHOR_WORD_llama_generalist_04_b8_20260703_082010,llama_generalist,llama,generalist,8,misconception and lack of knowledge leads to lengthy/expensive design and permit process,anchor,ANCHOR_WORD,,4
ANCHOR_WORD_llama_normative_04_b1_20260703_082010,llama_normative,llama,normative,1,"power losses, quality and safety issues",anchor,ANCHOR_WORD,,4
ANCHOR_WORD_llama_normative_04_b2_20260703_082010,llama_normative,llama,normative,2,reduced reliability in DC devices,anchor,ANCHOR_WORD,,4
ANCHOR_WORD_llama_normative_04_b4_20260703_082010,llama_normative,llama,normative,4,"uncertain utility interaction (net metering, utility ownership, and agreed standards)",anchor,ANCHOR_WORD,,4
ANCHOR_WORD_llama_normative_04_b3_20260703_082010,llama_normative,llama,normative,3,lack of use-cases in which DC is advantageous,anchor,ANCHOR_WORD,,4
ANCHOR_WORD_llama_normative_04_b7_20260703_082010,llama_normative,llama,normative,7,incompatibility of DC systems components,anchor,ANCHOR_WORD,,4
ANCHOR_WORD_llama_subject-matter_04_b1_20260703_082010,llama_subject-matter,llama,subject-matter,1,"power losses, quality and safety issues",anchor,ANCHOR_WORD,,4
ANCHOR_WORD_llama_subject-matter_04_b2_20260703_082010,llama_subject-matter,llama,subject-matter,2,reduced reliability in DC devices,anchor,ANCHOR_WORD,,4
ANCHOR_WORD_llama_subject-matter_04_b3_20260703_082010,llama_subject-matter,llama,subject-matter,3,lack of use-cases in which DC is advantageous,anchor,ANCHOR_WORD,,4
ANCHOR_WORD_llama_subject-matter_04_b4_20260703_082010,llama_subject-matter,llama,subject-matter,4,"uncertain utility interaction (net metering, utility ownership, and agreed standards)",anchor,ANCHOR_WORD,,4
ANCHOR_WORD_llama_subject-matter_04_b5_20260703_082010,llama_subject-matter,llama,subject-matter,5,lack of pilot projects,anchor,ANCHOR_WORD,,4
ANCHOR_WORD_mistral_generalist_04_b1_20260703_082010,mistral_generalist,mistral,generalist,1,"power losses, quality and safety issues",anchor,ANCHOR_WORD,,4
ANCHOR_WORD_mistral_generalist_04_b2_20260703_082010,mistral_generalist,mistral,generalist,2,reduced reliability in DC devices,anchor,ANCHOR_WORD,,4
ANCHOR_WORD_mistral_generalist_04_b3_20260703_082010,mistral_generalist,mistral,generalist,3,lack of use-cases in which DC is advantageous,anchor,ANCHOR_WORD,,4
ANCHOR_WORD_mistral_generalist_04_b4_20260703_082010,mistral_generalist,mistral,generalist,4,"uncertain utility interaction (net metering, utility ownership, and agreed standards)",anchor,ANCHOR_WORD,,4
ANCHOR_WORD_mistral_generalist_04_b5_20260703_082010,mistral_generalist,mistral,generalist,5,lack of pilot projects,anchor,ANCHOR_WORD,,4
ANCHOR_WORD_mistral_normative_04_b1_20260703_082010,mistral_normative,mistral,normative,1,"power losses, quality and safety issues",anchor,ANCHOR_WORD,,4
ANCHOR_WORD_mistral_normative_04_b2_20260703_082010,mistral_normative,mistral,normative,2,reduced reliability in DC devices,anchor,ANCHOR_WORD,,4
ANCHOR_WORD_mistral_normative_04_b4_20260703_082010,mistral_normative,mistral,normative,4,"uncertain utility interaction (net metering, utility ownership, and agreed standards)",anchor,ANCHOR_WORD,,4
ANCHOR_WORD_mistral_normative_04_b5_20260703_082010,mistral_normative,mistral,normative,5,lack of pilot projects,anchor,ANCHOR_WORD,,4
ANCHOR_WORD_mistral_normative_04_b7_20260703_082010,mistral_normative,mistral,normative,7,incompatibility of DC systems components,anchor,ANCHOR_WORD,,4
ANCHOR_WORD_mistral_subject-matter_04_b1_20260703_082010,mistral_subject-matter,mistral,subject-matter,1,"power losses, quality and safety issues",anchor,ANCHOR_WORD,,4
ANCHOR_WORD_mistral_subject-matter_04_b2_20260703_082010,mistral_subject-matter,mistral,subject-matter,2,reduced reliability in DC devices,anchor,ANCHOR_WORD,,4
ANCHOR_WORD_mistral_subject-matter_04_b4_20260703_082010,mistral_subject-matter,mistral,subject-matter,4,"uncertain utility interaction (net metering, utility ownership, and agreed standards)",anchor,ANCHOR_WORD,,4
ANCHOR_WORD_mistral_subject-matter_04_b5_20260703_082010,mistral_subject-matter,mistral,subject-matter,5,lack of pilot projects,anchor,ANCHOR_WORD,,4
ANCHOR_WORD_mistral_subject-matter_04_b9_20260703_082010,mistral_subject-matter,mistral,subject-matter,9,lack of enough trained personnel in DC systems,anchor,ANCHOR_WORD,,4
ANCHOR_WORD_gemma3_generalist_04_b1_20260703_082010,gemma3_generalist,gemma3,generalist,1,"power losses, quality and safety issues",anchor,ANCHOR_WORD,,4
ANCHOR_WORD_gemma3_generalist_04_b3_20260703_082010,gemma3_generalist,gemma3,generalist,3,lack of use-cases in which DC is advantageous,anchor,ANCHOR_WORD,,4
ANCHOR_WORD_gemma3_generalist_04_b4_20260703_082010,gemma3_generalist,gemma3,generalist,4,"uncertain utility interaction (net metering, utility ownership, and agreed standards)",anchor,ANCHOR_WORD,,4
ANCHOR_WORD_gemma3_generalist_04_b8_20260703_082010,gemma3_generalist,gemma3,generalist,8,misconception and lack of knowledge leads to lengthy/expensive design and permit process,anchor,ANCHOR_WORD,,4
ANCHOR_WORD_gemma3_generalist_04_b11_20260703_082010,gemma3_generalist,gemma3,generalist,11,high costs of DC solutions,anchor,ANCHOR_WORD,,4
ANCHOR_WORD_gemma3_normative_04_b1_20260703_082010,gemma3_normative,gemma3,normative,1,"power losses, quality and safety issues",anchor,ANCHOR_WORD,,4
ANCHOR_WORD_gemma3_normative_04_b5_20260703_082010,gemma3_normative,gemma3,normative,5,lack of pilot projects,anchor,ANCHOR_WORD,,4
ANCHOR_WORD_gemma3_normative_04_b6_20260703_082010,gemma3_normative,gemma3,normative,6,public perception of DC and readiness to 'champion' installations from DC projects,anchor,ANCHOR_WORD,,4
ANCHOR_WORD_gemma3_normative_04_b8_20260703_082010,gemma3_normative,gemma3,normative,8,misconception and lack of knowledge leads to lengthy/expensive design and permit process,anchor,ANCHOR_WORD,,4
ANCHOR_WORD_gemma3_normative_04_b10_20260703_082010,gemma3_normative,gemma3,normative,10,uncertain regulatory roadmap,anchor,ANCHOR_WORD,,4
ANCHOR_WORD_gemma3_subject-matter_04_b1_20260703_082010,gemma3_subject-matter,gemma3,subject-matter,1,"power losses, quality and safety issues",anchor,ANCHOR_WORD,,4
ANCHOR_WORD_gemma3_subject-matter_04_b5_20260703_082010,gemma3_subject-matter,gemma3,subject-matter,5,lack of pilot projects,anchor,ANCHOR_WORD,,4
ANCHOR_WORD_gemma3_subject-matter_04_b6_20260703_082010,gemma3_subject-matter,gemma3,subject-matter,6,public perception of DC and readiness to 'champion' installations from DC projects,anchor,ANCHOR_WORD,,4
ANCHOR_WORD_gemma3_subject-matter_04_b8_20260703_082010,gemma3_subject-matter,gemma3,subject-matter,8,misconception and lack of knowledge leads to lengthy/expensive design and permit process,anchor,ANCHOR_WORD,,4
ANCHOR_WORD_gemma3_subject-matter_04_b10_20260703_082010,gemma3_subject-matter,gemma3,subject-matter,10,uncertain regulatory roadmap,anchor,ANCHOR_WORD,,4
ANCHOR_WORD_phi4_generalist_05_b1_20260703_082209,phi4_generalist,phi4,generalist,1,"power losses, quality and safety issues",anchor,ANCHOR_WORD,,5
ANCHOR_WORD_phi4_generalist_05_b2_20260703_082209,phi4_generalist,phi4,generalist,2,reduced reliability in DC devices,anchor,ANCHOR_WORD,,5
ANCHOR_WORD_phi4_generalist_05_b4_20260703_082209,phi4_generalist,phi4,generalist,4,"uncertain utility interaction (net metering, utility ownership, and agreed standards)",anchor,ANCHOR_WORD,,5
ANCHOR_WORD_phi4_generalist_05_b8_20260703_082209,phi4_generalist,phi4,generalist,8,misconception and lack of knowledge leads to lengthy/expensive design and permit process,anchor,ANCHOR_WORD,,5
ANCHOR_WORD_phi4_generalist_05_b10_20260703_082209,phi4_generalist,phi4,generalist,10,uncertain regulatory roadmap,anchor,ANCHOR_WORD,,5
ANCHOR_WORD_phi4_normative_05_b1_20260703_082209,phi4_normative,phi4,normative,1,"power losses, quality and safety issues",anchor,ANCHOR_WORD,,5
ANCHOR_WORD_phi4_normative_05_b2_20260703_082209,phi4_normative,phi4,normative,2,reduced reliability in DC devices,anchor,ANCHOR_WORD,,5
ANCHOR_WORD_phi4_normative_05_b4_20260703_082209,phi4_normative,phi4,normative,4,"uncertain utility interaction (net metering, utility ownership, and agreed standards)",anchor,ANCHOR_WORD,,5
ANCHOR_WORD_phi4_normative_05_b9_20260703_082209,phi4_normative,phi4,normative,9,lack of enough trained personnel in DC systems,anchor,ANCHOR_WORD,,5
ANCHOR_WORD_phi4_normative_05_b10_20260703_082209,phi4_normative,phi4,normative,10,uncertain regulatory roadmap,anchor,ANCHOR_WORD,,5
ANCHOR_WORD_phi4_subject-matter_05_b1_20260703_082209,phi4_subject-matter,phi4,subject-matter,1,"power losses, quality and safety issues",anchor,ANCHOR_WORD,,5
ANCHOR_WORD_phi4_subject-matter_05_b4_20260703_082209,phi4_subject-matter,phi4,subject-matter,4,"uncertain utility interaction (net metering, utility ownership, and agreed standards)",anchor,ANCHOR_WORD,,5
ANCHOR_WORD_phi4_subject-matter_05_b6_20260703_082209,phi4_subject-matter,phi4,subject-matter,6,public perception of DC and readiness to 'champion' installations from DC projects,anchor,ANCHOR_WORD,,5
ANCHOR_WORD_phi4_subject-matter_05_b8_20260703_082209,phi4_subject-matter,phi4,subject-matter,8,misconception and lack of knowledge leads to lengthy/expensive design and permit process,anchor,ANCHOR_WORD,,5
ANCHOR_WORD_phi4_subject-matter_05_b10_20260703_082209,phi4_subject-matter,phi4,subject-matter,10,uncertain regulatory roadmap,anchor,ANCHOR_WORD,,5
ANCHOR_WORD_llama_generalist_05_b1_20260703_082209,llama_generalist,llama,generalist,1,"power losses, quality and safety issues",anchor,ANCHOR_WORD,,5
ANCHOR_WORD_llama_generalist_05_b2_20260703_082209,llama_generalist,llama,generalist,2,reduced reliability in DC devices,anchor,ANCHOR_WORD,,5
ANCHOR_WORD_llama_generalist_05_b3_20260703_082209,llama_generalist,llama,generalist,3,lack of use-cases in which DC is advantageous,anchor,ANCHOR_WORD,,5
ANCHOR_WORD_llama_generalist_05_b4_20260703_082209,llama_generalist,llama,generalist,4,"uncertain utility interaction (net metering, utility ownership, and agreed standards)",anchor,ANCHOR_WORD,,5
ANCHOR_WORD_llama_generalist_05_b5_20260703_082209,llama_generalist,llama,generalist,5,lack of pilot projects,anchor,ANCHOR_WORD,,5
ANCHOR_WORD_llama_normative_05_b1_20260703_082209,llama_normative,llama,normative,1,"power losses, quality and safety issues",anchor,ANCHOR_WORD,,5
ANCHOR_WORD_llama_normative_05_b6_20260703_082209,llama_normative,llama,normative,6,public perception of DC and readiness to 'champion' installations from DC projects,anchor,ANCHOR_WORD,,5
ANCHOR_WORD_llama_normative_05_b7_20260703_082209,llama_normative,llama,normative,7,incompatibility of DC systems components,anchor,ANCHOR_WORD,,5
ANCHOR_WORD_llama_normative_05_b8_20260703_082209,llama_normative,llama,normative,8,misconception and lack of knowledge leads to lengthy/expensive design and permit process,anchor,ANCHOR_WORD,,5
ANCHOR_WORD_llama_normative_05_b9_20260703_082209,llama_normative,llama,normative,9,lack of enough trained personnel in DC systems,anchor,ANCHOR_WORD,,5
ANCHOR_WORD_llama_subject-matter_05_b1_20260703_082209,llama_subject-matter,llama,subject-matter,1,"power losses, quality and safety issues",anchor,ANCHOR_WORD,,5
ANCHOR_WORD_llama_subject-matter_05_b2_20260703_082209,llama_subject-matter,llama,subject-matter,2,reduced reliability in DC devices,anchor,ANCHOR_WORD,,5
ANCHOR_WORD_llama_subject-matter_05_b3_20260703_082209,llama_subject-matter,llama,subject-matter,3,lack of use-cases in which DC is advantageous,anchor,ANCHOR_WORD,,5
ANCHOR_WORD_llama_subject-matter_05_b4_20260703_082209,llama_subject-matter,llama,subject-matter,4,"uncertain utility interaction (net metering, utility ownership, and agreed standards)",anchor,ANCHOR_WORD,,5
ANCHOR_WORD_llama_subject-matter_05_b5_20260703_082209,llama_subject-matter,llama,subject-matter,5,lack of pilot projects,anchor,ANCHOR_WORD,,5
ANCHOR_WORD_mistral_generalist_05_b1_20260703_082209,mistral_generalist,mistral,generalist,1,"power losses, quality and safety issues",anchor,ANCHOR_WORD,,5
ANCHOR_WORD_mistral_generalist_05_b2_20260703_082209,mistral_generalist,mistral,generalist,2,reduced reliability in DC devices,anchor,ANCHOR_WORD,,5
ANCHOR_WORD_mistral_generalist_05_b4_20260703_082209,mistral_generalist,mistral,generalist,4,"uncertain utility interaction (net metering, utility ownership, and agreed standards)",anchor,ANCHOR_WORD,,5
ANCHOR_WORD_mistral_generalist_05_b5_20260703_082209,mistral_generalist,mistral,generalist,5,lack of pilot projects,anchor,ANCHOR_WORD,,5
ANCHOR_WORD_mistral_generalist_05_b9_20260703_082209,mistral_generalist,mistral,generalist,9,lack of enough trained personnel in DC systems,anchor,ANCHOR_WORD,,5
ANCHOR_WORD_mistral_normative_05_b1_20260703_082209,mistral_normative,mistral,normative,1,"power losses, quality and safety issues",anchor,ANCHOR_WORD,,5
ANCHOR_WORD_mistral_normative_05_b2_20260703_082209,mistral_normative,mistral,normative,2,reduced reliability in DC devices,anchor,ANCHOR_WORD,,5
ANCHOR_WORD_mistral_normative_05_b4_20260703_082209,mistral_normative,mistral,normative,4,"uncertain utility interaction (net metering, utility ownership, and agreed standards)",anchor,ANCHOR_WORD,,5
ANCHOR_WORD_mistral_normative_05_b5_20260703_082209,mistral_normative,mistral,normative,5,lack of pilot projects,anchor,ANCHOR_WORD,,5
ANCHOR_WORD_mistral_normative_05_b9_20260703_082209,mistral_normative,mistral,normative,9,lack of enough trained personnel in DC systems,anchor,ANCHOR_WORD,,5
ANCHOR_WORD_mistral_subject-matter_05_b1_20260703_082209,mistral_subject-matter,mistral,subject-matter,1,"power losses, quality and safety issues",anchor,ANCHOR_WORD,,5
ANCHOR_WORD_mistral_subject-matter_05_b3_20260703_082209,mistral_subject-matter,mistral,subject-matter,3,lack of use-cases in which DC is advantageous,anchor,ANCHOR_WORD,,5
ANCHOR_WORD_mistral_subject-matter_05_b4_20260703_082209,mistral_subject-matter,mistral,subject-matter,4,"uncertain utility interaction (net metering, utility ownership, and agreed standards)",anchor,ANCHOR_WORD,,5
ANCHOR_WORD_mistral_subject-matter_05_b5_20260703_082209,mistral_subject-matter,mistral,subject-matter,5,lack of pilot projects,anchor,ANCHOR_WORD,,5
ANCHOR_WORD_mistral_subject-matter_05_b10_20260703_082209,mistral_subject-matter,mistral,subject-matter,10,uncertain regulatory roadmap,anchor,ANCHOR_WORD,,5
ANCHOR_WORD_gemma3_generalist_05_b1_20260703_082209,gemma3_generalist,gemma3,generalist,1,"power losses, quality and safety issues",anchor,ANCHOR_WORD,,5
ANCHOR_WORD_gemma3_generalist_05_b3_20260703_082209,gemma3_generalist,gemma3,generalist,3,lack of use-cases in which DC is advantageous,anchor,ANCHOR_WORD,,5
ANCHOR_WORD_gemma3_generalist_05_b4_20260703_082209,gemma3_generalist,gemma3,generalist,4,"uncertain utility interaction (net metering, utility ownership, and agreed standards)",anchor,ANCHOR_WORD,,5
ANCHOR_WORD_gemma3_generalist_05_b8_20260703_082209,gemma3_generalist,gemma3,generalist,8,misconception and lack of knowledge leads to lengthy/expensive design and permit process,anchor,ANCHOR_WORD,,5
ANCHOR_WORD_gemma3_generalist_05_b10_20260703_082209,gemma3_generalist,gemma3,generalist,10,uncertain regulatory roadmap,anchor,ANCHOR_WORD,,5
ANCHOR_WORD_gemma3_normative_05_b1_20260703_082209,gemma3_normative,gemma3,normative,1,"power losses, quality and safety issues",anchor,ANCHOR_WORD,,5
ANCHOR_WORD_gemma3_normative_05_b4_20260703_082209,gemma3_normative,gemma3,normative,4,"uncertain utility interaction (net metering, utility ownership, and agreed standards)",anchor,ANCHOR_WORD,,5
ANCHOR_WORD_gemma3_normative_05_b8_20260703_082209,gemma3_normative,gemma3,normative,8,misconception and lack of knowledge leads to lengthy/expensive design and permit process,anchor,ANCHOR_WORD,,5
ANCHOR_WORD_gemma3_normative_05_b10_20260703_082209,gemma3_normative,gemma3,normative,10,uncertain regulatory roadmap,anchor,ANCHOR_WORD,,5
ANCHOR_WORD_gemma3_normative_05_b11_20260703_082209,gemma3_normative,gemma3,normative,11,high costs of DC solutions,anchor,ANCHOR_WORD,,5
ANCHOR_WORD_gemma3_subject-matter_05_b1_20260703_082209,gemma3_subject-matter,gemma3,subject-matter,1,"power losses, quality and safety issues",anchor,ANCHOR_WORD,,5
ANCHOR_WORD_gemma3_subject-matter_05_b3_20260703_082209,gemma3_subject-matter,gemma3,subject-matter,3,lack of use-cases in which DC is advantageous,anchor,ANCHOR_WORD,,5
ANCHOR_WORD_gemma3_subject-matter_05_b4_20260703_082209,gemma3_subject-matter,gemma3,subject-matter,4,"uncertain utility interaction (net metering, utility ownership, and agreed standards)",anchor,ANCHOR_WORD,,5
ANCHOR_WORD_gemma3_subject-matter_05_b8_20260703_082209,gemma3_subject-matter,gemma3,subject-matter,8,misconception and lack of knowledge leads to lengthy/expensive design and permit process,anchor,ANCHOR_WORD,,5
ANCHOR_WORD_gemma3_subject-matter_05_b10_20260703_082209,gemma3_subject-matter,gemma3,subject-matter,10,uncertain regulatory roadmap,anchor,ANCHOR_WORD,,5
ANCHOR_WORD_phi4_generalist_06_b1_20260703_082830,phi4_generalist,phi4,generalist,1,"power losses, quality and safety issues",anchor,ANCHOR_WORD,,6
ANCHOR_WORD_phi4_generalist_06_b4_20260703_082830,phi4_generalist,phi4,generalist,4,"uncertain utility interaction (net metering, utility ownership, and agreed standards)",anchor,ANCHOR_WORD,,6
ANCHOR_WORD_phi4_generalist_06_b5_20260703_082830,phi4_generalist,phi4,generalist,5,lack of pilot projects,anchor,ANCHOR_WORD,,6
ANCHOR_WORD_phi4_generalist_06_b6_20260703_082830,phi4_generalist,phi4,generalist,6,public perception of DC and readiness to 'champion' installations from DC projects,anchor,ANCHOR_WORD,,6
ANCHOR_WORD_phi4_generalist_06_b10_20260703_082830,phi4_generalist,phi4,generalist,10,uncertain regulatory roadmap,anchor,ANCHOR_WORD,,6
ANCHOR_WORD_phi4_normative_06_b1_20260703_082830,phi4_normative,phi4,normative,1,"power losses, quality and safety issues",anchor,ANCHOR_WORD,,6
ANCHOR_WORD_phi4_normative_06_b2_20260703_082830,phi4_normative,phi4,normative,2,reduced reliability in DC devices,anchor,ANCHOR_WORD,,6
ANCHOR_WORD_phi4_normative_06_b3_20260703_082830,phi4_normative,phi4,normative,3,lack of use-cases in which DC is advantageous,anchor,ANCHOR_WORD,,6
ANCHOR_WORD_phi4_normative_06_b4_20260703_082830,phi4_normative,phi4,normative,4,"uncertain utility interaction (net metering, utility ownership, and agreed standards)",anchor,ANCHOR_WORD,,6
ANCHOR_WORD_phi4_normative_06_b8_20260703_082830,phi4_normative,phi4,normative,8,misconception and lack of knowledge leads to lengthy/expensive design and permit process,anchor,ANCHOR_WORD,,6
ANCHOR_WORD_phi4_subject-matter_06_b1_20260703_082830,phi4_subject-matter,phi4,subject-matter,1,"power losses, quality and safety issues",anchor,ANCHOR_WORD,,6
ANCHOR_WORD_phi4_subject-matter_06_b2_20260703_082830,phi4_subject-matter,phi4,subject-matter,2,reduced reliability in DC devices,anchor,ANCHOR_WORD,,6
ANCHOR_WORD_phi4_subject-matter_06_b4_20260703_082830,phi4_subject-matter,phi4,subject-matter,4,"uncertain utility interaction (net metering, utility ownership, and agreed standards)",anchor,ANCHOR_WORD,,6
ANCHOR_WORD_phi4_subject-matter_06_b8_20260703_082830,phi4_subject-matter,phi4,subject-matter,8,misconception and lack of knowledge leads to lengthy/expensive design and permit process,anchor,ANCHOR_WORD,,6
ANCHOR_WORD_phi4_subject-matter_06_b10_20260703_082830,phi4_subject-matter,phi4,subject-matter,10,uncertain regulatory roadmap,anchor,ANCHOR_WORD,,6
ANCHOR_WORD_llama_generalist_06_b1_20260703_082830,llama_generalist,llama,generalist,1,"power losses, quality and safety issues",anchor,ANCHOR_WORD,,6
ANCHOR_WORD_llama_generalist_06_b2_20260703_082830,llama_generalist,llama,generalist,2,reduced reliability in DC devices,anchor,ANCHOR_WORD,,6
ANCHOR_WORD_llama_generalist_06_b3_20260703_082830,llama_generalist,llama,generalist,3,lack of use-cases in which DC is advantageous,anchor,ANCHOR_WORD,,6
ANCHOR_WORD_llama_generalist_06_b4_20260703_082830,llama_generalist,llama,generalist,4,"uncertain utility interaction (net metering, utility ownership, and agreed standards)",anchor,ANCHOR_WORD,,6
ANCHOR_WORD_llama_generalist_06_b5_20260703_082830,llama_generalist,llama,generalist,5,lack of pilot projects,anchor,ANCHOR_WORD,,6
ANCHOR_WORD_llama_normative_06_b1_20260703_082830,llama_normative,llama,normative,1,"power losses, quality and safety issues",anchor,ANCHOR_WORD,,6
ANCHOR_WORD_llama_normative_06_b2_20260703_082830,llama_normative,llama,normative,2,reduced reliability in DC devices,anchor,ANCHOR_WORD,,6
ANCHOR_WORD_llama_normative_06_b3_20260703_082830,llama_normative,llama,normative,3,lack of use-cases in which DC is advantageous,anchor,ANCHOR_WORD,,6
ANCHOR_WORD_llama_normative_06_b4_20260703_082830,llama_normative,llama,normative,4,"uncertain utility interaction (net metering, utility ownership, and agreed standards)",anchor,ANCHOR_WORD,,6
ANCHOR_WORD_llama_normative_06_b5_20260703_082830,llama_normative,llama,normative,5,lack of pilot projects,anchor,ANCHOR_WORD,,6
ANCHOR_WORD_llama_subject-matter_06_b1_20260703_082830,llama_subject-matter,llama,subject-matter,1,"power losses, quality and safety issues",anchor,ANCHOR_WORD,,6
ANCHOR_WORD_llama_subject-matter_06_b2_20260703_082830,llama_subject-matter,llama,subject-matter,2,reduced reliability in DC devices,anchor,ANCHOR_WORD,,6
ANCHOR_WORD_llama_subject-matter_06_b3_20260703_082830,llama_subject-matter,llama,subject-matter,3,lack of use-cases in which DC is advantageous,anchor,ANCHOR_WORD,,6
ANCHOR_WORD_llama_subject-matter_06_b4_20260703_082830,llama_subject-matter,llama,subject-matter,4,"uncertain utility interaction (net metering, utility ownership, and agreed standards)",anchor,ANCHOR_WORD,,6
ANCHOR_WORD_llama_subject-matter_06_b5_20260703_082830,llama_subject-matter,llama,subject-matter,5,lack of pilot projects,anchor,ANCHOR_WORD,,6
ANCHOR_WORD_mistral_generalist_06_b1_20260703_082830,mistral_generalist,mistral,generalist,1,"power losses, quality and safety issues",anchor,ANCHOR_WORD,,6
ANCHOR_WORD_mistral_generalist_06_b2_20260703_082830,mistral_generalist,mistral,generalist,2,reduced reliability in DC devices,anchor,ANCHOR_WORD,,6
ANCHOR_WORD_mistral_generalist_06_b4_20260703_082830,mistral_generalist,mistral,generalist,4,"uncertain utility interaction (net metering, utility ownership, and agreed standards)",anchor,ANCHOR_WORD,,6
ANCHOR_WORD_mistral_generalist_06_b5_20260703_082830,mistral_generalist,mistral,generalist,5,lack of pilot projects,anchor,ANCHOR_WORD,,6
ANCHOR_WORD_mistral_generalist_06_b7_20260703_082830,mistral_generalist,mistral,generalist,7,incompatibility of DC systems components,anchor,ANCHOR_WORD,,6
ANCHOR_WORD_mistral_normative_06_b1_20260703_082830,mistral_normative,mistral,normative,1,"power losses, quality and safety issues",anchor,ANCHOR_WORD,,6
ANCHOR_WORD_mistral_normative_06_b2_20260703_082830,mistral_normative,mistral,normative,2,reduced reliability in DC devices,anchor,ANCHOR_WORD,,6
ANCHOR_WORD_mistral_normative_06_b4_20260703_082830,mistral_normative,mistral,normative,4,"uncertain utility interaction (net metering, utility ownership, and agreed standards)",anchor,ANCHOR_WORD,,6
ANCHOR_WORD_mistral_normative_06_b5_20260703_082830,mistral_normative,mistral,normative,5,lack of pilot projects,anchor,ANCHOR_WORD,,6
ANCHOR_WORD_mistral_normative_06_b10_20260703_082830,mistral_normative,mistral,normative,10,uncertain regulatory roadmap,anchor,ANCHOR_WORD,,6
ANCHOR_WORD_mistral_subject-matter_06_b1_20260703_082830,mistral_subject-matter,mistral,subject-matter,1,"power losses, quality and safety issues",anchor,ANCHOR_WORD,,6
ANCHOR_WORD_mistral_subject-matter_06_b2_20260703_082830,mistral_subject-matter,mistral,subject-matter,2,reduced reliability in DC devices,anchor,ANCHOR_WORD,,6
ANCHOR_WORD_mistral_subject-matter_06_b3_20260703_082830,mistral_subject-matter,mistral,subject-matter,3,lack of use-cases in which DC is advantageous,anchor,ANCHOR_WORD,,6
ANCHOR_WORD_mistral_subject-matter_06_b4_20260703_082830,mistral_subject-matter,mistral,subject-matter,4,"uncertain utility interaction (net metering, utility ownership, and agreed standards)",anchor,ANCHOR_WORD,,6
ANCHOR_WORD_mistral_subject-matter_06_b5_20260703_082830,mistral_subject-matter,mistral,subject-matter,5,lack of pilot projects,anchor,ANCHOR_WORD,,6
ANCHOR_WORD_gemma3_generalist_06_b1_20260703_082830,gemma3_generalist,gemma3,generalist,1,"power losses, quality and safety issues",anchor,ANCHOR_WORD,,6
ANCHOR_WORD_gemma3_generalist_06_b3_20260703_082830,gemma3_generalist,gemma3,generalist,3,lack of use-cases in which DC is advantageous,anchor,ANCHOR_WORD,,6
ANCHOR_WORD_gemma3_generalist_06_b4_20260703_082830,gemma3_generalist,gemma3,generalist,4,"uncertain utility interaction (net metering, utility ownership, and agreed standards)",anchor,ANCHOR_WORD,,6
ANCHOR_WORD_gemma3_generalist_06_b8_20260703_082830,gemma3_generalist,gemma3,generalist,8,misconception and lack of knowledge leads to lengthy/expensive design and permit process,anchor,ANCHOR_WORD,,6
ANCHOR_WORD_gemma3_generalist_06_b10_20260703_082830,gemma3_generalist,gemma3,generalist,10,uncertain regulatory roadmap,anchor,ANCHOR_WORD,,6
ANCHOR_WORD_gemma3_normative_06_b1_20260703_082830,gemma3_normative,gemma3,normative,1,"power losses, quality and safety issues",anchor,ANCHOR_WORD,,6
ANCHOR_WORD_gemma3_normative_06_b3_20260703_082830,gemma3_normative,gemma3,normative,3,lack of use-cases in which DC is advantageous,anchor,ANCHOR_WORD,,6
ANCHOR_WORD_gemma3_normative_06_b4_20260703_082830,gemma3_normative,gemma3,normative,4,"uncertain utility interaction (net metering, utility ownership, and agreed standards)",anchor,ANCHOR_WORD,,6
ANCHOR_WORD_gemma3_normative_06_b8_20260703_082830,gemma3_normative,gemma3,normative,8,misconception and lack of knowledge leads to lengthy/expensive design and permit process,anchor,ANCHOR_WORD,,6
ANCHOR_WORD_gemma3_normative_06_b10_20260703_082830,gemma3_normative,gemma3,normative,10,uncertain regulatory roadmap,anchor,ANCHOR_WORD,,6
ANCHOR_WORD_gemma3_subject-matter_06_b1_20260703_082830,gemma3_subject-matter,gemma3,subject-matter,1,"power losses, quality and safety issues",anchor,ANCHOR_WORD,,6
ANCHOR_WORD_gemma3_subject-matter_06_b3_20260703_082830,gemma3_subject-matter,gemma3,subject-matter,3,lack of use-cases in which DC is advantageous,anchor,ANCHOR_WORD,,6
ANCHOR_WORD_gemma3_subject-matter_06_b4_20260703_082830,gemma3_subject-matter,gemma3,subject-matter,4,"uncertain utility interaction (net metering, utility ownership, and agreed standards)",anchor,ANCHOR_WORD,,6
ANCHOR_WORD_gemma3_subject-matter_06_b8_20260703_082830,gemma3_subject-matter,gemma3,subject-matter,8,misconception and lack of knowledge leads to lengthy/expensive design and permit process,anchor,ANCHOR_WORD,,6
ANCHOR_WORD_gemma3_subject-matter_06_b10_20260703_082830,gemma3_subject-matter,gemma3,subject-matter,10,uncertain regulatory roadmap,anchor,ANCHOR_WORD,,6
ANCHOR_WORD_phi4_generalist_07_b1_20260703_083717,phi4_generalist,phi4,generalist,1,"power losses, quality and safety issues",anchor,ANCHOR_WORD,,7
ANCHOR_WORD_phi4_generalist_07_b4_20260703_083717,phi4_generalist,phi4,generalist,4,"uncertain utility interaction (net metering, utility ownership, and agreed standards)",anchor,ANCHOR_WORD,,7
ANCHOR_WORD_phi4_generalist_07_b5_20260703_083717,phi4_generalist,phi4,generalist,5,lack of pilot projects,anchor,ANCHOR_WORD,,7
ANCHOR_WORD_phi4_generalist_07_b8_20260703_083717,phi4_generalist,phi4,generalist,8,misconception and lack of knowledge leads to lengthy/expensive design and permit process,anchor,ANCHOR_WORD,,7
ANCHOR_WORD_phi4_generalist_07_b10_20260703_083717,phi4_generalist,phi4,generalist,10,uncertain regulatory roadmap,anchor,ANCHOR_WORD,,7
ANCHOR_WORD_phi4_normative_07_b1_20260703_083717,phi4_normative,phi4,normative,1,"power losses, quality and safety issues",anchor,ANCHOR_WORD,,7
ANCHOR_WORD_phi4_normative_07_b2_20260703_083717,phi4_normative,phi4,normative,2,reduced reliability in DC devices,anchor,ANCHOR_WORD,,7
ANCHOR_WORD_phi4_normative_07_b4_20260703_083717,phi4_normative,phi4,normative,4,"uncertain utility interaction (net metering, utility ownership, and agreed standards)",anchor,ANCHOR_WORD,,7
ANCHOR_WORD_phi4_normative_07_b8_20260703_083717,phi4_normative,phi4,normative,8,misconception and lack of knowledge leads to lengthy/expensive design and permit process,anchor,ANCHOR_WORD,,7
ANCHOR_WORD_phi4_normative_07_b10_20260703_083717,phi4_normative,phi4,normative,10,uncertain regulatory roadmap,anchor,ANCHOR_WORD,,7
ANCHOR_WORD_phi4_subject-matter_07_b1_20260703_083717,phi4_subject-matter,phi4,subject-matter,1,"power losses, quality and safety issues",anchor,ANCHOR_WORD,,7
ANCHOR_WORD_phi4_subject-matter_07_b2_20260703_083717,phi4_subject-matter,phi4,subject-matter,2,reduced reliability in DC devices,anchor,ANCHOR_WORD,,7
ANCHOR_WORD_phi4_subject-matter_07_b4_20260703_083717,phi4_subject-matter,phi4,subject-matter,4,"uncertain utility interaction (net metering, utility ownership, and agreed standards)",anchor,ANCHOR_WORD,,7
ANCHOR_WORD_phi4_subject-matter_07_b5_20260703_083717,phi4_subject-matter,phi4,subject-matter,5,lack of pilot projects,anchor,ANCHOR_WORD,,7
ANCHOR_WORD_phi4_subject-matter_07_b10_20260703_083717,phi4_subject-matter,phi4,subject-matter,10,uncertain regulatory roadmap,anchor,ANCHOR_WORD,,7
ANCHOR_WORD_llama_generalist_07_b1_20260703_083717,llama_generalist,llama,generalist,1,"power losses, quality and safety issues",anchor,ANCHOR_WORD,,7
ANCHOR_WORD_llama_generalist_07_b2_20260703_083717,llama_generalist,llama,generalist,2,reduced reliability in DC devices,anchor,ANCHOR_WORD,,7
ANCHOR_WORD_llama_generalist_07_b3_20260703_083717,llama_generalist,llama,generalist,3,lack of use-cases in which DC is advantageous,anchor,ANCHOR_WORD,,7
ANCHOR_WORD_llama_generalist_07_b4_20260703_083717,llama_generalist,llama,generalist,4,"uncertain utility interaction (net metering, utility ownership, and agreed standards)",anchor,ANCHOR_WORD,,7
ANCHOR_WORD_llama_generalist_07_b5_20260703_083717,llama_generalist,llama,generalist,5,lack of pilot projects,anchor,ANCHOR_WORD,,7
ANCHOR_WORD_llama_normative_07_b3_20260703_083717,llama_normative,llama,normative,3,lack of use-cases in which DC is advantageous,anchor,ANCHOR_WORD,,7
ANCHOR_WORD_llama_normative_07_b7_20260703_083717,llama_normative,llama,normative,7,incompatibility of DC systems components,anchor,ANCHOR_WORD,,7
ANCHOR_WORD_llama_normative_07_b5_20260703_083717,llama_normative,llama,normative,5,lack of pilot projects,anchor,ANCHOR_WORD,,7
ANCHOR_WORD_llama_normative_07_b6_20260703_083717,llama_normative,llama,normative,6,public perception of DC and readiness to 'champion' installations from DC projects,anchor,ANCHOR_WORD,,7
ANCHOR_WORD_llama_normative_07_b11_20260703_083717,llama_normative,llama,normative,11,high costs of DC solutions,anchor,ANCHOR_WORD,,7
ANCHOR_WORD_llama_subject-matter_07_b6_20260703_083717,llama_subject-matter,llama,subject-matter,6,public perception of DC and readiness to 'champion' installations from DC projects,anchor,ANCHOR_WORD,,7
ANCHOR_WORD_llama_subject-matter_07_b7_20260703_083717,llama_subject-matter,llama,subject-matter,7,incompatibility of DC systems components,anchor,ANCHOR_WORD,,7
ANCHOR_WORD_llama_subject-matter_07_b8_20260703_083717,llama_subject-matter,llama,subject-matter,8,misconception and lack of knowledge leads to lengthy/expensive design and permit process,anchor,ANCHOR_WORD,,7
ANCHOR_WORD_llama_subject-matter_07_b9_20260703_083717,llama_subject-matter,llama,subject-matter,9,lack of enough trained personnel in DC systems,anchor,ANCHOR_WORD,,7
ANCHOR_WORD_llama_subject-matter_07_b10_20260703_083717,llama_subject-matter,llama,subject-matter,10,uncertain regulatory roadmap,anchor,ANCHOR_WORD,,7
ANCHOR_WORD_mistral_generalist_07_b1_20260703_083717,mistral_generalist,mistral,generalist,1,"power losses, quality and safety issues",anchor,ANCHOR_WORD,,7
ANCHOR_WORD_mistral_generalist_07_b3_20260703_083717,mistral_generalist,mistral,generalist,3,lack of use-cases in which DC is advantageous,anchor,ANCHOR_WORD,,7
ANCHOR_WORD_mistral_generalist_07_b4_20260703_083717,mistral_generalist,mistral,generalist,4,"uncertain utility interaction (net metering, utility ownership, and agreed standards)",anchor,ANCHOR_WORD,,7
ANCHOR_WORD_mistral_generalist_07_b5_20260703_083717,mistral_generalist,mistral,generalist,5,lack of pilot projects,anchor,ANCHOR_WORD,,7
ANCHOR_WORD_mistral_generalist_07_b11_20260703_083717,mistral_generalist,mistral,generalist,11,high costs of DC solutions,anchor,ANCHOR_WORD,,7
ANCHOR_WORD_mistral_normative_07_b1_20260703_083717,mistral_normative,mistral,normative,1,"power losses, quality and safety issues",anchor,ANCHOR_WORD,,7
ANCHOR_WORD_mistral_normative_07_b2_20260703_083717,mistral_normative,mistral,normative,2,reduced reliability in DC devices,anchor,ANCHOR_WORD,,7
ANCHOR_WORD_mistral_normative_07_b3_20260703_083717,mistral_normative,mistral,normative,3,lack of use-cases in which DC is advantageous,anchor,ANCHOR_WORD,,7
ANCHOR_WORD_mistral_normative_07_b4_20260703_083717,mistral_normative,mistral,normative,4,"uncertain utility interaction (net metering, utility ownership, and agreed standards)",anchor,ANCHOR_WORD,,7
ANCHOR_WORD_mistral_normative_07_b11_20260703_083717,mistral_normative,mistral,normative,11,high costs of DC solutions,anchor,ANCHOR_WORD,,7
ANCHOR_WORD_mistral_subject-matter_07_b1_20260703_083717,mistral_subject-matter,mistral,subject-matter,1,"power losses, quality and safety issues",anchor,ANCHOR_WORD,,7
ANCHOR_WORD_mistral_subject-matter_07_b2_20260703_083717,mistral_subject-matter,mistral,subject-matter,2,reduced reliability in DC devices,anchor,ANCHOR_WORD,,7
ANCHOR_WORD_mistral_subject-matter_07_b3_20260703_083717,mistral_subject-matter,mistral,subject-matter,3,lack of use-cases in which DC is advantageous,anchor,ANCHOR_WORD,,7
ANCHOR_WORD_mistral_subject-matter_07_b4_20260703_083717,mistral_subject-matter,mistral,subject-matter,4,"uncertain utility interaction (net metering, utility ownership, and agreed standards)",anchor,ANCHOR_WORD,,7
ANCHOR_WORD_mistral_subject-matter_07_b5_20260703_083717,mistral_subject-matter,mistral,subject-matter,5,lack of pilot projects,anchor,ANCHOR_WORD,,7
ANCHOR_WORD_gemma3_generalist_07_b1_20260703_083717,gemma3_generalist,gemma3,generalist,1,"power losses, quality and safety issues",anchor,ANCHOR_WORD,,7
ANCHOR_WORD_gemma3_generalist_07_b3_20260703_083717,gemma3_generalist,gemma3,generalist,3,lack of use-cases in which DC is advantageous,anchor,ANCHOR_WORD,,7
ANCHOR_WORD_gemma3_generalist_07_b4_20260703_083717,gemma3_generalist,gemma3,generalist,4,"uncertain utility interaction (net metering, utility ownership, and agreed standards)",anchor,ANCHOR_WORD,,7
ANCHOR_WORD_gemma3_generalist_07_b8_20260703_083717,gemma3_generalist,gemma3,generalist,8,misconception and lack of knowledge leads to lengthy/expensive design and permit process,anchor,ANCHOR_WORD,,7
ANCHOR_WORD_gemma3_generalist_07_b10_20260703_083717,gemma3_generalist,gemma3,generalist,10,uncertain regulatory roadmap,anchor,ANCHOR_WORD,,7
ANCHOR_WORD_gemma3_normative_07_b1_20260703_083717,gemma3_normative,gemma3,normative,1,"power losses, quality and safety issues",anchor,ANCHOR_WORD,,7
ANCHOR_WORD_gemma3_normative_07_b4_20260703_083717,gemma3_normative,gemma3,normative,4,"uncertain utility interaction (net metering, utility ownership, and agreed standards)",anchor,ANCHOR_WORD,,7
ANCHOR_WORD_gemma3_normative_07_b8_20260703_083717,gemma3_normative,gemma3,normative,8,misconception and lack of knowledge leads to lengthy/expensive design and permit process,anchor,ANCHOR_WORD,,7
ANCHOR_WORD_gemma3_normative_07_b9_20260703_083717,gemma3_normative,gemma3,normative,9,lack of enough trained personnel in DC systems,anchor,ANCHOR_WORD,,7
ANCHOR_WORD_gemma3_normative_07_b10_20260703_083717,gemma3_normative,gemma3,normative,10,uncertain regulatory roadmap,anchor,ANCHOR_WORD,,7
ANCHOR_WORD_gemma3_subject-matter_07_b1_20260703_083717,gemma3_subject-matter,gemma3,subject-matter,1,"power losses, quality and safety issues",anchor,ANCHOR_WORD,,7
ANCHOR_WORD_gemma3_subject-matter_07_b3_20260703_083717,gemma3_subject-matter,gemma3,subject-matter,3,lack of use-cases in which DC is advantageous,anchor,ANCHOR_WORD,,7
ANCHOR_WORD_gemma3_subject-matter_07_b4_20260703_083717,gemma3_subject-matter,gemma3,subject-matter,4,"uncertain utility interaction (net metering, utility ownership, and agreed standards)",anchor,ANCHOR_WORD,,7
ANCHOR_WORD_gemma3_subject-matter_07_b8_20260703_083717,gemma3_subject-matter,gemma3,subject-matter,8,misconception and lack of knowledge leads to lengthy/expensive design and permit process,anchor,ANCHOR_WORD,,7
ANCHOR_WORD_gemma3_subject-matter_07_b10_20260703_083717,gemma3_subject-matter,gemma3,subject-matter,10,uncertain regulatory roadmap,anchor,ANCHOR_WORD,,7
ANCHOR_WORD_phi4_generalist_08_b1_20260703_083930,phi4_generalist,phi4,generalist,1,"power losses, quality and safety issues",anchor,ANCHOR_WORD,,8
ANCHOR_WORD_phi4_generalist_08_b4_20260703_083930,phi4_generalist,phi4,generalist,4,"uncertain utility interaction (net metering, utility ownership, and agreed standards)",anchor,ANCHOR_WORD,,8
ANCHOR_WORD_phi4_generalist_08_b5_20260703_083930,phi4_generalist,phi4,generalist,5,lack of pilot projects,anchor,ANCHOR_WORD,,8
ANCHOR_WORD_phi4_generalist_08_b6_20260703_083930,phi4_generalist,phi4,generalist,6,public perception of DC and readiness to 'champion' installations from DC projects,anchor,ANCHOR_WORD,,8
ANCHOR_WORD_phi4_generalist_08_b11_20260703_083930,phi4_generalist,phi4,generalist,11,high costs of DC solutions,anchor,ANCHOR_WORD,,8
ANCHOR_WORD_phi4_normative_08_b1_20260703_083930,phi4_normative,phi4,normative,1,"power losses, quality and safety issues",anchor,ANCHOR_WORD,,8
ANCHOR_WORD_phi4_normative_08_b4_20260703_083930,phi4_normative,phi4,normative,4,"uncertain utility interaction (net metering, utility ownership, and agreed standards)",anchor,ANCHOR_WORD,,8
ANCHOR_WORD_phi4_normative_08_b6_20260703_083930,phi4_normative,phi4,normative,6,public perception of DC and readiness to 'champion' installations from DC projects,anchor,ANCHOR_WORD,,8
ANCHOR_WORD_phi4_normative_08_b8_20260703_083930,phi4_normative,phi4,normative,8,misconception and lack of knowledge leads to lengthy/expensive design and permit process,anchor,ANCHOR_WORD,,8
ANCHOR_WORD_phi4_normative_08_b10_20260703_083930,phi4_normative,phi4,normative,10,uncertain regulatory roadmap,anchor,ANCHOR_WORD,,8
ANCHOR_WORD_phi4_subject-matter_08_b1_20260703_083930,phi4_subject-matter,phi4,subject-matter,1,"power losses, quality and safety issues",anchor,ANCHOR_WORD,,8
ANCHOR_WORD_phi4_subject-matter_08_b4_20260703_083930,phi4_subject-matter,phi4,subject-matter,4,"uncertain utility interaction (net metering, utility ownership, and agreed standards)",anchor,ANCHOR_WORD,,8
ANCHOR_WORD_phi4_subject-matter_08_b5_20260703_083930,phi4_subject-matter,phi4,subject-matter,5,lack of pilot projects,anchor,ANCHOR_WORD,,8
ANCHOR_WORD_phi4_subject-matter_08_b8_20260703_083930,phi4_subject-matter,phi4,subject-matter,8,misconception and lack of knowledge leads to lengthy/expensive design and permit process,anchor,ANCHOR_WORD,,8
ANCHOR_WORD_phi4_subject-matter_08_b10_20260703_083930,phi4_subject-matter,phi4,subject-matter,10,uncertain regulatory roadmap,anchor,ANCHOR_WORD,,8
ANCHOR_WORD_llama_generalist_08_b3_20260703_083930,llama_generalist,llama,generalist,3,lack of use-cases in which DC is advantageous,anchor,ANCHOR_WORD,,8
ANCHOR_WORD_llama_generalist_08_b4_20260703_083930,llama_generalist,llama,generalist,4,"uncertain utility interaction (net metering, utility ownership, and agreed standards)",anchor,ANCHOR_WORD,,8
ANCHOR_WORD_llama_generalist_08_b7_20260703_083930,llama_generalist,llama,generalist,7,incompatibility of DC systems components,anchor,ANCHOR_WORD,,8
ANCHOR_WORD_llama_generalist_08_b8_20260703_083930,llama_generalist,llama,generalist,8,misconception and lack of knowledge leads to lengthy/expensive design and permit process,anchor,ANCHOR_WORD,,8
ANCHOR_WORD_llama_generalist_08_b11_20260703_083930,llama_generalist,llama,generalist,11,high costs of DC solutions,anchor,ANCHOR_WORD,,8
ANCHOR_WORD_llama_normative_08_b3_20260703_083930,llama_normative,llama,normative,3,lack of use-cases in which DC is advantageous,anchor,ANCHOR_WORD,,8
ANCHOR_WORD_llama_normative_08_b7_20260703_083930,llama_normative,llama,normative,7,incompatibility of DC systems components,anchor,ANCHOR_WORD,,8
ANCHOR_WORD_llama_normative_08_b11_20260703_083930,llama_normative,llama,normative,11,high costs of DC solutions,anchor,ANCHOR_WORD,,8
ANCHOR_WORD_llama_normative_08_b4_20260703_083930,llama_normative,llama,normative,4,"uncertain utility interaction (net metering, utility ownership, and agreed standards)",anchor,ANCHOR_WORD,,8
ANCHOR_WORD_llama_normative_08_b6_20260703_083930,llama_normative,llama,normative,6,public perception of DC and readiness to 'champion' installations from DC projects,anchor,ANCHOR_WORD,,8
ANCHOR_WORD_llama_subject-matter_08_b1_20260703_083930,llama_subject-matter,llama,subject-matter,1,"power losses, quality and safety issues",anchor,ANCHOR_WORD,,8
ANCHOR_WORD_llama_subject-matter_08_b2_20260703_083930,llama_subject-matter,llama,subject-matter,2,reduced reliability in DC devices,anchor,ANCHOR_WORD,,8
ANCHOR_WORD_llama_subject-matter_08_b3_20260703_083930,llama_subject-matter,llama,subject-matter,3,lack of use-cases in which DC is advantageous,anchor,ANCHOR_WORD,,8
ANCHOR_WORD_llama_subject-matter_08_b4_20260703_083930,llama_subject-matter,llama,subject-matter,4,"uncertain utility interaction (net metering, utility ownership, and agreed standards)",anchor,ANCHOR_WORD,,8
ANCHOR_WORD_llama_subject-matter_08_b5_20260703_083930,llama_subject-matter,llama,subject-matter,5,lack of pilot projects,anchor,ANCHOR_WORD,,8
ANCHOR_WORD_mistral_generalist_08_b1_20260703_083930,mistral_generalist,mistral,generalist,1,"power losses, quality and safety issues",anchor,ANCHOR_WORD,,8
ANCHOR_WORD_mistral_generalist_08_b2_20260703_083930,mistral_generalist,mistral,generalist,2,reduced reliability in DC devices,anchor,ANCHOR_WORD,,8
ANCHOR_WORD_mistral_generalist_08_b3_20260703_083930,mistral_generalist,mistral,generalist,3,lack of use-cases in which DC is advantageous,anchor,ANCHOR_WORD,,8
ANCHOR_WORD_mistral_generalist_08_b4_20260703_083930,mistral_generalist,mistral,generalist,4,"uncertain utility interaction (net metering, utility ownership, and agreed standards)",anchor,ANCHOR_WORD,,8
ANCHOR_WORD_mistral_generalist_08_b5_20260703_083930,mistral_generalist,mistral,generalist,5,lack of pilot projects,anchor,ANCHOR_WORD,,8
ANCHOR_WORD_mistral_normative_08_b1_20260703_083930,mistral_normative,mistral,normative,1,"power losses, quality and safety issues",anchor,ANCHOR_WORD,,8
ANCHOR_WORD_mistral_normative_08_b2_20260703_083930,mistral_normative,mistral,normative,2,reduced reliability in DC devices,anchor,ANCHOR_WORD,,8
ANCHOR_WORD_mistral_normative_08_b4_20260703_083930,mistral_normative,mistral,normative,4,"uncertain utility interaction (net metering, utility ownership, and agreed standards)",anchor,ANCHOR_WORD,,8
ANCHOR_WORD_mistral_normative_08_b5_20260703_083930,mistral_normative,mistral,normative,5,lack of pilot projects,anchor,ANCHOR_WORD,,8
ANCHOR_WORD_mistral_normative_08_b6_20260703_083930,mistral_normative,mistral,normative,6,public perception of DC and readiness to 'champion' installations from DC projects,anchor,ANCHOR_WORD,,8
ANCHOR_WORD_mistral_subject-matter_08_b1_20260703_083930,mistral_subject-matter,mistral,subject-matter,1,"power losses, quality and safety issues",anchor,ANCHOR_WORD,,8
ANCHOR_WORD_mistral_subject-matter_08_b2_20260703_083930,mistral_subject-matter,mistral,subject-matter,2,reduced reliability in DC devices,anchor,ANCHOR_WORD,,8
ANCHOR_WORD_mistral_subject-matter_08_b3_20260703_083930,mistral_subject-matter,mistral,subject-matter,3,lack of use-cases in which DC is advantageous,anchor,ANCHOR_WORD,,8
ANCHOR_WORD_mistral_subject-matter_08_b4_20260703_083930,mistral_subject-matter,mistral,subject-matter,4,"uncertain utility interaction (net metering, utility ownership, and agreed standards)",anchor,ANCHOR_WORD,,8
ANCHOR_WORD_mistral_subject-matter_08_b5_20260703_083930,mistral_subject-matter,mistral,subject-matter,5,lack of pilot projects,anchor,ANCHOR_WORD,,8
ANCHOR_WORD_gemma3_generalist_08_b1_20260703_083930,gemma3_generalist,gemma3,generalist,1,"power losses, quality and safety issues",anchor,ANCHOR_WORD,,8
ANCHOR_WORD_gemma3_generalist_08_b3_20260703_083930,gemma3_generalist,gemma3,generalist,3,lack of use-cases in which DC is advantageous,anchor,ANCHOR_WORD,,8
ANCHOR_WORD_gemma3_generalist_08_b4_20260703_083930,gemma3_generalist,gemma3,generalist,4,"uncertain utility interaction (net metering, utility ownership, and agreed standards)",anchor,ANCHOR_WORD,,8
ANCHOR_WORD_gemma3_generalist_08_b8_20260703_083930,gemma3_generalist,gemma3,generalist,8,misconception and lack of knowledge leads to lengthy/expensive design and permit process,anchor,ANCHOR_WORD,,8
ANCHOR_WORD_gemma3_generalist_08_b10_20260703_083930,gemma3_generalist,gemma3,generalist,10,uncertain regulatory roadmap,anchor,ANCHOR_WORD,,8
ANCHOR_WORD_gemma3_normative_08_b1_20260703_083930,gemma3_normative,gemma3,normative,1,"power losses, quality and safety issues",anchor,ANCHOR_WORD,,8
ANCHOR_WORD_gemma3_normative_08_b4_20260703_083930,gemma3_normative,gemma3,normative,4,"uncertain utility interaction (net metering, utility ownership, and agreed standards)",anchor,ANCHOR_WORD,,8
ANCHOR_WORD_gemma3_normative_08_b8_20260703_083930,gemma3_normative,gemma3,normative,8,misconception and lack of knowledge leads to lengthy/expensive design and permit process,anchor,ANCHOR_WORD,,8
ANCHOR_WORD_gemma3_normative_08_b10_20260703_083930,gemma3_normative,gemma3,normative,10,uncertain regulatory roadmap,anchor,ANCHOR_WORD,,8
ANCHOR_WORD_gemma3_normative_08_b11_20260703_083930,gemma3_normative,gemma3,normative,11,high costs of DC solutions,anchor,ANCHOR_WORD,,8
ANCHOR_WORD_gemma3_subject-matter_08_b1_20260703_083930,gemma3_subject-matter,gemma3,subject-matter,1,"power losses, quality and safety issues",anchor,ANCHOR_WORD,,8
ANCHOR_WORD_gemma3_subject-matter_08_b5_20260703_083930,gemma3_subject-matter,gemma3,subject-matter,5,lack of pilot projects,anchor,ANCHOR_WORD,,8
ANCHOR_WORD_gemma3_subject-matter_08_b6_20260703_083930,gemma3_subject-matter,gemma3,subject-matter,6,public perception of DC and readiness to 'champion' installations from DC projects,anchor,ANCHOR_WORD,,8
ANCHOR_WORD_gemma3_subject-matter_08_b8_20260703_083930,gemma3_subject-matter,gemma3,subject-matter,8,misconception and lack of knowledge leads to lengthy/expensive design and permit process,anchor,ANCHOR_WORD,,8
ANCHOR_WORD_gemma3_subject-matter_08_b10_20260703_083930,gemma3_subject-matter,gemma3,subject-matter,10,uncertain regulatory roadmap,anchor,ANCHOR_WORD,,8
ANCHOR_WORD_phi4_generalist_09_b1_20260703_084344,phi4_generalist,phi4,generalist,1,"power losses, quality and safety issues",anchor,ANCHOR_WORD,,9
ANCHOR_WORD_phi4_generalist_09_b4_20260703_084344,phi4_generalist,phi4,generalist,4,"uncertain utility interaction (net metering, utility ownership, and agreed standards)",anchor,ANCHOR_WORD,,9
ANCHOR_WORD_phi4_generalist_09_b6_20260703_084344,phi4_generalist,phi4,generalist,6,public perception of DC and readiness to 'champion' installations from DC projects,anchor,ANCHOR_WORD,,9
ANCHOR_WORD_phi4_generalist_09_b8_20260703_084344,phi4_generalist,phi4,generalist,8,misconception and lack of knowledge leads to lengthy/expensive design and permit process,anchor,ANCHOR_WORD,,9
ANCHOR_WORD_phi4_generalist_09_b10_20260703_084344,phi4_generalist,phi4,generalist,10,uncertain regulatory roadmap,anchor,ANCHOR_WORD,,9
ANCHOR_WORD_phi4_normative_09_b1_20260703_084344,phi4_normative,phi4,normative,1,"power losses, quality and safety issues",anchor,ANCHOR_WORD,,9
ANCHOR_WORD_phi4_normative_09_b2_20260703_084344,phi4_normative,phi4,normative,2,reduced reliability in DC devices,anchor,ANCHOR_WORD,,9
ANCHOR_WORD_phi4_normative_09_b4_20260703_084344,phi4_normative,phi4,normative,4,"uncertain utility interaction (net metering, utility ownership, and agreed standards)",anchor,ANCHOR_WORD,,9
ANCHOR_WORD_phi4_normative_09_b8_20260703_084344,phi4_normative,phi4,normative,8,misconception and lack of knowledge leads to lengthy/expensive design and permit process,anchor,ANCHOR_WORD,,9
ANCHOR_WORD_phi4_normative_09_b10_20260703_084344,phi4_normative,phi4,normative,10,uncertain regulatory roadmap,anchor,ANCHOR_WORD,,9
ANCHOR_WORD_phi4_subject-matter_09_b1_20260703_084344,phi4_subject-matter,phi4,subject-matter,1,"power losses, quality and safety issues",anchor,ANCHOR_WORD,,9
ANCHOR_WORD_phi4_subject-matter_09_b4_20260703_084344,phi4_subject-matter,phi4,subject-matter,4,"uncertain utility interaction (net metering, utility ownership, and agreed standards)",anchor,ANCHOR_WORD,,9
ANCHOR_WORD_phi4_subject-matter_09_b5_20260703_084344,phi4_subject-matter,phi4,subject-matter,5,lack of pilot projects,anchor,ANCHOR_WORD,,9
ANCHOR_WORD_phi4_subject-matter_09_b8_20260703_084344,phi4_subject-matter,phi4,subject-matter,8,misconception and lack of knowledge leads to lengthy/expensive design and permit process,anchor,ANCHOR_WORD,,9
ANCHOR_WORD_phi4_subject-matter_09_b10_20260703_084344,phi4_subject-matter,phi4,subject-matter,10,uncertain regulatory roadmap,anchor,ANCHOR_WORD,,9
ANCHOR_WORD_llama_generalist_09_b1_20260703_084344,llama_generalist,llama,generalist,1,"power losses, quality and safety issues",anchor,ANCHOR_WORD,,9
ANCHOR_WORD_llama_generalist_09_b2_20260703_084344,llama_generalist,llama,generalist,2,reduced reliability in DC devices,anchor,ANCHOR_WORD,,9
ANCHOR_WORD_llama_generalist_09_b3_20260703_084344,llama_generalist,llama,generalist,3,lack of use-cases in which DC is advantageous,anchor,ANCHOR_WORD,,9
ANCHOR_WORD_llama_generalist_09_b4_20260703_084344,llama_generalist,llama,generalist,4,"uncertain utility interaction (net metering, utility ownership, and agreed standards)",anchor,ANCHOR_WORD,,9
ANCHOR_WORD_llama_generalist_09_b5_20260703_084344,llama_generalist,llama,generalist,5,lack of pilot projects,anchor,ANCHOR_WORD,,9
ANCHOR_WORD_llama_normative_09_b1_20260703_084344,llama_normative,llama,normative,1,"power losses, quality and safety issues",anchor,ANCHOR_WORD,,9
ANCHOR_WORD_llama_normative_09_b2_20260703_084344,llama_normative,llama,normative,2,reduced reliability in DC devices,anchor,ANCHOR_WORD,,9
ANCHOR_WORD_llama_normative_09_b4_20260703_084344,llama_normative,llama,normative,4,"uncertain utility interaction (net metering, utility ownership, and agreed standards)",anchor,ANCHOR_WORD,,9
ANCHOR_WORD_llama_normative_09_b5_20260703_084344,llama_normative,llama,normative,5,lack of pilot projects,anchor,ANCHOR_WORD,,9
ANCHOR_WORD_llama_normative_09_b6_20260703_084344,llama_normative,llama,normative,6,public perception of DC and readiness to 'champion' installations from DC projects,anchor,ANCHOR_WORD,,9
ANCHOR_WORD_llama_subject-matter_09_b1_20260703_084344,llama_subject-matter,llama,subject-matter,1,"power losses, quality and safety issues",anchor,ANCHOR_WORD,,9
ANCHOR_WORD_llama_subject-matter_09_b2_20260703_084344,llama_subject-matter,llama,subject-matter,2,reduced reliability in DC devices,anchor,ANCHOR_WORD,,9
ANCHOR_WORD_llama_subject-matter_09_b4_20260703_084344,llama_subject-matter,llama,subject-matter,4,"uncertain utility interaction (net metering, utility ownership, and agreed standards)",anchor,ANCHOR_WORD,,9
ANCHOR_WORD_llama_subject-matter_09_b5_20260703_084344,llama_subject-matter,llama,subject-matter,5,lack of pilot projects,anchor,ANCHOR_WORD,,9
ANCHOR_WORD_llama_subject-matter_09_b6_20260703_084344,llama_subject-matter,llama,subject-matter,6,public perception of DC and readiness to 'champion' installations from DC projects,anchor,ANCHOR_WORD,,9
ANCHOR_WORD_mistral_generalist_09_b1_20260703_084344,mistral_generalist,mistral,generalist,1,"power losses, quality and safety issues",anchor,ANCHOR_WORD,,9
ANCHOR_WORD_mistral_generalist_09_b2_20260703_084344,mistral_generalist,mistral,generalist,2,reduced reliability in DC devices,anchor,ANCHOR_WORD,,9
ANCHOR_WORD_mistral_generalist_09_b3_20260703_084344,mistral_generalist,mistral,generalist,3,lack of use-cases in which DC is advantageous,anchor,ANCHOR_WORD,,9
ANCHOR_WORD_mistral_generalist_09_b4_20260703_084344,mistral_generalist,mistral,generalist,4,"uncertain utility interaction (net metering, utility ownership, and agreed standards)",anchor,ANCHOR_WORD,,9
ANCHOR_WORD_mistral_generalist_09_b5_20260703_084344,mistral_generalist,mistral,generalist,5,lack of pilot projects,anchor,ANCHOR_WORD,,9
ANCHOR_WORD_mistral_normative_09_b1_20260703_084344,mistral_normative,mistral,normative,1,"power losses, quality and safety issues",anchor,ANCHOR_WORD,,9
ANCHOR_WORD_mistral_normative_09_b2_20260703_084344,mistral_normative,mistral,normative,2,reduced reliability in DC devices,anchor,ANCHOR_WORD,,9
ANCHOR_WORD_mistral_normative_09_b3_20260703_084344,mistral_normative,mistral,normative,3,lack of use-cases in which DC is advantageous,anchor,ANCHOR_WORD,,9
ANCHOR_WORD_mistral_normative_09_b4_20260703_084344,mistral_normative,mistral,normative,4,"uncertain utility interaction (net metering, utility ownership, and agreed standards)",anchor,ANCHOR_WORD,,9
ANCHOR_WORD_mistral_normative_09_b5_20260703_084344,mistral_normative,mistral,normative,5,lack of pilot projects,anchor,ANCHOR_WORD,,9
ANCHOR_WORD_mistral_subject-matter_09_b1_20260703_084344,mistral_subject-matter,mistral,subject-matter,1,"power losses, quality and safety issues",anchor,ANCHOR_WORD,,9
ANCHOR_WORD_mistral_subject-matter_09_b2_20260703_084344,mistral_subject-matter,mistral,subject-matter,2,reduced reliability in DC devices,anchor,ANCHOR_WORD,,9
ANCHOR_WORD_mistral_subject-matter_09_b3_20260703_084344,mistral_subject-matter,mistral,subject-matter,3,lack of use-cases in which DC is advantageous,anchor,ANCHOR_WORD,,9
ANCHOR_WORD_mistral_subject-matter_09_b4_20260703_084344,mistral_subject-matter,mistral,subject-matter,4,"uncertain utility interaction (net metering, utility ownership, and agreed standards)",anchor,ANCHOR_WORD,,9
ANCHOR_WORD_mistral_subject-matter_09_b5_20260703_084344,mistral_subject-matter,mistral,subject-matter,5,lack of pilot projects,anchor,ANCHOR_WORD,,9
ANCHOR_WORD_gemma3_generalist_09_b1_20260703_084344,gemma3_generalist,gemma3,generalist,1,"power losses, quality and safety issues",anchor,ANCHOR_WORD,,9
ANCHOR_WORD_gemma3_generalist_09_b5_20260703_084344,gemma3_generalist,gemma3,generalist,5,lack of pilot projects,anchor,ANCHOR_WORD,,9
ANCHOR_WORD_gemma3_generalist_09_b6_20260703_084344,gemma3_generalist,gemma3,generalist,6,public perception of DC and readiness to 'champion' installations from DC projects,anchor,ANCHOR_WORD,,9
ANCHOR_WORD_gemma3_generalist_09_b8_20260703_084344,gemma3_generalist,gemma3,generalist,8,misconception and lack of knowledge leads to lengthy/expensive design and permit process,anchor,ANCHOR_WORD,,9
ANCHOR_WORD_gemma3_generalist_09_b10_20260703_084344,gemma3_generalist,gemma3,generalist,10,uncertain regulatory roadmap,anchor,ANCHOR_WORD,,9
ANCHOR_WORD_gemma3_normative_09_b1_20260703_084344,gemma3_normative,gemma3,normative,1,"power losses, quality and safety issues",anchor,ANCHOR_WORD,,9
ANCHOR_WORD_gemma3_normative_09_b5_20260703_084344,gemma3_normative,gemma3,normative,5,lack of pilot projects,anchor,ANCHOR_WORD,,9
ANCHOR_WORD_gemma3_normative_09_b6_20260703_084344,gemma3_normative,gemma3,normative,6,public perception of DC and readiness to 'champion' installations from DC projects,anchor,ANCHOR_WORD,,9
ANCHOR_WORD_gemma3_normative_09_b10_20260703_084344,gemma3_normative,gemma3,normative,10,uncertain regulatory roadmap,anchor,ANCHOR_WORD,,9
ANCHOR_WORD_gemma3_normative_09_b11_20260703_084344,gemma3_normative,gemma3,normative,11,high costs of DC solutions,anchor,ANCHOR_WORD,,9
ANCHOR_WORD_gemma3_subject-matter_09_b1_20260703_084344,gemma3_subject-matter,gemma3,subject-matter,1,"power losses, quality and safety issues",anchor,ANCHOR_WORD,,9
ANCHOR_WORD_gemma3_subject-matter_09_b3_20260703_084344,gemma3_subject-matter,gemma3,subject-matter,3,lack of use-cases in which DC is advantageous,anchor,ANCHOR_WORD,,9
ANCHOR_WORD_gemma3_subject-matter_09_b4_20260703_084344,gemma3_subject-matter,gemma3,subject-matter,4,"uncertain utility interaction (net metering, utility ownership, and agreed standards)",anchor,ANCHOR_WORD,,9
ANCHOR_WORD_gemma3_subject-matter_09_b8_20260703_084344,gemma3_subject-matter,gemma3,subject-matter,8,misconception and lack of knowledge leads to lengthy/expensive design and permit process,anchor,ANCHOR_WORD,,9
ANCHOR_WORD_gemma3_subject-matter_09_b10_20260703_084344,gemma3_subject-matter,gemma3,subject-matter,10,uncertain regulatory roadmap,anchor,ANCHOR_WORD,,9
ANCHOR_EXAMPLE_phi4_generalist_00_b1_20260703_090622,phi4_generalist,phi4,generalist,1,"power losses, quality and safety issues",anchor,ANCHOR_EXAMPLE,,0
ANCHOR_EXAMPLE_phi4_generalist_00_b2_20260703_090622,phi4_generalist,phi4,generalist,2,reduced reliability in DC devices,anchor,ANCHOR_EXAMPLE,,0
ANCHOR_EXAMPLE_phi4_generalist_00_b3_20260703_090622,phi4_generalist,phi4,generalist,3,lack of use-cases in which DC is advantageous,anchor,ANCHOR_EXAMPLE,,0
ANCHOR_EXAMPLE_phi4_generalist_00_b4_20260703_090622,phi4_generalist,phi4,generalist,4,"uncertain utility interaction (net metering, utility ownership, and agreed standards)",anchor,ANCHOR_EXAMPLE,,0
ANCHOR_EXAMPLE_phi4_generalist_00_b5_20260703_090622,phi4_generalist,phi4,generalist,5,lack of pilot projects,anchor,ANCHOR_EXAMPLE,,0
ANCHOR_EXAMPLE_phi4_normative_00_b1_20260703_090622,phi4_normative,phi4,normative,1,"power losses, quality and safety issues",anchor,ANCHOR_EXAMPLE,,0
ANCHOR_EXAMPLE_phi4_normative_00_b2_20260703_090622,phi4_normative,phi4,normative,2,reduced reliability in DC devices,anchor,ANCHOR_EXAMPLE,,0
ANCHOR_EXAMPLE_phi4_normative_00_b3_20260703_090622,phi4_normative,phi4,normative,3,lack of use-cases in which DC is advantageous,anchor,ANCHOR_EXAMPLE,,0
ANCHOR_EXAMPLE_phi4_normative_00_b4_20260703_090622,phi4_normative,phi4,normative,4,"uncertain utility interaction (net metering, utility ownership, and agreed standards)",anchor,ANCHOR_EXAMPLE,,0
ANCHOR_EXAMPLE_phi4_normative_00_b5_20260703_090622,phi4_normative,phi4,normative,5,lack of pilot projects,anchor,ANCHOR_EXAMPLE,,0
ANCHOR_EXAMPLE_phi4_subject-matter_00_b1_20260703_090622,phi4_subject-matter,phi4,subject-matter,1,"power losses, quality and safety issues",anchor,ANCHOR_EXAMPLE,,0
ANCHOR_EXAMPLE_phi4_subject-matter_00_b2_20260703_090622,phi4_subject-matter,phi4,subject-matter,2,reduced reliability in DC devices,anchor,ANCHOR_EXAMPLE,,0
ANCHOR_EXAMPLE_phi4_subject-matter_00_b3_20260703_090622,phi4_subject-matter,phi4,subject-matter,3,lack of use-cases in which DC is advantageous,anchor,ANCHOR_EXAMPLE,,0
ANCHOR_EXAMPLE_phi4_subject-matter_00_b4_20260703_090622,phi4_subject-matter,phi4,subject-matter,4,"uncertain utility interaction (net metering, utility ownership, and agreed standards)",anchor,ANCHOR_EXAMPLE,,0
ANCHOR_EXAMPLE_phi4_subject-matter_00_b5_20260703_090622,phi4_subject-matter,phi4,subject-matter,5,lack of pilot projects,anchor,ANCHOR_EXAMPLE,,0
ANCHOR_EXAMPLE_llama_generalist_00_b1_20260703_090622,llama_generalist,llama,generalist,1,"power losses, quality and safety issues",anchor,ANCHOR_EXAMPLE,,0
ANCHOR_EXAMPLE_llama_generalist_00_b2_20260703_090622,llama_generalist,llama,generalist,2,reduced reliability in DC devices,anchor,ANCHOR_EXAMPLE,,0
ANCHOR_EXAMPLE_llama_generalist_00_b3_20260703_090622,llama_generalist,llama,generalist,3,lack of use-cases in which DC is advantageous,anchor,ANCHOR_EXAMPLE,,0
ANCHOR_EXAMPLE_llama_generalist_00_b4_20260703_090622,llama_generalist,llama,generalist,4,"uncertain utility interaction (net metering, utility ownership, and agreed standards)",anchor,ANCHOR_EXAMPLE,,0
ANCHOR_EXAMPLE_llama_generalist_00_b5_20260703_090622,llama_generalist,llama,generalist,5,lack of pilot projects,anchor,ANCHOR_EXAMPLE,,0
ANCHOR_EXAMPLE_llama_normative_00_b1_20260703_090622,llama_normative,llama,normative,1,"power losses, quality and safety issues",anchor,ANCHOR_EXAMPLE,,0
ANCHOR_EXAMPLE_llama_normative_00_b4_20260703_090622,llama_normative,llama,normative,4,"uncertain utility interaction (net metering, utility ownership, and agreed standards)",anchor,ANCHOR_EXAMPLE,,0
ANCHOR_EXAMPLE_llama_normative_00_b3_20260703_090622,llama_normative,llama,normative,3,lack of use-cases in which DC is advantageous,anchor,ANCHOR_EXAMPLE,,0
ANCHOR_EXAMPLE_llama_normative_00_b2_20260703_090622,llama_normative,llama,normative,2,reduced reliability in DC devices,anchor,ANCHOR_EXAMPLE,,0
ANCHOR_EXAMPLE_llama_normative_00_b6_20260703_090622,llama_normative,llama,normative,6,public perception of DC and readiness to 'champion' installations from DC projects,anchor,ANCHOR_EXAMPLE,,0
ANCHOR_EXAMPLE_llama_subject-matter_00_b1_20260703_090622,llama_subject-matter,llama,subject-matter,1,"power losses, quality and safety issues",anchor,ANCHOR_EXAMPLE,,0
ANCHOR_EXAMPLE_llama_subject-matter_00_b4_20260703_090622,llama_subject-matter,llama,subject-matter,4,"uncertain utility interaction (net metering, utility ownership, and agreed standards)",anchor,ANCHOR_EXAMPLE,,0
ANCHOR_EXAMPLE_llama_subject-matter_00_b7_20260703_090622,llama_subject-matter,llama,subject-matter,7,incompatibility of DC systems components,anchor,ANCHOR_EXAMPLE,,0
ANCHOR_EXAMPLE_llama_subject-matter_00_b6_20260703_090622,llama_subject-matter,llama,subject-matter,6,public perception of DC and readiness to 'champion' installations from DC projects,anchor,ANCHOR_EXAMPLE,,0
ANCHOR_EXAMPLE_llama_subject-matter_00_b5_20260703_090622,llama_subject-matter,llama,subject-matter,5,lack of pilot projects,anchor,ANCHOR_EXAMPLE,,0
ANCHOR_EXAMPLE_mistral_generalist_00_b1_20260703_090622,mistral_generalist,mistral,generalist,1,"power losses, quality and safety issues",anchor,ANCHOR_EXAMPLE,,0
ANCHOR_EXAMPLE_mistral_generalist_00_b2_20260703_090622,mistral_generalist,mistral,generalist,2,reduced reliability in DC devices,anchor,ANCHOR_EXAMPLE,,0
ANCHOR_EXAMPLE_mistral_generalist_00_b4_20260703_090622,mistral_generalist,mistral,generalist,4,"uncertain utility interaction (net metering, utility ownership, and agreed standards)",anchor,ANCHOR_EXAMPLE,,0
ANCHOR_EXAMPLE_mistral_generalist_00_b3_20260703_090622,mistral_generalist,mistral,generalist,3,lack of use-cases in which DC is advantageous,anchor,ANCHOR_EXAMPLE,,0
ANCHOR_EXAMPLE_mistral_generalist_00_b11_20260703_090622,mistral_generalist,mistral,generalist,11,high costs of DC solutions,anchor,ANCHOR_EXAMPLE,,0
ANCHOR_EXAMPLE_mistral_normative_00_b1_20260703_090622,mistral_normative,mistral,normative,1,"power losses, quality and safety issues",anchor,ANCHOR_EXAMPLE,,0
ANCHOR_EXAMPLE_mistral_normative_00_b2_20260703_090622,mistral_normative,mistral,normative,2,reduced reliability in DC devices,anchor,ANCHOR_EXAMPLE,,0
ANCHOR_EXAMPLE_mistral_normative_00_b3_20260703_090622,mistral_normative,mistral,normative,3,lack of use-cases in which DC is advantageous,anchor,ANCHOR_EXAMPLE,,0
ANCHOR_EXAMPLE_mistral_normative_00_b4_20260703_090622,mistral_normative,mistral,normative,4,"uncertain utility interaction (net metering, utility ownership, and agreed standards)",anchor,ANCHOR_EXAMPLE,,0
ANCHOR_EXAMPLE_mistral_normative_00_b11_20260703_090622,mistral_normative,mistral,normative,11,high costs of DC solutions,anchor,ANCHOR_EXAMPLE,,0
ANCHOR_EXAMPLE_mistral_subject-matter_00_b1_20260703_090622,mistral_subject-matter,mistral,subject-matter,1,"power losses, quality and safety issues",anchor,ANCHOR_EXAMPLE,,0
ANCHOR_EXAMPLE_mistral_subject-matter_00_b2_20260703_090622,mistral_subject-matter,mistral,subject-matter,2,reduced reliability in DC devices,anchor,ANCHOR_EXAMPLE,,0
ANCHOR_EXAMPLE_mistral_subject-matter_00_b4_20260703_090622,mistral_subject-matter,mistral,subject-matter,4,"uncertain utility interaction (net metering, utility ownership, and agreed standards)",anchor,ANCHOR_EXAMPLE,,0
ANCHOR_EXAMPLE_mistral_subject-matter_00_b5_20260703_090622,mistral_subject-matter,mistral,subject-matter,5,lack of pilot projects,anchor,ANCHOR_EXAMPLE,,0
ANCHOR_EXAMPLE_mistral_subject-matter_00_b10_20260703_090622,mistral_subject-matter,mistral,subject-matter,10,uncertain regulatory roadmap,anchor,ANCHOR_EXAMPLE,,0
ANCHOR_EXAMPLE_gemma3_generalist_00_b1_20260703_090622,gemma3_generalist,gemma3,generalist,1,"power losses, quality and safety issues",anchor,ANCHOR_EXAMPLE,,0
ANCHOR_EXAMPLE_gemma3_generalist_00_b3_20260703_090622,gemma3_generalist,gemma3,generalist,3,lack of use-cases in which DC is advantageous,anchor,ANCHOR_EXAMPLE,,0
ANCHOR_EXAMPLE_gemma3_generalist_00_b4_20260703_090622,gemma3_generalist,gemma3,generalist,4,"uncertain utility interaction (net metering, utility ownership, and agreed standards)",anchor,ANCHOR_EXAMPLE,,0
ANCHOR_EXAMPLE_gemma3_generalist_00_b8_20260703_090622,gemma3_generalist,gemma3,generalist,8,misconception and lack of knowledge leads to lengthy/expensive design and permit process,anchor,ANCHOR_EXAMPLE,,0
ANCHOR_EXAMPLE_gemma3_generalist_00_b11_20260703_090622,gemma3_generalist,gemma3,generalist,11,high costs of DC solutions,anchor,ANCHOR_EXAMPLE,,0
ANCHOR_EXAMPLE_gemma3_normative_00_b1_20260703_090622,gemma3_normative,gemma3,normative,1,"power losses, quality and safety issues",anchor,ANCHOR_EXAMPLE,,0
ANCHOR_EXAMPLE_gemma3_normative_00_b3_20260703_090622,gemma3_normative,gemma3,normative,3,lack of use-cases in which DC is advantageous,anchor,ANCHOR_EXAMPLE,,0
ANCHOR_EXAMPLE_gemma3_normative_00_b4_20260703_090622,gemma3_normative,gemma3,normative,4,"uncertain utility interaction (net metering, utility ownership, and agreed standards)",anchor,ANCHOR_EXAMPLE,,0
ANCHOR_EXAMPLE_gemma3_normative_00_b8_20260703_090622,gemma3_normative,gemma3,normative,8,misconception and lack of knowledge leads to lengthy/expensive design and permit process,anchor,ANCHOR_EXAMPLE,,0
ANCHOR_EXAMPLE_gemma3_normative_00_b10_20260703_090622,gemma3_normative,gemma3,normative,10,uncertain regulatory roadmap,anchor,ANCHOR_EXAMPLE,,0
ANCHOR_EXAMPLE_gemma3_subject-matter_00_b1_20260703_090622,gemma3_subject-matter,gemma3,subject-matter,1,"power losses, quality and safety issues",anchor,ANCHOR_EXAMPLE,,0
ANCHOR_EXAMPLE_gemma3_subject-matter_00_b5_20260703_090622,gemma3_subject-matter,gemma3,subject-matter,5,lack of pilot projects,anchor,ANCHOR_EXAMPLE,,0
ANCHOR_EXAMPLE_gemma3_subject-matter_00_b6_20260703_090622,gemma3_subject-matter,gemma3,subject-matter,6,public perception of DC and readiness to 'champion' installations from DC projects,anchor,ANCHOR_EXAMPLE,,0
ANCHOR_EXAMPLE_gemma3_subject-matter_00_b8_20260703_090622,gemma3_subject-matter,gemma3,subject-matter,8,misconception and lack of knowledge leads to lengthy/expensive design and permit process,anchor,ANCHOR_EXAMPLE,,0
ANCHOR_EXAMPLE_gemma3_subject-matter_00_b10_20260703_090622,gemma3_subject-matter,gemma3,subject-matter,10,uncertain regulatory roadmap,anchor,ANCHOR_EXAMPLE,,0
ANCHOR_EXAMPLE_phi4_generalist_01_b1_20260703_091026,phi4_generalist,phi4,generalist,1,"power losses, quality and safety issues",anchor,ANCHOR_EXAMPLE,,1
ANCHOR_EXAMPLE_phi4_generalist_01_b2_20260703_091026,phi4_generalist,phi4,generalist,2,reduced reliability in DC devices,anchor,ANCHOR_EXAMPLE,,1
ANCHOR_EXAMPLE_phi4_generalist_01_b3_20260703_091026,phi4_generalist,phi4,generalist,3,lack of use-cases in which DC is advantageous,anchor,ANCHOR_EXAMPLE,,1
ANCHOR_EXAMPLE_phi4_generalist_01_b4_20260703_091026,phi4_generalist,phi4,generalist,4,"uncertain utility interaction (net metering, utility ownership, and agreed standards)",anchor,ANCHOR_EXAMPLE,,1
ANCHOR_EXAMPLE_phi4_generalist_01_b5_20260703_091026,phi4_generalist,phi4,generalist,5,lack of pilot projects,anchor,ANCHOR_EXAMPLE,,1
ANCHOR_EXAMPLE_phi4_normative_01_b1_20260703_091026,phi4_normative,phi4,normative,1,"power losses, quality and safety issues",anchor,ANCHOR_EXAMPLE,,1
ANCHOR_EXAMPLE_phi4_normative_01_b3_20260703_091026,phi4_normative,phi4,normative,3,lack of use-cases in which DC is advantageous,anchor,ANCHOR_EXAMPLE,,1
ANCHOR_EXAMPLE_phi4_normative_01_b4_20260703_091026,phi4_normative,phi4,normative,4,"uncertain utility interaction (net metering, utility ownership, and agreed standards)",anchor,ANCHOR_EXAMPLE,,1
ANCHOR_EXAMPLE_phi4_normative_01_b8_20260703_091026,phi4_normative,phi4,normative,8,misconception and lack of knowledge leads to lengthy/expensive design and permit process,anchor,ANCHOR_EXAMPLE,,1
ANCHOR_EXAMPLE_phi4_normative_01_b10_20260703_091026,phi4_normative,phi4,normative,10,uncertain regulatory roadmap,anchor,ANCHOR_EXAMPLE,,1
ANCHOR_EXAMPLE_phi4_subject-matter_01_b1_20260703_091026,phi4_subject-matter,phi4,subject-matter,1,"power losses, quality and safety issues",anchor,ANCHOR_EXAMPLE,,1
ANCHOR_EXAMPLE_phi4_subject-matter_01_b2_20260703_091026,phi4_subject-matter,phi4,subject-matter,2,reduced reliability in DC devices,anchor,ANCHOR_EXAMPLE,,1
ANCHOR_EXAMPLE_phi4_subject-matter_01_b3_20260703_091026,phi4_subject-matter,phi4,subject-matter,3,lack of use-cases in which DC is advantageous,anchor,ANCHOR_EXAMPLE,,1
ANCHOR_EXAMPLE_phi4_subject-matter_01_b4_20260703_091026,phi4_subject-matter,phi4,subject-matter,4,"uncertain utility interaction (net metering, utility ownership, and agreed standards)",anchor,ANCHOR_EXAMPLE,,1
ANCHOR_EXAMPLE_phi4_subject-matter_01_b11_20260703_091026,phi4_subject-matter,phi4,subject-matter,11,high costs of DC solutions,anchor,ANCHOR_EXAMPLE,,1
ANCHOR_EXAMPLE_llama_generalist_01_b1_20260703_091026,llama_generalist,llama,generalist,1,"power losses, quality and safety issues",anchor,ANCHOR_EXAMPLE,,1
ANCHOR_EXAMPLE_llama_generalist_01_b3_20260703_091026,llama_generalist,llama,generalist,3,lack of use-cases in which DC is advantageous,anchor,ANCHOR_EXAMPLE,,1
ANCHOR_EXAMPLE_llama_generalist_01_b4_20260703_091026,llama_generalist,llama,generalist,4,"uncertain utility interaction (net metering, utility ownership, and agreed standards)",anchor,ANCHOR_EXAMPLE,,1
ANCHOR_EXAMPLE_llama_generalist_01_b5_20260703_091026,llama_generalist,llama,generalist,5,lack of pilot projects,anchor,ANCHOR_EXAMPLE,,1
ANCHOR_EXAMPLE_llama_generalist_01_b6_20260703_091026,llama_generalist,llama,generalist,6,public perception of DC and readiness to 'champion' installations from DC projects,anchor,ANCHOR_EXAMPLE,,1
ANCHOR_EXAMPLE_llama_normative_01_b1_20260703_091026,llama_normative,llama,normative,1,"power losses, quality and safety issues",anchor,ANCHOR_EXAMPLE,,1
ANCHOR_EXAMPLE_llama_normative_01_b2_20260703_091026,llama_normative,llama,normative,2,reduced reliability in DC devices,anchor,ANCHOR_EXAMPLE,,1
ANCHOR_EXAMPLE_llama_normative_01_b3_20260703_091026,llama_normative,llama,normative,3,lack of use-cases in which DC is advantageous,anchor,ANCHOR_EXAMPLE,,1
ANCHOR_EXAMPLE_llama_normative_01_b4_20260703_091026,llama_normative,llama,normative,4,"uncertain utility interaction (net metering, utility ownership, and agreed standards)",anchor,ANCHOR_EXAMPLE,,1
ANCHOR_EXAMPLE_llama_normative_01_b5_20260703_091026,llama_normative,llama,normative,5,lack of pilot projects,anchor,ANCHOR_EXAMPLE,,1
ANCHOR_EXAMPLE_llama_subject-matter_01_b1_20260703_091026,llama_subject-matter,llama,subject-matter,1,"power losses, quality and safety issues",anchor,ANCHOR_EXAMPLE,,1
ANCHOR_EXAMPLE_llama_subject-matter_01_b2_20260703_091026,llama_subject-matter,llama,subject-matter,2,reduced reliability in DC devices,anchor,ANCHOR_EXAMPLE,,1
ANCHOR_EXAMPLE_llama_subject-matter_01_b3_20260703_091026,llama_subject-matter,llama,subject-matter,3,lack of use-cases in which DC is advantageous,anchor,ANCHOR_EXAMPLE,,1
ANCHOR_EXAMPLE_llama_subject-matter_01_b4_20260703_091026,llama_subject-matter,llama,subject-matter,4,"uncertain utility interaction (net metering, utility ownership, and agreed standards)",anchor,ANCHOR_EXAMPLE,,1
ANCHOR_EXAMPLE_llama_subject-matter_01_b5_20260703_091026,llama_subject-matter,llama,subject-matter,5,lack of pilot projects,anchor,ANCHOR_EXAMPLE,,1
ANCHOR_EXAMPLE_mistral_generalist_01_b1_20260703_091026,mistral_generalist,mistral,generalist,1,"power losses, quality and safety issues",anchor,ANCHOR_EXAMPLE,,1
ANCHOR_EXAMPLE_mistral_generalist_01_b2_20260703_091026,mistral_generalist,mistral,generalist,2,reduced reliability in DC devices,anchor,ANCHOR_EXAMPLE,,1
ANCHOR_EXAMPLE_mistral_generalist_01_b3_20260703_091026,mistral_generalist,mistral,generalist,3,lack of use-cases in which DC is advantageous,anchor,ANCHOR_EXAMPLE,,1
ANCHOR_EXAMPLE_mistral_generalist_01_b4_20260703_091026,mistral_generalist,mistral,generalist,4,"uncertain utility interaction (net metering, utility ownership, and agreed standards)",anchor,ANCHOR_EXAMPLE,,1
ANCHOR_EXAMPLE_mistral_generalist_01_b5_20260703_091026,mistral_generalist,mistral,generalist,5,lack of pilot projects,anchor,ANCHOR_EXAMPLE,,1
ANCHOR_EXAMPLE_mistral_normative_01_b1_20260703_091026,mistral_normative,mistral,normative,1,"power losses, quality and safety issues",anchor,ANCHOR_EXAMPLE,,1
ANCHOR_EXAMPLE_mistral_normative_01_b2_20260703_091026,mistral_normative,mistral,normative,2,reduced reliability in DC devices,anchor,ANCHOR_EXAMPLE,,1
ANCHOR_EXAMPLE_mistral_normative_01_b3_20260703_091026,mistral_normative,mistral,normative,3,lack of use-cases in which DC is advantageous,anchor,ANCHOR_EXAMPLE,,1
ANCHOR_EXAMPLE_mistral_normative_01_b4_20260703_091026,mistral_normative,mistral,normative,4,"uncertain utility interaction (net metering, utility ownership, and agreed standards)",anchor,ANCHOR_EXAMPLE,,1
ANCHOR_EXAMPLE_mistral_normative_01_b5_20260703_091026,mistral_normative,mistral,normative,5,lack of pilot projects,anchor,ANCHOR_EXAMPLE,,1
ANCHOR_EXAMPLE_mistral_subject-matter_01_b1_20260703_091026,mistral_subject-matter,mistral,subject-matter,1,"power losses, quality and safety issues",anchor,ANCHOR_EXAMPLE,,1
ANCHOR_EXAMPLE_mistral_subject-matter_01_b2_20260703_091026,mistral_subject-matter,mistral,subject-matter,2,reduced reliability in DC devices,anchor,ANCHOR_EXAMPLE,,1
ANCHOR_EXAMPLE_mistral_subject-matter_01_b4_20260703_091026,mistral_subject-matter,mistral,subject-matter,4,"uncertain utility interaction (net metering, utility ownership, and agreed standards)",anchor,ANCHOR_EXAMPLE,,1
ANCHOR_EXAMPLE_mistral_subject-matter_01_b5_20260703_091026,mistral_subject-matter,mistral,subject-matter,5,lack of pilot projects,anchor,ANCHOR_EXAMPLE,,1
ANCHOR_EXAMPLE_mistral_subject-matter_01_b7_20260703_091026,mistral_subject-matter,mistral,subject-matter,7,incompatibility of DC systems components,anchor,ANCHOR_EXAMPLE,,1
ANCHOR_EXAMPLE_gemma3_generalist_01_b1_20260703_091026,gemma3_generalist,gemma3,generalist,1,"power losses, quality and safety issues",anchor,ANCHOR_EXAMPLE,,1
ANCHOR_EXAMPLE_gemma3_generalist_01_b3_20260703_091026,gemma3_generalist,gemma3,generalist,3,lack of use-cases in which DC is advantageous,anchor,ANCHOR_EXAMPLE,,1
ANCHOR_EXAMPLE_gemma3_generalist_01_b4_20260703_091026,gemma3_generalist,gemma3,generalist,4,"uncertain utility interaction (net metering, utility ownership, and agreed standards)",anchor,ANCHOR_EXAMPLE,,1
ANCHOR_EXAMPLE_gemma3_generalist_01_b8_20260703_091026,gemma3_generalist,gemma3,generalist,8,misconception and lack of knowledge leads to lengthy/expensive design and permit process,anchor,ANCHOR_EXAMPLE,,1
ANCHOR_EXAMPLE_gemma3_generalist_01_b11_20260703_091026,gemma3_generalist,gemma3,generalist,11,high costs of DC solutions,anchor,ANCHOR_EXAMPLE,,1
ANCHOR_EXAMPLE_gemma3_normative_01_b1_20260703_091026,gemma3_normative,gemma3,normative,1,"power losses, quality and safety issues",anchor,ANCHOR_EXAMPLE,,1
ANCHOR_EXAMPLE_gemma3_normative_01_b3_20260703_091026,gemma3_normative,gemma3,normative,3,lack of use-cases in which DC is advantageous,anchor,ANCHOR_EXAMPLE,,1
ANCHOR_EXAMPLE_gemma3_normative_01_b4_20260703_091026,gemma3_normative,gemma3,normative,4,"uncertain utility interaction (net metering, utility ownership, and agreed standards)",anchor,ANCHOR_EXAMPLE,,1
ANCHOR_EXAMPLE_gemma3_normative_01_b8_20260703_091026,gemma3_normative,gemma3,normative,8,misconception and lack of knowledge leads to lengthy/expensive design and permit process,anchor,ANCHOR_EXAMPLE,,1
ANCHOR_EXAMPLE_gemma3_normative_01_b10_20260703_091026,gemma3_normative,gemma3,normative,10,uncertain regulatory roadmap,anchor,ANCHOR_EXAMPLE,,1
ANCHOR_EXAMPLE_gemma3_subject-matter_01_b1_20260703_091026,gemma3_subject-matter,gemma3,subject-matter,1,"power losses, quality and safety issues",anchor,ANCHOR_EXAMPLE,,1
ANCHOR_EXAMPLE_gemma3_subject-matter_01_b3_20260703_091026,gemma3_subject-matter,gemma3,subject-matter,3,lack of use-cases in which DC is advantageous,anchor,ANCHOR_EXAMPLE,,1
ANCHOR_EXAMPLE_gemma3_subject-matter_01_b4_20260703_091026,gemma3_subject-matter,gemma3,subject-matter,4,"uncertain utility interaction (net metering, utility ownership, and agreed standards)",anchor,ANCHOR_EXAMPLE,,1
ANCHOR_EXAMPLE_gemma3_subject-matter_01_b8_20260703_091026,gemma3_subject-matter,gemma3,subject-matter,8,misconception and lack of knowledge leads to lengthy/expensive design and permit process,anchor,ANCHOR_EXAMPLE,,1
ANCHOR_EXAMPLE_gemma3_subject-matter_01_b10_20260703_091026,gemma3_subject-matter,gemma3,subject-matter,10,uncertain regulatory roadmap,anchor,ANCHOR_EXAMPLE,,1
ANCHOR_EXAMPLE_phi4_generalist_02_b1_20260703_091439,phi4_generalist,phi4,generalist,1,"power losses, quality and safety issues",anchor,ANCHOR_EXAMPLE,,2
ANCHOR_EXAMPLE_phi4_generalist_02_b2_20260703_091439,phi4_generalist,phi4,generalist,2,reduced reliability in DC devices,anchor,ANCHOR_EXAMPLE,,2
ANCHOR_EXAMPLE_phi4_generalist_02_b3_20260703_091439,phi4_generalist,phi4,generalist,3,lack of use-cases in which DC is advantageous,anchor,ANCHOR_EXAMPLE,,2
ANCHOR_EXAMPLE_phi4_generalist_02_b4_20260703_091439,phi4_generalist,phi4,generalist,4,"uncertain utility interaction (net metering, utility ownership, and agreed standards)",anchor,ANCHOR_EXAMPLE,,2
ANCHOR_EXAMPLE_phi4_generalist_02_b8_20260703_091439,phi4_generalist,phi4,generalist,8,misconception and lack of knowledge leads to lengthy/expensive design and permit process,anchor,ANCHOR_EXAMPLE,,2
ANCHOR_EXAMPLE_phi4_normative_02_b1_20260703_091439,phi4_normative,phi4,normative,1,"power losses, quality and safety issues",anchor,ANCHOR_EXAMPLE,,2
ANCHOR_EXAMPLE_phi4_normative_02_b3_20260703_091439,phi4_normative,phi4,normative,3,lack of use-cases in which DC is advantageous,anchor,ANCHOR_EXAMPLE,,2
ANCHOR_EXAMPLE_phi4_normative_02_b4_20260703_091439,phi4_normative,phi4,normative,4,"uncertain utility interaction (net metering, utility ownership, and agreed standards)",anchor,ANCHOR_EXAMPLE,,2
ANCHOR_EXAMPLE_phi4_normative_02_b8_20260703_091439,phi4_normative,phi4,normative,8,misconception and lack of knowledge leads to lengthy/expensive design and permit process,anchor,ANCHOR_EXAMPLE,,2
ANCHOR_EXAMPLE_phi4_normative_02_b10_20260703_091439,phi4_normative,phi4,normative,10,uncertain regulatory roadmap,anchor,ANCHOR_EXAMPLE,,2
ANCHOR_EXAMPLE_phi4_subject-matter_02_b1_20260703_091439,phi4_subject-matter,phi4,subject-matter,1,"power losses, quality and safety issues",anchor,ANCHOR_EXAMPLE,,2
ANCHOR_EXAMPLE_phi4_subject-matter_02_b3_20260703_091439,phi4_subject-matter,phi4,subject-matter,3,lack of use-cases in which DC is advantageous,anchor,ANCHOR_EXAMPLE,,2
ANCHOR_EXAMPLE_phi4_subject-matter_02_b4_20260703_091439,phi4_subject-matter,phi4,subject-matter,4,"uncertain utility interaction (net metering, utility ownership, and agreed standards)",anchor,ANCHOR_EXAMPLE,,2
ANCHOR_EXAMPLE_phi4_subject-matter_02_b8_20260703_091439,phi4_subject-matter,phi4,subject-matter,8,misconception and lack of knowledge leads to lengthy/expensive design and permit process,anchor,ANCHOR_EXAMPLE,,2
ANCHOR_EXAMPLE_phi4_subject-matter_02_b10_20260703_091439,phi4_subject-matter,phi4,subject-matter,10,uncertain regulatory roadmap,anchor,ANCHOR_EXAMPLE,,2
ANCHOR_EXAMPLE_llama_generalist_02_b1_20260703_091439,llama_generalist,llama,generalist,1,"power losses, quality and safety issues",anchor,ANCHOR_EXAMPLE,,2
ANCHOR_EXAMPLE_llama_generalist_02_b2_20260703_091439,llama_generalist,llama,generalist,2,reduced reliability in DC devices,anchor,ANCHOR_EXAMPLE,,2
ANCHOR_EXAMPLE_llama_generalist_02_b4_20260703_091439,llama_generalist,llama,generalist,4,"uncertain utility interaction (net metering, utility ownership, and agreed standards)",anchor,ANCHOR_EXAMPLE,,2
ANCHOR_EXAMPLE_llama_generalist_02_b5_20260703_091439,llama_generalist,llama,generalist,5,lack of pilot projects,anchor,ANCHOR_EXAMPLE,,2
ANCHOR_EXAMPLE_llama_generalist_02_b6_20260703_091439,llama_generalist,llama,generalist,6,public perception of DC and readiness to 'champion' installations from DC projects,anchor,ANCHOR_EXAMPLE,,2
ANCHOR_EXAMPLE_llama_normative_02_b1_20260703_091439,llama_normative,llama,normative,1,"power losses, quality and safety issues",anchor,ANCHOR_EXAMPLE,,2
ANCHOR_EXAMPLE_llama_normative_02_b2_20260703_091439,llama_normative,llama,normative,2,reduced reliability in DC devices,anchor,ANCHOR_EXAMPLE,,2
ANCHOR_EXAMPLE_llama_normative_02_b3_20260703_091439,llama_normative,llama,normative,3,lack of use-cases in which DC is advantageous,anchor,ANCHOR_EXAMPLE,,2
ANCHOR_EXAMPLE_llama_normative_02_b4_20260703_091439,llama_normative,llama,normative,4,"uncertain utility interaction (net metering, utility ownership, and agreed standards)",anchor,ANCHOR_EXAMPLE,,2
ANCHOR_EXAMPLE_llama_normative_02_b5_20260703_091439,llama_normative,llama,normative,5,lack of pilot projects,anchor,ANCHOR_EXAMPLE,,2
ANCHOR_EXAMPLE_llama_subject-matter_02_b1_20260703_091439,llama_subject-matter,llama,subject-matter,1,"power losses, quality and safety issues",anchor,ANCHOR_EXAMPLE,,2
ANCHOR_EXAMPLE_llama_subject-matter_02_b3_20260703_091439,llama_subject-matter,llama,subject-matter,3,lack of use-cases in which DC is advantageous,anchor,ANCHOR_EXAMPLE,,2
ANCHOR_EXAMPLE_llama_subject-matter_02_b4_20260703_091439,llama_subject-matter,llama,subject-matter,4,"uncertain utility interaction (net metering, utility ownership, and agreed standards)",anchor,ANCHOR_EXAMPLE,,2
ANCHOR_EXAMPLE_llama_subject-matter_02_b7_20260703_091439,llama_subject-matter,llama,subject-matter,7,incompatibility of DC systems components,anchor,ANCHOR_EXAMPLE,,2
ANCHOR_EXAMPLE_llama_subject-matter_02_b8_20260703_091439,llama_subject-matter,llama,subject-matter,8,misconception and lack of knowledge leads to lengthy/expensive design and permit process,anchor,ANCHOR_EXAMPLE,,2
ANCHOR_EXAMPLE_mistral_generalist_02_b1_20260703_091439,mistral_generalist,mistral,generalist,1,"power losses, quality and safety issues",anchor,ANCHOR_EXAMPLE,,2
ANCHOR_EXAMPLE_mistral_generalist_02_b2_20260703_091439,mistral_generalist,mistral,generalist,2,reduced reliability in DC devices,anchor,ANCHOR_EXAMPLE,,2
ANCHOR_EXAMPLE_mistral_generalist_02_b3_20260703_091439,mistral_generalist,mistral,generalist,3,lack of use-cases in which DC is advantageous,anchor,ANCHOR_EXAMPLE,,2
ANCHOR_EXAMPLE_mistral_generalist_02_b4_20260703_091439,mistral_generalist,mistral,generalist,4,"uncertain utility interaction (net metering, utility ownership, and agreed standards)",anchor,ANCHOR_EXAMPLE,,2
ANCHOR_EXAMPLE_mistral_generalist_02_b5_20260703_091439,mistral_generalist,mistral,generalist,5,lack of pilot projects,anchor,ANCHOR_EXAMPLE,,2
ANCHOR_EXAMPLE_mistral_normative_02_b1_20260703_091439,mistral_normative,mistral,normative,1,"power losses, quality and safety issues",anchor,ANCHOR_EXAMPLE,,2
ANCHOR_EXAMPLE_mistral_normative_02_b2_20260703_091439,mistral_normative,mistral,normative,2,reduced reliability in DC devices,anchor,ANCHOR_EXAMPLE,,2
ANCHOR_EXAMPLE_mistral_normative_02_b3_20260703_091439,mistral_normative,mistral,normative,3,lack of use-cases in which DC is advantageous,anchor,ANCHOR_EXAMPLE,,2
ANCHOR_EXAMPLE_mistral_normative_02_b4_20260703_091439,mistral_normative,mistral,normative,4,"uncertain utility interaction (net metering, utility ownership, and agreed standards)",anchor,ANCHOR_EXAMPLE,,2
ANCHOR_EXAMPLE_mistral_normative_02_b5_20260703_091439,mistral_normative,mistral,normative,5,lack of pilot projects,anchor,ANCHOR_EXAMPLE,,2
ANCHOR_EXAMPLE_mistral_subject-matter_02_b1_20260703_091439,mistral_subject-matter,mistral,subject-matter,1,"power losses, quality and safety issues",anchor,ANCHOR_EXAMPLE,,2
ANCHOR_EXAMPLE_mistral_subject-matter_02_b2_20260703_091439,mistral_subject-matter,mistral,subject-matter,2,reduced reliability in DC devices,anchor,ANCHOR_EXAMPLE,,2
ANCHOR_EXAMPLE_mistral_subject-matter_02_b3_20260703_091439,mistral_subject-matter,mistral,subject-matter,3,lack of use-cases in which DC is advantageous,anchor,ANCHOR_EXAMPLE,,2
ANCHOR_EXAMPLE_mistral_subject-matter_02_b4_20260703_091439,mistral_subject-matter,mistral,subject-matter,4,"uncertain utility interaction (net metering, utility ownership, and agreed standards)",anchor,ANCHOR_EXAMPLE,,2
ANCHOR_EXAMPLE_mistral_subject-matter_02_b11_20260703_091439,mistral_subject-matter,mistral,subject-matter,11,high costs of DC solutions,anchor,ANCHOR_EXAMPLE,,2
ANCHOR_EXAMPLE_gemma3_generalist_02_b1_20260703_091439,gemma3_generalist,gemma3,generalist,1,"power losses, quality and safety issues",anchor,ANCHOR_EXAMPLE,,2
ANCHOR_EXAMPLE_gemma3_generalist_02_b3_20260703_091439,gemma3_generalist,gemma3,generalist,3,lack of use-cases in which DC is advantageous,anchor,ANCHOR_EXAMPLE,,2
ANCHOR_EXAMPLE_gemma3_generalist_02_b4_20260703_091439,gemma3_generalist,gemma3,generalist,4,"uncertain utility interaction (net metering, utility ownership, and agreed standards)",anchor,ANCHOR_EXAMPLE,,2
ANCHOR_EXAMPLE_gemma3_generalist_02_b8_20260703_091439,gemma3_generalist,gemma3,generalist,8,misconception and lack of knowledge leads to lengthy/expensive design and permit process,anchor,ANCHOR_EXAMPLE,,2
ANCHOR_EXAMPLE_gemma3_generalist_02_b11_20260703_091439,gemma3_generalist,gemma3,generalist,11,high costs of DC solutions,anchor,ANCHOR_EXAMPLE,,2
ANCHOR_EXAMPLE_gemma3_normative_02_b1_20260703_091439,gemma3_normative,gemma3,normative,1,"power losses, quality and safety issues",anchor,ANCHOR_EXAMPLE,,2
ANCHOR_EXAMPLE_gemma3_normative_02_b3_20260703_091439,gemma3_normative,gemma3,normative,3,lack of use-cases in which DC is advantageous,anchor,ANCHOR_EXAMPLE,,2
ANCHOR_EXAMPLE_gemma3_normative_02_b4_20260703_091439,gemma3_normative,gemma3,normative,4,"uncertain utility interaction (net metering, utility ownership, and agreed standards)",anchor,ANCHOR_EXAMPLE,,2
ANCHOR_EXAMPLE_gemma3_normative_02_b8_20260703_091439,gemma3_normative,gemma3,normative,8,misconception and lack of knowledge leads to lengthy/expensive design and permit process,anchor,ANCHOR_EXAMPLE,,2
ANCHOR_EXAMPLE_gemma3_normative_02_b10_20260703_091439,gemma3_normative,gemma3,normative,10,uncertain regulatory roadmap,anchor,ANCHOR_EXAMPLE,,2
ANCHOR_EXAMPLE_gemma3_subject-matter_02_b1_20260703_091439,gemma3_subject-matter,gemma3,subject-matter,1,"power losses, quality and safety issues",anchor,ANCHOR_EXAMPLE,,2
ANCHOR_EXAMPLE_gemma3_subject-matter_02_b3_20260703_091439,gemma3_subject-matter,gemma3,subject-matter,3,lack of use-cases in which DC is advantageous,anchor,ANCHOR_EXAMPLE,,2
ANCHOR_EXAMPLE_gemma3_subject-matter_02_b4_20260703_091439,gemma3_subject-matter,gemma3,subject-matter,4,"uncertain utility interaction (net metering, utility ownership, and agreed standards)",anchor,ANCHOR_EXAMPLE,,2
ANCHOR_EXAMPLE_gemma3_subject-matter_02_b8_20260703_091439,gemma3_subject-matter,gemma3,subject-matter,8,misconception and lack of knowledge leads to lengthy/expensive design and permit process,anchor,ANCHOR_EXAMPLE,,2
ANCHOR_EXAMPLE_gemma3_subject-matter_02_b10_20260703_091439,gemma3_subject-matter,gemma3,subject-matter,10,uncertain regulatory roadmap,anchor,ANCHOR_EXAMPLE,,2
ANCHOR_EXAMPLE_phi4_generalist_03_b1_20260703_093352,phi4_generalist,phi4,generalist,1,"power losses, quality and safety issues",anchor,ANCHOR_EXAMPLE,,3
ANCHOR_EXAMPLE_phi4_generalist_03_b3_20260703_093352,phi4_generalist,phi4,generalist,3,lack of use-cases in which DC is advantageous,anchor,ANCHOR_EXAMPLE,,3
ANCHOR_EXAMPLE_phi4_generalist_03_b4_20260703_093352,phi4_generalist,phi4,generalist,4,"uncertain utility interaction (net metering, utility ownership, and agreed standards)",anchor,ANCHOR_EXAMPLE,,3
ANCHOR_EXAMPLE_phi4_generalist_03_b8_20260703_093352,phi4_generalist,phi4,generalist,8,misconception and lack of knowledge leads to lengthy/expensive design and permit process,anchor,ANCHOR_EXAMPLE,,3
ANCHOR_EXAMPLE_phi4_generalist_03_b10_20260703_093352,phi4_generalist,phi4,generalist,10,uncertain regulatory roadmap,anchor,ANCHOR_EXAMPLE,,3
ANCHOR_EXAMPLE_phi4_normative_03_b1_20260703_093352,phi4_normative,phi4,normative,1,"power losses, quality and safety issues",anchor,ANCHOR_EXAMPLE,,3
ANCHOR_EXAMPLE_phi4_normative_03_b2_20260703_093352,phi4_normative,phi4,normative,2,reduced reliability in DC devices,anchor,ANCHOR_EXAMPLE,,3
ANCHOR_EXAMPLE_phi4_normative_03_b3_20260703_093352,phi4_normative,phi4,normative,3,lack of use-cases in which DC is advantageous,anchor,ANCHOR_EXAMPLE,,3
ANCHOR_EXAMPLE_phi4_normative_03_b4_20260703_093352,phi4_normative,phi4,normative,4,"uncertain utility interaction (net metering, utility ownership, and agreed standards)",anchor,ANCHOR_EXAMPLE,,3
ANCHOR_EXAMPLE_phi4_normative_03_b5_20260703_093352,phi4_normative,phi4,normative,5,lack of pilot projects,anchor,ANCHOR_EXAMPLE,,3
ANCHOR_EXAMPLE_phi4_subject-matter_03_b1_20260703_093352,phi4_subject-matter,phi4,subject-matter,1,"power losses, quality and safety issues",anchor,ANCHOR_EXAMPLE,,3
ANCHOR_EXAMPLE_phi4_subject-matter_03_b4_20260703_093352,phi4_subject-matter,phi4,subject-matter,4,"uncertain utility interaction (net metering, utility ownership, and agreed standards)",anchor,ANCHOR_EXAMPLE,,3
ANCHOR_EXAMPLE_phi4_subject-matter_03_b5_20260703_093352,phi4_subject-matter,phi4,subject-matter,5,lack of pilot projects,anchor,ANCHOR_EXAMPLE,,3
ANCHOR_EXAMPLE_phi4_subject-matter_03_b8_20260703_093352,phi4_subject-matter,phi4,subject-matter,8,misconception and lack of knowledge leads to lengthy/expensive design and permit process,anchor,ANCHOR_EXAMPLE,,3
ANCHOR_EXAMPLE_phi4_subject-matter_03_b10_20260703_093352,phi4_subject-matter,phi4,subject-matter,10,uncertain regulatory roadmap,anchor,ANCHOR_EXAMPLE,,3
ANCHOR_EXAMPLE_llama_generalist_03_b1_20260703_093352,llama_generalist,llama,generalist,1,"power losses, quality and safety issues",anchor,ANCHOR_EXAMPLE,,3
ANCHOR_EXAMPLE_llama_generalist_03_b2_20260703_093352,llama_generalist,llama,generalist,2,reduced reliability in DC devices,anchor,ANCHOR_EXAMPLE,,3
ANCHOR_EXAMPLE_llama_generalist_03_b3_20260703_093352,llama_generalist,llama,generalist,3,lack of use-cases in which DC is advantageous,anchor,ANCHOR_EXAMPLE,,3
ANCHOR_EXAMPLE_llama_generalist_03_b4_20260703_093352,llama_generalist,llama,generalist,4,"uncertain utility interaction (net metering, utility ownership, and agreed standards)",anchor,ANCHOR_EXAMPLE,,3
ANCHOR_EXAMPLE_llama_generalist_03_b5_20260703_093352,llama_generalist,llama,generalist,5,lack of pilot projects,anchor,ANCHOR_EXAMPLE,,3
ANCHOR_EXAMPLE_llama_normative_03_b1_20260703_093352,llama_normative,llama,normative,1,"power losses, quality and safety issues",anchor,ANCHOR_EXAMPLE,,3
ANCHOR_EXAMPLE_llama_normative_03_b2_20260703_093352,llama_normative,llama,normative,2,reduced reliability in DC devices,anchor,ANCHOR_EXAMPLE,,3
ANCHOR_EXAMPLE_llama_normative_03_b3_20260703_093352,llama_normative,llama,normative,3,lack of use-cases in which DC is advantageous,anchor,ANCHOR_EXAMPLE,,3
ANCHOR_EXAMPLE_llama_normative_03_b4_20260703_093352,llama_normative,llama,normative,4,"uncertain utility interaction (net metering, utility ownership, and agreed standards)",anchor,ANCHOR_EXAMPLE,,3
ANCHOR_EXAMPLE_llama_normative_03_b5_20260703_093352,llama_normative,llama,normative,5,lack of pilot projects,anchor,ANCHOR_EXAMPLE,,3
ANCHOR_EXAMPLE_llama_subject-matter_03_b1_20260703_093352,llama_subject-matter,llama,subject-matter,1,"power losses, quality and safety issues",anchor,ANCHOR_EXAMPLE,,3
ANCHOR_EXAMPLE_llama_subject-matter_03_b2_20260703_093352,llama_subject-matter,llama,subject-matter,2,reduced reliability in DC devices,anchor,ANCHOR_EXAMPLE,,3
ANCHOR_EXAMPLE_llama_subject-matter_03_b3_20260703_093352,llama_subject-matter,llama,subject-matter,3,lack of use-cases in which DC is advantageous,anchor,ANCHOR_EXAMPLE,,3
ANCHOR_EXAMPLE_llama_subject-matter_03_b4_20260703_093352,llama_subject-matter,llama,subject-matter,4,"uncertain utility interaction (net metering, utility ownership, and agreed standards)",anchor,ANCHOR_EXAMPLE,,3
ANCHOR_EXAMPLE_llama_subject-matter_03_b5_20260703_093352,llama_subject-matter,llama,subject-matter,5,lack of pilot projects,anchor,ANCHOR_EXAMPLE,,3
ANCHOR_EXAMPLE_mistral_generalist_03_b1_20260703_093352,mistral_generalist,mistral,generalist,1,"power losses, quality and safety issues",anchor,ANCHOR_EXAMPLE,,3
ANCHOR_EXAMPLE_mistral_generalist_03_b2_20260703_093352,mistral_generalist,mistral,generalist,2,reduced reliability in DC devices,anchor,ANCHOR_EXAMPLE,,3
ANCHOR_EXAMPLE_mistral_generalist_03_b4_20260703_093352,mistral_generalist,mistral,generalist,4,"uncertain utility interaction (net metering, utility ownership, and agreed standards)",anchor,ANCHOR_EXAMPLE,,3
ANCHOR_EXAMPLE_mistral_generalist_03_b5_20260703_093352,mistral_generalist,mistral,generalist,5,lack of pilot projects,anchor,ANCHOR_EXAMPLE,,3
ANCHOR_EXAMPLE_mistral_generalist_03_b6_20260703_093352,mistral_generalist,mistral,generalist,6,public perception of DC and readiness to 'champion' installations from DC projects,anchor,ANCHOR_EXAMPLE,,3
ANCHOR_EXAMPLE_mistral_normative_03_b1_20260703_093352,mistral_normative,mistral,normative,1,"power losses, quality and safety issues",anchor,ANCHOR_EXAMPLE,,3
ANCHOR_EXAMPLE_mistral_normative_03_b2_20260703_093352,mistral_normative,mistral,normative,2,reduced reliability in DC devices,anchor,ANCHOR_EXAMPLE,,3
ANCHOR_EXAMPLE_mistral_normative_03_b3_20260703_093352,mistral_normative,mistral,normative,3,lack of use-cases in which DC is advantageous,anchor,ANCHOR_EXAMPLE,,3
ANCHOR_EXAMPLE_mistral_normative_03_b4_20260703_093352,mistral_normative,mistral,normative,4,"uncertain utility interaction (net metering, utility ownership, and agreed standards)",anchor,ANCHOR_EXAMPLE,,3
ANCHOR_EXAMPLE_mistral_normative_03_b5_20260703_093352,mistral_normative,mistral,normative,5,lack of pilot projects,anchor,ANCHOR_EXAMPLE,,3
ANCHOR_EXAMPLE_mistral_subject-matter_03_b1_20260703_093352,mistral_subject-matter,mistral,subject-matter,1,"power losses, quality and safety issues",anchor,ANCHOR_EXAMPLE,,3
ANCHOR_EXAMPLE_mistral_subject-matter_03_b2_20260703_093352,mistral_subject-matter,mistral,subject-matter,2,reduced reliability in DC devices,anchor,ANCHOR_EXAMPLE,,3
ANCHOR_EXAMPLE_mistral_subject-matter_03_b4_20260703_093352,mistral_subject-matter,mistral,subject-matter,4,"uncertain utility interaction (net metering, utility ownership, and agreed standards)",anchor,ANCHOR_EXAMPLE,,3
ANCHOR_EXAMPLE_mistral_subject-matter_03_b5_20260703_093352,mistral_subject-matter,mistral,subject-matter,5,lack of pilot projects,anchor,ANCHOR_EXAMPLE,,3
ANCHOR_EXAMPLE_mistral_subject-matter_03_b7_20260703_093352,mistral_subject-matter,mistral,subject-matter,7,incompatibility of DC systems components,anchor,ANCHOR_EXAMPLE,,3
ANCHOR_EXAMPLE_gemma3_generalist_03_b1_20260703_093352,gemma3_generalist,gemma3,generalist,1,"power losses, quality and safety issues",anchor,ANCHOR_EXAMPLE,,3
ANCHOR_EXAMPLE_gemma3_generalist_03_b3_20260703_093352,gemma3_generalist,gemma3,generalist,3,lack of use-cases in which DC is advantageous,anchor,ANCHOR_EXAMPLE,,3
ANCHOR_EXAMPLE_gemma3_generalist_03_b4_20260703_093352,gemma3_generalist,gemma3,generalist,4,"uncertain utility interaction (net metering, utility ownership, and agreed standards)",anchor,ANCHOR_EXAMPLE,,3
ANCHOR_EXAMPLE_gemma3_generalist_03_b8_20260703_093352,gemma3_generalist,gemma3,generalist,8,misconception and lack of knowledge leads to lengthy/expensive design and permit process,anchor,ANCHOR_EXAMPLE,,3
ANCHOR_EXAMPLE_gemma3_generalist_03_b11_20260703_093352,gemma3_generalist,gemma3,generalist,11,high costs of DC solutions,anchor,ANCHOR_EXAMPLE,,3
ANCHOR_EXAMPLE_gemma3_normative_03_b1_20260703_093352,gemma3_normative,gemma3,normative,1,"power losses, quality and safety issues",anchor,ANCHOR_EXAMPLE,,3
ANCHOR_EXAMPLE_gemma3_normative_03_b3_20260703_093352,gemma3_normative,gemma3,normative,3,lack of use-cases in which DC is advantageous,anchor,ANCHOR_EXAMPLE,,3
ANCHOR_EXAMPLE_gemma3_normative_03_b4_20260703_093352,gemma3_normative,gemma3,normative,4,"uncertain utility interaction (net metering, utility ownership, and agreed standards)",anchor,ANCHOR_EXAMPLE,,3
ANCHOR_EXAMPLE_gemma3_normative_03_b8_20260703_093352,gemma3_normative,gemma3,normative,8,misconception and lack of knowledge leads to lengthy/expensive design and permit process,anchor,ANCHOR_EXAMPLE,,3
ANCHOR_EXAMPLE_gemma3_normative_03_b10_20260703_093352,gemma3_normative,gemma3,normative,10,uncertain regulatory roadmap,anchor,ANCHOR_EXAMPLE,,3
ANCHOR_EXAMPLE_gemma3_subject-matter_03_b1_20260703_093352,gemma3_subject-matter,gemma3,subject-matter,1,"power losses, quality and safety issues",anchor,ANCHOR_EXAMPLE,,3
ANCHOR_EXAMPLE_gemma3_subject-matter_03_b4_20260703_093352,gemma3_subject-matter,gemma3,subject-matter,4,"uncertain utility interaction (net metering, utility ownership, and agreed standards)",anchor,ANCHOR_EXAMPLE,,3
ANCHOR_EXAMPLE_gemma3_subject-matter_03_b8_20260703_093352,gemma3_subject-matter,gemma3,subject-matter,8,misconception and lack of knowledge leads to lengthy/expensive design and permit process,anchor,ANCHOR_EXAMPLE,,3
ANCHOR_EXAMPLE_gemma3_subject-matter_03_b10_20260703_093352,gemma3_subject-matter,gemma3,subject-matter,10,uncertain regulatory roadmap,anchor,ANCHOR_EXAMPLE,,3
ANCHOR_EXAMPLE_gemma3_subject-matter_03_b11_20260703_093352,gemma3_subject-matter,gemma3,subject-matter,11,high costs of DC solutions,anchor,ANCHOR_EXAMPLE,,3
ANCHOR_EXAMPLE_phi4_generalist_04_b1_20260703_093559,phi4_generalist,phi4,generalist,1,"power losses, quality and safety issues",anchor,ANCHOR_EXAMPLE,,4
ANCHOR_EXAMPLE_phi4_generalist_04_b3_20260703_093559,phi4_generalist,phi4,generalist,3,lack of use-cases in which DC is advantageous,anchor,ANCHOR_EXAMPLE,,4
ANCHOR_EXAMPLE_phi4_generalist_04_b4_20260703_093559,phi4_generalist,phi4,generalist,4,"uncertain utility interaction (net metering, utility ownership, and agreed standards)",anchor,ANCHOR_EXAMPLE,,4
ANCHOR_EXAMPLE_phi4_generalist_04_b5_20260703_093559,phi4_generalist,phi4,generalist,5,lack of pilot projects,anchor,ANCHOR_EXAMPLE,,4
ANCHOR_EXAMPLE_phi4_generalist_04_b10_20260703_093559,phi4_generalist,phi4,generalist,10,uncertain regulatory roadmap,anchor,ANCHOR_EXAMPLE,,4
ANCHOR_EXAMPLE_phi4_normative_04_b1_20260703_093559,phi4_normative,phi4,normative,1,"power losses, quality and safety issues",anchor,ANCHOR_EXAMPLE,,4
ANCHOR_EXAMPLE_phi4_normative_04_b3_20260703_093559,phi4_normative,phi4,normative,3,lack of use-cases in which DC is advantageous,anchor,ANCHOR_EXAMPLE,,4
ANCHOR_EXAMPLE_phi4_normative_04_b4_20260703_093559,phi4_normative,phi4,normative,4,"uncertain utility interaction (net metering, utility ownership, and agreed standards)",anchor,ANCHOR_EXAMPLE,,4
ANCHOR_EXAMPLE_phi4_normative_04_b8_20260703_093559,phi4_normative,phi4,normative,8,misconception and lack of knowledge leads to lengthy/expensive design and permit process,anchor,ANCHOR_EXAMPLE,,4
ANCHOR_EXAMPLE_phi4_normative_04_b10_20260703_093559,phi4_normative,phi4,normative,10,uncertain regulatory roadmap,anchor,ANCHOR_EXAMPLE,,4
ANCHOR_EXAMPLE_phi4_subject-matter_04_b1_20260703_093559,phi4_subject-matter,phi4,subject-matter,1,"power losses, quality and safety issues",anchor,ANCHOR_EXAMPLE,,4
ANCHOR_EXAMPLE_phi4_subject-matter_04_b3_20260703_093559,phi4_subject-matter,phi4,subject-matter,3,lack of use-cases in which DC is advantageous,anchor,ANCHOR_EXAMPLE,,4
ANCHOR_EXAMPLE_phi4_subject-matter_04_b4_20260703_093559,phi4_subject-matter,phi4,subject-matter,4,"uncertain utility interaction (net metering, utility ownership, and agreed standards)",anchor,ANCHOR_EXAMPLE,,4
ANCHOR_EXAMPLE_phi4_subject-matter_04_b8_20260703_093559,phi4_subject-matter,phi4,subject-matter,8,misconception and lack of knowledge leads to lengthy/expensive design and permit process,anchor,ANCHOR_EXAMPLE,,4
ANCHOR_EXAMPLE_phi4_subject-matter_04_b10_20260703_093559,phi4_subject-matter,phi4,subject-matter,10,uncertain regulatory roadmap,anchor,ANCHOR_EXAMPLE,,4
ANCHOR_EXAMPLE_llama_generalist_04_b1_20260703_093559,llama_generalist,llama,generalist,1,"power losses, quality and safety issues",anchor,ANCHOR_EXAMPLE,,4
ANCHOR_EXAMPLE_llama_generalist_04_b3_20260703_093559,llama_generalist,llama,generalist,3,lack of use-cases in which DC is advantageous,anchor,ANCHOR_EXAMPLE,,4
ANCHOR_EXAMPLE_llama_generalist_04_b4_20260703_093559,llama_generalist,llama,generalist,4,"uncertain utility interaction (net metering, utility ownership, and agreed standards)",anchor,ANCHOR_EXAMPLE,,4
ANCHOR_EXAMPLE_llama_generalist_04_b5_20260703_093559,llama_generalist,llama,generalist,5,lack of pilot projects,anchor,ANCHOR_EXAMPLE,,4
ANCHOR_EXAMPLE_llama_generalist_04_b6_20260703_093559,llama_generalist,llama,generalist,6,public perception of DC and readiness to 'champion' installations from DC projects,anchor,ANCHOR_EXAMPLE,,4
ANCHOR_EXAMPLE_llama_normative_04_b1_20260703_093559,llama_normative,llama,normative,1,"power losses, quality and safety issues",anchor,ANCHOR_EXAMPLE,,4
ANCHOR_EXAMPLE_llama_normative_04_b3_20260703_093559,llama_normative,llama,normative,3,lack of use-cases in which DC is advantageous,anchor,ANCHOR_EXAMPLE,,4
ANCHOR_EXAMPLE_llama_normative_04_b4_20260703_093559,llama_normative,llama,normative,4,"uncertain utility interaction (net metering, utility ownership, and agreed standards)",anchor,ANCHOR_EXAMPLE,,4
ANCHOR_EXAMPLE_llama_normative_04_b6_20260703_093559,llama_normative,llama,normative,6,public perception of DC and readiness to 'champion' installations from DC projects,anchor,ANCHOR_EXAMPLE,,4
ANCHOR_EXAMPLE_llama_normative_04_b7_20260703_093559,llama_normative,llama,normative,7,incompatibility of DC systems components,anchor,ANCHOR_EXAMPLE,,4
ANCHOR_EXAMPLE_llama_subject-matter_04_b1_20260703_093559,llama_subject-matter,llama,subject-matter,1,"power losses, quality and safety issues",anchor,ANCHOR_EXAMPLE,,4
ANCHOR_EXAMPLE_llama_subject-matter_04_b2_20260703_093559,llama_subject-matter,llama,subject-matter,2,reduced reliability in DC devices,anchor,ANCHOR_EXAMPLE,,4
ANCHOR_EXAMPLE_llama_subject-matter_04_b3_20260703_093559,llama_subject-matter,llama,subject-matter,3,lack of use-cases in which DC is advantageous,anchor,ANCHOR_EXAMPLE,,4
ANCHOR_EXAMPLE_llama_subject-matter_04_b4_20260703_093559,llama_subject-matter,llama,subject-matter,4,"uncertain utility interaction (net metering, utility ownership, and agreed standards)",anchor,ANCHOR_EXAMPLE,,4
ANCHOR_EXAMPLE_llama_subject-matter_04_b5_20260703_093559,llama_subject-matter,llama,subject-matter,5,lack of pilot projects,anchor,ANCHOR_EXAMPLE,,4
ANCHOR_EXAMPLE_mistral_generalist_04_b1_20260703_093559,mistral_generalist,mistral,generalist,1,"power losses, quality and safety issues",anchor,ANCHOR_EXAMPLE,,4
ANCHOR_EXAMPLE_mistral_generalist_04_b2_20260703_093559,mistral_generalist,mistral,generalist,2,reduced reliability in DC devices,anchor,ANCHOR_EXAMPLE,,4
ANCHOR_EXAMPLE_mistral_generalist_04_b3_20260703_093559,mistral_generalist,mistral,generalist,3,lack of use-cases in which DC is advantageous,anchor,ANCHOR_EXAMPLE,,4
ANCHOR_EXAMPLE_mistral_generalist_04_b4_20260703_093559,mistral_generalist,mistral,generalist,4,"uncertain utility interaction (net metering, utility ownership, and agreed standards)",anchor,ANCHOR_EXAMPLE,,4
ANCHOR_EXAMPLE_mistral_generalist_04_b5_20260703_093559,mistral_generalist,mistral,generalist,5,lack of pilot projects,anchor,ANCHOR_EXAMPLE,,4
ANCHOR_EXAMPLE_mistral_normative_04_b1_20260703_093559,mistral_normative,mistral,normative,1,"power losses, quality and safety issues",anchor,ANCHOR_EXAMPLE,,4
ANCHOR_EXAMPLE_mistral_normative_04_b2_20260703_093559,mistral_normative,mistral,normative,2,reduced reliability in DC devices,anchor,ANCHOR_EXAMPLE,,4
ANCHOR_EXAMPLE_mistral_normative_04_b3_20260703_093559,mistral_normative,mistral,normative,3,lack of use-cases in which DC is advantageous,anchor,ANCHOR_EXAMPLE,,4
ANCHOR_EXAMPLE_mistral_normative_04_b4_20260703_093559,mistral_normative,mistral,normative,4,"uncertain utility interaction (net metering, utility ownership, and agreed standards)",anchor,ANCHOR_EXAMPLE,,4
ANCHOR_EXAMPLE_mistral_normative_04_b11_20260703_093559,mistral_normative,mistral,normative,11,high costs of DC solutions,anchor,ANCHOR_EXAMPLE,,4
ANCHOR_EXAMPLE_mistral_subject-matter_04_b1_20260703_093559,mistral_subject-matter,mistral,subject-matter,1,"power losses, quality and safety issues",anchor,ANCHOR_EXAMPLE,,4
ANCHOR_EXAMPLE_mistral_subject-matter_04_b2_20260703_093559,mistral_subject-matter,mistral,subject-matter,2,reduced reliability in DC devices,anchor,ANCHOR_EXAMPLE,,4
ANCHOR_EXAMPLE_mistral_subject-matter_04_b3_20260703_093559,mistral_subject-matter,mistral,subject-matter,3,lack of use-cases in which DC is advantageous,anchor,ANCHOR_EXAMPLE,,4
ANCHOR_EXAMPLE_mistral_subject-matter_04_b4_20260703_093559,mistral_subject-matter,mistral,subject-matter,4,"uncertain utility interaction (net metering, utility ownership, and agreed standards)",anchor,ANCHOR_EXAMPLE,,4
ANCHOR_EXAMPLE_mistral_subject-matter_04_b5_20260703_093559,mistral_subject-matter,mistral,subject-matter,5,lack of pilot projects,anchor,ANCHOR_EXAMPLE,,4
ANCHOR_EXAMPLE_gemma3_generalist_04_b1_20260703_093559,gemma3_generalist,gemma3,generalist,1,"power losses, quality and safety issues",anchor,ANCHOR_EXAMPLE,,4
ANCHOR_EXAMPLE_gemma3_generalist_04_b3_20260703_093559,gemma3_generalist,gemma3,generalist,3,lack of use-cases in which DC is advantageous,anchor,ANCHOR_EXAMPLE,,4
ANCHOR_EXAMPLE_gemma3_generalist_04_b6_20260703_093559,gemma3_generalist,gemma3,generalist,6,public perception of DC and readiness to 'champion' installations from DC projects,anchor,ANCHOR_EXAMPLE,,4
ANCHOR_EXAMPLE_gemma3_generalist_04_b8_20260703_093559,gemma3_generalist,gemma3,generalist,8,misconception and lack of knowledge leads to lengthy/expensive design and permit process,anchor,ANCHOR_EXAMPLE,,4
ANCHOR_EXAMPLE_gemma3_generalist_04_b11_20260703_093559,gemma3_generalist,gemma3,generalist,11,high costs of DC solutions,anchor,ANCHOR_EXAMPLE,,4
ANCHOR_EXAMPLE_gemma3_normative_04_b1_20260703_093559,gemma3_normative,gemma3,normative,1,"power losses, quality and safety issues",anchor,ANCHOR_EXAMPLE,,4
ANCHOR_EXAMPLE_gemma3_normative_04_b3_20260703_093559,gemma3_normative,gemma3,normative,3,lack of use-cases in which DC is advantageous,anchor,ANCHOR_EXAMPLE,,4
ANCHOR_EXAMPLE_gemma3_normative_04_b4_20260703_093559,gemma3_normative,gemma3,normative,4,"uncertain utility interaction (net metering, utility ownership, and agreed standards)",anchor,ANCHOR_EXAMPLE,,4
ANCHOR_EXAMPLE_gemma3_normative_04_b8_20260703_093559,gemma3_normative,gemma3,normative,8,misconception and lack of knowledge leads to lengthy/expensive design and permit process,anchor,ANCHOR_EXAMPLE,,4
ANCHOR_EXAMPLE_gemma3_normative_04_b10_20260703_093559,gemma3_normative,gemma3,normative,10,uncertain regulatory roadmap,anchor,ANCHOR_EXAMPLE,,4
ANCHOR_EXAMPLE_gemma3_subject-matter_04_b1_20260703_093559,gemma3_subject-matter,gemma3,subject-matter,1,"power losses, quality and safety issues",anchor,ANCHOR_EXAMPLE,,4
ANCHOR_EXAMPLE_gemma3_subject-matter_04_b3_20260703_093559,gemma3_subject-matter,gemma3,subject-matter,3,lack of use-cases in which DC is advantageous,anchor,ANCHOR_EXAMPLE,,4
ANCHOR_EXAMPLE_gemma3_subject-matter_04_b4_20260703_093559,gemma3_subject-matter,gemma3,subject-matter,4,"uncertain utility interaction (net metering, utility ownership, and agreed standards)",anchor,ANCHOR_EXAMPLE,,4
ANCHOR_EXAMPLE_gemma3_subject-matter_04_b8_20260703_093559,gemma3_subject-matter,gemma3,subject-matter,8,misconception and lack of knowledge leads to lengthy/expensive design and permit process,anchor,ANCHOR_EXAMPLE,,4
ANCHOR_EXAMPLE_gemma3_subject-matter_04_b10_20260703_093559,gemma3_subject-matter,gemma3,subject-matter,10,uncertain regulatory roadmap,anchor,ANCHOR_EXAMPLE,,4
ANCHOR_EXAMPLE_phi4_generalist_05_b1_20260703_095043,phi4_generalist,phi4,generalist,1,"power losses, quality and safety issues",anchor,ANCHOR_EXAMPLE,,5
ANCHOR_EXAMPLE_phi4_generalist_05_b2_20260703_095043,phi4_generalist,phi4,generalist,2,reduced reliability in DC devices,anchor,ANCHOR_EXAMPLE,,5
ANCHOR_EXAMPLE_phi4_generalist_05_b3_20260703_095043,phi4_generalist,phi4,generalist,3,lack of use-cases in which DC is advantageous,anchor,ANCHOR_EXAMPLE,,5
ANCHOR_EXAMPLE_phi4_generalist_05_b4_20260703_095043,phi4_generalist,phi4,generalist,4,"uncertain utility interaction (net metering, utility ownership, and agreed standards)",anchor,ANCHOR_EXAMPLE,,5
ANCHOR_EXAMPLE_phi4_generalist_05_b5_20260703_095043,phi4_generalist,phi4,generalist,5,lack of pilot projects,anchor,ANCHOR_EXAMPLE,,5
ANCHOR_EXAMPLE_phi4_normative_05_b1_20260703_095043,phi4_normative,phi4,normative,1,"power losses, quality and safety issues",anchor,ANCHOR_EXAMPLE,,5
ANCHOR_EXAMPLE_phi4_normative_05_b3_20260703_095043,phi4_normative,phi4,normative,3,lack of use-cases in which DC is advantageous,anchor,ANCHOR_EXAMPLE,,5
ANCHOR_EXAMPLE_phi4_normative_05_b4_20260703_095043,phi4_normative,phi4,normative,4,"uncertain utility interaction (net metering, utility ownership, and agreed standards)",anchor,ANCHOR_EXAMPLE,,5
ANCHOR_EXAMPLE_phi4_normative_05_b8_20260703_095043,phi4_normative,phi4,normative,8,misconception and lack of knowledge leads to lengthy/expensive design and permit process,anchor,ANCHOR_EXAMPLE,,5
ANCHOR_EXAMPLE_phi4_normative_05_b10_20260703_095043,phi4_normative,phi4,normative,10,uncertain regulatory roadmap,anchor,ANCHOR_EXAMPLE,,5
ANCHOR_EXAMPLE_phi4_subject-matter_05_b1_20260703_095043,phi4_subject-matter,phi4,subject-matter,1,"power losses, quality and safety issues",anchor,ANCHOR_EXAMPLE,,5
ANCHOR_EXAMPLE_phi4_subject-matter_05_b2_20260703_095043,phi4_subject-matter,phi4,subject-matter,2,reduced reliability in DC devices,anchor,ANCHOR_EXAMPLE,,5
ANCHOR_EXAMPLE_phi4_subject-matter_05_b3_20260703_095043,phi4_subject-matter,phi4,subject-matter,3,lack of use-cases in which DC is advantageous,anchor,ANCHOR_EXAMPLE,,5
ANCHOR_EXAMPLE_phi4_subject-matter_05_b4_20260703_095043,phi4_subject-matter,phi4,subject-matter,4,"uncertain utility interaction (net metering, utility ownership, and agreed standards)",anchor,ANCHOR_EXAMPLE,,5
ANCHOR_EXAMPLE_phi4_subject-matter_05_b11_20260703_095043,phi4_subject-matter,phi4,subject-matter,11,high costs of DC solutions,anchor,ANCHOR_EXAMPLE,,5
ANCHOR_EXAMPLE_llama_generalist_05_b1_20260703_095043,llama_generalist,llama,generalist,1,"power losses, quality and safety issues",anchor,ANCHOR_EXAMPLE,,5
ANCHOR_EXAMPLE_llama_generalist_05_b3_20260703_095043,llama_generalist,llama,generalist,3,lack of use-cases in which DC is advantageous,anchor,ANCHOR_EXAMPLE,,5
ANCHOR_EXAMPLE_llama_generalist_05_b4_20260703_095043,llama_generalist,llama,generalist,4,"uncertain utility interaction (net metering, utility ownership, and agreed standards)",anchor,ANCHOR_EXAMPLE,,5
ANCHOR_EXAMPLE_llama_generalist_05_b7_20260703_095043,llama_generalist,llama,generalist,7,incompatibility of DC systems components,anchor,ANCHOR_EXAMPLE,,5
ANCHOR_EXAMPLE_llama_generalist_05_b8_20260703_095043,llama_generalist,llama,generalist,8,misconception and lack of knowledge leads to lengthy/expensive design and permit process,anchor,ANCHOR_EXAMPLE,,5
ANCHOR_EXAMPLE_llama_normative_05_b1_20260703_095043,llama_normative,llama,normative,1,"power losses, quality and safety issues",anchor,ANCHOR_EXAMPLE,,5
ANCHOR_EXAMPLE_llama_normative_05_b2_20260703_095043,llama_normative,llama,normative,2,reduced reliability in DC devices,anchor,ANCHOR_EXAMPLE,,5
ANCHOR_EXAMPLE_llama_normative_05_b3_20260703_095043,llama_normative,llama,normative,3,lack of use-cases in which DC is advantageous,anchor,ANCHOR_EXAMPLE,,5
ANCHOR_EXAMPLE_llama_normative_05_b4_20260703_095043,llama_normative,llama,normative,4,"uncertain utility interaction (net metering, utility ownership, and agreed standards)",anchor,ANCHOR_EXAMPLE,,5
ANCHOR_EXAMPLE_llama_normative_05_b5_20260703_095043,llama_normative,llama,normative,5,lack of pilot projects,anchor,ANCHOR_EXAMPLE,,5
ANCHOR_EXAMPLE_llama_subject-matter_05_b1_20260703_095043,llama_subject-matter,llama,subject-matter,1,"power losses, quality and safety issues",anchor,ANCHOR_EXAMPLE,,5
ANCHOR_EXAMPLE_llama_subject-matter_05_b3_20260703_095043,llama_subject-matter,llama,subject-matter,3,lack of use-cases in which DC is advantageous,anchor,ANCHOR_EXAMPLE,,5
ANCHOR_EXAMPLE_llama_subject-matter_05_b4_20260703_095043,llama_subject-matter,llama,subject-matter,4,"uncertain utility interaction (net metering, utility ownership, and agreed standards)",anchor,ANCHOR_EXAMPLE,,5
ANCHOR_EXAMPLE_llama_subject-matter_05_b5_20260703_095043,llama_subject-matter,llama,subject-matter,5,lack of pilot projects,anchor,ANCHOR_EXAMPLE,,5
ANCHOR_EXAMPLE_llama_subject-matter_05_b6_20260703_095043,llama_subject-matter,llama,subject-matter,6,public perception of DC and readiness to 'champion' installations from DC projects,anchor,ANCHOR_EXAMPLE,,5
ANCHOR_EXAMPLE_mistral_generalist_05_b1_20260703_095043,mistral_generalist,mistral,generalist,1,"power losses, quality and safety issues",anchor,ANCHOR_EXAMPLE,,5
ANCHOR_EXAMPLE_mistral_generalist_05_b2_20260703_095043,mistral_generalist,mistral,generalist,2,reduced reliability in DC devices,anchor,ANCHOR_EXAMPLE,,5
ANCHOR_EXAMPLE_mistral_generalist_05_b3_20260703_095043,mistral_generalist,mistral,generalist,3,lack of use-cases in which DC is advantageous,anchor,ANCHOR_EXAMPLE,,5
ANCHOR_EXAMPLE_mistral_generalist_05_b4_20260703_095043,mistral_generalist,mistral,generalist,4,"uncertain utility interaction (net metering, utility ownership, and agreed standards)",anchor,ANCHOR_EXAMPLE,,5
ANCHOR_EXAMPLE_mistral_generalist_05_b10_20260703_095043,mistral_generalist,mistral,generalist,10,uncertain regulatory roadmap,anchor,ANCHOR_EXAMPLE,,5
ANCHOR_EXAMPLE_mistral_normative_05_b1_20260703_095043,mistral_normative,mistral,normative,1,"power losses, quality and safety issues",anchor,ANCHOR_EXAMPLE,,5
ANCHOR_EXAMPLE_mistral_normative_05_b2_20260703_095043,mistral_normative,mistral,normative,2,reduced reliability in DC devices,anchor,ANCHOR_EXAMPLE,,5
ANCHOR_EXAMPLE_mistral_normative_05_b4_20260703_095043,mistral_normative,mistral,normative,4,"uncertain utility interaction (net metering, utility ownership, and agreed standards)",anchor,ANCHOR_EXAMPLE,,5
ANCHOR_EXAMPLE_mistral_normative_05_b5_20260703_095043,mistral_normative,mistral,normative,5,lack of pilot projects,anchor,ANCHOR_EXAMPLE,,5
ANCHOR_EXAMPLE_mistral_normative_05_b6_20260703_095043,mistral_normative,mistral,normative,6,public perception of DC and readiness to 'champion' installations from DC projects,anchor,ANCHOR_EXAMPLE,,5
ANCHOR_EXAMPLE_mistral_subject-matter_05_b1_20260703_095043,mistral_subject-matter,mistral,subject-matter,1,"power losses, quality and safety issues",anchor,ANCHOR_EXAMPLE,,5
ANCHOR_EXAMPLE_mistral_subject-matter_05_b2_20260703_095043,mistral_subject-matter,mistral,subject-matter,2,reduced reliability in DC devices,anchor,ANCHOR_EXAMPLE,,5
ANCHOR_EXAMPLE_mistral_subject-matter_05_b4_20260703_095043,mistral_subject-matter,mistral,subject-matter,4,"uncertain utility interaction (net metering, utility ownership, and agreed standards)",anchor,ANCHOR_EXAMPLE,,5
ANCHOR_EXAMPLE_mistral_subject-matter_05_b5_20260703_095043,mistral_subject-matter,mistral,subject-matter,5,lack of pilot projects,anchor,ANCHOR_EXAMPLE,,5
ANCHOR_EXAMPLE_mistral_subject-matter_05_b6_20260703_095043,mistral_subject-matter,mistral,subject-matter,6,public perception of DC and readiness to 'champion' installations from DC projects,anchor,ANCHOR_EXAMPLE,,5
ANCHOR_EXAMPLE_gemma3_generalist_05_b1_20260703_095043,gemma3_generalist,gemma3,generalist,1,"power losses, quality and safety issues",anchor,ANCHOR_EXAMPLE,,5
ANCHOR_EXAMPLE_gemma3_generalist_05_b3_20260703_095043,gemma3_generalist,gemma3,generalist,3,lack of use-cases in which DC is advantageous,anchor,ANCHOR_EXAMPLE,,5
ANCHOR_EXAMPLE_gemma3_generalist_05_b4_20260703_095043,gemma3_generalist,gemma3,generalist,4,"uncertain utility interaction (net metering, utility ownership, and agreed standards)",anchor,ANCHOR_EXAMPLE,,5
ANCHOR_EXAMPLE_gemma3_generalist_05_b8_20260703_095043,gemma3_generalist,gemma3,generalist,8,misconception and lack of knowledge leads to lengthy/expensive design and permit process,anchor,ANCHOR_EXAMPLE,,5
ANCHOR_EXAMPLE_gemma3_generalist_05_b10_20260703_095043,gemma3_generalist,gemma3,generalist,10,uncertain regulatory roadmap,anchor,ANCHOR_EXAMPLE,,5
ANCHOR_EXAMPLE_gemma3_normative_05_b1_20260703_095043,gemma3_normative,gemma3,normative,1,"power losses, quality and safety issues",anchor,ANCHOR_EXAMPLE,,5
ANCHOR_EXAMPLE_gemma3_normative_05_b4_20260703_095043,gemma3_normative,gemma3,normative,4,"uncertain utility interaction (net metering, utility ownership, and agreed standards)",anchor,ANCHOR_EXAMPLE,,5
ANCHOR_EXAMPLE_gemma3_normative_05_b5_20260703_095043,gemma3_normative,gemma3,normative,5,lack of pilot projects,anchor,ANCHOR_EXAMPLE,,5
ANCHOR_EXAMPLE_gemma3_normative_05_b8_20260703_095043,gemma3_normative,gemma3,normative,8,misconception and lack of knowledge leads to lengthy/expensive design and permit process,anchor,ANCHOR_EXAMPLE,,5
ANCHOR_EXAMPLE_gemma3_normative_05_b10_20260703_095043,gemma3_normative,gemma3,normative,10,uncertain regulatory roadmap,anchor,ANCHOR_EXAMPLE,,5
ANCHOR_EXAMPLE_gemma3_subject-matter_05_b1_20260703_095043,gemma3_subject-matter,gemma3,subject-matter,1,"power losses, quality and safety issues",anchor,ANCHOR_EXAMPLE,,5
ANCHOR_EXAMPLE_gemma3_subject-matter_05_b3_20260703_095043,gemma3_subject-matter,gemma3,subject-matter,3,lack of use-cases in which DC is advantageous,anchor,ANCHOR_EXAMPLE,,5
ANCHOR_EXAMPLE_gemma3_subject-matter_05_b4_20260703_095043,gemma3_subject-matter,gemma3,subject-matter,4,"uncertain utility interaction (net metering, utility ownership, and agreed standards)",anchor,ANCHOR_EXAMPLE,,5
ANCHOR_EXAMPLE_gemma3_subject-matter_05_b8_20260703_095043,gemma3_subject-matter,gemma3,subject-matter,8,misconception and lack of knowledge leads to lengthy/expensive design and permit process,anchor,ANCHOR_EXAMPLE,,5
ANCHOR_EXAMPLE_gemma3_subject-matter_05_b10_20260703_095043,gemma3_subject-matter,gemma3,subject-matter,10,uncertain regulatory roadmap,anchor,ANCHOR_EXAMPLE,,5
ANCHOR_EXAMPLE_phi4_generalist_06_b1_20260703_102540,phi4_generalist,phi4,generalist,1,"power losses, quality and safety issues",anchor,ANCHOR_EXAMPLE,,6
ANCHOR_EXAMPLE_phi4_generalist_06_b4_20260703_102540,phi4_generalist,phi4,generalist,4,"uncertain utility interaction (net metering, utility ownership, and agreed standards)",anchor,ANCHOR_EXAMPLE,,6
ANCHOR_EXAMPLE_phi4_generalist_06_b5_20260703_102540,phi4_generalist,phi4,generalist,5,lack of pilot projects,anchor,ANCHOR_EXAMPLE,,6
ANCHOR_EXAMPLE_phi4_generalist_06_b8_20260703_102540,phi4_generalist,phi4,generalist,8,misconception and lack of knowledge leads to lengthy/expensive design and permit process,anchor,ANCHOR_EXAMPLE,,6
ANCHOR_EXAMPLE_phi4_generalist_06_b10_20260703_102540,phi4_generalist,phi4,generalist,10,uncertain regulatory roadmap,anchor,ANCHOR_EXAMPLE,,6
ANCHOR_EXAMPLE_phi4_normative_06_b1_20260703_102540,phi4_normative,phi4,normative,1,"power losses, quality and safety issues",anchor,ANCHOR_EXAMPLE,,6
ANCHOR_EXAMPLE_phi4_normative_06_b3_20260703_102540,phi4_normative,phi4,normative,3,lack of use-cases in which DC is advantageous,anchor,ANCHOR_EXAMPLE,,6
ANCHOR_EXAMPLE_phi4_normative_06_b4_20260703_102540,phi4_normative,phi4,normative,4,"uncertain utility interaction (net metering, utility ownership, and agreed standards)",anchor,ANCHOR_EXAMPLE,,6
ANCHOR_EXAMPLE_phi4_normative_06_b5_20260703_102540,phi4_normative,phi4,normative,5,lack of pilot projects,anchor,ANCHOR_EXAMPLE,,6
ANCHOR_EXAMPLE_phi4_normative_06_b10_20260703_102540,phi4_normative,phi4,normative,10,uncertain regulatory roadmap,anchor,ANCHOR_EXAMPLE,,6
ANCHOR_EXAMPLE_phi4_subject-matter_06_b1_20260703_102540,phi4_subject-matter,phi4,subject-matter,1,"power losses, quality and safety issues",anchor,ANCHOR_EXAMPLE,,6
ANCHOR_EXAMPLE_phi4_subject-matter_06_b2_20260703_102540,phi4_subject-matter,phi4,subject-matter,2,reduced reliability in DC devices,anchor,ANCHOR_EXAMPLE,,6
ANCHOR_EXAMPLE_phi4_subject-matter_06_b3_20260703_102540,phi4_subject-matter,phi4,subject-matter,3,lack of use-cases in which DC is advantageous,anchor,ANCHOR_EXAMPLE,,6
ANCHOR_EXAMPLE_phi4_subject-matter_06_b4_20260703_102540,phi4_subject-matter,phi4,subject-matter,4,"uncertain utility interaction (net metering, utility ownership, and agreed standards)",anchor,ANCHOR_EXAMPLE,,6
ANCHOR_EXAMPLE_phi4_subject-matter_06_b11_20260703_102540,phi4_subject-matter,phi4,subject-matter,11,high costs of DC solutions,anchor,ANCHOR_EXAMPLE,,6
ANCHOR_EXAMPLE_llama_generalist_06_b1_20260703_102540,llama_generalist,llama,generalist,1,"power losses, quality and safety issues",anchor,ANCHOR_EXAMPLE,,6
ANCHOR_EXAMPLE_llama_generalist_06_b2_20260703_102540,llama_generalist,llama,generalist,2,reduced reliability in DC devices,anchor,ANCHOR_EXAMPLE,,6
ANCHOR_EXAMPLE_llama_generalist_06_b3_20260703_102540,llama_generalist,llama,generalist,3,lack of use-cases in which DC is advantageous,anchor,ANCHOR_EXAMPLE,,6
ANCHOR_EXAMPLE_llama_generalist_06_b4_20260703_102540,llama_generalist,llama,generalist,4,"uncertain utility interaction (net metering, utility ownership, and agreed standards)",anchor,ANCHOR_EXAMPLE,,6
ANCHOR_EXAMPLE_llama_generalist_06_b5_20260703_102540,llama_generalist,llama,generalist,5,lack of pilot projects,anchor,ANCHOR_EXAMPLE,,6
ANCHOR_EXAMPLE_llama_normative_06_b1_20260703_102540,llama_normative,llama,normative,1,"power losses, quality and safety issues",anchor,ANCHOR_EXAMPLE,,6
ANCHOR_EXAMPLE_llama_normative_06_b2_20260703_102540,llama_normative,llama,normative,2,reduced reliability in DC devices,anchor,ANCHOR_EXAMPLE,,6
ANCHOR_EXAMPLE_llama_normative_06_b3_20260703_102540,llama_normative,llama,normative,3,lack of use-cases in which DC is advantageous,anchor,ANCHOR_EXAMPLE,,6
ANCHOR_EXAMPLE_llama_normative_06_b4_20260703_102540,llama_normative,llama,normative,4,"uncertain utility interaction (net metering, utility ownership, and agreed standards)",anchor,ANCHOR_EXAMPLE,,6
ANCHOR_EXAMPLE_llama_normative_06_b5_20260703_102540,llama_normative,llama,normative,5,lack of pilot projects,anchor,ANCHOR_EXAMPLE,,6
ANCHOR_EXAMPLE_llama_subject-matter_06_b1_20260703_102540,llama_subject-matter,llama,subject-matter,1,"power losses, quality and safety issues",anchor,ANCHOR_EXAMPLE,,6
ANCHOR_EXAMPLE_llama_subject-matter_06_b2_20260703_102540,llama_subject-matter,llama,subject-matter,2,reduced reliability in DC devices,anchor,ANCHOR_EXAMPLE,,6
ANCHOR_EXAMPLE_llama_subject-matter_06_b3_20260703_102540,llama_subject-matter,llama,subject-matter,3,lack of use-cases in which DC is advantageous,anchor,ANCHOR_EXAMPLE,,6
ANCHOR_EXAMPLE_llama_subject-matter_06_b4_20260703_102540,llama_subject-matter,llama,subject-matter,4,"uncertain utility interaction (net metering, utility ownership, and agreed standards)",anchor,ANCHOR_EXAMPLE,,6
ANCHOR_EXAMPLE_llama_subject-matter_06_b5_20260703_102540,llama_subject-matter,llama,subject-matter,5,lack of pilot projects,anchor,ANCHOR_EXAMPLE,,6
ANCHOR_EXAMPLE_mistral_generalist_06_b1_20260703_102540,mistral_generalist,mistral,generalist,1,"power losses, quality and safety issues",anchor,ANCHOR_EXAMPLE,,6
ANCHOR_EXAMPLE_mistral_generalist_06_b2_20260703_102540,mistral_generalist,mistral,generalist,2,reduced reliability in DC devices,anchor,ANCHOR_EXAMPLE,,6
ANCHOR_EXAMPLE_mistral_generalist_06_b3_20260703_102540,mistral_generalist,mistral,generalist,3,lack of use-cases in which DC is advantageous,anchor,ANCHOR_EXAMPLE,,6
ANCHOR_EXAMPLE_mistral_generalist_06_b4_20260703_102540,mistral_generalist,mistral,generalist,4,"uncertain utility interaction (net metering, utility ownership, and agreed standards)",anchor,ANCHOR_EXAMPLE,,6
ANCHOR_EXAMPLE_mistral_generalist_06_b5_20260703_102540,mistral_generalist,mistral,generalist,5,lack of pilot projects,anchor,ANCHOR_EXAMPLE,,6
ANCHOR_EXAMPLE_mistral_normative_06_b1_20260703_102540,mistral_normative,mistral,normative,1,"power losses, quality and safety issues",anchor,ANCHOR_EXAMPLE,,6
ANCHOR_EXAMPLE_mistral_normative_06_b4_20260703_102540,mistral_normative,mistral,normative,4,"uncertain utility interaction (net metering, utility ownership, and agreed standards)",anchor,ANCHOR_EXAMPLE,,6
ANCHOR_EXAMPLE_mistral_normative_06_b5_20260703_102540,mistral_normative,mistral,normative,5,lack of pilot projects,anchor,ANCHOR_EXAMPLE,,6
ANCHOR_EXAMPLE_mistral_normative_06_b8_20260703_102540,mistral_normative,mistral,normative,8,misconception and lack of knowledge leads to lengthy/expensive design and permit process,anchor,ANCHOR_EXAMPLE,,6
ANCHOR_EXAMPLE_mistral_normative_06_b9_20260703_102540,mistral_normative,mistral,normative,9,lack of enough trained personnel in DC systems,anchor,ANCHOR_EXAMPLE,,6
ANCHOR_EXAMPLE_mistral_subject-matter_06_b1_20260703_102540,mistral_subject-matter,mistral,subject-matter,1,"power losses, quality and safety issues",anchor,ANCHOR_EXAMPLE,,6
ANCHOR_EXAMPLE_mistral_subject-matter_06_b2_20260703_102540,mistral_subject-matter,mistral,subject-matter,2,reduced reliability in DC devices,anchor,ANCHOR_EXAMPLE,,6
ANCHOR_EXAMPLE_mistral_subject-matter_06_b3_20260703_102540,mistral_subject-matter,mistral,subject-matter,3,lack of use-cases in which DC is advantageous,anchor,ANCHOR_EXAMPLE,,6
ANCHOR_EXAMPLE_mistral_subject-matter_06_b4_20260703_102540,mistral_subject-matter,mistral,subject-matter,4,"uncertain utility interaction (net metering, utility ownership, and agreed standards)",anchor,ANCHOR_EXAMPLE,,6
ANCHOR_EXAMPLE_mistral_subject-matter_06_b5_20260703_102540,mistral_subject-matter,mistral,subject-matter,5,lack of pilot projects,anchor,ANCHOR_EXAMPLE,,6
ANCHOR_EXAMPLE_gemma3_generalist_06_b1_20260703_102540,gemma3_generalist,gemma3,generalist,1,"power losses, quality and safety issues",anchor,ANCHOR_EXAMPLE,,6
ANCHOR_EXAMPLE_gemma3_generalist_06_b3_20260703_102540,gemma3_generalist,gemma3,generalist,3,lack of use-cases in which DC is advantageous,anchor,ANCHOR_EXAMPLE,,6
ANCHOR_EXAMPLE_gemma3_generalist_06_b6_20260703_102540,gemma3_generalist,gemma3,generalist,6,public perception of DC and readiness to 'champion' installations from DC projects,anchor,ANCHOR_EXAMPLE,,6
ANCHOR_EXAMPLE_gemma3_generalist_06_b8_20260703_102540,gemma3_generalist,gemma3,generalist,8,misconception and lack of knowledge leads to lengthy/expensive design and permit process,anchor,ANCHOR_EXAMPLE,,6
ANCHOR_EXAMPLE_gemma3_generalist_06_b10_20260703_102540,gemma3_generalist,gemma3,generalist,10,uncertain regulatory roadmap,anchor,ANCHOR_EXAMPLE,,6
ANCHOR_EXAMPLE_gemma3_normative_06_b1_20260703_102540,gemma3_normative,gemma3,normative,1,"power losses, quality and safety issues",anchor,ANCHOR_EXAMPLE,,6
ANCHOR_EXAMPLE_gemma3_normative_06_b4_20260703_102540,gemma3_normative,gemma3,normative,4,"uncertain utility interaction (net metering, utility ownership, and agreed standards)",anchor,ANCHOR_EXAMPLE,,6
ANCHOR_EXAMPLE_gemma3_normative_06_b8_20260703_102540,gemma3_normative,gemma3,normative,8,misconception and lack of knowledge leads to lengthy/expensive design and permit process,anchor,ANCHOR_EXAMPLE,,6
ANCHOR_EXAMPLE_gemma3_normative_06_b10_20260703_102540,gemma3_normative,gemma3,normative,10,uncertain regulatory roadmap,anchor,ANCHOR_EXAMPLE,,6
ANCHOR_EXAMPLE_gemma3_normative_06_b11_20260703_102540,gemma3_normative,gemma3,normative,11,high costs of DC solutions,anchor,ANCHOR_EXAMPLE,,6
ANCHOR_EXAMPLE_gemma3_subject-matter_06_b1_20260703_102540,gemma3_subject-matter,gemma3,subject-matter,1,"power losses, quality and safety issues",anchor,ANCHOR_EXAMPLE,,6
ANCHOR_EXAMPLE_gemma3_subject-matter_06_b5_20260703_102540,gemma3_subject-matter,gemma3,subject-matter,5,lack of pilot projects,anchor,ANCHOR_EXAMPLE,,6
ANCHOR_EXAMPLE_gemma3_subject-matter_06_b6_20260703_102540,gemma3_subject-matter,gemma3,subject-matter,6,public perception of DC and readiness to 'champion' installations from DC projects,anchor,ANCHOR_EXAMPLE,,6
ANCHOR_EXAMPLE_gemma3_subject-matter_06_b8_20260703_102540,gemma3_subject-matter,gemma3,subject-matter,8,misconception and lack of knowledge leads to lengthy/expensive design and permit process,anchor,ANCHOR_EXAMPLE,,6
ANCHOR_EXAMPLE_gemma3_subject-matter_06_b10_20260703_102540,gemma3_subject-matter,gemma3,subject-matter,10,uncertain regulatory roadmap,anchor,ANCHOR_EXAMPLE,,6
ANCHOR_EXAMPLE_phi4_generalist_07_b1_20260703_102751,phi4_generalist,phi4,generalist,1,"power losses, quality and safety issues",anchor,ANCHOR_EXAMPLE,,7
ANCHOR_EXAMPLE_phi4_generalist_07_b2_20260703_102751,phi4_generalist,phi4,generalist,2,reduced reliability in DC devices,anchor,ANCHOR_EXAMPLE,,7
ANCHOR_EXAMPLE_phi4_generalist_07_b3_20260703_102751,phi4_generalist,phi4,generalist,3,lack of use-cases in which DC is advantageous,anchor,ANCHOR_EXAMPLE,,7
ANCHOR_EXAMPLE_phi4_generalist_07_b4_20260703_102751,phi4_generalist,phi4,generalist,4,"uncertain utility interaction (net metering, utility ownership, and agreed standards)",anchor,ANCHOR_EXAMPLE,,7
ANCHOR_EXAMPLE_phi4_generalist_07_b5_20260703_102751,phi4_generalist,phi4,generalist,5,lack of pilot projects,anchor,ANCHOR_EXAMPLE,,7
ANCHOR_EXAMPLE_phi4_normative_07_b1_20260703_102751,phi4_normative,phi4,normative,1,"power losses, quality and safety issues",anchor,ANCHOR_EXAMPLE,,7
ANCHOR_EXAMPLE_phi4_normative_07_b2_20260703_102751,phi4_normative,phi4,normative,2,reduced reliability in DC devices,anchor,ANCHOR_EXAMPLE,,7
ANCHOR_EXAMPLE_phi4_normative_07_b3_20260703_102751,phi4_normative,phi4,normative,3,lack of use-cases in which DC is advantageous,anchor,ANCHOR_EXAMPLE,,7
ANCHOR_EXAMPLE_phi4_normative_07_b4_20260703_102751,phi4_normative,phi4,normative,4,"uncertain utility interaction (net metering, utility ownership, and agreed standards)",anchor,ANCHOR_EXAMPLE,,7
ANCHOR_EXAMPLE_phi4_normative_07_b5_20260703_102751,phi4_normative,phi4,normative,5,lack of pilot projects,anchor,ANCHOR_EXAMPLE,,7
ANCHOR_EXAMPLE_phi4_subject-matter_07_b1_20260703_102751,phi4_subject-matter,phi4,subject-matter,1,"power losses, quality and safety issues",anchor,ANCHOR_EXAMPLE,,7
ANCHOR_EXAMPLE_phi4_subject-matter_07_b3_20260703_102751,phi4_subject-matter,phi4,subject-matter,3,lack of use-cases in which DC is advantageous,anchor,ANCHOR_EXAMPLE,,7
ANCHOR_EXAMPLE_phi4_subject-matter_07_b4_20260703_102751,phi4_subject-matter,phi4,subject-matter,4,"uncertain utility interaction (net metering, utility ownership, and agreed standards)",anchor,ANCHOR_EXAMPLE,,7
ANCHOR_EXAMPLE_phi4_subject-matter_07_b8_20260703_102751,phi4_subject-matter,phi4,subject-matter,8,misconception and lack of knowledge leads to lengthy/expensive design and permit process,anchor,ANCHOR_EXAMPLE,,7
ANCHOR_EXAMPLE_phi4_subject-matter_07_b10_20260703_102751,phi4_subject-matter,phi4,subject-matter,10,uncertain regulatory roadmap,anchor,ANCHOR_EXAMPLE,,7
ANCHOR_EXAMPLE_llama_generalist_07_b1_20260703_102751,llama_generalist,llama,generalist,1,"power losses, quality and safety issues",anchor,ANCHOR_EXAMPLE,,7
ANCHOR_EXAMPLE_llama_generalist_07_b2_20260703_102751,llama_generalist,llama,generalist,2,reduced reliability in DC devices,anchor,ANCHOR_EXAMPLE,,7
ANCHOR_EXAMPLE_llama_generalist_07_b3_20260703_102751,llama_generalist,llama,generalist,3,lack of use-cases in which DC is advantageous,anchor,ANCHOR_EXAMPLE,,7
ANCHOR_EXAMPLE_llama_generalist_07_b4_20260703_102751,llama_generalist,llama,generalist,4,"uncertain utility interaction (net metering, utility ownership, and agreed standards)",anchor,ANCHOR_EXAMPLE,,7
ANCHOR_EXAMPLE_llama_generalist_07_b5_20260703_102751,llama_generalist,llama,generalist,5,lack of pilot projects,anchor,ANCHOR_EXAMPLE,,7
ANCHOR_EXAMPLE_llama_normative_07_b1_20260703_102751,llama_normative,llama,normative,1,"power losses, quality and safety issues",anchor,ANCHOR_EXAMPLE,,7
ANCHOR_EXAMPLE_llama_normative_07_b2_20260703_102751,llama_normative,llama,normative,2,reduced reliability in DC devices,anchor,ANCHOR_EXAMPLE,,7
ANCHOR_EXAMPLE_llama_normative_07_b3_20260703_102751,llama_normative,llama,normative,3,lack of use-cases in which DC is advantageous,anchor,ANCHOR_EXAMPLE,,7
ANCHOR_EXAMPLE_llama_normative_07_b4_20260703_102751,llama_normative,llama,normative,4,"uncertain utility interaction (net metering, utility ownership, and agreed standards)",anchor,ANCHOR_EXAMPLE,,7
ANCHOR_EXAMPLE_llama_normative_07_b5_20260703_102751,llama_normative,llama,normative,5,lack of pilot projects,anchor,ANCHOR_EXAMPLE,,7
ANCHOR_EXAMPLE_llama_subject-matter_07_b1_20260703_102751,llama_subject-matter,llama,subject-matter,1,"power losses, quality and safety issues",anchor,ANCHOR_EXAMPLE,,7
ANCHOR_EXAMPLE_llama_subject-matter_07_b2_20260703_102751,llama_subject-matter,llama,subject-matter,2,reduced reliability in DC devices,anchor,ANCHOR_EXAMPLE,,7
ANCHOR_EXAMPLE_llama_subject-matter_07_b3_20260703_102751,llama_subject-matter,llama,subject-matter,3,lack of use-cases in which DC is advantageous,anchor,ANCHOR_EXAMPLE,,7
ANCHOR_EXAMPLE_llama_subject-matter_07_b4_20260703_102751,llama_subject-matter,llama,subject-matter,4,"uncertain utility interaction (net metering, utility ownership, and agreed standards)",anchor,ANCHOR_EXAMPLE,,7
ANCHOR_EXAMPLE_llama_subject-matter_07_b5_20260703_102751,llama_subject-matter,llama,subject-matter,5,lack of pilot projects,anchor,ANCHOR_EXAMPLE,,7
ANCHOR_EXAMPLE_mistral_generalist_07_b1_20260703_102751,mistral_generalist,mistral,generalist,1,"power losses, quality and safety issues",anchor,ANCHOR_EXAMPLE,,7
ANCHOR_EXAMPLE_mistral_generalist_07_b2_20260703_102751,mistral_generalist,mistral,generalist,2,reduced reliability in DC devices,anchor,ANCHOR_EXAMPLE,,7
ANCHOR_EXAMPLE_mistral_generalist_07_b3_20260703_102751,mistral_generalist,mistral,generalist,3,lack of use-cases in which DC is advantageous,anchor,ANCHOR_EXAMPLE,,7
ANCHOR_EXAMPLE_mistral_generalist_07_b4_20260703_102751,mistral_generalist,mistral,generalist,4,"uncertain utility interaction (net metering, utility ownership, and agreed standards)",anchor,ANCHOR_EXAMPLE,,7
ANCHOR_EXAMPLE_mistral_generalist_07_b5_20260703_102751,mistral_generalist,mistral,generalist,5,lack of pilot projects,anchor,ANCHOR_EXAMPLE,,7
ANCHOR_EXAMPLE_mistral_normative_07_b1_20260703_102751,mistral_normative,mistral,normative,1,"power losses, quality and safety issues",anchor,ANCHOR_EXAMPLE,,7
ANCHOR_EXAMPLE_mistral_normative_07_b2_20260703_102751,mistral_normative,mistral,normative,2,reduced reliability in DC devices,anchor,ANCHOR_EXAMPLE,,7
ANCHOR_EXAMPLE_mistral_normative_07_b4_20260703_102751,mistral_normative,mistral,normative,4,"uncertain utility interaction (net metering, utility ownership, and agreed standards)",anchor,ANCHOR_EXAMPLE,,7
ANCHOR_EXAMPLE_mistral_normative_07_b5_20260703_102751,mistral_normative,mistral,normative,5,lack of pilot projects,anchor,ANCHOR_EXAMPLE,,7
ANCHOR_EXAMPLE_mistral_normative_07_b6_20260703_102751,mistral_normative,mistral,normative,6,public perception of DC and readiness to 'champion' installations from DC projects,anchor,ANCHOR_EXAMPLE,,7
ANCHOR_EXAMPLE_mistral_subject-matter_07_b1_20260703_102751,mistral_subject-matter,mistral,subject-matter,1,"power losses, quality and safety issues",anchor,ANCHOR_EXAMPLE,,7
ANCHOR_EXAMPLE_mistral_subject-matter_07_b2_20260703_102751,mistral_subject-matter,mistral,subject-matter,2,reduced reliability in DC devices,anchor,ANCHOR_EXAMPLE,,7
ANCHOR_EXAMPLE_mistral_subject-matter_07_b4_20260703_102751,mistral_subject-matter,mistral,subject-matter,4,"uncertain utility interaction (net metering, utility ownership, and agreed standards)",anchor,ANCHOR_EXAMPLE,,7
ANCHOR_EXAMPLE_mistral_subject-matter_07_b5_20260703_102751,mistral_subject-matter,mistral,subject-matter,5,lack of pilot projects,anchor,ANCHOR_EXAMPLE,,7
ANCHOR_EXAMPLE_mistral_subject-matter_07_b11_20260703_102751,mistral_subject-matter,mistral,subject-matter,11,high costs of DC solutions,anchor,ANCHOR_EXAMPLE,,7
ANCHOR_EXAMPLE_gemma3_generalist_07_b1_20260703_102751,gemma3_generalist,gemma3,generalist,1,"power losses, quality and safety issues",anchor,ANCHOR_EXAMPLE,,7
ANCHOR_EXAMPLE_gemma3_generalist_07_b3_20260703_102751,gemma3_generalist,gemma3,generalist,3,lack of use-cases in which DC is advantageous,anchor,ANCHOR_EXAMPLE,,7
ANCHOR_EXAMPLE_gemma3_generalist_07_b4_20260703_102751,gemma3_generalist,gemma3,generalist,4,"uncertain utility interaction (net metering, utility ownership, and agreed standards)",anchor,ANCHOR_EXAMPLE,,7
ANCHOR_EXAMPLE_gemma3_generalist_07_b8_20260703_102751,gemma3_generalist,gemma3,generalist,8,misconception and lack of knowledge leads to lengthy/expensive design and permit process,anchor,ANCHOR_EXAMPLE,,7
ANCHOR_EXAMPLE_gemma3_generalist_07_b11_20260703_102751,gemma3_generalist,gemma3,generalist,11,high costs of DC solutions,anchor,ANCHOR_EXAMPLE,,7
ANCHOR_EXAMPLE_gemma3_normative_07_b1_20260703_102751,gemma3_normative,gemma3,normative,1,"power losses, quality and safety issues",anchor,ANCHOR_EXAMPLE,,7
ANCHOR_EXAMPLE_gemma3_normative_07_b3_20260703_102751,gemma3_normative,gemma3,normative,3,lack of use-cases in which DC is advantageous,anchor,ANCHOR_EXAMPLE,,7
ANCHOR_EXAMPLE_gemma3_normative_07_b4_20260703_102751,gemma3_normative,gemma3,normative,4,"uncertain utility interaction (net metering, utility ownership, and agreed standards)",anchor,ANCHOR_EXAMPLE,,7
ANCHOR_EXAMPLE_gemma3_normative_07_b8_20260703_102751,gemma3_normative,gemma3,normative,8,misconception and lack of knowledge leads to lengthy/expensive design and permit process,anchor,ANCHOR_EXAMPLE,,7
ANCHOR_EXAMPLE_gemma3_normative_07_b10_20260703_102751,gemma3_normative,gemma3,normative,10,uncertain regulatory roadmap,anchor,ANCHOR_EXAMPLE,,7
ANCHOR_EXAMPLE_gemma3_subject-matter_07_b1_20260703_102751,gemma3_subject-matter,gemma3,subject-matter,1,"power losses, quality and safety issues",anchor,ANCHOR_EXAMPLE,,7
ANCHOR_EXAMPLE_gemma3_subject-matter_07_b3_20260703_102751,gemma3_subject-matter,gemma3,subject-matter,3,lack of use-cases in which DC is advantageous,anchor,ANCHOR_EXAMPLE,,7
ANCHOR_EXAMPLE_gemma3_subject-matter_07_b4_20260703_102751,gemma3_subject-matter,gemma3,subject-matter,4,"uncertain utility interaction (net metering, utility ownership, and agreed standards)",anchor,ANCHOR_EXAMPLE,,7
ANCHOR_EXAMPLE_gemma3_subject-matter_07_b8_20260703_102751,gemma3_subject-matter,gemma3,subject-matter,8,misconception and lack of knowledge leads to lengthy/expensive design and permit process,anchor,ANCHOR_EXAMPLE,,7
ANCHOR_EXAMPLE_gemma3_subject-matter_07_b10_20260703_102751,gemma3_subject-matter,gemma3,subject-matter,10,uncertain regulatory roadmap,anchor,ANCHOR_EXAMPLE,,7
ANCHOR_EXAMPLE_phi4_generalist_08_b1_20260703_103202,phi4_generalist,phi4,generalist,1,"power losses, quality and safety issues",anchor,ANCHOR_EXAMPLE,,8
ANCHOR_EXAMPLE_phi4_generalist_08_b3_20260703_103202,phi4_generalist,phi4,generalist,3,lack of use-cases in which DC is advantageous,anchor,ANCHOR_EXAMPLE,,8
ANCHOR_EXAMPLE_phi4_generalist_08_b4_20260703_103202,phi4_generalist,phi4,generalist,4,"uncertain utility interaction (net metering, utility ownership, and agreed standards)",anchor,ANCHOR_EXAMPLE,,8
ANCHOR_EXAMPLE_phi4_generalist_08_b8_20260703_103202,phi4_generalist,phi4,generalist,8,misconception and lack of knowledge leads to lengthy/expensive design and permit process,anchor,ANCHOR_EXAMPLE,,8
ANCHOR_EXAMPLE_phi4_generalist_08_b10_20260703_103202,phi4_generalist,phi4,generalist,10,uncertain regulatory roadmap,anchor,ANCHOR_EXAMPLE,,8
ANCHOR_EXAMPLE_phi4_normative_08_b1_20260703_103202,phi4_normative,phi4,normative,1,"power losses, quality and safety issues",anchor,ANCHOR_EXAMPLE,,8
ANCHOR_EXAMPLE_phi4_normative_08_b3_20260703_103202,phi4_normative,phi4,normative,3,lack of use-cases in which DC is advantageous,anchor,ANCHOR_EXAMPLE,,8
ANCHOR_EXAMPLE_phi4_normative_08_b4_20260703_103202,phi4_normative,phi4,normative,4,"uncertain utility interaction (net metering, utility ownership, and agreed standards)",anchor,ANCHOR_EXAMPLE,,8
ANCHOR_EXAMPLE_phi4_normative_08_b5_20260703_103202,phi4_normative,phi4,normative,5,lack of pilot projects,anchor,ANCHOR_EXAMPLE,,8
ANCHOR_EXAMPLE_phi4_normative_08_b10_20260703_103202,phi4_normative,phi4,normative,10,uncertain regulatory roadmap,anchor,ANCHOR_EXAMPLE,,8
ANCHOR_EXAMPLE_phi4_subject-matter_08_b1_20260703_103202,phi4_subject-matter,phi4,subject-matter,1,"power losses, quality and safety issues",anchor,ANCHOR_EXAMPLE,,8
ANCHOR_EXAMPLE_phi4_subject-matter_08_b2_20260703_103202,phi4_subject-matter,phi4,subject-matter,2,reduced reliability in DC devices,anchor,ANCHOR_EXAMPLE,,8
ANCHOR_EXAMPLE_phi4_subject-matter_08_b3_20260703_103202,phi4_subject-matter,phi4,subject-matter,3,lack of use-cases in which DC is advantageous,anchor,ANCHOR_EXAMPLE,,8
ANCHOR_EXAMPLE_phi4_subject-matter_08_b4_20260703_103202,phi4_subject-matter,phi4,subject-matter,4,"uncertain utility interaction (net metering, utility ownership, and agreed standards)",anchor,ANCHOR_EXAMPLE,,8
ANCHOR_EXAMPLE_phi4_subject-matter_08_b11_20260703_103202,phi4_subject-matter,phi4,subject-matter,11,high costs of DC solutions,anchor,ANCHOR_EXAMPLE,,8
ANCHOR_EXAMPLE_llama_generalist_08_b1_20260703_103202,llama_generalist,llama,generalist,1,"power losses, quality and safety issues",anchor,ANCHOR_EXAMPLE,,8
ANCHOR_EXAMPLE_llama_generalist_08_b2_20260703_103202,llama_generalist,llama,generalist,2,reduced reliability in DC devices,anchor,ANCHOR_EXAMPLE,,8
ANCHOR_EXAMPLE_llama_generalist_08_b3_20260703_103202,llama_generalist,llama,generalist,3,lack of use-cases in which DC is advantageous,anchor,ANCHOR_EXAMPLE,,8
ANCHOR_EXAMPLE_llama_generalist_08_b4_20260703_103202,llama_generalist,llama,generalist,4,"uncertain utility interaction (net metering, utility ownership, and agreed standards)",anchor,ANCHOR_EXAMPLE,,8
ANCHOR_EXAMPLE_llama_generalist_08_b5_20260703_103202,llama_generalist,llama,generalist,5,lack of pilot projects,anchor,ANCHOR_EXAMPLE,,8
ANCHOR_EXAMPLE_llama_normative_08_b1_20260703_103202,llama_normative,llama,normative,1,"power losses, quality and safety issues",anchor,ANCHOR_EXAMPLE,,8
ANCHOR_EXAMPLE_llama_normative_08_b2_20260703_103202,llama_normative,llama,normative,2,reduced reliability in DC devices,anchor,ANCHOR_EXAMPLE,,8
ANCHOR_EXAMPLE_llama_normative_08_b4_20260703_103202,llama_normative,llama,normative,4,"uncertain utility interaction (net metering, utility ownership, and agreed standards)",anchor,ANCHOR_EXAMPLE,,8
ANCHOR_EXAMPLE_llama_normative_08_b5_20260703_103202,llama_normative,llama,normative,5,lack of pilot projects,anchor,ANCHOR_EXAMPLE,,8
ANCHOR_EXAMPLE_llama_normative_08_b6_20260703_103202,llama_normative,llama,normative,6,public perception of DC and readiness to 'champion' installations from DC projects,anchor,ANCHOR_EXAMPLE,,8
ANCHOR_EXAMPLE_llama_subject-matter_08_b1_20260703_103202,llama_subject-matter,llama,subject-matter,1,"power losses, quality and safety issues",anchor,ANCHOR_EXAMPLE,,8
ANCHOR_EXAMPLE_llama_subject-matter_08_b4_20260703_103202,llama_subject-matter,llama,subject-matter,4,"uncertain utility interaction (net metering, utility ownership, and agreed standards)",anchor,ANCHOR_EXAMPLE,,8
ANCHOR_EXAMPLE_llama_subject-matter_08_b5_20260703_103202,llama_subject-matter,llama,subject-matter,5,lack of pilot projects,anchor,ANCHOR_EXAMPLE,,8
ANCHOR_EXAMPLE_llama_subject-matter_08_b7_20260703_103202,llama_subject-matter,llama,subject-matter,7,incompatibility of DC systems components,anchor,ANCHOR_EXAMPLE,,8
ANCHOR_EXAMPLE_llama_subject-matter_08_b11_20260703_103202,llama_subject-matter,llama,subject-matter,11,high costs of DC solutions,anchor,ANCHOR_EXAMPLE,,8
ANCHOR_EXAMPLE_mistral_generalist_08_b1_20260703_103202,mistral_generalist,mistral,generalist,1,"power losses, quality and safety issues",anchor,ANCHOR_EXAMPLE,,8
ANCHOR_EXAMPLE_mistral_generalist_08_b2_20260703_103202,mistral_generalist,mistral,generalist,2,reduced reliability in DC devices,anchor,ANCHOR_EXAMPLE,,8
ANCHOR_EXAMPLE_mistral_generalist_08_b3_20260703_103202,mistral_generalist,mistral,generalist,3,lack of use-cases in which DC is advantageous,anchor,ANCHOR_EXAMPLE,,8
ANCHOR_EXAMPLE_mistral_generalist_08_b4_20260703_103202,mistral_generalist,mistral,generalist,4,"uncertain utility interaction (net metering, utility ownership, and agreed standards)",anchor,ANCHOR_EXAMPLE,,8
ANCHOR_EXAMPLE_mistral_generalist_08_b5_20260703_103202,mistral_generalist,mistral,generalist,5,lack of pilot projects,anchor,ANCHOR_EXAMPLE,,8
ANCHOR_EXAMPLE_mistral_normative_08_b1_20260703_103202,mistral_normative,mistral,normative,1,"power losses, quality and safety issues",anchor,ANCHOR_EXAMPLE,,8
ANCHOR_EXAMPLE_mistral_normative_08_b4_20260703_103202,mistral_normative,mistral,normative,4,"uncertain utility interaction (net metering, utility ownership, and agreed standards)",anchor,ANCHOR_EXAMPLE,,8
ANCHOR_EXAMPLE_mistral_normative_08_b2_20260703_103202,mistral_normative,mistral,normative,2,reduced reliability in DC devices,anchor,ANCHOR_EXAMPLE,,8
ANCHOR_EXAMPLE_mistral_normative_08_b5_20260703_103202,mistral_normative,mistral,normative,5,lack of pilot projects,anchor,ANCHOR_EXAMPLE,,8
ANCHOR_EXAMPLE_mistral_normative_08_b7_20260703_103202,mistral_normative,mistral,normative,7,incompatibility of DC systems components,anchor,ANCHOR_EXAMPLE,,8
ANCHOR_EXAMPLE_mistral_subject-matter_08_b1_20260703_103202,mistral_subject-matter,mistral,subject-matter,1,"power losses, quality and safety issues",anchor,ANCHOR_EXAMPLE,,8
ANCHOR_EXAMPLE_mistral_subject-matter_08_b2_20260703_103202,mistral_subject-matter,mistral,subject-matter,2,reduced reliability in DC devices,anchor,ANCHOR_EXAMPLE,,8
ANCHOR_EXAMPLE_mistral_subject-matter_08_b3_20260703_103202,mistral_subject-matter,mistral,subject-matter,3,lack of use-cases in which DC is advantageous,anchor,ANCHOR_EXAMPLE,,8
ANCHOR_EXAMPLE_mistral_subject-matter_08_b4_20260703_103202,mistral_subject-matter,mistral,subject-matter,4,"uncertain utility interaction (net metering, utility ownership, and agreed standards)",anchor,ANCHOR_EXAMPLE,,8
ANCHOR_EXAMPLE_mistral_subject-matter_08_b5_20260703_103202,mistral_subject-matter,mistral,subject-matter,5,lack of pilot projects,anchor,ANCHOR_EXAMPLE,,8
ANCHOR_EXAMPLE_gemma3_generalist_08_b1_20260703_103202,gemma3_generalist,gemma3,generalist,1,"power losses, quality and safety issues",anchor,ANCHOR_EXAMPLE,,8
ANCHOR_EXAMPLE_gemma3_generalist_08_b5_20260703_103202,gemma3_generalist,gemma3,generalist,5,lack of pilot projects,anchor,ANCHOR_EXAMPLE,,8
ANCHOR_EXAMPLE_gemma3_generalist_08_b6_20260703_103202,gemma3_generalist,gemma3,generalist,6,public perception of DC and readiness to 'champion' installations from DC projects,anchor,ANCHOR_EXAMPLE,,8
ANCHOR_EXAMPLE_gemma3_generalist_08_b8_20260703_103202,gemma3_generalist,gemma3,generalist,8,misconception and lack of knowledge leads to lengthy/expensive design and permit process,anchor,ANCHOR_EXAMPLE,,8
ANCHOR_EXAMPLE_gemma3_generalist_08_b11_20260703_103202,gemma3_generalist,gemma3,generalist,11,high costs of DC solutions,anchor,ANCHOR_EXAMPLE,,8
ANCHOR_EXAMPLE_gemma3_normative_08_b1_20260703_103202,gemma3_normative,gemma3,normative,1,"power losses, quality and safety issues",anchor,ANCHOR_EXAMPLE,,8
ANCHOR_EXAMPLE_gemma3_normative_08_b3_20260703_103202,gemma3_normative,gemma3,normative,3,lack of use-cases in which DC is advantageous,anchor,ANCHOR_EXAMPLE,,8
ANCHOR_EXAMPLE_gemma3_normative_08_b4_20260703_103202,gemma3_normative,gemma3,normative,4,"uncertain utility interaction (net metering, utility ownership, and agreed standards)",anchor,ANCHOR_EXAMPLE,,8
ANCHOR_EXAMPLE_gemma3_normative_08_b8_20260703_103202,gemma3_normative,gemma3,normative,8,misconception and lack of knowledge leads to lengthy/expensive design and permit process,anchor,ANCHOR_EXAMPLE,,8
ANCHOR_EXAMPLE_gemma3_normative_08_b10_20260703_103202,gemma3_normative,gemma3,normative,10,uncertain regulatory roadmap,anchor,ANCHOR_EXAMPLE,,8
ANCHOR_EXAMPLE_gemma3_subject-matter_08_b1_20260703_103202,gemma3_subject-matter,gemma3,subject-matter,1,"power losses, quality and safety issues",anchor,ANCHOR_EXAMPLE,,8
ANCHOR_EXAMPLE_gemma3_subject-matter_08_b3_20260703_103202,gemma3_subject-matter,gemma3,subject-matter,3,lack of use-cases in which DC is advantageous,anchor,ANCHOR_EXAMPLE,,8
ANCHOR_EXAMPLE_gemma3_subject-matter_08_b4_20260703_103202,gemma3_subject-matter,gemma3,subject-matter,4,"uncertain utility interaction (net metering, utility ownership, and agreed standards)",anchor,ANCHOR_EXAMPLE,,8
ANCHOR_EXAMPLE_gemma3_subject-matter_08_b8_20260703_103202,gemma3_subject-matter,gemma3,subject-matter,8,misconception and lack of knowledge leads to lengthy/expensive design and permit process,anchor,ANCHOR_EXAMPLE,,8
ANCHOR_EXAMPLE_gemma3_subject-matter_08_b10_20260703_103202,gemma3_subject-matter,gemma3,subject-matter,10,uncertain regulatory roadmap,anchor,ANCHOR_EXAMPLE,,8
ANCHOR_EXAMPLE_phi4_generalist_09_b1_20260703_132940,phi4_generalist,phi4,generalist,1,"power losses, quality and safety issues",anchor,ANCHOR_EXAMPLE,,9
ANCHOR_EXAMPLE_phi4_generalist_09_b3_20260703_132940,phi4_generalist,phi4,generalist,3,lack of use-cases in which DC is advantageous,anchor,ANCHOR_EXAMPLE,,9
ANCHOR_EXAMPLE_phi4_generalist_09_b4_20260703_132940,phi4_generalist,phi4,generalist,4,"uncertain utility interaction (net metering, utility ownership, and agreed standards)",anchor,ANCHOR_EXAMPLE,,9
ANCHOR_EXAMPLE_phi4_generalist_09_b5_20260703_132940,phi4_generalist,phi4,generalist,5,lack of pilot projects,anchor,ANCHOR_EXAMPLE,,9
ANCHOR_EXAMPLE_phi4_generalist_09_b10_20260703_132940,phi4_generalist,phi4,generalist,10,uncertain regulatory roadmap,anchor,ANCHOR_EXAMPLE,,9
ANCHOR_EXAMPLE_phi4_normative_09_b1_20260703_132940,phi4_normative,phi4,normative,1,"power losses, quality and safety issues",anchor,ANCHOR_EXAMPLE,,9
ANCHOR_EXAMPLE_phi4_normative_09_b2_20260703_132940,phi4_normative,phi4,normative,2,reduced reliability in DC devices,anchor,ANCHOR_EXAMPLE,,9
ANCHOR_EXAMPLE_phi4_normative_09_b3_20260703_132940,phi4_normative,phi4,normative,3,lack of use-cases in which DC is advantageous,anchor,ANCHOR_EXAMPLE,,9
ANCHOR_EXAMPLE_phi4_normative_09_b4_20260703_132940,phi4_normative,phi4,normative,4,"uncertain utility interaction (net metering, utility ownership, and agreed standards)",anchor,ANCHOR_EXAMPLE,,9
ANCHOR_EXAMPLE_phi4_normative_09_b5_20260703_132940,phi4_normative,phi4,normative,5,lack of pilot projects,anchor,ANCHOR_EXAMPLE,,9
ANCHOR_EXAMPLE_phi4_subject-matter_09_b1_20260703_132940,phi4_subject-matter,phi4,subject-matter,1,"power losses, quality and safety issues",anchor,ANCHOR_EXAMPLE,,9
ANCHOR_EXAMPLE_phi4_subject-matter_09_b2_20260703_132940,phi4_subject-matter,phi4,subject-matter,2,reduced reliability in DC devices,anchor,ANCHOR_EXAMPLE,,9
ANCHOR_EXAMPLE_phi4_subject-matter_09_b3_20260703_132940,phi4_subject-matter,phi4,subject-matter,3,lack of use-cases in which DC is advantageous,anchor,ANCHOR_EXAMPLE,,9
ANCHOR_EXAMPLE_phi4_subject-matter_09_b4_20260703_132940,phi4_subject-matter,phi4,subject-matter,4,"uncertain utility interaction (net metering, utility ownership, and agreed standards)",anchor,ANCHOR_EXAMPLE,,9
ANCHOR_EXAMPLE_phi4_subject-matter_09_b11_20260703_132940,phi4_subject-matter,phi4,subject-matter,11,high costs of DC solutions,anchor,ANCHOR_EXAMPLE,,9
ANCHOR_EXAMPLE_llama_generalist_09_b1_20260703_132940,llama_generalist,llama,generalist,1,"power losses, quality and safety issues",anchor,ANCHOR_EXAMPLE,,9
ANCHOR_EXAMPLE_llama_generalist_09_b2_20260703_132940,llama_generalist,llama,generalist,2,reduced reliability in DC devices,anchor,ANCHOR_EXAMPLE,,9
ANCHOR_EXAMPLE_llama_generalist_09_b4_20260703_132940,llama_generalist,llama,generalist,4,"uncertain utility interaction (net metering, utility ownership, and agreed standards)",anchor,ANCHOR_EXAMPLE,,9
ANCHOR_EXAMPLE_llama_generalist_09_b3_20260703_132940,llama_generalist,llama,generalist,3,lack of use-cases in which DC is advantageous,anchor,ANCHOR_EXAMPLE,,9
ANCHOR_EXAMPLE_llama_generalist_09_b6_20260703_132940,llama_generalist,llama,generalist,6,public perception of DC and readiness to 'champion' installations from DC projects,anchor,ANCHOR_EXAMPLE,,9
ANCHOR_EXAMPLE_llama_normative_09_b1_20260703_132940,llama_normative,llama,normative,1,"power losses, quality and safety issues",anchor,ANCHOR_EXAMPLE,,9
ANCHOR_EXAMPLE_llama_normative_09_b2_20260703_132940,llama_normative,llama,normative,2,reduced reliability in DC devices,anchor,ANCHOR_EXAMPLE,,9
ANCHOR_EXAMPLE_llama_normative_09_b4_20260703_132940,llama_normative,llama,normative,4,"uncertain utility interaction (net metering, utility ownership, and agreed standards)",anchor,ANCHOR_EXAMPLE,,9
ANCHOR_EXAMPLE_llama_normative_09_b3_20260703_132940,llama_normative,llama,normative,3,lack of use-cases in which DC is advantageous,anchor,ANCHOR_EXAMPLE,,9
ANCHOR_EXAMPLE_llama_normative_09_b6_20260703_132940,llama_normative,llama,normative,6,public perception of DC and readiness to 'champion' installations from DC projects,anchor,ANCHOR_EXAMPLE,,9
ANCHOR_EXAMPLE_llama_subject-matter_09_b1_20260703_132940,llama_subject-matter,llama,subject-matter,1,"power losses, quality and safety issues",anchor,ANCHOR_EXAMPLE,,9
ANCHOR_EXAMPLE_llama_subject-matter_09_b2_20260703_132940,llama_subject-matter,llama,subject-matter,2,reduced reliability in DC devices,anchor,ANCHOR_EXAMPLE,,9
ANCHOR_EXAMPLE_llama_subject-matter_09_b3_20260703_132940,llama_subject-matter,llama,subject-matter,3,lack of use-cases in which DC is advantageous,anchor,ANCHOR_EXAMPLE,,9
ANCHOR_EXAMPLE_llama_subject-matter_09_b4_20260703_132940,llama_subject-matter,llama,subject-matter,4,"uncertain utility interaction (net metering, utility ownership, and agreed standards)",anchor,ANCHOR_EXAMPLE,,9
ANCHOR_EXAMPLE_llama_subject-matter_09_b5_20260703_132940,llama_subject-matter,llama,subject-matter,5,lack of pilot projects,anchor,ANCHOR_EXAMPLE,,9
ANCHOR_EXAMPLE_mistral_generalist_09_b1_20260703_132940,mistral_generalist,mistral,generalist,1,"power losses, quality and safety issues",anchor,ANCHOR_EXAMPLE,,9
ANCHOR_EXAMPLE_mistral_generalist_09_b2_20260703_132940,mistral_generalist,mistral,generalist,2,reduced reliability in DC devices,anchor,ANCHOR_EXAMPLE,,9
ANCHOR_EXAMPLE_mistral_generalist_09_b3_20260703_132940,mistral_generalist,mistral,generalist,3,lack of use-cases in which DC is advantageous,anchor,ANCHOR_EXAMPLE,,9
ANCHOR_EXAMPLE_mistral_generalist_09_b4_20260703_132940,mistral_generalist,mistral,generalist,4,"uncertain utility interaction (net metering, utility ownership, and agreed standards)",anchor,ANCHOR_EXAMPLE,,9
ANCHOR_EXAMPLE_mistral_generalist_09_b5_20260703_132940,mistral_generalist,mistral,generalist,5,lack of pilot projects,anchor,ANCHOR_EXAMPLE,,9
ANCHOR_EXAMPLE_mistral_normative_09_b1_20260703_132940,mistral_normative,mistral,normative,1,"power losses, quality and safety issues",anchor,ANCHOR_EXAMPLE,,9
ANCHOR_EXAMPLE_mistral_normative_09_b2_20260703_132940,mistral_normative,mistral,normative,2,reduced reliability in DC devices,anchor,ANCHOR_EXAMPLE,,9
ANCHOR_EXAMPLE_mistral_normative_09_b4_20260703_132940,mistral_normative,mistral,normative,4,"uncertain utility interaction (net metering, utility ownership, and agreed standards)",anchor,ANCHOR_EXAMPLE,,9
ANCHOR_EXAMPLE_mistral_normative_09_b5_20260703_132940,mistral_normative,mistral,normative,5,lack of pilot projects,anchor,ANCHOR_EXAMPLE,,9
ANCHOR_EXAMPLE_mistral_normative_09_b6_20260703_132940,mistral_normative,mistral,normative,6,public perception of DC and readiness to 'champion' installations from DC projects,anchor,ANCHOR_EXAMPLE,,9
ANCHOR_EXAMPLE_mistral_subject-matter_09_b1_20260703_132940,mistral_subject-matter,mistral,subject-matter,1,"power losses, quality and safety issues",anchor,ANCHOR_EXAMPLE,,9
ANCHOR_EXAMPLE_mistral_subject-matter_09_b2_20260703_132940,mistral_subject-matter,mistral,subject-matter,2,reduced reliability in DC devices,anchor,ANCHOR_EXAMPLE,,9
ANCHOR_EXAMPLE_mistral_subject-matter_09_b3_20260703_132940,mistral_subject-matter,mistral,subject-matter,3,lack of use-cases in which DC is advantageous,anchor,ANCHOR_EXAMPLE,,9
ANCHOR_EXAMPLE_mistral_subject-matter_09_b4_20260703_132940,mistral_subject-matter,mistral,subject-matter,4,"uncertain utility interaction (net metering, utility ownership, and agreed standards)",anchor,ANCHOR_EXAMPLE,,9
ANCHOR_EXAMPLE_mistral_subject-matter_09_b5_20260703_132940,mistral_subject-matter,mistral,subject-matter,5,lack of pilot projects,anchor,ANCHOR_EXAMPLE,,9
ANCHOR_EXAMPLE_gemma3_generalist_09_b1_20260703_132940,gemma3_generalist,gemma3,generalist,1,"power losses, quality and safety issues",anchor,ANCHOR_EXAMPLE,,9
ANCHOR_EXAMPLE_gemma3_generalist_09_b3_20260703_132940,gemma3_generalist,gemma3,generalist,3,lack of use-cases in which DC is advantageous,anchor,ANCHOR_EXAMPLE,,9
ANCHOR_EXAMPLE_gemma3_generalist_09_b4_20260703_132940,gemma3_generalist,gemma3,generalist,4,"uncertain utility interaction (net metering, utility ownership, and agreed standards)",anchor,ANCHOR_EXAMPLE,,9
ANCHOR_EXAMPLE_gemma3_generalist_09_b8_20260703_132940,gemma3_generalist,gemma3,generalist,8,misconception and lack of knowledge leads to lengthy/expensive design and permit process,anchor,ANCHOR_EXAMPLE,,9
ANCHOR_EXAMPLE_gemma3_generalist_09_b11_20260703_132940,gemma3_generalist,gemma3,generalist,11,high costs of DC solutions,anchor,ANCHOR_EXAMPLE,,9
ANCHOR_EXAMPLE_gemma3_normative_09_b1_20260703_132940,gemma3_normative,gemma3,normative,1,"power losses, quality and safety issues",anchor,ANCHOR_EXAMPLE,,9
ANCHOR_EXAMPLE_gemma3_normative_09_b3_20260703_132940,gemma3_normative,gemma3,normative,3,lack of use-cases in which DC is advantageous,anchor,ANCHOR_EXAMPLE,,9
ANCHOR_EXAMPLE_gemma3_normative_09_b4_20260703_132940,gemma3_normative,gemma3,normative,4,"uncertain utility interaction (net metering, utility ownership, and agreed standards)",anchor,ANCHOR_EXAMPLE,,9
ANCHOR_EXAMPLE_gemma3_normative_09_b8_20260703_132940,gemma3_normative,gemma3,normative,8,misconception and lack of knowledge leads to lengthy/expensive design and permit process,anchor,ANCHOR_EXAMPLE,,9
ANCHOR_EXAMPLE_gemma3_normative_09_b10_20260703_132940,gemma3_normative,gemma3,normative,10,uncertain regulatory roadmap,anchor,ANCHOR_EXAMPLE,,9
ANCHOR_EXAMPLE_gemma3_subject-matter_09_b1_20260703_132940,gemma3_subject-matter,gemma3,subject-matter,1,"power losses, quality and safety issues",anchor,ANCHOR_EXAMPLE,,9
ANCHOR_EXAMPLE_gemma3_subject-matter_09_b3_20260703_132940,gemma3_subject-matter,gemma3,subject-matter,3,lack of use-cases in which DC is advantageous,anchor,ANCHOR_EXAMPLE,,9
ANCHOR_EXAMPLE_gemma3_subject-matter_09_b4_20260703_132940,gemma3_subject-matter,gemma3,subject-matter,4,"uncertain utility interaction (net metering, utility ownership, and agreed standards)",anchor,ANCHOR_EXAMPLE,,9
ANCHOR_EXAMPLE_gemma3_subject-matter_09_b8_20260703_132940,gemma3_subject-matter,gemma3,subject-matter,8,misconception and lack of knowledge leads to lengthy/expensive design and permit process,anchor,ANCHOR_EXAMPLE,,9
ANCHOR_EXAMPLE_gemma3_subject-matter_09_b10_20260703_132940,gemma3_subject-matter,gemma3,subject-matter,10,uncertain regulatory roadmap,anchor,ANCHOR_EXAMPLE,,9
ANCHOR_NUM_LOW_phi4_generalist_00_b1_20260703_133415,phi4_generalist,phi4,generalist,1,"power losses, quality and safety issues",anchor,ANCHOR_NUM_LOW,low,0
ANCHOR_NUM_LOW_phi4_generalist_00_b3_20260703_133415,phi4_generalist,phi4,generalist,3,lack of use-cases in which DC is advantageous,anchor,ANCHOR_NUM_LOW,low,0
ANCHOR_NUM_LOW_phi4_generalist_00_b4_20260703_133415,phi4_generalist,phi4,generalist,4,"uncertain utility interaction (net metering, utility ownership, and agreed standards)",anchor,ANCHOR_NUM_LOW,low,0
ANCHOR_NUM_LOW_phi4_generalist_00_b5_20260703_133415,phi4_generalist,phi4,generalist,5,lack of pilot projects,anchor,ANCHOR_NUM_LOW,low,0
ANCHOR_NUM_LOW_phi4_generalist_00_b10_20260703_133415,phi4_generalist,phi4,generalist,10,uncertain regulatory roadmap,anchor,ANCHOR_NUM_LOW,low,0
ANCHOR_NUM_LOW_phi4_normative_00_b1_20260703_133415,phi4_normative,phi4,normative,1,"power losses, quality and safety issues",anchor,ANCHOR_NUM_LOW,low,0
ANCHOR_NUM_LOW_phi4_normative_00_b2_20260703_133415,phi4_normative,phi4,normative,2,reduced reliability in DC devices,anchor,ANCHOR_NUM_LOW,low,0
ANCHOR_NUM_LOW_phi4_normative_00_b4_20260703_133415,phi4_normative,phi4,normative,4,"uncertain utility interaction (net metering, utility ownership, and agreed standards)",anchor,ANCHOR_NUM_LOW,low,0
ANCHOR_NUM_LOW_phi4_normative_00_b5_20260703_133415,phi4_normative,phi4,normative,5,lack of pilot projects,anchor,ANCHOR_NUM_LOW,low,0
ANCHOR_NUM_LOW_phi4_normative_00_b10_20260703_133415,phi4_normative,phi4,normative,10,uncertain regulatory roadmap,anchor,ANCHOR_NUM_LOW,low,0
ANCHOR_NUM_LOW_phi4_subject-matter_00_b1_20260703_133415,phi4_subject-matter,phi4,subject-matter,1,"power losses, quality and safety issues",anchor,ANCHOR_NUM_LOW,low,0
ANCHOR_NUM_LOW_phi4_subject-matter_00_b3_20260703_133415,phi4_subject-matter,phi4,subject-matter,3,lack of use-cases in which DC is advantageous,anchor,ANCHOR_NUM_LOW,low,0
ANCHOR_NUM_LOW_phi4_subject-matter_00_b4_20260703_133415,phi4_subject-matter,phi4,subject-matter,4,"uncertain utility interaction (net metering, utility ownership, and agreed standards)",anchor,ANCHOR_NUM_LOW,low,0
ANCHOR_NUM_LOW_phi4_subject-matter_00_b5_20260703_133415,phi4_subject-matter,phi4,subject-matter,5,lack of pilot projects,anchor,ANCHOR_NUM_LOW,low,0
ANCHOR_NUM_LOW_phi4_subject-matter_00_b10_20260703_133415,phi4_subject-matter,phi4,subject-matter,10,uncertain regulatory roadmap,anchor,ANCHOR_NUM_LOW,low,0
ANCHOR_NUM_LOW_llama_generalist_00_b1_20260703_133415,llama_generalist,llama,generalist,1,"power losses, quality and safety issues",anchor,ANCHOR_NUM_LOW,low,0
ANCHOR_NUM_LOW_llama_generalist_00_b2_20260703_133415,llama_generalist,llama,generalist,2,reduced reliability in DC devices,anchor,ANCHOR_NUM_LOW,low,0
ANCHOR_NUM_LOW_llama_generalist_00_b3_20260703_133415,llama_generalist,llama,generalist,3,lack of use-cases in which DC is advantageous,anchor,ANCHOR_NUM_LOW,low,0
ANCHOR_NUM_LOW_llama_generalist_00_b4_20260703_133415,llama_generalist,llama,generalist,4,"uncertain utility interaction (net metering, utility ownership, and agreed standards)",anchor,ANCHOR_NUM_LOW,low,0
ANCHOR_NUM_LOW_llama_generalist_00_b5_20260703_133415,llama_generalist,llama,generalist,5,lack of pilot projects,anchor,ANCHOR_NUM_LOW,low,0
ANCHOR_NUM_LOW_llama_normative_00_b1_20260703_133415,llama_normative,llama,normative,1,"power losses, quality and safety issues",anchor,ANCHOR_NUM_LOW,low,0
ANCHOR_NUM_LOW_llama_normative_00_b2_20260703_133415,llama_normative,llama,normative,2,reduced reliability in DC devices,anchor,ANCHOR_NUM_LOW,low,0
ANCHOR_NUM_LOW_llama_normative_00_b4_20260703_133415,llama_normative,llama,normative,4,"uncertain utility interaction (net metering, utility ownership, and agreed standards)",anchor,ANCHOR_NUM_LOW,low,0
ANCHOR_NUM_LOW_llama_normative_00_b5_20260703_133415,llama_normative,llama,normative,5,lack of pilot projects,anchor,ANCHOR_NUM_LOW,low,0
ANCHOR_NUM_LOW_llama_normative_00_b6_20260703_133415,llama_normative,llama,normative,6,public perception of DC and readiness to 'champion' installations from DC projects,anchor,ANCHOR_NUM_LOW,low,0
ANCHOR_NUM_LOW_llama_subject-matter_00_b1_20260703_133415,llama_subject-matter,llama,subject-matter,1,"power losses, quality and safety issues",anchor,ANCHOR_NUM_LOW,low,0
ANCHOR_NUM_LOW_llama_subject-matter_00_b2_20260703_133415,llama_subject-matter,llama,subject-matter,2,reduced reliability in DC devices,anchor,ANCHOR_NUM_LOW,low,0
ANCHOR_NUM_LOW_llama_subject-matter_00_b3_20260703_133415,llama_subject-matter,llama,subject-matter,3,lack of use-cases in which DC is advantageous,anchor,ANCHOR_NUM_LOW,low,0
ANCHOR_NUM_LOW_llama_subject-matter_00_b4_20260703_133415,llama_subject-matter,llama,subject-matter,4,"uncertain utility interaction (net metering, utility ownership, and agreed standards)",anchor,ANCHOR_NUM_LOW,low,0
ANCHOR_NUM_LOW_llama_subject-matter_00_b5_20260703_133415,llama_subject-matter,llama,subject-matter,5,lack of pilot projects,anchor,ANCHOR_NUM_LOW,low,0
ANCHOR_NUM_LOW_mistral_generalist_00_b1_20260703_133415,mistral_generalist,mistral,generalist,1,"power losses, quality and safety issues",anchor,ANCHOR_NUM_LOW,low,0
ANCHOR_NUM_LOW_mistral_generalist_00_b2_20260703_133415,mistral_generalist,mistral,generalist,2,reduced reliability in DC devices,anchor,ANCHOR_NUM_LOW,low,0
ANCHOR_NUM_LOW_mistral_generalist_00_b3_20260703_133415,mistral_generalist,mistral,generalist,3,lack of use-cases in which DC is advantageous,anchor,ANCHOR_NUM_LOW,low,0
ANCHOR_NUM_LOW_mistral_generalist_00_b4_20260703_133415,mistral_generalist,mistral,generalist,4,"uncertain utility interaction (net metering, utility ownership, and agreed standards)",anchor,ANCHOR_NUM_LOW,low,0
ANCHOR_NUM_LOW_mistral_generalist_00_b11_20260703_133415,mistral_generalist,mistral,generalist,11,high costs of DC solutions,anchor,ANCHOR_NUM_LOW,low,0
ANCHOR_NUM_LOW_mistral_normative_00_b1_20260703_133415,mistral_normative,mistral,normative,1,"power losses, quality and safety issues",anchor,ANCHOR_NUM_LOW,low,0
ANCHOR_NUM_LOW_mistral_normative_00_b2_20260703_133415,mistral_normative,mistral,normative,2,reduced reliability in DC devices,anchor,ANCHOR_NUM_LOW,low,0
ANCHOR_NUM_LOW_mistral_normative_00_b3_20260703_133415,mistral_normative,mistral,normative,3,lack of use-cases in which DC is advantageous,anchor,ANCHOR_NUM_LOW,low,0
ANCHOR_NUM_LOW_mistral_normative_00_b4_20260703_133415,mistral_normative,mistral,normative,4,"uncertain utility interaction (net metering, utility ownership, and agreed standards)",anchor,ANCHOR_NUM_LOW,low,0
ANCHOR_NUM_LOW_mistral_normative_00_b5_20260703_133415,mistral_normative,mistral,normative,5,lack of pilot projects,anchor,ANCHOR_NUM_LOW,low,0
ANCHOR_NUM_LOW_mistral_subject-matter_00_b1_20260703_133415,mistral_subject-matter,mistral,subject-matter,1,"power losses, quality and safety issues",anchor,ANCHOR_NUM_LOW,low,0
ANCHOR_NUM_LOW_mistral_subject-matter_00_b2_20260703_133415,mistral_subject-matter,mistral,subject-matter,2,reduced reliability in DC devices,anchor,ANCHOR_NUM_LOW,low,0
ANCHOR_NUM_LOW_mistral_subject-matter_00_b3_20260703_133415,mistral_subject-matter,mistral,subject-matter,3,lack of use-cases in which DC is advantageous,anchor,ANCHOR_NUM_LOW,low,0
ANCHOR_NUM_LOW_mistral_subject-matter_00_b4_20260703_133415,mistral_subject-matter,mistral,subject-matter,4,"uncertain utility interaction (net metering, utility ownership, and agreed standards)",anchor,ANCHOR_NUM_LOW,low,0
ANCHOR_NUM_LOW_mistral_subject-matter_00_b5_20260703_133415,mistral_subject-matter,mistral,subject-matter,5,lack of pilot projects,anchor,ANCHOR_NUM_LOW,low,0
ANCHOR_NUM_LOW_gemma3_generalist_00_b1_20260703_133415,gemma3_generalist,gemma3,generalist,1,"power losses, quality and safety issues",anchor,ANCHOR_NUM_LOW,low,0
ANCHOR_NUM_LOW_gemma3_generalist_00_b3_20260703_133415,gemma3_generalist,gemma3,generalist,3,lack of use-cases in which DC is advantageous,anchor,ANCHOR_NUM_LOW,low,0
ANCHOR_NUM_LOW_gemma3_generalist_00_b4_20260703_133415,gemma3_generalist,gemma3,generalist,4,"uncertain utility interaction (net metering, utility ownership, and agreed standards)",anchor,ANCHOR_NUM_LOW,low,0
ANCHOR_NUM_LOW_gemma3_generalist_00_b8_20260703_133415,gemma3_generalist,gemma3,generalist,8,misconception and lack of knowledge leads to lengthy/expensive design and permit process,anchor,ANCHOR_NUM_LOW,low,0
ANCHOR_NUM_LOW_gemma3_generalist_00_b11_20260703_133415,gemma3_generalist,gemma3,generalist,11,high costs of DC solutions,anchor,ANCHOR_NUM_LOW,low,0
ANCHOR_NUM_LOW_gemma3_normative_00_b1_20260703_133415,gemma3_normative,gemma3,normative,1,"power losses, quality and safety issues",anchor,ANCHOR_NUM_LOW,low,0
ANCHOR_NUM_LOW_gemma3_normative_00_b4_20260703_133415,gemma3_normative,gemma3,normative,4,"uncertain utility interaction (net metering, utility ownership, and agreed standards)",anchor,ANCHOR_NUM_LOW,low,0
ANCHOR_NUM_LOW_gemma3_normative_00_b8_20260703_133415,gemma3_normative,gemma3,normative,8,misconception and lack of knowledge leads to lengthy/expensive design and permit process,anchor,ANCHOR_NUM_LOW,low,0
ANCHOR_NUM_LOW_gemma3_normative_00_b9_20260703_133415,gemma3_normative,gemma3,normative,9,lack of enough trained personnel in DC systems,anchor,ANCHOR_NUM_LOW,low,0
ANCHOR_NUM_LOW_gemma3_normative_00_b10_20260703_133415,gemma3_normative,gemma3,normative,10,uncertain regulatory roadmap,anchor,ANCHOR_NUM_LOW,low,0
ANCHOR_NUM_LOW_gemma3_subject-matter_00_b1_20260703_133415,gemma3_subject-matter,gemma3,subject-matter,1,"power losses, quality and safety issues",anchor,ANCHOR_NUM_LOW,low,0
ANCHOR_NUM_LOW_gemma3_subject-matter_00_b5_20260703_133415,gemma3_subject-matter,gemma3,subject-matter,5,lack of pilot projects,anchor,ANCHOR_NUM_LOW,low,0
ANCHOR_NUM_LOW_gemma3_subject-matter_00_b4_20260703_133415,gemma3_subject-matter,gemma3,subject-matter,4,"uncertain utility interaction (net metering, utility ownership, and agreed standards)",anchor,ANCHOR_NUM_LOW,low,0
ANCHOR_NUM_LOW_gemma3_subject-matter_00_b8_20260703_133415,gemma3_subject-matter,gemma3,subject-matter,8,misconception and lack of knowledge leads to lengthy/expensive design and permit process,anchor,ANCHOR_NUM_LOW,low,0
ANCHOR_NUM_LOW_gemma3_subject-matter_00_b10_20260703_133415,gemma3_subject-matter,gemma3,subject-matter,10,uncertain regulatory roadmap,anchor,ANCHOR_NUM_LOW,low,0
ANCHOR_NUM_LOW_phi4_generalist_01_b1_20260703_133621,phi4_generalist,phi4,generalist,1,"power losses, quality and safety issues",anchor,ANCHOR_NUM_LOW,low,1
ANCHOR_NUM_LOW_phi4_generalist_01_b4_20260703_133621,phi4_generalist,phi4,generalist,4,"uncertain utility interaction (net metering, utility ownership, and agreed standards)",anchor,ANCHOR_NUM_LOW,low,1
ANCHOR_NUM_LOW_phi4_generalist_01_b5_20260703_133621,phi4_generalist,phi4,generalist,5,lack of pilot projects,anchor,ANCHOR_NUM_LOW,low,1
ANCHOR_NUM_LOW_phi4_generalist_01_b8_20260703_133621,phi4_generalist,phi4,generalist,8,misconception and lack of knowledge leads to lengthy/expensive design and permit process,anchor,ANCHOR_NUM_LOW,low,1
ANCHOR_NUM_LOW_phi4_generalist_01_b11_20260703_133621,phi4_generalist,phi4,generalist,11,high costs of DC solutions,anchor,ANCHOR_NUM_LOW,low,1
ANCHOR_NUM_LOW_phi4_normative_01_b1_20260703_133621,phi4_normative,phi4,normative,1,"power losses, quality and safety issues",anchor,ANCHOR_NUM_LOW,low,1
ANCHOR_NUM_LOW_phi4_normative_01_b4_20260703_133621,phi4_normative,phi4,normative,4,"uncertain utility interaction (net metering, utility ownership, and agreed standards)",anchor,ANCHOR_NUM_LOW,low,1
ANCHOR_NUM_LOW_phi4_normative_01_b5_20260703_133621,phi4_normative,phi4,normative,5,lack of pilot projects,anchor,ANCHOR_NUM_LOW,low,1
ANCHOR_NUM_LOW_phi4_normative_01_b7_20260703_133621,phi4_normative,phi4,normative,7,incompatibility of DC systems components,anchor,ANCHOR_NUM_LOW,low,1
ANCHOR_NUM_LOW_phi4_normative_01_b10_20260703_133621,phi4_normative,phi4,normative,10,uncertain regulatory roadmap,anchor,ANCHOR_NUM_LOW,low,1
ANCHOR_NUM_LOW_phi4_subject-matter_01_b1_20260703_133621,phi4_subject-matter,phi4,subject-matter,1,"power losses, quality and safety issues",anchor,ANCHOR_NUM_LOW,low,1
ANCHOR_NUM_LOW_phi4_subject-matter_01_b4_20260703_133621,phi4_subject-matter,phi4,subject-matter,4,"uncertain utility interaction (net metering, utility ownership, and agreed standards)",anchor,ANCHOR_NUM_LOW,low,1
ANCHOR_NUM_LOW_phi4_subject-matter_01_b5_20260703_133621,phi4_subject-matter,phi4,subject-matter,5,lack of pilot projects,anchor,ANCHOR_NUM_LOW,low,1
ANCHOR_NUM_LOW_phi4_subject-matter_01_b10_20260703_133621,phi4_subject-matter,phi4,subject-matter,10,uncertain regulatory roadmap,anchor,ANCHOR_NUM_LOW,low,1
ANCHOR_NUM_LOW_phi4_subject-matter_01_b11_20260703_133621,phi4_subject-matter,phi4,subject-matter,11,high costs of DC solutions,anchor,ANCHOR_NUM_LOW,low,1
ANCHOR_NUM_LOW_llama_generalist_01_b1_20260703_133621,llama_generalist,llama,generalist,1,"power losses, quality and safety issues",anchor,ANCHOR_NUM_LOW,low,1
ANCHOR_NUM_LOW_llama_generalist_01_b2_20260703_133621,llama_generalist,llama,generalist,2,reduced reliability in DC devices,anchor,ANCHOR_NUM_LOW,low,1
ANCHOR_NUM_LOW_llama_generalist_01_b3_20260703_133621,llama_generalist,llama,generalist,3,lack of use-cases in which DC is advantageous,anchor,ANCHOR_NUM_LOW,low,1
ANCHOR_NUM_LOW_llama_generalist_01_b4_20260703_133621,llama_generalist,llama,generalist,4,"uncertain utility interaction (net metering, utility ownership, and agreed standards)",anchor,ANCHOR_NUM_LOW,low,1
ANCHOR_NUM_LOW_llama_generalist_01_b5_20260703_133621,llama_generalist,llama,generalist,5,lack of pilot projects,anchor,ANCHOR_NUM_LOW,low,1
ANCHOR_NUM_LOW_llama_normative_01_b1_20260703_133621,llama_normative,llama,normative,1,"power losses, quality and safety issues",anchor,ANCHOR_NUM_LOW,low,1
ANCHOR_NUM_LOW_llama_normative_01_b2_20260703_133621,llama_normative,llama,normative,2,reduced reliability in DC devices,anchor,ANCHOR_NUM_LOW,low,1
ANCHOR_NUM_LOW_llama_normative_01_b4_20260703_133621,llama_normative,llama,normative,4,"uncertain utility interaction (net metering, utility ownership, and agreed standards)",anchor,ANCHOR_NUM_LOW,low,1
ANCHOR_NUM_LOW_llama_normative_01_b5_20260703_133621,llama_normative,llama,normative,5,lack of pilot projects,anchor,ANCHOR_NUM_LOW,low,1
ANCHOR_NUM_LOW_llama_normative_01_b6_20260703_133621,llama_normative,llama,normative,6,public perception of DC and readiness to 'champion' installations from DC projects,anchor,ANCHOR_NUM_LOW,low,1
ANCHOR_NUM_LOW_llama_subject-matter_01_b1_20260703_133621,llama_subject-matter,llama,subject-matter,1,"power losses, quality and safety issues",anchor,ANCHOR_NUM_LOW,low,1
ANCHOR_NUM_LOW_llama_subject-matter_01_b3_20260703_133621,llama_subject-matter,llama,subject-matter,3,lack of use-cases in which DC is advantageous,anchor,ANCHOR_NUM_LOW,low,1
ANCHOR_NUM_LOW_llama_subject-matter_01_b4_20260703_133621,llama_subject-matter,llama,subject-matter,4,"uncertain utility interaction (net metering, utility ownership, and agreed standards)",anchor,ANCHOR_NUM_LOW,low,1
ANCHOR_NUM_LOW_llama_subject-matter_01_b7_20260703_133621,llama_subject-matter,llama,subject-matter,7,incompatibility of DC systems components,anchor,ANCHOR_NUM_LOW,low,1
ANCHOR_NUM_LOW_llama_subject-matter_01_b8_20260703_133621,llama_subject-matter,llama,subject-matter,8,misconception and lack of knowledge leads to lengthy/expensive design and permit process,anchor,ANCHOR_NUM_LOW,low,1
ANCHOR_NUM_LOW_mistral_generalist_01_b1_20260703_133621,mistral_generalist,mistral,generalist,1,"power losses, quality and safety issues",anchor,ANCHOR_NUM_LOW,low,1
ANCHOR_NUM_LOW_mistral_generalist_01_b3_20260703_133621,mistral_generalist,mistral,generalist,3,lack of use-cases in which DC is advantageous,anchor,ANCHOR_NUM_LOW,low,1
ANCHOR_NUM_LOW_mistral_generalist_01_b4_20260703_133621,mistral_generalist,mistral,generalist,4,"uncertain utility interaction (net metering, utility ownership, and agreed standards)",anchor,ANCHOR_NUM_LOW,low,1
ANCHOR_NUM_LOW_mistral_generalist_01_b7_20260703_133621,mistral_generalist,mistral,generalist,7,incompatibility of DC systems components,anchor,ANCHOR_NUM_LOW,low,1
ANCHOR_NUM_LOW_mistral_generalist_01_b11_20260703_133621,mistral_generalist,mistral,generalist,11,high costs of DC solutions,anchor,ANCHOR_NUM_LOW,low,1
ANCHOR_NUM_LOW_mistral_normative_01_b1_20260703_133621,mistral_normative,mistral,normative,1,"power losses, quality and safety issues",anchor,ANCHOR_NUM_LOW,low,1
ANCHOR_NUM_LOW_mistral_normative_01_b2_20260703_133621,mistral_normative,mistral,normative,2,reduced reliability in DC devices,anchor,ANCHOR_NUM_LOW,low,1
ANCHOR_NUM_LOW_mistral_normative_01_b4_20260703_133621,mistral_normative,mistral,normative,4,"uncertain utility interaction (net metering, utility ownership, and agreed standards)",anchor,ANCHOR_NUM_LOW,low,1
ANCHOR_NUM_LOW_mistral_normative_01_b5_20260703_133621,mistral_normative,mistral,normative,5,lack of pilot projects,anchor,ANCHOR_NUM_LOW,low,1
ANCHOR_NUM_LOW_mistral_normative_01_b9_20260703_133621,mistral_normative,mistral,normative,9,lack of enough trained personnel in DC systems,anchor,ANCHOR_NUM_LOW,low,1
ANCHOR_NUM_LOW_mistral_subject-matter_01_b1_20260703_133621,mistral_subject-matter,mistral,subject-matter,1,"power losses, quality and safety issues",anchor,ANCHOR_NUM_LOW,low,1
ANCHOR_NUM_LOW_mistral_subject-matter_01_b2_20260703_133621,mistral_subject-matter,mistral,subject-matter,2,reduced reliability in DC devices,anchor,ANCHOR_NUM_LOW,low,1
ANCHOR_NUM_LOW_mistral_subject-matter_01_b3_20260703_133621,mistral_subject-matter,mistral,subject-matter,3,lack of use-cases in which DC is advantageous,anchor,ANCHOR_NUM_LOW,low,1
ANCHOR_NUM_LOW_mistral_subject-matter_01_b4_20260703_133621,mistral_subject-matter,mistral,subject-matter,4,"uncertain utility interaction (net metering, utility ownership, and agreed standards)",anchor,ANCHOR_NUM_LOW,low,1
ANCHOR_NUM_LOW_mistral_subject-matter_01_b5_20260703_133621,mistral_subject-matter,mistral,subject-matter,5,lack of pilot projects,anchor,ANCHOR_NUM_LOW,low,1
ANCHOR_NUM_LOW_gemma3_generalist_01_b1_20260703_133621,gemma3_generalist,gemma3,generalist,1,"power losses, quality and safety issues",anchor,ANCHOR_NUM_LOW,low,1
ANCHOR_NUM_LOW_gemma3_generalist_01_b3_20260703_133621,gemma3_generalist,gemma3,generalist,3,lack of use-cases in which DC is advantageous,anchor,ANCHOR_NUM_LOW,low,1
ANCHOR_NUM_LOW_gemma3_generalist_01_b4_20260703_133621,gemma3_generalist,gemma3,generalist,4,"uncertain utility interaction (net metering, utility ownership, and agreed standards)",anchor,ANCHOR_NUM_LOW,low,1
ANCHOR_NUM_LOW_gemma3_generalist_01_b8_20260703_133621,gemma3_generalist,gemma3,generalist,8,misconception and lack of knowledge leads to lengthy/expensive design and permit process,anchor,ANCHOR_NUM_LOW,low,1
ANCHOR_NUM_LOW_gemma3_generalist_01_b11_20260703_133621,gemma3_generalist,gemma3,generalist,11,high costs of DC solutions,anchor,ANCHOR_NUM_LOW,low,1
ANCHOR_NUM_LOW_gemma3_normative_01_b1_20260703_133621,gemma3_normative,gemma3,normative,1,"power losses, quality and safety issues",anchor,ANCHOR_NUM_LOW,low,1
ANCHOR_NUM_LOW_gemma3_normative_01_b3_20260703_133621,gemma3_normative,gemma3,normative,3,lack of use-cases in which DC is advantageous,anchor,ANCHOR_NUM_LOW,low,1
ANCHOR_NUM_LOW_gemma3_normative_01_b4_20260703_133621,gemma3_normative,gemma3,normative,4,"uncertain utility interaction (net metering, utility ownership, and agreed standards)",anchor,ANCHOR_NUM_LOW,low,1
ANCHOR_NUM_LOW_gemma3_normative_01_b8_20260703_133621,gemma3_normative,gemma3,normative,8,misconception and lack of knowledge leads to lengthy/expensive design and permit process,anchor,ANCHOR_NUM_LOW,low,1
ANCHOR_NUM_LOW_gemma3_normative_01_b10_20260703_133621,gemma3_normative,gemma3,normative,10,uncertain regulatory roadmap,anchor,ANCHOR_NUM_LOW,low,1
ANCHOR_NUM_LOW_gemma3_subject-matter_01_b1_20260703_133621,gemma3_subject-matter,gemma3,subject-matter,1,"power losses, quality and safety issues",anchor,ANCHOR_NUM_LOW,low,1
ANCHOR_NUM_LOW_gemma3_subject-matter_01_b4_20260703_133621,gemma3_subject-matter,gemma3,subject-matter,4,"uncertain utility interaction (net metering, utility ownership, and agreed standards)",anchor,ANCHOR_NUM_LOW,low,1
ANCHOR_NUM_LOW_gemma3_subject-matter_01_b8_20260703_133621,gemma3_subject-matter,gemma3,subject-matter,8,misconception and lack of knowledge leads to lengthy/expensive design and permit process,anchor,ANCHOR_NUM_LOW,low,1
ANCHOR_NUM_LOW_gemma3_subject-matter_01_b10_20260703_133621,gemma3_subject-matter,gemma3,subject-matter,10,uncertain regulatory roadmap,anchor,ANCHOR_NUM_LOW,low,1
ANCHOR_NUM_LOW_gemma3_subject-matter_01_b11_20260703_133621,gemma3_subject-matter,gemma3,subject-matter,11,high costs of DC solutions,anchor,ANCHOR_NUM_LOW,low,1
ANCHOR_NUM_LOW_phi4_generalist_02_b1_20260703_134026,phi4_generalist,phi4,generalist,1,"power losses, quality and safety issues",anchor,ANCHOR_NUM_LOW,low,2
ANCHOR_NUM_LOW_phi4_generalist_02_b4_20260703_134026,phi4_generalist,phi4,generalist,4,"uncertain utility interaction (net metering, utility ownership, and agreed standards)",anchor,ANCHOR_NUM_LOW,low,2
ANCHOR_NUM_LOW_phi4_generalist_02_b5_20260703_134026,phi4_generalist,phi4,generalist,5,lack of pilot projects,anchor,ANCHOR_NUM_LOW,low,2
ANCHOR_NUM_LOW_phi4_generalist_02_b8_20260703_134026,phi4_generalist,phi4,generalist,8,misconception and lack of knowledge leads to lengthy/expensive design and permit process,anchor,ANCHOR_NUM_LOW,low,2
ANCHOR_NUM_LOW_phi4_generalist_02_b10_20260703_134026,phi4_generalist,phi4,generalist,10,uncertain regulatory roadmap,anchor,ANCHOR_NUM_LOW,low,2
ANCHOR_NUM_LOW_phi4_normative_02_b1_20260703_134026,phi4_normative,phi4,normative,1,"power losses, quality and safety issues",anchor,ANCHOR_NUM_LOW,low,2
ANCHOR_NUM_LOW_phi4_normative_02_b2_20260703_134026,phi4_normative,phi4,normative,2,reduced reliability in DC devices,anchor,ANCHOR_NUM_LOW,low,2
ANCHOR_NUM_LOW_phi4_normative_02_b4_20260703_134026,phi4_normative,phi4,normative,4,"uncertain utility interaction (net metering, utility ownership, and agreed standards)",anchor,ANCHOR_NUM_LOW,low,2
ANCHOR_NUM_LOW_phi4_normative_02_b5_20260703_134026,phi4_normative,phi4,normative,5,lack of pilot projects,anchor,ANCHOR_NUM_LOW,low,2
ANCHOR_NUM_LOW_phi4_normative_02_b11_20260703_134026,phi4_normative,phi4,normative,11,high costs of DC solutions,anchor,ANCHOR_NUM_LOW,low,2
ANCHOR_NUM_LOW_phi4_subject-matter_02_b1_20260703_134026,phi4_subject-matter,phi4,subject-matter,1,"power losses, quality and safety issues",anchor,ANCHOR_NUM_LOW,low,2
ANCHOR_NUM_LOW_phi4_subject-matter_02_b3_20260703_134026,phi4_subject-matter,phi4,subject-matter,3,lack of use-cases in which DC is advantageous,anchor,ANCHOR_NUM_LOW,low,2
ANCHOR_NUM_LOW_phi4_subject-matter_02_b4_20260703_134026,phi4_subject-matter,phi4,subject-matter,4,"uncertain utility interaction (net metering, utility ownership, and agreed standards)",anchor,ANCHOR_NUM_LOW,low,2
ANCHOR_NUM_LOW_phi4_subject-matter_02_b8_20260703_134026,phi4_subject-matter,phi4,subject-matter,8,misconception and lack of knowledge leads to lengthy/expensive design and permit process,anchor,ANCHOR_NUM_LOW,low,2
ANCHOR_NUM_LOW_phi4_subject-matter_02_b10_20260703_134026,phi4_subject-matter,phi4,subject-matter,10,uncertain regulatory roadmap,anchor,ANCHOR_NUM_LOW,low,2
ANCHOR_NUM_LOW_llama_generalist_02_b1_20260703_134026,llama_generalist,llama,generalist,1,"power losses, quality and safety issues",anchor,ANCHOR_NUM_LOW,low,2
ANCHOR_NUM_LOW_llama_generalist_02_b2_20260703_134026,llama_generalist,llama,generalist,2,reduced reliability in DC devices,anchor,ANCHOR_NUM_LOW,low,2
ANCHOR_NUM_LOW_llama_generalist_02_b3_20260703_134026,llama_generalist,llama,generalist,3,lack of use-cases in which DC is advantageous,anchor,ANCHOR_NUM_LOW,low,2
ANCHOR_NUM_LOW_llama_generalist_02_b4_20260703_134026,llama_generalist,llama,generalist,4,"uncertain utility interaction (net metering, utility ownership, and agreed standards)",anchor,ANCHOR_NUM_LOW,low,2
ANCHOR_NUM_LOW_llama_generalist_02_b5_20260703_134026,llama_generalist,llama,generalist,5,lack of pilot projects,anchor,ANCHOR_NUM_LOW,low,2
ANCHOR_NUM_LOW_llama_normative_02_b1_20260703_134026,llama_normative,llama,normative,1,"power losses, quality and safety issues",anchor,ANCHOR_NUM_LOW,low,2
ANCHOR_NUM_LOW_llama_normative_02_b2_20260703_134026,llama_normative,llama,normative,2,reduced reliability in DC devices,anchor,ANCHOR_NUM_LOW,low,2
ANCHOR_NUM_LOW_llama_normative_02_b3_20260703_134026,llama_normative,llama,normative,3,lack of use-cases in which DC is advantageous,anchor,ANCHOR_NUM_LOW,low,2
ANCHOR_NUM_LOW_llama_normative_02_b4_20260703_134026,llama_normative,llama,normative,4,"uncertain utility interaction (net metering, utility ownership, and agreed standards)",anchor,ANCHOR_NUM_LOW,low,2
ANCHOR_NUM_LOW_llama_normative_02_b5_20260703_134026,llama_normative,llama,normative,5,lack of pilot projects,anchor,ANCHOR_NUM_LOW,low,2
ANCHOR_NUM_LOW_llama_subject-matter_02_b1_20260703_134026,llama_subject-matter,llama,subject-matter,1,"power losses, quality and safety issues",anchor,ANCHOR_NUM_LOW,low,2
ANCHOR_NUM_LOW_llama_subject-matter_02_b2_20260703_134026,llama_subject-matter,llama,subject-matter,2,reduced reliability in DC devices,anchor,ANCHOR_NUM_LOW,low,2
ANCHOR_NUM_LOW_llama_subject-matter_02_b3_20260703_134026,llama_subject-matter,llama,subject-matter,3,lack of use-cases in which DC is advantageous,anchor,ANCHOR_NUM_LOW,low,2
ANCHOR_NUM_LOW_llama_subject-matter_02_b4_20260703_134026,llama_subject-matter,llama,subject-matter,4,"uncertain utility interaction (net metering, utility ownership, and agreed standards)",anchor,ANCHOR_NUM_LOW,low,2
ANCHOR_NUM_LOW_llama_subject-matter_02_b5_20260703_134026,llama_subject-matter,llama,subject-matter,5,lack of pilot projects,anchor,ANCHOR_NUM_LOW,low,2
ANCHOR_NUM_LOW_mistral_generalist_02_b1_20260703_134026,mistral_generalist,mistral,generalist,1,"power losses, quality and safety issues",anchor,ANCHOR_NUM_LOW,low,2
ANCHOR_NUM_LOW_mistral_generalist_02_b2_20260703_134026,mistral_generalist,mistral,generalist,2,reduced reliability in DC devices,anchor,ANCHOR_NUM_LOW,low,2
ANCHOR_NUM_LOW_mistral_generalist_02_b3_20260703_134026,mistral_generalist,mistral,generalist,3,lack of use-cases in which DC is advantageous,anchor,ANCHOR_NUM_LOW,low,2
ANCHOR_NUM_LOW_mistral_generalist_02_b4_20260703_134026,mistral_generalist,mistral,generalist,4,"uncertain utility interaction (net metering, utility ownership, and agreed standards)",anchor,ANCHOR_NUM_LOW,low,2
ANCHOR_NUM_LOW_mistral_generalist_02_b5_20260703_134026,mistral_generalist,mistral,generalist,5,lack of pilot projects,anchor,ANCHOR_NUM_LOW,low,2
ANCHOR_NUM_LOW_mistral_normative_02_b1_20260703_134026,mistral_normative,mistral,normative,1,"power losses, quality and safety issues",anchor,ANCHOR_NUM_LOW,low,2
ANCHOR_NUM_LOW_mistral_normative_02_b2_20260703_134026,mistral_normative,mistral,normative,2,reduced reliability in DC devices,anchor,ANCHOR_NUM_LOW,low,2
ANCHOR_NUM_LOW_mistral_normative_02_b4_20260703_134026,mistral_normative,mistral,normative,4,"uncertain utility interaction (net metering, utility ownership, and agreed standards)",anchor,ANCHOR_NUM_LOW,low,2
ANCHOR_NUM_LOW_mistral_normative_02_b5_20260703_134026,mistral_normative,mistral,normative,5,lack of pilot projects,anchor,ANCHOR_NUM_LOW,low,2
ANCHOR_NUM_LOW_mistral_normative_02_b9_20260703_134026,mistral_normative,mistral,normative,9,lack of enough trained personnel in DC systems,anchor,ANCHOR_NUM_LOW,low,2
ANCHOR_NUM_LOW_mistral_subject-matter_02_b1_20260703_134026,mistral_subject-matter,mistral,subject-matter,1,"power losses, quality and safety issues",anchor,ANCHOR_NUM_LOW,low,2
ANCHOR_NUM_LOW_mistral_subject-matter_02_b2_20260703_134026,mistral_subject-matter,mistral,subject-matter,2,reduced reliability in DC devices,anchor,ANCHOR_NUM_LOW,low,2
ANCHOR_NUM_LOW_mistral_subject-matter_02_b4_20260703_134026,mistral_subject-matter,mistral,subject-matter,4,"uncertain utility interaction (net metering, utility ownership, and agreed standards)",anchor,ANCHOR_NUM_LOW,low,2
ANCHOR_NUM_LOW_mistral_subject-matter_02_b5_20260703_134026,mistral_subject-matter,mistral,subject-matter,5,lack of pilot projects,anchor,ANCHOR_NUM_LOW,low,2
ANCHOR_NUM_LOW_mistral_subject-matter_02_b9_20260703_134026,mistral_subject-matter,mistral,subject-matter,9,lack of enough trained personnel in DC systems,anchor,ANCHOR_NUM_LOW,low,2
ANCHOR_NUM_LOW_gemma3_generalist_02_b1_20260703_134026,gemma3_generalist,gemma3,generalist,1,"power losses, quality and safety issues",anchor,ANCHOR_NUM_LOW,low,2
ANCHOR_NUM_LOW_gemma3_generalist_02_b3_20260703_134026,gemma3_generalist,gemma3,generalist,3,lack of use-cases in which DC is advantageous,anchor,ANCHOR_NUM_LOW,low,2
ANCHOR_NUM_LOW_gemma3_generalist_02_b4_20260703_134026,gemma3_generalist,gemma3,generalist,4,"uncertain utility interaction (net metering, utility ownership, and agreed standards)",anchor,ANCHOR_NUM_LOW,low,2
ANCHOR_NUM_LOW_gemma3_generalist_02_b8_20260703_134026,gemma3_generalist,gemma3,generalist,8,misconception and lack of knowledge leads to lengthy/expensive design and permit process,anchor,ANCHOR_NUM_LOW,low,2
ANCHOR_NUM_LOW_gemma3_generalist_02_b11_20260703_134026,gemma3_generalist,gemma3,generalist,11,high costs of DC solutions,anchor,ANCHOR_NUM_LOW,low,2
ANCHOR_NUM_LOW_gemma3_normative_02_b1_20260703_134026,gemma3_normative,gemma3,normative,1,"power losses, quality and safety issues",anchor,ANCHOR_NUM_LOW,low,2
ANCHOR_NUM_LOW_gemma3_normative_02_b3_20260703_134026,gemma3_normative,gemma3,normative,3,lack of use-cases in which DC is advantageous,anchor,ANCHOR_NUM_LOW,low,2
ANCHOR_NUM_LOW_gemma3_normative_02_b4_20260703_134026,gemma3_normative,gemma3,normative,4,"uncertain utility interaction (net metering, utility ownership, and agreed standards)",anchor,ANCHOR_NUM_LOW,low,2
ANCHOR_NUM_LOW_gemma3_normative_02_b8_20260703_134026,gemma3_normative,gemma3,normative,8,misconception and lack of knowledge leads to lengthy/expensive design and permit process,anchor,ANCHOR_NUM_LOW,low,2
ANCHOR_NUM_LOW_gemma3_normative_02_b10_20260703_134026,gemma3_normative,gemma3,normative,10,uncertain regulatory roadmap,anchor,ANCHOR_NUM_LOW,low,2
ANCHOR_NUM_LOW_gemma3_subject-matter_02_b1_20260703_134026,gemma3_subject-matter,gemma3,subject-matter,1,"power losses, quality and safety issues",anchor,ANCHOR_NUM_LOW,low,2
ANCHOR_NUM_LOW_gemma3_subject-matter_02_b3_20260703_134026,gemma3_subject-matter,gemma3,subject-matter,3,lack of use-cases in which DC is advantageous,anchor,ANCHOR_NUM_LOW,low,2
ANCHOR_NUM_LOW_gemma3_subject-matter_02_b4_20260703_134026,gemma3_subject-matter,gemma3,subject-matter,4,"uncertain utility interaction (net metering, utility ownership, and agreed standards)",anchor,ANCHOR_NUM_LOW,low,2
ANCHOR_NUM_LOW_gemma3_subject-matter_02_b8_20260703_134026,gemma3_subject-matter,gemma3,subject-matter,8,misconception and lack of knowledge leads to lengthy/expensive design and permit process,anchor,ANCHOR_NUM_LOW,low,2
ANCHOR_NUM_LOW_gemma3_subject-matter_02_b10_20260703_134026,gemma3_subject-matter,gemma3,subject-matter,10,uncertain regulatory roadmap,anchor,ANCHOR_NUM_LOW,low,2
ANCHOR_NUM_LOW_phi4_generalist_03_b1_20260703_134445,phi4_generalist,phi4,generalist,1,"power losses, quality and safety issues",anchor,ANCHOR_NUM_LOW,low,3
ANCHOR_NUM_LOW_phi4_generalist_03_b3_20260703_134445,phi4_generalist,phi4,generalist,3,lack of use-cases in which DC is advantageous,anchor,ANCHOR_NUM_LOW,low,3
ANCHOR_NUM_LOW_phi4_generalist_03_b4_20260703_134445,phi4_generalist,phi4,generalist,4,"uncertain utility interaction (net metering, utility ownership, and agreed standards)",anchor,ANCHOR_NUM_LOW,low,3
ANCHOR_NUM_LOW_phi4_generalist_03_b5_20260703_134445,phi4_generalist,phi4,generalist,5,lack of pilot projects,anchor,ANCHOR_NUM_LOW,low,3
ANCHOR_NUM_LOW_phi4_generalist_03_b10_20260703_134445,phi4_generalist,phi4,generalist,10,uncertain regulatory roadmap,anchor,ANCHOR_NUM_LOW,low,3
ANCHOR_NUM_LOW_phi4_normative_03_b1_20260703_134445,phi4_normative,phi4,normative,1,"power losses, quality and safety issues",anchor,ANCHOR_NUM_LOW,low,3
ANCHOR_NUM_LOW_phi4_normative_03_b2_20260703_134445,phi4_normative,phi4,normative,2,reduced reliability in DC devices,anchor,ANCHOR_NUM_LOW,low,3
ANCHOR_NUM_LOW_phi4_normative_03_b3_20260703_134445,phi4_normative,phi4,normative,3,lack of use-cases in which DC is advantageous,anchor,ANCHOR_NUM_LOW,low,3
ANCHOR_NUM_LOW_phi4_normative_03_b4_20260703_134445,phi4_normative,phi4,normative,4,"uncertain utility interaction (net metering, utility ownership, and agreed standards)",anchor,ANCHOR_NUM_LOW,low,3
ANCHOR_NUM_LOW_phi4_normative_03_b5_20260703_134445,phi4_normative,phi4,normative,5,lack of pilot projects,anchor,ANCHOR_NUM_LOW,low,3
ANCHOR_NUM_LOW_phi4_subject-matter_03_b1_20260703_134445,phi4_subject-matter,phi4,subject-matter,1,"power losses, quality and safety issues",anchor,ANCHOR_NUM_LOW,low,3
ANCHOR_NUM_LOW_phi4_subject-matter_03_b4_20260703_134445,phi4_subject-matter,phi4,subject-matter,4,"uncertain utility interaction (net metering, utility ownership, and agreed standards)",anchor,ANCHOR_NUM_LOW,low,3
ANCHOR_NUM_LOW_phi4_subject-matter_03_b5_20260703_134445,phi4_subject-matter,phi4,subject-matter,5,lack of pilot projects,anchor,ANCHOR_NUM_LOW,low,3
ANCHOR_NUM_LOW_phi4_subject-matter_03_b7_20260703_134445,phi4_subject-matter,phi4,subject-matter,7,incompatibility of DC systems components,anchor,ANCHOR_NUM_LOW,low,3
ANCHOR_NUM_LOW_phi4_subject-matter_03_b10_20260703_134445,phi4_subject-matter,phi4,subject-matter,10,uncertain regulatory roadmap,anchor,ANCHOR_NUM_LOW,low,3
ANCHOR_NUM_LOW_llama_generalist_03_b1_20260703_134445,llama_generalist,llama,generalist,1,"power losses, quality and safety issues",anchor,ANCHOR_NUM_LOW,low,3
ANCHOR_NUM_LOW_llama_generalist_03_b2_20260703_134445,llama_generalist,llama,generalist,2,reduced reliability in DC devices,anchor,ANCHOR_NUM_LOW,low,3
ANCHOR_NUM_LOW_llama_generalist_03_b3_20260703_134445,llama_generalist,llama,generalist,3,lack of use-cases in which DC is advantageous,anchor,ANCHOR_NUM_LOW,low,3
ANCHOR_NUM_LOW_llama_generalist_03_b4_20260703_134445,llama_generalist,llama,generalist,4,"uncertain utility interaction (net metering, utility ownership, and agreed standards)",anchor,ANCHOR_NUM_LOW,low,3
ANCHOR_NUM_LOW_llama_generalist_03_b5_20260703_134445,llama_generalist,llama,generalist,5,lack of pilot projects,anchor,ANCHOR_NUM_LOW,low,3
ANCHOR_NUM_LOW_llama_normative_03_b1_20260703_134445,llama_normative,llama,normative,1,"power losses, quality and safety issues",anchor,ANCHOR_NUM_LOW,low,3
ANCHOR_NUM_LOW_llama_normative_03_b2_20260703_134445,llama_normative,llama,normative,2,reduced reliability in DC devices,anchor,ANCHOR_NUM_LOW,low,3
ANCHOR_NUM_LOW_llama_normative_03_b3_20260703_134445,llama_normative,llama,normative,3,lack of use-cases in which DC is advantageous,anchor,ANCHOR_NUM_LOW,low,3
ANCHOR_NUM_LOW_llama_normative_03_b4_20260703_134445,llama_normative,llama,normative,4,"uncertain utility interaction (net metering, utility ownership, and agreed standards)",anchor,ANCHOR_NUM_LOW,low,3
ANCHOR_NUM_LOW_llama_normative_03_b5_20260703_134445,llama_normative,llama,normative,5,lack of pilot projects,anchor,ANCHOR_NUM_LOW,low,3
ANCHOR_NUM_LOW_llama_subject-matter_03_b1_20260703_134445,llama_subject-matter,llama,subject-matter,1,"power losses, quality and safety issues",anchor,ANCHOR_NUM_LOW,low,3
ANCHOR_NUM_LOW_llama_subject-matter_03_b3_20260703_134445,llama_subject-matter,llama,subject-matter,3,lack of use-cases in which DC is advantageous,anchor,ANCHOR_NUM_LOW,low,3
ANCHOR_NUM_LOW_llama_subject-matter_03_b4_20260703_134445,llama_subject-matter,llama,subject-matter,4,"uncertain utility interaction (net metering, utility ownership, and agreed standards)",anchor,ANCHOR_NUM_LOW,low,3
ANCHOR_NUM_LOW_llama_subject-matter_03_b7_20260703_134445,llama_subject-matter,llama,subject-matter,7,incompatibility of DC systems components,anchor,ANCHOR_NUM_LOW,low,3
ANCHOR_NUM_LOW_llama_subject-matter_03_b8_20260703_134445,llama_subject-matter,llama,subject-matter,8,misconception and lack of knowledge leads to lengthy/expensive design and permit process,anchor,ANCHOR_NUM_LOW,low,3
ANCHOR_NUM_LOW_mistral_generalist_03_b1_20260703_134445,mistral_generalist,mistral,generalist,1,"power losses, quality and safety issues",anchor,ANCHOR_NUM_LOW,low,3
ANCHOR_NUM_LOW_mistral_generalist_03_b2_20260703_134445,mistral_generalist,mistral,generalist,2,reduced reliability in DC devices,anchor,ANCHOR_NUM_LOW,low,3
ANCHOR_NUM_LOW_mistral_generalist_03_b3_20260703_134445,mistral_generalist,mistral,generalist,3,lack of use-cases in which DC is advantageous,anchor,ANCHOR_NUM_LOW,low,3
ANCHOR_NUM_LOW_mistral_generalist_03_b4_20260703_134445,mistral_generalist,mistral,generalist,4,"uncertain utility interaction (net metering, utility ownership, and agreed standards)",anchor,ANCHOR_NUM_LOW,low,3
ANCHOR_NUM_LOW_mistral_generalist_03_b5_20260703_134445,mistral_generalist,mistral,generalist,5,lack of pilot projects,anchor,ANCHOR_NUM_LOW,low,3
ANCHOR_NUM_LOW_mistral_normative_03_b1_20260703_134445,mistral_normative,mistral,normative,1,"power losses, quality and safety issues",anchor,ANCHOR_NUM_LOW,low,3
ANCHOR_NUM_LOW_mistral_normative_03_b2_20260703_134445,mistral_normative,mistral,normative,2,reduced reliability in DC devices,anchor,ANCHOR_NUM_LOW,low,3
ANCHOR_NUM_LOW_mistral_normative_03_b4_20260703_134445,mistral_normative,mistral,normative,4,"uncertain utility interaction (net metering, utility ownership, and agreed standards)",anchor,ANCHOR_NUM_LOW,low,3
ANCHOR_NUM_LOW_mistral_normative_03_b5_20260703_134445,mistral_normative,mistral,normative,5,lack of pilot projects,anchor,ANCHOR_NUM_LOW,low,3
ANCHOR_NUM_LOW_mistral_normative_03_b7_20260703_134445,mistral_normative,mistral,normative,7,incompatibility of DC systems components,anchor,ANCHOR_NUM_LOW,low,3
ANCHOR_NUM_LOW_mistral_subject-matter_03_b1_20260703_134445,mistral_subject-matter,mistral,subject-matter,1,"power losses, quality and safety issues",anchor,ANCHOR_NUM_LOW,low,3
ANCHOR_NUM_LOW_mistral_subject-matter_03_b2_20260703_134445,mistral_subject-matter,mistral,subject-matter,2,reduced reliability in DC devices,anchor,ANCHOR_NUM_LOW,low,3
ANCHOR_NUM_LOW_mistral_subject-matter_03_b3_20260703_134445,mistral_subject-matter,mistral,subject-matter,3,lack of use-cases in which DC is advantageous,anchor,ANCHOR_NUM_LOW,low,3
ANCHOR_NUM_LOW_mistral_subject-matter_03_b4_20260703_134445,mistral_subject-matter,mistral,subject-matter,4,"uncertain utility interaction (net metering, utility ownership, and agreed standards)",anchor,ANCHOR_NUM_LOW,low,3
ANCHOR_NUM_LOW_mistral_subject-matter_03_b5_20260703_134445,mistral_subject-matter,mistral,subject-matter,5,lack of pilot projects,anchor,ANCHOR_NUM_LOW,low,3
ANCHOR_NUM_LOW_gemma3_generalist_03_b1_20260703_134445,gemma3_generalist,gemma3,generalist,1,"power losses, quality and safety issues",anchor,ANCHOR_NUM_LOW,low,3
ANCHOR_NUM_LOW_gemma3_generalist_03_b3_20260703_134445,gemma3_generalist,gemma3,generalist,3,lack of use-cases in which DC is advantageous,anchor,ANCHOR_NUM_LOW,low,3
ANCHOR_NUM_LOW_gemma3_generalist_03_b4_20260703_134445,gemma3_generalist,gemma3,generalist,4,"uncertain utility interaction (net metering, utility ownership, and agreed standards)",anchor,ANCHOR_NUM_LOW,low,3
ANCHOR_NUM_LOW_gemma3_generalist_03_b8_20260703_134445,gemma3_generalist,gemma3,generalist,8,misconception and lack of knowledge leads to lengthy/expensive design and permit process,anchor,ANCHOR_NUM_LOW,low,3
ANCHOR_NUM_LOW_gemma3_generalist_03_b11_20260703_134445,gemma3_generalist,gemma3,generalist,11,high costs of DC solutions,anchor,ANCHOR_NUM_LOW,low,3
ANCHOR_NUM_LOW_gemma3_normative_03_b1_20260703_134445,gemma3_normative,gemma3,normative,1,"power losses, quality and safety issues",anchor,ANCHOR_NUM_LOW,low,3
ANCHOR_NUM_LOW_gemma3_normative_03_b3_20260703_134445,gemma3_normative,gemma3,normative,3,lack of use-cases in which DC is advantageous,anchor,ANCHOR_NUM_LOW,low,3
ANCHOR_NUM_LOW_gemma3_normative_03_b4_20260703_134445,gemma3_normative,gemma3,normative,4,"uncertain utility interaction (net metering, utility ownership, and agreed standards)",anchor,ANCHOR_NUM_LOW,low,3
ANCHOR_NUM_LOW_gemma3_normative_03_b8_20260703_134445,gemma3_normative,gemma3,normative,8,misconception and lack of knowledge leads to lengthy/expensive design and permit process,anchor,ANCHOR_NUM_LOW,low,3
ANCHOR_NUM_LOW_gemma3_normative_03_b10_20260703_134445,gemma3_normative,gemma3,normative,10,uncertain regulatory roadmap,anchor,ANCHOR_NUM_LOW,low,3
ANCHOR_NUM_LOW_gemma3_subject-matter_03_b1_20260703_134445,gemma3_subject-matter,gemma3,subject-matter,1,"power losses, quality and safety issues",anchor,ANCHOR_NUM_LOW,low,3
ANCHOR_NUM_LOW_gemma3_subject-matter_03_b3_20260703_134445,gemma3_subject-matter,gemma3,subject-matter,3,lack of use-cases in which DC is advantageous,anchor,ANCHOR_NUM_LOW,low,3
ANCHOR_NUM_LOW_gemma3_subject-matter_03_b4_20260703_134445,gemma3_subject-matter,gemma3,subject-matter,4,"uncertain utility interaction (net metering, utility ownership, and agreed standards)",anchor,ANCHOR_NUM_LOW,low,3
ANCHOR_NUM_LOW_gemma3_subject-matter_03_b8_20260703_134445,gemma3_subject-matter,gemma3,subject-matter,8,misconception and lack of knowledge leads to lengthy/expensive design and permit process,anchor,ANCHOR_NUM_LOW,low,3
ANCHOR_NUM_LOW_gemma3_subject-matter_03_b10_20260703_134445,gemma3_subject-matter,gemma3,subject-matter,10,uncertain regulatory roadmap,anchor,ANCHOR_NUM_LOW,low,3
ANCHOR_NUM_LOW_phi4_generalist_04_b1_20260703_134646,phi4_generalist,phi4,generalist,1,"power losses, quality and safety issues",anchor,ANCHOR_NUM_LOW,low,4
ANCHOR_NUM_LOW_phi4_generalist_04_b4_20260703_134646,phi4_generalist,phi4,generalist,4,"uncertain utility interaction (net metering, utility ownership, and agreed standards)",anchor,ANCHOR_NUM_LOW,low,4
ANCHOR_NUM_LOW_phi4_generalist_04_b5_20260703_134646,phi4_generalist,phi4,generalist,5,lack of pilot projects,anchor,ANCHOR_NUM_LOW,low,4
ANCHOR_NUM_LOW_phi4_generalist_04_b8_20260703_134646,phi4_generalist,phi4,generalist,8,misconception and lack of knowledge leads to lengthy/expensive design and permit process,anchor,ANCHOR_NUM_LOW,low,4
ANCHOR_NUM_LOW_phi4_generalist_04_b10_20260703_134646,phi4_generalist,phi4,generalist,10,uncertain regulatory roadmap,anchor,ANCHOR_NUM_LOW,low,4
ANCHOR_NUM_LOW_phi4_normative_04_b1_20260703_134646,phi4_normative,phi4,normative,1,"power losses, quality and safety issues",anchor,ANCHOR_NUM_LOW,low,4
ANCHOR_NUM_LOW_phi4_normative_04_b4_20260703_134646,phi4_normative,phi4,normative,4,"uncertain utility interaction (net metering, utility ownership, and agreed standards)",anchor,ANCHOR_NUM_LOW,low,4
ANCHOR_NUM_LOW_phi4_normative_04_b5_20260703_134646,phi4_normative,phi4,normative,5,lack of pilot projects,anchor,ANCHOR_NUM_LOW,low,4
ANCHOR_NUM_LOW_phi4_normative_04_b8_20260703_134646,phi4_normative,phi4,normative,8,misconception and lack of knowledge leads to lengthy/expensive design and permit process,anchor,ANCHOR_NUM_LOW,low,4
ANCHOR_NUM_LOW_phi4_normative_04_b10_20260703_134646,phi4_normative,phi4,normative,10,uncertain regulatory roadmap,anchor,ANCHOR_NUM_LOW,low,4
ANCHOR_NUM_LOW_phi4_subject-matter_04_b1_20260703_134646,phi4_subject-matter,phi4,subject-matter,1,"power losses, quality and safety issues",anchor,ANCHOR_NUM_LOW,low,4
ANCHOR_NUM_LOW_phi4_subject-matter_04_b3_20260703_134646,phi4_subject-matter,phi4,subject-matter,3,lack of use-cases in which DC is advantageous,anchor,ANCHOR_NUM_LOW,low,4
ANCHOR_NUM_LOW_phi4_subject-matter_04_b4_20260703_134646,phi4_subject-matter,phi4,subject-matter,4,"uncertain utility interaction (net metering, utility ownership, and agreed standards)",anchor,ANCHOR_NUM_LOW,low,4
ANCHOR_NUM_LOW_phi4_subject-matter_04_b5_20260703_134646,phi4_subject-matter,phi4,subject-matter,5,lack of pilot projects,anchor,ANCHOR_NUM_LOW,low,4
ANCHOR_NUM_LOW_phi4_subject-matter_04_b6_20260703_134646,phi4_subject-matter,phi4,subject-matter,6,public perception of DC and readiness to 'champion' installations from DC projects,anchor,ANCHOR_NUM_LOW,low,4
ANCHOR_NUM_LOW_llama_generalist_04_b1_20260703_134646,llama_generalist,llama,generalist,1,"power losses, quality and safety issues",anchor,ANCHOR_NUM_LOW,low,4
ANCHOR_NUM_LOW_llama_generalist_04_b2_20260703_134646,llama_generalist,llama,generalist,2,reduced reliability in DC devices,anchor,ANCHOR_NUM_LOW,low,4
ANCHOR_NUM_LOW_llama_generalist_04_b4_20260703_134646,llama_generalist,llama,generalist,4,"uncertain utility interaction (net metering, utility ownership, and agreed standards)",anchor,ANCHOR_NUM_LOW,low,4
ANCHOR_NUM_LOW_llama_generalist_04_b5_20260703_134646,llama_generalist,llama,generalist,5,lack of pilot projects,anchor,ANCHOR_NUM_LOW,low,4
ANCHOR_NUM_LOW_llama_generalist_04_b6_20260703_134646,llama_generalist,llama,generalist,6,public perception of DC and readiness to 'champion' installations from DC projects,anchor,ANCHOR_NUM_LOW,low,4
ANCHOR_NUM_LOW_llama_normative_04_b1_20260703_134646,llama_normative,llama,normative,1,"power losses, quality and safety issues",anchor,ANCHOR_NUM_LOW,low,4
ANCHOR_NUM_LOW_llama_normative_04_b2_20260703_134646,llama_normative,llama,normative,2,reduced reliability in DC devices,anchor,ANCHOR_NUM_LOW,low,4
ANCHOR_NUM_LOW_llama_normative_04_b7_20260703_134646,llama_normative,llama,normative,7,incompatibility of DC systems components,anchor,ANCHOR_NUM_LOW,low,4
ANCHOR_NUM_LOW_llama_normative_04_b8_20260703_134646,llama_normative,llama,normative,8,misconception and lack of knowledge leads to lengthy/expensive design and permit process,anchor,ANCHOR_NUM_LOW,low,4
ANCHOR_NUM_LOW_llama_normative_04_b9_20260703_134646,llama_normative,llama,normative,9,lack of enough trained personnel in DC systems,anchor,ANCHOR_NUM_LOW,low,4
ANCHOR_NUM_LOW_llama_subject-matter_04_b1_20260703_134646,llama_subject-matter,llama,subject-matter,1,"power losses, quality and safety issues",anchor,ANCHOR_NUM_LOW,low,4
ANCHOR_NUM_LOW_llama_subject-matter_04_b2_20260703_134646,llama_subject-matter,llama,subject-matter,2,reduced reliability in DC devices,anchor,ANCHOR_NUM_LOW,low,4
ANCHOR_NUM_LOW_llama_subject-matter_04_b4_20260703_134646,llama_subject-matter,llama,subject-matter,4,"uncertain utility interaction (net metering, utility ownership, and agreed standards)",anchor,ANCHOR_NUM_LOW,low,4
ANCHOR_NUM_LOW_llama_subject-matter_04_b3_20260703_134646,llama_subject-matter,llama,subject-matter,3,lack of use-cases in which DC is advantageous,anchor,ANCHOR_NUM_LOW,low,4
ANCHOR_NUM_LOW_llama_subject-matter_04_b6_20260703_134646,llama_subject-matter,llama,subject-matter,6,public perception of DC and readiness to 'champion' installations from DC projects,anchor,ANCHOR_NUM_LOW,low,4
ANCHOR_NUM_LOW_mistral_generalist_04_b1_20260703_134646,mistral_generalist,mistral,generalist,1,"power losses, quality and safety issues",anchor,ANCHOR_NUM_LOW,low,4
ANCHOR_NUM_LOW_mistral_generalist_04_b2_20260703_134646,mistral_generalist,mistral,generalist,2,reduced reliability in DC devices,anchor,ANCHOR_NUM_LOW,low,4
ANCHOR_NUM_LOW_mistral_generalist_04_b3_20260703_134646,mistral_generalist,mistral,generalist,3,lack of use-cases in which DC is advantageous,anchor,ANCHOR_NUM_LOW,low,4
ANCHOR_NUM_LOW_mistral_generalist_04_b4_20260703_134646,mistral_generalist,mistral,generalist,4,"uncertain utility interaction (net metering, utility ownership, and agreed standards)",anchor,ANCHOR_NUM_LOW,low,4
ANCHOR_NUM_LOW_mistral_generalist_04_b5_20260703_134646,mistral_generalist,mistral,generalist,5,lack of pilot projects,anchor,ANCHOR_NUM_LOW,low,4
ANCHOR_NUM_LOW_mistral_normative_04_b1_20260703_134646,mistral_normative,mistral,normative,1,"power losses, quality and safety issues",anchor,ANCHOR_NUM_LOW,low,4
ANCHOR_NUM_LOW_mistral_normative_04_b2_20260703_134646,mistral_normative,mistral,normative,2,reduced reliability in DC devices,anchor,ANCHOR_NUM_LOW,low,4
ANCHOR_NUM_LOW_mistral_normative_04_b3_20260703_134646,mistral_normative,mistral,normative,3,lack of use-cases in which DC is advantageous,anchor,ANCHOR_NUM_LOW,low,4
ANCHOR_NUM_LOW_mistral_normative_04_b4_20260703_134646,mistral_normative,mistral,normative,4,"uncertain utility interaction (net metering, utility ownership, and agreed standards)",anchor,ANCHOR_NUM_LOW,low,4
ANCHOR_NUM_LOW_mistral_normative_04_b5_20260703_134646,mistral_normative,mistral,normative,5,lack of pilot projects,anchor,ANCHOR_NUM_LOW,low,4
ANCHOR_NUM_LOW_mistral_subject-matter_04_b1_20260703_134646,mistral_subject-matter,mistral,subject-matter,1,"power losses, quality and safety issues",anchor,ANCHOR_NUM_LOW,low,4
ANCHOR_NUM_LOW_mistral_subject-matter_04_b2_20260703_134646,mistral_subject-matter,mistral,subject-matter,2,reduced reliability in DC devices,anchor,ANCHOR_NUM_LOW,low,4
ANCHOR_NUM_LOW_mistral_subject-matter_04_b3_20260703_134646,mistral_subject-matter,mistral,subject-matter,3,lack of use-cases in which DC is advantageous,anchor,ANCHOR_NUM_LOW,low,4
ANCHOR_NUM_LOW_mistral_subject-matter_04_b4_20260703_134646,mistral_subject-matter,mistral,subject-matter,4,"uncertain utility interaction (net metering, utility ownership, and agreed standards)",anchor,ANCHOR_NUM_LOW,low,4
ANCHOR_NUM_LOW_mistral_subject-matter_04_b5_20260703_134646,mistral_subject-matter,mistral,subject-matter,5,lack of pilot projects,anchor,ANCHOR_NUM_LOW,low,4
ANCHOR_NUM_LOW_gemma3_generalist_04_b1_20260703_134646,gemma3_generalist,gemma3,generalist,1,"power losses, quality and safety issues",anchor,ANCHOR_NUM_LOW,low,4
ANCHOR_NUM_LOW_gemma3_generalist_04_b3_20260703_134646,gemma3_generalist,gemma3,generalist,3,lack of use-cases in which DC is advantageous,anchor,ANCHOR_NUM_LOW,low,4
ANCHOR_NUM_LOW_gemma3_generalist_04_b4_20260703_134646,gemma3_generalist,gemma3,generalist,4,"uncertain utility interaction (net metering, utility ownership, and agreed standards)",anchor,ANCHOR_NUM_LOW,low,4
ANCHOR_NUM_LOW_gemma3_generalist_04_b8_20260703_134646,gemma3_generalist,gemma3,generalist,8,misconception and lack of knowledge leads to lengthy/expensive design and permit process,anchor,ANCHOR_NUM_LOW,low,4
ANCHOR_NUM_LOW_gemma3_generalist_04_b11_20260703_134646,gemma3_generalist,gemma3,generalist,11,high costs of DC solutions,anchor,ANCHOR_NUM_LOW,low,4
ANCHOR_NUM_LOW_gemma3_normative_04_b1_20260703_134646,gemma3_normative,gemma3,normative,1,"power losses, quality and safety issues",anchor,ANCHOR_NUM_LOW,low,4
ANCHOR_NUM_LOW_gemma3_normative_04_b4_20260703_134646,gemma3_normative,gemma3,normative,4,"uncertain utility interaction (net metering, utility ownership, and agreed standards)",anchor,ANCHOR_NUM_LOW,low,4
ANCHOR_NUM_LOW_gemma3_normative_04_b8_20260703_134646,gemma3_normative,gemma3,normative,8,misconception and lack of knowledge leads to lengthy/expensive design and permit process,anchor,ANCHOR_NUM_LOW,low,4
ANCHOR_NUM_LOW_gemma3_normative_04_b9_20260703_134646,gemma3_normative,gemma3,normative,9,lack of enough trained personnel in DC systems,anchor,ANCHOR_NUM_LOW,low,4
ANCHOR_NUM_LOW_gemma3_normative_04_b11_20260703_134646,gemma3_normative,gemma3,normative,11,high costs of DC solutions,anchor,ANCHOR_NUM_LOW,low,4
ANCHOR_NUM_LOW_gemma3_subject-matter_04_b1_20260703_134646,gemma3_subject-matter,gemma3,subject-matter,1,"power losses, quality and safety issues",anchor,ANCHOR_NUM_LOW,low,4
ANCHOR_NUM_LOW_gemma3_subject-matter_04_b3_20260703_134646,gemma3_subject-matter,gemma3,subject-matter,3,lack of use-cases in which DC is advantageous,anchor,ANCHOR_NUM_LOW,low,4
ANCHOR_NUM_LOW_gemma3_subject-matter_04_b4_20260703_134646,gemma3_subject-matter,gemma3,subject-matter,4,"uncertain utility interaction (net metering, utility ownership, and agreed standards)",anchor,ANCHOR_NUM_LOW,low,4
ANCHOR_NUM_LOW_gemma3_subject-matter_04_b8_20260703_134646,gemma3_subject-matter,gemma3,subject-matter,8,misconception and lack of knowledge leads to lengthy/expensive design and permit process,anchor,ANCHOR_NUM_LOW,low,4
ANCHOR_NUM_LOW_gemma3_subject-matter_04_b10_20260703_134646,gemma3_subject-matter,gemma3,subject-matter,10,uncertain regulatory roadmap,anchor,ANCHOR_NUM_LOW,low,4
ANCHOR_NUM_LOW_phi4_generalist_05_b1_20260703_134852,phi4_generalist,phi4,generalist,1,"power losses, quality and safety issues",anchor,ANCHOR_NUM_LOW,low,5
ANCHOR_NUM_LOW_phi4_generalist_05_b4_20260703_134852,phi4_generalist,phi4,generalist,4,"uncertain utility interaction (net metering, utility ownership, and agreed standards)",anchor,ANCHOR_NUM_LOW,low,5
ANCHOR_NUM_LOW_phi4_generalist_05_b5_20260703_134852,phi4_generalist,phi4,generalist,5,lack of pilot projects,anchor,ANCHOR_NUM_LOW,low,5
ANCHOR_NUM_LOW_phi4_generalist_05_b6_20260703_134852,phi4_generalist,phi4,generalist,6,public perception of DC and readiness to 'champion' installations from DC projects,anchor,ANCHOR_NUM_LOW,low,5
ANCHOR_NUM_LOW_phi4_generalist_05_b10_20260703_134852,phi4_generalist,phi4,generalist,10,uncertain regulatory roadmap,anchor,ANCHOR_NUM_LOW,low,5
ANCHOR_NUM_LOW_phi4_normative_05_b1_20260703_134852,phi4_normative,phi4,normative,1,"power losses, quality and safety issues",anchor,ANCHOR_NUM_LOW,low,5
ANCHOR_NUM_LOW_phi4_normative_05_b2_20260703_134852,phi4_normative,phi4,normative,2,reduced reliability in DC devices,anchor,ANCHOR_NUM_LOW,low,5
ANCHOR_NUM_LOW_phi4_normative_05_b3_20260703_134852,phi4_normative,phi4,normative,3,lack of use-cases in which DC is advantageous,anchor,ANCHOR_NUM_LOW,low,5
ANCHOR_NUM_LOW_phi4_normative_05_b4_20260703_134852,phi4_normative,phi4,normative,4,"uncertain utility interaction (net metering, utility ownership, and agreed standards)",anchor,ANCHOR_NUM_LOW,low,5
ANCHOR_NUM_LOW_phi4_normative_05_b5_20260703_134852,phi4_normative,phi4,normative,5,lack of pilot projects,anchor,ANCHOR_NUM_LOW,low,5
ANCHOR_NUM_LOW_phi4_subject-matter_05_b1_20260703_134852,phi4_subject-matter,phi4,subject-matter,1,"power losses, quality and safety issues",anchor,ANCHOR_NUM_LOW,low,5
ANCHOR_NUM_LOW_phi4_subject-matter_05_b3_20260703_134852,phi4_subject-matter,phi4,subject-matter,3,lack of use-cases in which DC is advantageous,anchor,ANCHOR_NUM_LOW,low,5
ANCHOR_NUM_LOW_phi4_subject-matter_05_b4_20260703_134852,phi4_subject-matter,phi4,subject-matter,4,"uncertain utility interaction (net metering, utility ownership, and agreed standards)",anchor,ANCHOR_NUM_LOW,low,5
ANCHOR_NUM_LOW_phi4_subject-matter_05_b8_20260703_134852,phi4_subject-matter,phi4,subject-matter,8,misconception and lack of knowledge leads to lengthy/expensive design and permit process,anchor,ANCHOR_NUM_LOW,low,5
ANCHOR_NUM_LOW_phi4_subject-matter_05_b10_20260703_134852,phi4_subject-matter,phi4,subject-matter,10,uncertain regulatory roadmap,anchor,ANCHOR_NUM_LOW,low,5
ANCHOR_NUM_LOW_llama_generalist_05_b1_20260703_134852,llama_generalist,llama,generalist,1,"power losses, quality and safety issues",anchor,ANCHOR_NUM_LOW,low,5
ANCHOR_NUM_LOW_llama_generalist_05_b2_20260703_134852,llama_generalist,llama,generalist,2,reduced reliability in DC devices,anchor,ANCHOR_NUM_LOW,low,5
ANCHOR_NUM_LOW_llama_generalist_05_b3_20260703_134852,llama_generalist,llama,generalist,3,lack of use-cases in which DC is advantageous,anchor,ANCHOR_NUM_LOW,low,5
ANCHOR_NUM_LOW_llama_generalist_05_b4_20260703_134852,llama_generalist,llama,generalist,4,"uncertain utility interaction (net metering, utility ownership, and agreed standards)",anchor,ANCHOR_NUM_LOW,low,5
ANCHOR_NUM_LOW_llama_generalist_05_b5_20260703_134852,llama_generalist,llama,generalist,5,lack of pilot projects,anchor,ANCHOR_NUM_LOW,low,5
ANCHOR_NUM_LOW_llama_normative_05_b1_20260703_134852,llama_normative,llama,normative,1,"power losses, quality and safety issues",anchor,ANCHOR_NUM_LOW,low,5
ANCHOR_NUM_LOW_llama_normative_05_b2_20260703_134852,llama_normative,llama,normative,2,reduced reliability in DC devices,anchor,ANCHOR_NUM_LOW,low,5
ANCHOR_NUM_LOW_llama_normative_05_b3_20260703_134852,llama_normative,llama,normative,3,lack of use-cases in which DC is advantageous,anchor,ANCHOR_NUM_LOW,low,5
ANCHOR_NUM_LOW_llama_normative_05_b4_20260703_134852,llama_normative,llama,normative,4,"uncertain utility interaction (net metering, utility ownership, and agreed standards)",anchor,ANCHOR_NUM_LOW,low,5
ANCHOR_NUM_LOW_llama_normative_05_b5_20260703_134852,llama_normative,llama,normative,5,lack of pilot projects,anchor,ANCHOR_NUM_LOW,low,5
ANCHOR_NUM_LOW_llama_subject-matter_05_b1_20260703_134852,llama_subject-matter,llama,subject-matter,1,"power losses, quality and safety issues",anchor,ANCHOR_NUM_LOW,low,5
ANCHOR_NUM_LOW_llama_subject-matter_05_b2_20260703_134852,llama_subject-matter,llama,subject-matter,2,reduced reliability in DC devices,anchor,ANCHOR_NUM_LOW,low,5
ANCHOR_NUM_LOW_llama_subject-matter_05_b4_20260703_134852,llama_subject-matter,llama,subject-matter,4,"uncertain utility interaction (net metering, utility ownership, and agreed standards)",anchor,ANCHOR_NUM_LOW,low,5
ANCHOR_NUM_LOW_llama_subject-matter_05_b5_20260703_134852,llama_subject-matter,llama,subject-matter,5,lack of pilot projects,anchor,ANCHOR_NUM_LOW,low,5
ANCHOR_NUM_LOW_llama_subject-matter_05_b6_20260703_134852,llama_subject-matter,llama,subject-matter,6,public perception of DC and readiness to 'champion' installations from DC projects,anchor,ANCHOR_NUM_LOW,low,5
ANCHOR_NUM_LOW_mistral_generalist_05_b1_20260703_134852,mistral_generalist,mistral,generalist,1,"power losses, quality and safety issues",anchor,ANCHOR_NUM_LOW,low,5
ANCHOR_NUM_LOW_mistral_generalist_05_b2_20260703_134852,mistral_generalist,mistral,generalist,2,reduced reliability in DC devices,anchor,ANCHOR_NUM_LOW,low,5
ANCHOR_NUM_LOW_mistral_generalist_05_b3_20260703_134852,mistral_generalist,mistral,generalist,3,lack of use-cases in which DC is advantageous,anchor,ANCHOR_NUM_LOW,low,5
ANCHOR_NUM_LOW_mistral_generalist_05_b4_20260703_134852,mistral_generalist,mistral,generalist,4,"uncertain utility interaction (net metering, utility ownership, and agreed standards)",anchor,ANCHOR_NUM_LOW,low,5
ANCHOR_NUM_LOW_mistral_generalist_05_b5_20260703_134852,mistral_generalist,mistral,generalist,5,lack of pilot projects,anchor,ANCHOR_NUM_LOW,low,5
ANCHOR_NUM_LOW_mistral_normative_05_b1_20260703_134852,mistral_normative,mistral,normative,1,"power losses, quality and safety issues",anchor,ANCHOR_NUM_LOW,low,5
ANCHOR_NUM_LOW_mistral_normative_05_b2_20260703_134852,mistral_normative,mistral,normative,2,reduced reliability in DC devices,anchor,ANCHOR_NUM_LOW,low,5
ANCHOR_NUM_LOW_mistral_normative_05_b4_20260703_134852,mistral_normative,mistral,normative,4,"uncertain utility interaction (net metering, utility ownership, and agreed standards)",anchor,ANCHOR_NUM_LOW,low,5
ANCHOR_NUM_LOW_mistral_normative_05_b5_20260703_134852,mistral_normative,mistral,normative,5,lack of pilot projects,anchor,ANCHOR_NUM_LOW,low,5
ANCHOR_NUM_LOW_mistral_normative_05_b11_20260703_134852,mistral_normative,mistral,normative,11,high costs of DC solutions,anchor,ANCHOR_NUM_LOW,low,5
ANCHOR_NUM_LOW_mistral_subject-matter_05_b1_20260703_134852,mistral_subject-matter,mistral,subject-matter,1,"power losses, quality and safety issues",anchor,ANCHOR_NUM_LOW,low,5
ANCHOR_NUM_LOW_mistral_subject-matter_05_b2_20260703_134852,mistral_subject-matter,mistral,subject-matter,2,reduced reliability in DC devices,anchor,ANCHOR_NUM_LOW,low,5
ANCHOR_NUM_LOW_mistral_subject-matter_05_b3_20260703_134852,mistral_subject-matter,mistral,subject-matter,3,lack of use-cases in which DC is advantageous,anchor,ANCHOR_NUM_LOW,low,5
ANCHOR_NUM_LOW_mistral_subject-matter_05_b4_20260703_134852,mistral_subject-matter,mistral,subject-matter,4,"uncertain utility interaction (net metering, utility ownership, and agreed standards)",anchor,ANCHOR_NUM_LOW,low,5
ANCHOR_NUM_LOW_mistral_subject-matter_05_b5_20260703_134852,mistral_subject-matter,mistral,subject-matter,5,lack of pilot projects,anchor,ANCHOR_NUM_LOW,low,5
ANCHOR_NUM_LOW_gemma3_generalist_05_b1_20260703_134852,gemma3_generalist,gemma3,generalist,1,"power losses, quality and safety issues",anchor,ANCHOR_NUM_LOW,low,5
ANCHOR_NUM_LOW_gemma3_generalist_05_b3_20260703_134852,gemma3_generalist,gemma3,generalist,3,lack of use-cases in which DC is advantageous,anchor,ANCHOR_NUM_LOW,low,5
ANCHOR_NUM_LOW_gemma3_generalist_05_b4_20260703_134852,gemma3_generalist,gemma3,generalist,4,"uncertain utility interaction (net metering, utility ownership, and agreed standards)",anchor,ANCHOR_NUM_LOW,low,5
ANCHOR_NUM_LOW_gemma3_generalist_05_b8_20260703_134852,gemma3_generalist,gemma3,generalist,8,misconception and lack of knowledge leads to lengthy/expensive design and permit process,anchor,ANCHOR_NUM_LOW,low,5
ANCHOR_NUM_LOW_gemma3_generalist_05_b11_20260703_134852,gemma3_generalist,gemma3,generalist,11,high costs of DC solutions,anchor,ANCHOR_NUM_LOW,low,5
ANCHOR_NUM_LOW_gemma3_normative_05_b1_20260703_134852,gemma3_normative,gemma3,normative,1,"power losses, quality and safety issues",anchor,ANCHOR_NUM_LOW,low,5
ANCHOR_NUM_LOW_gemma3_normative_05_b3_20260703_134852,gemma3_normative,gemma3,normative,3,lack of use-cases in which DC is advantageous,anchor,ANCHOR_NUM_LOW,low,5
ANCHOR_NUM_LOW_gemma3_normative_05_b4_20260703_134852,gemma3_normative,gemma3,normative,4,"uncertain utility interaction (net metering, utility ownership, and agreed standards)",anchor,ANCHOR_NUM_LOW,low,5
ANCHOR_NUM_LOW_gemma3_normative_05_b8_20260703_134852,gemma3_normative,gemma3,normative,8,misconception and lack of knowledge leads to lengthy/expensive design and permit process,anchor,ANCHOR_NUM_LOW,low,5
ANCHOR_NUM_LOW_gemma3_normative_05_b10_20260703_134852,gemma3_normative,gemma3,normative,10,uncertain regulatory roadmap,anchor,ANCHOR_NUM_LOW,low,5
ANCHOR_NUM_LOW_gemma3_subject-matter_05_b1_20260703_134852,gemma3_subject-matter,gemma3,subject-matter,1,"power losses, quality and safety issues",anchor,ANCHOR_NUM_LOW,low,5
ANCHOR_NUM_LOW_gemma3_subject-matter_05_b4_20260703_134852,gemma3_subject-matter,gemma3,subject-matter,4,"uncertain utility interaction (net metering, utility ownership, and agreed standards)",anchor,ANCHOR_NUM_LOW,low,5
ANCHOR_NUM_LOW_gemma3_subject-matter_05_b5_20260703_134852,gemma3_subject-matter,gemma3,subject-matter,5,lack of pilot projects,anchor,ANCHOR_NUM_LOW,low,5
ANCHOR_NUM_LOW_gemma3_subject-matter_05_b8_20260703_134852,gemma3_subject-matter,gemma3,subject-matter,8,misconception and lack of knowledge leads to lengthy/expensive design and permit process,anchor,ANCHOR_NUM_LOW,low,5
ANCHOR_NUM_LOW_gemma3_subject-matter_05_b10_20260703_134852,gemma3_subject-matter,gemma3,subject-matter,10,uncertain regulatory roadmap,anchor,ANCHOR_NUM_LOW,low,5
ANCHOR_NUM_LOW_phi4_generalist_06_b1_20260703_135110,phi4_generalist,phi4,generalist,1,"power losses, quality and safety issues",anchor,ANCHOR_NUM_LOW,low,6
ANCHOR_NUM_LOW_phi4_generalist_06_b2_20260703_135110,phi4_generalist,phi4,generalist,2,reduced reliability in DC devices,anchor,ANCHOR_NUM_LOW,low,6
ANCHOR_NUM_LOW_phi4_generalist_06_b3_20260703_135110,phi4_generalist,phi4,generalist,3,lack of use-cases in which DC is advantageous,anchor,ANCHOR_NUM_LOW,low,6
ANCHOR_NUM_LOW_phi4_generalist_06_b4_20260703_135110,phi4_generalist,phi4,generalist,4,"uncertain utility interaction (net metering, utility ownership, and agreed standards)",anchor,ANCHOR_NUM_LOW,low,6
ANCHOR_NUM_LOW_phi4_generalist_06_b11_20260703_135110,phi4_generalist,phi4,generalist,11,high costs of DC solutions,anchor,ANCHOR_NUM_LOW,low,6
ANCHOR_NUM_LOW_phi4_normative_06_b1_20260703_135110,phi4_normative,phi4,normative,1,"power losses, quality and safety issues",anchor,ANCHOR_NUM_LOW,low,6
ANCHOR_NUM_LOW_phi4_normative_06_b3_20260703_135110,phi4_normative,phi4,normative,3,lack of use-cases in which DC is advantageous,anchor,ANCHOR_NUM_LOW,low,6
ANCHOR_NUM_LOW_phi4_normative_06_b4_20260703_135110,phi4_normative,phi4,normative,4,"uncertain utility interaction (net metering, utility ownership, and agreed standards)",anchor,ANCHOR_NUM_LOW,low,6
ANCHOR_NUM_LOW_phi4_normative_06_b5_20260703_135110,phi4_normative,phi4,normative,5,lack of pilot projects,anchor,ANCHOR_NUM_LOW,low,6
ANCHOR_NUM_LOW_phi4_normative_06_b10_20260703_135110,phi4_normative,phi4,normative,10,uncertain regulatory roadmap,anchor,ANCHOR_NUM_LOW,low,6
ANCHOR_NUM_LOW_phi4_subject-matter_06_b1_20260703_135110,phi4_subject-matter,phi4,subject-matter,1,"power losses, quality and safety issues",anchor,ANCHOR_NUM_LOW,low,6
ANCHOR_NUM_LOW_phi4_subject-matter_06_b2_20260703_135110,phi4_subject-matter,phi4,subject-matter,2,reduced reliability in DC devices,anchor,ANCHOR_NUM_LOW,low,6
ANCHOR_NUM_LOW_phi4_subject-matter_06_b3_20260703_135110,phi4_subject-matter,phi4,subject-matter,3,lack of use-cases in which DC is advantageous,anchor,ANCHOR_NUM_LOW,low,6
ANCHOR_NUM_LOW_phi4_subject-matter_06_b4_20260703_135110,phi4_subject-matter,phi4,subject-matter,4,"uncertain utility interaction (net metering, utility ownership, and agreed standards)",anchor,ANCHOR_NUM_LOW,low,6
ANCHOR_NUM_LOW_phi4_subject-matter_06_b5_20260703_135110,phi4_subject-matter,phi4,subject-matter,5,lack of pilot projects,anchor,ANCHOR_NUM_LOW,low,6
ANCHOR_NUM_LOW_llama_generalist_06_b1_20260703_135110,llama_generalist,llama,generalist,1,"power losses, quality and safety issues",anchor,ANCHOR_NUM_LOW,low,6
ANCHOR_NUM_LOW_llama_generalist_06_b2_20260703_135110,llama_generalist,llama,generalist,2,reduced reliability in DC devices,anchor,ANCHOR_NUM_LOW,low,6
ANCHOR_NUM_LOW_llama_generalist_06_b4_20260703_135110,llama_generalist,llama,generalist,4,"uncertain utility interaction (net metering, utility ownership, and agreed standards)",anchor,ANCHOR_NUM_LOW,low,6
ANCHOR_NUM_LOW_llama_generalist_06_b5_20260703_135110,llama_generalist,llama,generalist,5,lack of pilot projects,anchor,ANCHOR_NUM_LOW,low,6
ANCHOR_NUM_LOW_llama_generalist_06_b6_20260703_135110,llama_generalist,llama,generalist,6,public perception of DC and readiness to 'champion' installations from DC projects,anchor,ANCHOR_NUM_LOW,low,6
ANCHOR_NUM_LOW_llama_normative_06_b1_20260703_135110,llama_normative,llama,normative,1,"power losses, quality and safety issues",anchor,ANCHOR_NUM_LOW,low,6
ANCHOR_NUM_LOW_llama_normative_06_b2_20260703_135110,llama_normative,llama,normative,2,reduced reliability in DC devices,anchor,ANCHOR_NUM_LOW,low,6
ANCHOR_NUM_LOW_llama_normative_06_b4_20260703_135110,llama_normative,llama,normative,4,"uncertain utility interaction (net metering, utility ownership, and agreed standards)",anchor,ANCHOR_NUM_LOW,low,6
ANCHOR_NUM_LOW_llama_normative_06_b3_20260703_135110,llama_normative,llama,normative,3,lack of use-cases in which DC is advantageous,anchor,ANCHOR_NUM_LOW,low,6
ANCHOR_NUM_LOW_llama_normative_06_b6_20260703_135110,llama_normative,llama,normative,6,public perception of DC and readiness to 'champion' installations from DC projects,anchor,ANCHOR_NUM_LOW,low,6
ANCHOR_NUM_LOW_llama_subject-matter_06_b1_20260703_135110,llama_subject-matter,llama,subject-matter,1,"power losses, quality and safety issues",anchor,ANCHOR_NUM_LOW,low,6
ANCHOR_NUM_LOW_llama_subject-matter_06_b2_20260703_135110,llama_subject-matter,llama,subject-matter,2,reduced reliability in DC devices,anchor,ANCHOR_NUM_LOW,low,6
ANCHOR_NUM_LOW_llama_subject-matter_06_b3_20260703_135110,llama_subject-matter,llama,subject-matter,3,lack of use-cases in which DC is advantageous,anchor,ANCHOR_NUM_LOW,low,6
ANCHOR_NUM_LOW_llama_subject-matter_06_b4_20260703_135110,llama_subject-matter,llama,subject-matter,4,"uncertain utility interaction (net metering, utility ownership, and agreed standards)",anchor,ANCHOR_NUM_LOW,low,6
ANCHOR_NUM_LOW_llama_subject-matter_06_b5_20260703_135110,llama_subject-matter,llama,subject-matter,5,lack of pilot projects,anchor,ANCHOR_NUM_LOW,low,6
ANCHOR_NUM_LOW_mistral_generalist_06_b1_20260703_135110,mistral_generalist,mistral,generalist,1,"power losses, quality and safety issues",anchor,ANCHOR_NUM_LOW,low,6
ANCHOR_NUM_LOW_mistral_generalist_06_b2_20260703_135110,mistral_generalist,mistral,generalist,2,reduced reliability in DC devices,anchor,ANCHOR_NUM_LOW,low,6
ANCHOR_NUM_LOW_mistral_generalist_06_b4_20260703_135110,mistral_generalist,mistral,generalist,4,"uncertain utility interaction (net metering, utility ownership, and agreed standards)",anchor,ANCHOR_NUM_LOW,low,6
ANCHOR_NUM_LOW_mistral_generalist_06_b5_20260703_135110,mistral_generalist,mistral,generalist,5,lack of pilot projects,anchor,ANCHOR_NUM_LOW,low,6
ANCHOR_NUM_LOW_mistral_generalist_06_b6_20260703_135110,mistral_generalist,mistral,generalist,6,public perception of DC and readiness to 'champion' installations from DC projects,anchor,ANCHOR_NUM_LOW,low,6
ANCHOR_NUM_LOW_mistral_normative_06_b1_20260703_135110,mistral_normative,mistral,normative,1,"power losses, quality and safety issues",anchor,ANCHOR_NUM_LOW,low,6
ANCHOR_NUM_LOW_mistral_normative_06_b2_20260703_135110,mistral_normative,mistral,normative,2,reduced reliability in DC devices,anchor,ANCHOR_NUM_LOW,low,6
ANCHOR_NUM_LOW_mistral_normative_06_b3_20260703_135110,mistral_normative,mistral,normative,3,lack of use-cases in which DC is advantageous,anchor,ANCHOR_NUM_LOW,low,6
ANCHOR_NUM_LOW_mistral_normative_06_b4_20260703_135110,mistral_normative,mistral,normative,4,"uncertain utility interaction (net metering, utility ownership, and agreed standards)",anchor,ANCHOR_NUM_LOW,low,6
ANCHOR_NUM_LOW_mistral_normative_06_b11_20260703_135110,mistral_normative,mistral,normative,11,high costs of DC solutions,anchor,ANCHOR_NUM_LOW,low,6
ANCHOR_NUM_LOW_mistral_subject-matter_06_b1_20260703_135110,mistral_subject-matter,mistral,subject-matter,1,"power losses, quality and safety issues",anchor,ANCHOR_NUM_LOW,low,6
ANCHOR_NUM_LOW_mistral_subject-matter_06_b2_20260703_135110,mistral_subject-matter,mistral,subject-matter,2,reduced reliability in DC devices,anchor,ANCHOR_NUM_LOW,low,6
ANCHOR_NUM_LOW_mistral_subject-matter_06_b4_20260703_135110,mistral_subject-matter,mistral,subject-matter,4,"uncertain utility interaction (net metering, utility ownership, and agreed standards)",anchor,ANCHOR_NUM_LOW,low,6
ANCHOR_NUM_LOW_mistral_subject-matter_06_b5_20260703_135110,mistral_subject-matter,mistral,subject-matter,5,lack of pilot projects,anchor,ANCHOR_NUM_LOW,low,6
ANCHOR_NUM_LOW_mistral_subject-matter_06_b7_20260703_135110,mistral_subject-matter,mistral,subject-matter,7,incompatibility of DC systems components,anchor,ANCHOR_NUM_LOW,low,6
ANCHOR_NUM_LOW_gemma3_generalist_06_b1_20260703_135110,gemma3_generalist,gemma3,generalist,1,"power losses, quality and safety issues",anchor,ANCHOR_NUM_LOW,low,6
ANCHOR_NUM_LOW_gemma3_generalist_06_b3_20260703_135110,gemma3_generalist,gemma3,generalist,3,lack of use-cases in which DC is advantageous,anchor,ANCHOR_NUM_LOW,low,6
ANCHOR_NUM_LOW_gemma3_generalist_06_b4_20260703_135110,gemma3_generalist,gemma3,generalist,4,"uncertain utility interaction (net metering, utility ownership, and agreed standards)",anchor,ANCHOR_NUM_LOW,low,6
ANCHOR_NUM_LOW_gemma3_generalist_06_b8_20260703_135110,gemma3_generalist,gemma3,generalist,8,misconception and lack of knowledge leads to lengthy/expensive design and permit process,anchor,ANCHOR_NUM_LOW,low,6
ANCHOR_NUM_LOW_gemma3_generalist_06_b11_20260703_135110,gemma3_generalist,gemma3,generalist,11,high costs of DC solutions,anchor,ANCHOR_NUM_LOW,low,6
ANCHOR_NUM_LOW_gemma3_normative_06_b1_20260703_135110,gemma3_normative,gemma3,normative,1,"power losses, quality and safety issues",anchor,ANCHOR_NUM_LOW,low,6
ANCHOR_NUM_LOW_gemma3_normative_06_b4_20260703_135110,gemma3_normative,gemma3,normative,4,"uncertain utility interaction (net metering, utility ownership, and agreed standards)",anchor,ANCHOR_NUM_LOW,low,6
ANCHOR_NUM_LOW_gemma3_normative_06_b8_20260703_135110,gemma3_normative,gemma3,normative,8,misconception and lack of knowledge leads to lengthy/expensive design and permit process,anchor,ANCHOR_NUM_LOW,low,6
ANCHOR_NUM_LOW_gemma3_normative_06_b9_20260703_135110,gemma3_normative,gemma3,normative,9,lack of enough trained personnel in DC systems,anchor,ANCHOR_NUM_LOW,low,6
ANCHOR_NUM_LOW_gemma3_normative_06_b10_20260703_135110,gemma3_normative,gemma3,normative,10,uncertain regulatory roadmap,anchor,ANCHOR_NUM_LOW,low,6
ANCHOR_NUM_LOW_gemma3_subject-matter_06_b1_20260703_135110,gemma3_subject-matter,gemma3,subject-matter,1,"power losses, quality and safety issues",anchor,ANCHOR_NUM_LOW,low,6
ANCHOR_NUM_LOW_gemma3_subject-matter_06_b3_20260703_135110,gemma3_subject-matter,gemma3,subject-matter,3,lack of use-cases in which DC is advantageous,anchor,ANCHOR_NUM_LOW,low,6
ANCHOR_NUM_LOW_gemma3_subject-matter_06_b4_20260703_135110,gemma3_subject-matter,gemma3,subject-matter,4,"uncertain utility interaction (net metering, utility ownership, and agreed standards)",anchor,ANCHOR_NUM_LOW,low,6
ANCHOR_NUM_LOW_gemma3_subject-matter_06_b8_20260703_135110,gemma3_subject-matter,gemma3,subject-matter,8,misconception and lack of knowledge leads to lengthy/expensive design and permit process,anchor,ANCHOR_NUM_LOW,low,6
ANCHOR_NUM_LOW_gemma3_subject-matter_06_b10_20260703_135110,gemma3_subject-matter,gemma3,subject-matter,10,uncertain regulatory roadmap,anchor,ANCHOR_NUM_LOW,low,6
ANCHOR_NUM_LOW_phi4_generalist_07_b1_20260703_135313,phi4_generalist,phi4,generalist,1,"power losses, quality and safety issues",anchor,ANCHOR_NUM_LOW,low,7
ANCHOR_NUM_LOW_phi4_generalist_07_b2_20260703_135313,phi4_generalist,phi4,generalist,2,reduced reliability in DC devices,anchor,ANCHOR_NUM_LOW,low,7
ANCHOR_NUM_LOW_phi4_generalist_07_b4_20260703_135313,phi4_generalist,phi4,generalist,4,"uncertain utility interaction (net metering, utility ownership, and agreed standards)",anchor,ANCHOR_NUM_LOW,low,7
ANCHOR_NUM_LOW_phi4_generalist_07_b8_20260703_135313,phi4_generalist,phi4,generalist,8,misconception and lack of knowledge leads to lengthy/expensive design and permit process,anchor,ANCHOR_NUM_LOW,low,7
ANCHOR_NUM_LOW_phi4_generalist_07_b10_20260703_135313,phi4_generalist,phi4,generalist,10,uncertain regulatory roadmap,anchor,ANCHOR_NUM_LOW,low,7
ANCHOR_NUM_LOW_phi4_normative_07_b1_20260703_135313,phi4_normative,phi4,normative,1,"power losses, quality and safety issues",anchor,ANCHOR_NUM_LOW,low,7
ANCHOR_NUM_LOW_phi4_normative_07_b2_20260703_135313,phi4_normative,phi4,normative,2,reduced reliability in DC devices,anchor,ANCHOR_NUM_LOW,low,7
ANCHOR_NUM_LOW_phi4_normative_07_b4_20260703_135313,phi4_normative,phi4,normative,4,"uncertain utility interaction (net metering, utility ownership, and agreed standards)",anchor,ANCHOR_NUM_LOW,low,7
ANCHOR_NUM_LOW_phi4_normative_07_b5_20260703_135313,phi4_normative,phi4,normative,5,lack of pilot projects,anchor,ANCHOR_NUM_LOW,low,7
ANCHOR_NUM_LOW_phi4_normative_07_b11_20260703_135313,phi4_normative,phi4,normative,11,high costs of DC solutions,anchor,ANCHOR_NUM_LOW,low,7
ANCHOR_NUM_LOW_phi4_subject-matter_07_b1_20260703_135313,phi4_subject-matter,phi4,subject-matter,1,"power losses, quality and safety issues",anchor,ANCHOR_NUM_LOW,low,7
ANCHOR_NUM_LOW_phi4_subject-matter_07_b2_20260703_135313,phi4_subject-matter,phi4,subject-matter,2,reduced reliability in DC devices,anchor,ANCHOR_NUM_LOW,low,7
ANCHOR_NUM_LOW_phi4_subject-matter_07_b3_20260703_135313,phi4_subject-matter,phi4,subject-matter,3,lack of use-cases in which DC is advantageous,anchor,ANCHOR_NUM_LOW,low,7
ANCHOR_NUM_LOW_phi4_subject-matter_07_b4_20260703_135313,phi4_subject-matter,phi4,subject-matter,4,"uncertain utility interaction (net metering, utility ownership, and agreed standards)",anchor,ANCHOR_NUM_LOW,low,7
ANCHOR_NUM_LOW_phi4_subject-matter_07_b5_20260703_135313,phi4_subject-matter,phi4,subject-matter,5,lack of pilot projects,anchor,ANCHOR_NUM_LOW,low,7
ANCHOR_NUM_LOW_llama_generalist_07_b1_20260703_135313,llama_generalist,llama,generalist,1,"power losses, quality and safety issues",anchor,ANCHOR_NUM_LOW,low,7
ANCHOR_NUM_LOW_llama_generalist_07_b2_20260703_135313,llama_generalist,llama,generalist,2,reduced reliability in DC devices,anchor,ANCHOR_NUM_LOW,low,7
ANCHOR_NUM_LOW_llama_generalist_07_b3_20260703_135313,llama_generalist,llama,generalist,3,lack of use-cases in which DC is advantageous,anchor,ANCHOR_NUM_LOW,low,7
ANCHOR_NUM_LOW_llama_generalist_07_b4_20260703_135313,llama_generalist,llama,generalist,4,"uncertain utility interaction (net metering, utility ownership, and agreed standards)",anchor,ANCHOR_NUM_LOW,low,7
ANCHOR_NUM_LOW_llama_generalist_07_b5_20260703_135313,llama_generalist,llama,generalist,5,lack of pilot projects,anchor,ANCHOR_NUM_LOW,low,7
ANCHOR_NUM_LOW_llama_normative_07_b11_20260703_135313,llama_normative,llama,normative,11,high costs of DC solutions,anchor,ANCHOR_NUM_LOW,low,7
ANCHOR_NUM_LOW_llama_normative_07_b7_20260703_135313,llama_normative,llama,normative,7,incompatibility of DC systems components,anchor,ANCHOR_NUM_LOW,low,7
ANCHOR_NUM_LOW_llama_normative_07_b5_20260703_135313,llama_normative,llama,normative,5,lack of pilot projects,anchor,ANCHOR_NUM_LOW,low,7
ANCHOR_NUM_LOW_llama_normative_07_b4_20260703_135313,llama_normative,llama,normative,4,"uncertain utility interaction (net metering, utility ownership, and agreed standards)",anchor,ANCHOR_NUM_LOW,low,7
ANCHOR_NUM_LOW_llama_normative_07_b6_20260703_135313,llama_normative,llama,normative,6,public perception of DC and readiness to 'champion' installations from DC projects,anchor,ANCHOR_NUM_LOW,low,7
ANCHOR_NUM_LOW_llama_subject-matter_07_b1_20260703_135313,llama_subject-matter,llama,subject-matter,1,"power losses, quality and safety issues",anchor,ANCHOR_NUM_LOW,low,7
ANCHOR_NUM_LOW_llama_subject-matter_07_b2_20260703_135313,llama_subject-matter,llama,subject-matter,2,reduced reliability in DC devices,anchor,ANCHOR_NUM_LOW,low,7
ANCHOR_NUM_LOW_llama_subject-matter_07_b4_20260703_135313,llama_subject-matter,llama,subject-matter,4,"uncertain utility interaction (net metering, utility ownership, and agreed standards)",anchor,ANCHOR_NUM_LOW,low,7
ANCHOR_NUM_LOW_llama_subject-matter_07_b5_20260703_135313,llama_subject-matter,llama,subject-matter,5,lack of pilot projects,anchor,ANCHOR_NUM_LOW,low,7
ANCHOR_NUM_LOW_llama_subject-matter_07_b6_20260703_135313,llama_subject-matter,llama,subject-matter,6,public perception of DC and readiness to 'champion' installations from DC projects,anchor,ANCHOR_NUM_LOW,low,7
ANCHOR_NUM_LOW_mistral_generalist_07_b1_20260703_135313,mistral_generalist,mistral,generalist,1,"power losses, quality and safety issues",anchor,ANCHOR_NUM_LOW,low,7
ANCHOR_NUM_LOW_mistral_generalist_07_b2_20260703_135313,mistral_generalist,mistral,generalist,2,reduced reliability in DC devices,anchor,ANCHOR_NUM_LOW,low,7
ANCHOR_NUM_LOW_mistral_generalist_07_b4_20260703_135313,mistral_generalist,mistral,generalist,4,"uncertain utility interaction (net metering, utility ownership, and agreed standards)",anchor,ANCHOR_NUM_LOW,low,7
ANCHOR_NUM_LOW_mistral_generalist_07_b5_20260703_135313,mistral_generalist,mistral,generalist,5,lack of pilot projects,anchor,ANCHOR_NUM_LOW,low,7
ANCHOR_NUM_LOW_mistral_generalist_07_b6_20260703_135313,mistral_generalist,mistral,generalist,6,public perception of DC and readiness to 'champion' installations from DC projects,anchor,ANCHOR_NUM_LOW,low,7
ANCHOR_NUM_LOW_mistral_normative_07_b1_20260703_135313,mistral_normative,mistral,normative,1,"power losses, quality and safety issues",anchor,ANCHOR_NUM_LOW,low,7
ANCHOR_NUM_LOW_mistral_normative_07_b2_20260703_135313,mistral_normative,mistral,normative,2,reduced reliability in DC devices,anchor,ANCHOR_NUM_LOW,low,7
ANCHOR_NUM_LOW_mistral_normative_07_b3_20260703_135313,mistral_normative,mistral,normative,3,lack of use-cases in which DC is advantageous,anchor,ANCHOR_NUM_LOW,low,7
ANCHOR_NUM_LOW_mistral_normative_07_b4_20260703_135313,mistral_normative,mistral,normative,4,"uncertain utility interaction (net metering, utility ownership, and agreed standards)",anchor,ANCHOR_NUM_LOW,low,7
ANCHOR_NUM_LOW_mistral_normative_07_b5_20260703_135313,mistral_normative,mistral,normative,5,lack of pilot projects,anchor,ANCHOR_NUM_LOW,low,7
ANCHOR_NUM_LOW_mistral_subject-matter_07_b1_20260703_135313,mistral_subject-matter,mistral,subject-matter,1,"power losses, quality and safety issues",anchor,ANCHOR_NUM_LOW,low,7
ANCHOR_NUM_LOW_mistral_subject-matter_07_b2_20260703_135313,mistral_subject-matter,mistral,subject-matter,2,reduced reliability in DC devices,anchor,ANCHOR_NUM_LOW,low,7
ANCHOR_NUM_LOW_mistral_subject-matter_07_b3_20260703_135313,mistral_subject-matter,mistral,subject-matter,3,lack of use-cases in which DC is advantageous,anchor,ANCHOR_NUM_LOW,low,7
ANCHOR_NUM_LOW_mistral_subject-matter_07_b4_20260703_135313,mistral_subject-matter,mistral,subject-matter,4,"uncertain utility interaction (net metering, utility ownership, and agreed standards)",anchor,ANCHOR_NUM_LOW,low,7
ANCHOR_NUM_LOW_mistral_subject-matter_07_b5_20260703_135313,mistral_subject-matter,mistral,subject-matter,5,lack of pilot projects,anchor,ANCHOR_NUM_LOW,low,7
ANCHOR_NUM_LOW_gemma3_generalist_07_b1_20260703_135313,gemma3_generalist,gemma3,generalist,1,"power losses, quality and safety issues",anchor,ANCHOR_NUM_LOW,low,7
ANCHOR_NUM_LOW_gemma3_generalist_07_b3_20260703_135313,gemma3_generalist,gemma3,generalist,3,lack of use-cases in which DC is advantageous,anchor,ANCHOR_NUM_LOW,low,7
ANCHOR_NUM_LOW_gemma3_generalist_07_b4_20260703_135313,gemma3_generalist,gemma3,generalist,4,"uncertain utility interaction (net metering, utility ownership, and agreed standards)",anchor,ANCHOR_NUM_LOW,low,7
ANCHOR_NUM_LOW_gemma3_generalist_07_b8_20260703_135313,gemma3_generalist,gemma3,generalist,8,misconception and lack of knowledge leads to lengthy/expensive design and permit process,anchor,ANCHOR_NUM_LOW,low,7
ANCHOR_NUM_LOW_gemma3_generalist_07_b11_20260703_135313,gemma3_generalist,gemma3,generalist,11,high costs of DC solutions,anchor,ANCHOR_NUM_LOW,low,7
ANCHOR_NUM_LOW_gemma3_normative_07_b1_20260703_135313,gemma3_normative,gemma3,normative,1,"power losses, quality and safety issues",anchor,ANCHOR_NUM_LOW,low,7
ANCHOR_NUM_LOW_gemma3_normative_07_b4_20260703_135313,gemma3_normative,gemma3,normative,4,"uncertain utility interaction (net metering, utility ownership, and agreed standards)",anchor,ANCHOR_NUM_LOW,low,7
ANCHOR_NUM_LOW_gemma3_normative_07_b5_20260703_135313,gemma3_normative,gemma3,normative,5,lack of pilot projects,anchor,ANCHOR_NUM_LOW,low,7
ANCHOR_NUM_LOW_gemma3_normative_07_b8_20260703_135313,gemma3_normative,gemma3,normative,8,misconception and lack of knowledge leads to lengthy/expensive design and permit process,anchor,ANCHOR_NUM_LOW,low,7
ANCHOR_NUM_LOW_gemma3_normative_07_b10_20260703_135313,gemma3_normative,gemma3,normative,10,uncertain regulatory roadmap,anchor,ANCHOR_NUM_LOW,low,7
ANCHOR_NUM_LOW_gemma3_subject-matter_07_b1_20260703_135313,gemma3_subject-matter,gemma3,subject-matter,1,"power losses, quality and safety issues",anchor,ANCHOR_NUM_LOW,low,7
ANCHOR_NUM_LOW_gemma3_subject-matter_07_b5_20260703_135313,gemma3_subject-matter,gemma3,subject-matter,5,lack of pilot projects,anchor,ANCHOR_NUM_LOW,low,7
ANCHOR_NUM_LOW_gemma3_subject-matter_07_b6_20260703_135313,gemma3_subject-matter,gemma3,subject-matter,6,public perception of DC and readiness to 'champion' installations from DC projects,anchor,ANCHOR_NUM_LOW,low,7
ANCHOR_NUM_LOW_gemma3_subject-matter_07_b8_20260703_135313,gemma3_subject-matter,gemma3,subject-matter,8,misconception and lack of knowledge leads to lengthy/expensive design and permit process,anchor,ANCHOR_NUM_LOW,low,7
ANCHOR_NUM_LOW_gemma3_subject-matter_07_b10_20260703_135313,gemma3_subject-matter,gemma3,subject-matter,10,uncertain regulatory roadmap,anchor,ANCHOR_NUM_LOW,low,7
ANCHOR_NUM_LOW_phi4_generalist_08_b1_20260703_150840,phi4_generalist,phi4,generalist,1,"power losses, quality and safety issues",anchor,ANCHOR_NUM_LOW,low,8
ANCHOR_NUM_LOW_phi4_generalist_08_b2_20260703_150840,phi4_generalist,phi4,generalist,2,reduced reliability in DC devices,anchor,ANCHOR_NUM_LOW,low,8
ANCHOR_NUM_LOW_phi4_generalist_08_b4_20260703_150840,phi4_generalist,phi4,generalist,4,"uncertain utility interaction (net metering, utility ownership, and agreed standards)",anchor,ANCHOR_NUM_LOW,low,8
ANCHOR_NUM_LOW_phi4_generalist_08_b8_20260703_150840,phi4_generalist,phi4,generalist,8,misconception and lack of knowledge leads to lengthy/expensive design and permit process,anchor,ANCHOR_NUM_LOW,low,8
ANCHOR_NUM_LOW_phi4_generalist_08_b10_20260703_150840,phi4_generalist,phi4,generalist,10,uncertain regulatory roadmap,anchor,ANCHOR_NUM_LOW,low,8
ANCHOR_NUM_LOW_phi4_normative_08_b1_20260703_150840,phi4_normative,phi4,normative,1,"power losses, quality and safety issues",anchor,ANCHOR_NUM_LOW,low,8
ANCHOR_NUM_LOW_phi4_normative_08_b2_20260703_150840,phi4_normative,phi4,normative,2,reduced reliability in DC devices,anchor,ANCHOR_NUM_LOW,low,8
ANCHOR_NUM_LOW_phi4_normative_08_b4_20260703_150840,phi4_normative,phi4,normative,4,"uncertain utility interaction (net metering, utility ownership, and agreed standards)",anchor,ANCHOR_NUM_LOW,low,8
ANCHOR_NUM_LOW_phi4_normative_08_b8_20260703_150840,phi4_normative,phi4,normative,8,misconception and lack of knowledge leads to lengthy/expensive design and permit process,anchor,ANCHOR_NUM_LOW,low,8
ANCHOR_NUM_LOW_phi4_normative_08_b10_20260703_150840,phi4_normative,phi4,normative,10,uncertain regulatory roadmap,anchor,ANCHOR_NUM_LOW,low,8
ANCHOR_NUM_LOW_phi4_subject-matter_08_b1_20260703_150840,phi4_subject-matter,phi4,subject-matter,1,"power losses, quality and safety issues",anchor,ANCHOR_NUM_LOW,low,8
ANCHOR_NUM_LOW_phi4_subject-matter_08_b4_20260703_150840,phi4_subject-matter,phi4,subject-matter,4,"uncertain utility interaction (net metering, utility ownership, and agreed standards)",anchor,ANCHOR_NUM_LOW,low,8
ANCHOR_NUM_LOW_phi4_subject-matter_08_b5_20260703_150840,phi4_subject-matter,phi4,subject-matter,5,lack of pilot projects,anchor,ANCHOR_NUM_LOW,low,8
ANCHOR_NUM_LOW_phi4_subject-matter_08_b9_20260703_150840,phi4_subject-matter,phi4,subject-matter,9,lack of enough trained personnel in DC systems,anchor,ANCHOR_NUM_LOW,low,8
ANCHOR_NUM_LOW_phi4_subject-matter_08_b10_20260703_150840,phi4_subject-matter,phi4,subject-matter,10,uncertain regulatory roadmap,anchor,ANCHOR_NUM_LOW,low,8
ANCHOR_NUM_LOW_llama_generalist_08_b1_20260703_150840,llama_generalist,llama,generalist,1,"power losses, quality and safety issues",anchor,ANCHOR_NUM_LOW,low,8
ANCHOR_NUM_LOW_llama_generalist_08_b2_20260703_150840,llama_generalist,llama,generalist,2,reduced reliability in DC devices,anchor,ANCHOR_NUM_LOW,low,8
ANCHOR_NUM_LOW_llama_generalist_08_b4_20260703_150840,llama_generalist,llama,generalist,4,"uncertain utility interaction (net metering, utility ownership, and agreed standards)",anchor,ANCHOR_NUM_LOW,low,8
ANCHOR_NUM_LOW_llama_generalist_08_b5_20260703_150840,llama_generalist,llama,generalist,5,lack of pilot projects,anchor,ANCHOR_NUM_LOW,low,8
ANCHOR_NUM_LOW_llama_generalist_08_b6_20260703_150840,llama_generalist,llama,generalist,6,public perception of DC and readiness to 'champion' installations from DC projects,anchor,ANCHOR_NUM_LOW,low,8
ANCHOR_NUM_LOW_llama_normative_08_b1_20260703_150840,llama_normative,llama,normative,1,"power losses, quality and safety issues",anchor,ANCHOR_NUM_LOW,low,8
ANCHOR_NUM_LOW_llama_normative_08_b2_20260703_150840,llama_normative,llama,normative,2,reduced reliability in DC devices,anchor,ANCHOR_NUM_LOW,low,8
ANCHOR_NUM_LOW_llama_normative_08_b3_20260703_150840,llama_normative,llama,normative,3,lack of use-cases in which DC is advantageous,anchor,ANCHOR_NUM_LOW,low,8
ANCHOR_NUM_LOW_llama_normative_08_b4_20260703_150840,llama_normative,llama,normative,4,"uncertain utility interaction (net metering, utility ownership, and agreed standards)",anchor,ANCHOR_NUM_LOW,low,8
ANCHOR_NUM_LOW_llama_normative_08_b5_20260703_150840,llama_normative,llama,normative,5,lack of pilot projects,anchor,ANCHOR_NUM_LOW,low,8
ANCHOR_NUM_LOW_llama_subject-matter_08_b1_20260703_150840,llama_subject-matter,llama,subject-matter,1,"power losses, quality and safety issues",anchor,ANCHOR_NUM_LOW,low,8
ANCHOR_NUM_LOW_llama_subject-matter_08_b2_20260703_150840,llama_subject-matter,llama,subject-matter,2,reduced reliability in DC devices,anchor,ANCHOR_NUM_LOW,low,8
ANCHOR_NUM_LOW_llama_subject-matter_08_b3_20260703_150840,llama_subject-matter,llama,subject-matter,3,lack of use-cases in which DC is advantageous,anchor,ANCHOR_NUM_LOW,low,8
ANCHOR_NUM_LOW_llama_subject-matter_08_b4_20260703_150840,llama_subject-matter,llama,subject-matter,4,"uncertain utility interaction (net metering, utility ownership, and agreed standards)",anchor,ANCHOR_NUM_LOW,low,8
ANCHOR_NUM_LOW_llama_subject-matter_08_b5_20260703_150840,llama_subject-matter,llama,subject-matter,5,lack of pilot projects,anchor,ANCHOR_NUM_LOW,low,8
ANCHOR_NUM_LOW_mistral_generalist_08_b1_20260703_150840,mistral_generalist,mistral,generalist,1,"power losses, quality and safety issues",anchor,ANCHOR_NUM_LOW,low,8
ANCHOR_NUM_LOW_mistral_generalist_08_b2_20260703_150840,mistral_generalist,mistral,generalist,2,reduced reliability in DC devices,anchor,ANCHOR_NUM_LOW,low,8
ANCHOR_NUM_LOW_mistral_generalist_08_b3_20260703_150840,mistral_generalist,mistral,generalist,3,lack of use-cases in which DC is advantageous,anchor,ANCHOR_NUM_LOW,low,8
ANCHOR_NUM_LOW_mistral_generalist_08_b4_20260703_150840,mistral_generalist,mistral,generalist,4,"uncertain utility interaction (net metering, utility ownership, and agreed standards)",anchor,ANCHOR_NUM_LOW,low,8
ANCHOR_NUM_LOW_mistral_generalist_08_b5_20260703_150840,mistral_generalist,mistral,generalist,5,lack of pilot projects,anchor,ANCHOR_NUM_LOW,low,8
ANCHOR_NUM_LOW_mistral_normative_08_b1_20260703_150840,mistral_normative,mistral,normative,1,"power losses, quality and safety issues",anchor,ANCHOR_NUM_LOW,low,8
ANCHOR_NUM_LOW_mistral_normative_08_b2_20260703_150840,mistral_normative,mistral,normative,2,reduced reliability in DC devices,anchor,ANCHOR_NUM_LOW,low,8
ANCHOR_NUM_LOW_mistral_normative_08_b3_20260703_150840,mistral_normative,mistral,normative,3,lack of use-cases in which DC is advantageous,anchor,ANCHOR_NUM_LOW,low,8
ANCHOR_NUM_LOW_mistral_normative_08_b4_20260703_150840,mistral_normative,mistral,normative,4,"uncertain utility interaction (net metering, utility ownership, and agreed standards)",anchor,ANCHOR_NUM_LOW,low,8
ANCHOR_NUM_LOW_mistral_normative_08_b5_20260703_150840,mistral_normative,mistral,normative,5,lack of pilot projects,anchor,ANCHOR_NUM_LOW,low,8
ANCHOR_NUM_LOW_mistral_subject-matter_08_b1_20260703_150840,mistral_subject-matter,mistral,subject-matter,1,"power losses, quality and safety issues",anchor,ANCHOR_NUM_LOW,low,8
ANCHOR_NUM_LOW_mistral_subject-matter_08_b2_20260703_150840,mistral_subject-matter,mistral,subject-matter,2,reduced reliability in DC devices,anchor,ANCHOR_NUM_LOW,low,8
ANCHOR_NUM_LOW_mistral_subject-matter_08_b3_20260703_150840,mistral_subject-matter,mistral,subject-matter,3,lack of use-cases in which DC is advantageous,anchor,ANCHOR_NUM_LOW,low,8
ANCHOR_NUM_LOW_mistral_subject-matter_08_b4_20260703_150840,mistral_subject-matter,mistral,subject-matter,4,"uncertain utility interaction (net metering, utility ownership, and agreed standards)",anchor,ANCHOR_NUM_LOW,low,8
ANCHOR_NUM_LOW_mistral_subject-matter_08_b5_20260703_150840,mistral_subject-matter,mistral,subject-matter,5,lack of pilot projects,anchor,ANCHOR_NUM_LOW,low,8
ANCHOR_NUM_LOW_gemma3_generalist_08_b1_20260703_150840,gemma3_generalist,gemma3,generalist,1,"power losses, quality and safety issues",anchor,ANCHOR_NUM_LOW,low,8
ANCHOR_NUM_LOW_gemma3_generalist_08_b3_20260703_150840,gemma3_generalist,gemma3,generalist,3,lack of use-cases in which DC is advantageous,anchor,ANCHOR_NUM_LOW,low,8
ANCHOR_NUM_LOW_gemma3_generalist_08_b4_20260703_150840,gemma3_generalist,gemma3,generalist,4,"uncertain utility interaction (net metering, utility ownership, and agreed standards)",anchor,ANCHOR_NUM_LOW,low,8
ANCHOR_NUM_LOW_gemma3_generalist_08_b8_20260703_150840,gemma3_generalist,gemma3,generalist,8,misconception and lack of knowledge leads to lengthy/expensive design and permit process,anchor,ANCHOR_NUM_LOW,low,8
ANCHOR_NUM_LOW_gemma3_generalist_08_b11_20260703_150840,gemma3_generalist,gemma3,generalist,11,high costs of DC solutions,anchor,ANCHOR_NUM_LOW,low,8
ANCHOR_NUM_LOW_gemma3_normative_08_b1_20260703_150840,gemma3_normative,gemma3,normative,1,"power losses, quality and safety issues",anchor,ANCHOR_NUM_LOW,low,8
ANCHOR_NUM_LOW_gemma3_normative_08_b3_20260703_150840,gemma3_normative,gemma3,normative,3,lack of use-cases in which DC is advantageous,anchor,ANCHOR_NUM_LOW,low,8
ANCHOR_NUM_LOW_gemma3_normative_08_b4_20260703_150840,gemma3_normative,gemma3,normative,4,"uncertain utility interaction (net metering, utility ownership, and agreed standards)",anchor,ANCHOR_NUM_LOW,low,8
ANCHOR_NUM_LOW_gemma3_normative_08_b8_20260703_150840,gemma3_normative,gemma3,normative,8,misconception and lack of knowledge leads to lengthy/expensive design and permit process,anchor,ANCHOR_NUM_LOW,low,8
ANCHOR_NUM_LOW_gemma3_normative_08_b10_20260703_150840,gemma3_normative,gemma3,normative,10,uncertain regulatory roadmap,anchor,ANCHOR_NUM_LOW,low,8
ANCHOR_NUM_LOW_gemma3_subject-matter_08_b1_20260703_150840,gemma3_subject-matter,gemma3,subject-matter,1,"power losses, quality and safety issues",anchor,ANCHOR_NUM_LOW,low,8
ANCHOR_NUM_LOW_gemma3_subject-matter_08_b3_20260703_150840,gemma3_subject-matter,gemma3,subject-matter,3,lack of use-cases in which DC is advantageous,anchor,ANCHOR_NUM_LOW,low,8
ANCHOR_NUM_LOW_gemma3_subject-matter_08_b4_20260703_150840,gemma3_subject-matter,gemma3,subject-matter,4,"uncertain utility interaction (net metering, utility ownership, and agreed standards)",anchor,ANCHOR_NUM_LOW,low,8
ANCHOR_NUM_LOW_gemma3_subject-matter_08_b8_20260703_150840,gemma3_subject-matter,gemma3,subject-matter,8,misconception and lack of knowledge leads to lengthy/expensive design and permit process,anchor,ANCHOR_NUM_LOW,low,8
ANCHOR_NUM_LOW_gemma3_subject-matter_08_b10_20260703_150840,gemma3_subject-matter,gemma3,subject-matter,10,uncertain regulatory roadmap,anchor,ANCHOR_NUM_LOW,low,8
ANCHOR_NUM_LOW_phi4_generalist_09_b1_20260703_151144,phi4_generalist,phi4,generalist,1,"power losses, quality and safety issues",anchor,ANCHOR_NUM_LOW,low,9
ANCHOR_NUM_LOW_phi4_generalist_09_b3_20260703_151144,phi4_generalist,phi4,generalist,3,lack of use-cases in which DC is advantageous,anchor,ANCHOR_NUM_LOW,low,9
ANCHOR_NUM_LOW_phi4_generalist_09_b4_20260703_151144,phi4_generalist,phi4,generalist,4,"uncertain utility interaction (net metering, utility ownership, and agreed standards)",anchor,ANCHOR_NUM_LOW,low,9
ANCHOR_NUM_LOW_phi4_generalist_09_b5_20260703_151144,phi4_generalist,phi4,generalist,5,lack of pilot projects,anchor,ANCHOR_NUM_LOW,low,9
ANCHOR_NUM_LOW_phi4_generalist_09_b10_20260703_151144,phi4_generalist,phi4,generalist,10,uncertain regulatory roadmap,anchor,ANCHOR_NUM_LOW,low,9
ANCHOR_NUM_LOW_phi4_normative_09_b1_20260703_151144,phi4_normative,phi4,normative,1,"power losses, quality and safety issues",anchor,ANCHOR_NUM_LOW,low,9
ANCHOR_NUM_LOW_phi4_normative_09_b2_20260703_151144,phi4_normative,phi4,normative,2,reduced reliability in DC devices,anchor,ANCHOR_NUM_LOW,low,9
ANCHOR_NUM_LOW_phi4_normative_09_b3_20260703_151144,phi4_normative,phi4,normative,3,lack of use-cases in which DC is advantageous,anchor,ANCHOR_NUM_LOW,low,9
ANCHOR_NUM_LOW_phi4_normative_09_b4_20260703_151144,phi4_normative,phi4,normative,4,"uncertain utility interaction (net metering, utility ownership, and agreed standards)",anchor,ANCHOR_NUM_LOW,low,9
ANCHOR_NUM_LOW_phi4_normative_09_b10_20260703_151144,phi4_normative,phi4,normative,10,uncertain regulatory roadmap,anchor,ANCHOR_NUM_LOW,low,9
ANCHOR_NUM_LOW_phi4_subject-matter_09_b1_20260703_151144,phi4_subject-matter,phi4,subject-matter,1,"power losses, quality and safety issues",anchor,ANCHOR_NUM_LOW,low,9
ANCHOR_NUM_LOW_phi4_subject-matter_09_b2_20260703_151144,phi4_subject-matter,phi4,subject-matter,2,reduced reliability in DC devices,anchor,ANCHOR_NUM_LOW,low,9
ANCHOR_NUM_LOW_phi4_subject-matter_09_b4_20260703_151144,phi4_subject-matter,phi4,subject-matter,4,"uncertain utility interaction (net metering, utility ownership, and agreed standards)",anchor,ANCHOR_NUM_LOW,low,9
ANCHOR_NUM_LOW_phi4_subject-matter_09_b5_20260703_151144,phi4_subject-matter,phi4,subject-matter,5,lack of pilot projects,anchor,ANCHOR_NUM_LOW,low,9
ANCHOR_NUM_LOW_phi4_subject-matter_09_b10_20260703_151144,phi4_subject-matter,phi4,subject-matter,10,uncertain regulatory roadmap,anchor,ANCHOR_NUM_LOW,low,9
ANCHOR_NUM_LOW_llama_generalist_09_b1_20260703_151144,llama_generalist,llama,generalist,1,"power losses, quality and safety issues",anchor,ANCHOR_NUM_LOW,low,9
ANCHOR_NUM_LOW_llama_generalist_09_b2_20260703_151144,llama_generalist,llama,generalist,2,reduced reliability in DC devices,anchor,ANCHOR_NUM_LOW,low,9
ANCHOR_NUM_LOW_llama_generalist_09_b4_20260703_151144,llama_generalist,llama,generalist,4,"uncertain utility interaction (net metering, utility ownership, and agreed standards)",anchor,ANCHOR_NUM_LOW,low,9
ANCHOR_NUM_LOW_llama_generalist_09_b5_20260703_151144,llama_generalist,llama,generalist,5,lack of pilot projects,anchor,ANCHOR_NUM_LOW,low,9
ANCHOR_NUM_LOW_llama_generalist_09_b6_20260703_151144,llama_generalist,llama,generalist,6,public perception of DC and readiness to 'champion' installations from DC projects,anchor,ANCHOR_NUM_LOW,low,9
ANCHOR_NUM_LOW_llama_normative_09_b1_20260703_151144,llama_normative,llama,normative,1,"power losses, quality and safety issues",anchor,ANCHOR_NUM_LOW,low,9
ANCHOR_NUM_LOW_llama_normative_09_b2_20260703_151144,llama_normative,llama,normative,2,reduced reliability in DC devices,anchor,ANCHOR_NUM_LOW,low,9
ANCHOR_NUM_LOW_llama_normative_09_b3_20260703_151144,llama_normative,llama,normative,3,lack of use-cases in which DC is advantageous,anchor,ANCHOR_NUM_LOW,low,9
ANCHOR_NUM_LOW_llama_normative_09_b4_20260703_151144,llama_normative,llama,normative,4,"uncertain utility interaction (net metering, utility ownership, and agreed standards)",anchor,ANCHOR_NUM_LOW,low,9
ANCHOR_NUM_LOW_llama_normative_09_b5_20260703_151144,llama_normative,llama,normative,5,lack of pilot projects,anchor,ANCHOR_NUM_LOW,low,9
ANCHOR_NUM_LOW_llama_subject-matter_09_b1_20260703_151144,llama_subject-matter,llama,subject-matter,1,"power losses, quality and safety issues",anchor,ANCHOR_NUM_LOW,low,9
ANCHOR_NUM_LOW_llama_subject-matter_09_b2_20260703_151144,llama_subject-matter,llama,subject-matter,2,reduced reliability in DC devices,anchor,ANCHOR_NUM_LOW,low,9
ANCHOR_NUM_LOW_llama_subject-matter_09_b3_20260703_151144,llama_subject-matter,llama,subject-matter,3,lack of use-cases in which DC is advantageous,anchor,ANCHOR_NUM_LOW,low,9
ANCHOR_NUM_LOW_llama_subject-matter_09_b4_20260703_151144,llama_subject-matter,llama,subject-matter,4,"uncertain utility interaction (net metering, utility ownership, and agreed standards)",anchor,ANCHOR_NUM_LOW,low,9
ANCHOR_NUM_LOW_llama_subject-matter_09_b5_20260703_151144,llama_subject-matter,llama,subject-matter,5,lack of pilot projects,anchor,ANCHOR_NUM_LOW,low,9
ANCHOR_NUM_LOW_mistral_generalist_09_b1_20260703_151144,mistral_generalist,mistral,generalist,1,"power losses, quality and safety issues",anchor,ANCHOR_NUM_LOW,low,9
ANCHOR_NUM_LOW_mistral_generalist_09_b2_20260703_151144,mistral_generalist,mistral,generalist,2,reduced reliability in DC devices,anchor,ANCHOR_NUM_LOW,low,9
ANCHOR_NUM_LOW_mistral_generalist_09_b3_20260703_151144,mistral_generalist,mistral,generalist,3,lack of use-cases in which DC is advantageous,anchor,ANCHOR_NUM_LOW,low,9
ANCHOR_NUM_LOW_mistral_generalist_09_b4_20260703_151144,mistral_generalist,mistral,generalist,4,"uncertain utility interaction (net metering, utility ownership, and agreed standards)",anchor,ANCHOR_NUM_LOW,low,9
ANCHOR_NUM_LOW_mistral_generalist_09_b5_20260703_151144,mistral_generalist,mistral,generalist,5,lack of pilot projects,anchor,ANCHOR_NUM_LOW,low,9
ANCHOR_NUM_LOW_mistral_normative_09_b1_20260703_151144,mistral_normative,mistral,normative,1,"power losses, quality and safety issues",anchor,ANCHOR_NUM_LOW,low,9
ANCHOR_NUM_LOW_mistral_normative_09_b2_20260703_151144,mistral_normative,mistral,normative,2,reduced reliability in DC devices,anchor,ANCHOR_NUM_LOW,low,9
ANCHOR_NUM_LOW_mistral_normative_09_b3_20260703_151144,mistral_normative,mistral,normative,3,lack of use-cases in which DC is advantageous,anchor,ANCHOR_NUM_LOW,low,9
ANCHOR_NUM_LOW_mistral_normative_09_b4_20260703_151144,mistral_normative,mistral,normative,4,"uncertain utility interaction (net metering, utility ownership, and agreed standards)",anchor,ANCHOR_NUM_LOW,low,9
ANCHOR_NUM_LOW_mistral_normative_09_b5_20260703_151144,mistral_normative,mistral,normative,5,lack of pilot projects,anchor,ANCHOR_NUM_LOW,low,9
ANCHOR_NUM_LOW_mistral_subject-matter_09_b1_20260703_151144,mistral_subject-matter,mistral,subject-matter,1,"power losses, quality and safety issues",anchor,ANCHOR_NUM_LOW,low,9
ANCHOR_NUM_LOW_mistral_subject-matter_09_b2_20260703_151144,mistral_subject-matter,mistral,subject-matter,2,reduced reliability in DC devices,anchor,ANCHOR_NUM_LOW,low,9
ANCHOR_NUM_LOW_mistral_subject-matter_09_b3_20260703_151144,mistral_subject-matter,mistral,subject-matter,3,lack of use-cases in which DC is advantageous,anchor,ANCHOR_NUM_LOW,low,9
ANCHOR_NUM_LOW_mistral_subject-matter_09_b4_20260703_151144,mistral_subject-matter,mistral,subject-matter,4,"uncertain utility interaction (net metering, utility ownership, and agreed standards)",anchor,ANCHOR_NUM_LOW,low,9
ANCHOR_NUM_LOW_mistral_subject-matter_09_b5_20260703_151144,mistral_subject-matter,mistral,subject-matter,5,lack of pilot projects,anchor,ANCHOR_NUM_LOW,low,9
ANCHOR_NUM_LOW_gemma3_generalist_09_b1_20260703_151144,gemma3_generalist,gemma3,generalist,1,"power losses, quality and safety issues",anchor,ANCHOR_NUM_LOW,low,9
ANCHOR_NUM_LOW_gemma3_generalist_09_b3_20260703_151144,gemma3_generalist,gemma3,generalist,3,lack of use-cases in which DC is advantageous,anchor,ANCHOR_NUM_LOW,low,9
ANCHOR_NUM_LOW_gemma3_generalist_09_b4_20260703_151144,gemma3_generalist,gemma3,generalist,4,"uncertain utility interaction (net metering, utility ownership, and agreed standards)",anchor,ANCHOR_NUM_LOW,low,9
ANCHOR_NUM_LOW_gemma3_generalist_09_b8_20260703_151144,gemma3_generalist,gemma3,generalist,8,misconception and lack of knowledge leads to lengthy/expensive design and permit process,anchor,ANCHOR_NUM_LOW,low,9
ANCHOR_NUM_LOW_gemma3_generalist_09_b10_20260703_151144,gemma3_generalist,gemma3,generalist,10,uncertain regulatory roadmap,anchor,ANCHOR_NUM_LOW,low,9
ANCHOR_NUM_LOW_gemma3_normative_09_b1_20260703_151144,gemma3_normative,gemma3,normative,1,"power losses, quality and safety issues",anchor,ANCHOR_NUM_LOW,low,9
ANCHOR_NUM_LOW_gemma3_normative_09_b3_20260703_151144,gemma3_normative,gemma3,normative,3,lack of use-cases in which DC is advantageous,anchor,ANCHOR_NUM_LOW,low,9
ANCHOR_NUM_LOW_gemma3_normative_09_b4_20260703_151144,gemma3_normative,gemma3,normative,4,"uncertain utility interaction (net metering, utility ownership, and agreed standards)",anchor,ANCHOR_NUM_LOW,low,9
ANCHOR_NUM_LOW_gemma3_normative_09_b8_20260703_151144,gemma3_normative,gemma3,normative,8,misconception and lack of knowledge leads to lengthy/expensive design and permit process,anchor,ANCHOR_NUM_LOW,low,9
ANCHOR_NUM_LOW_gemma3_normative_09_b10_20260703_151144,gemma3_normative,gemma3,normative,10,uncertain regulatory roadmap,anchor,ANCHOR_NUM_LOW,low,9
ANCHOR_NUM_LOW_gemma3_subject-matter_09_b1_20260703_151144,gemma3_subject-matter,gemma3,subject-matter,1,"power losses, quality and safety issues",anchor,ANCHOR_NUM_LOW,low,9
ANCHOR_NUM_LOW_gemma3_subject-matter_09_b3_20260703_151144,gemma3_subject-matter,gemma3,subject-matter,3,lack of use-cases in which DC is advantageous,anchor,ANCHOR_NUM_LOW,low,9
ANCHOR_NUM_LOW_gemma3_subject-matter_09_b4_20260703_151144,gemma3_subject-matter,gemma3,subject-matter,4,"uncertain utility interaction (net metering, utility ownership, and agreed standards)",anchor,ANCHOR_NUM_LOW,low,9
ANCHOR_NUM_LOW_gemma3_subject-matter_09_b8_20260703_151144,gemma3_subject-matter,gemma3,subject-matter,8,misconception and lack of knowledge leads to lengthy/expensive design and permit process,anchor,ANCHOR_NUM_LOW,low,9
ANCHOR_NUM_LOW_gemma3_subject-matter_09_b10_20260703_151144,gemma3_subject-matter,gemma3,subject-matter,10,uncertain regulatory roadmap,anchor,ANCHOR_NUM_LOW,low,9
ANCHOR_NUM_HIGH_phi4_generalist_00_b1_20260703_160548,phi4_generalist,phi4,generalist,1,"power losses, quality and safety issues",anchor,ANCHOR_NUM_HIGH,high,0
ANCHOR_NUM_HIGH_phi4_generalist_00_b3_20260703_160548,phi4_generalist,phi4,generalist,3,lack of use-cases in which DC is advantageous,anchor,ANCHOR_NUM_HIGH,high,0
ANCHOR_NUM_HIGH_phi4_generalist_00_b4_20260703_160548,phi4_generalist,phi4,generalist,4,"uncertain utility interaction (net metering, utility ownership, and agreed standards)",anchor,ANCHOR_NUM_HIGH,high,0
ANCHOR_NUM_HIGH_phi4_generalist_00_b5_20260703_160548,phi4_generalist,phi4,generalist,5,lack of pilot projects,anchor,ANCHOR_NUM_HIGH,high,0
ANCHOR_NUM_HIGH_phi4_generalist_00_b10_20260703_160548,phi4_generalist,phi4,generalist,10,uncertain regulatory roadmap,anchor,ANCHOR_NUM_HIGH,high,0
ANCHOR_NUM_HIGH_phi4_normative_00_b1_20260703_160548,phi4_normative,phi4,normative,1,"power losses, quality and safety issues",anchor,ANCHOR_NUM_HIGH,high,0
ANCHOR_NUM_HIGH_phi4_normative_00_b2_20260703_160548,phi4_normative,phi4,normative,2,reduced reliability in DC devices,anchor,ANCHOR_NUM_HIGH,high,0
ANCHOR_NUM_HIGH_phi4_normative_00_b3_20260703_160548,phi4_normative,phi4,normative,3,lack of use-cases in which DC is advantageous,anchor,ANCHOR_NUM_HIGH,high,0
ANCHOR_NUM_HIGH_phi4_normative_00_b4_20260703_160548,phi4_normative,phi4,normative,4,"uncertain utility interaction (net metering, utility ownership, and agreed standards)",anchor,ANCHOR_NUM_HIGH,high,0
ANCHOR_NUM_HIGH_phi4_normative_00_b9_20260703_160548,phi4_normative,phi4,normative,9,lack of enough trained personnel in DC systems,anchor,ANCHOR_NUM_HIGH,high,0
ANCHOR_NUM_HIGH_phi4_subject-matter_00_b1_20260703_160548,phi4_subject-matter,phi4,subject-matter,1,"power losses, quality and safety issues",anchor,ANCHOR_NUM_HIGH,high,0
ANCHOR_NUM_HIGH_phi4_subject-matter_00_b3_20260703_160548,phi4_subject-matter,phi4,subject-matter,3,lack of use-cases in which DC is advantageous,anchor,ANCHOR_NUM_HIGH,high,0
ANCHOR_NUM_HIGH_phi4_subject-matter_00_b4_20260703_160548,phi4_subject-matter,phi4,subject-matter,4,"uncertain utility interaction (net metering, utility ownership, and agreed standards)",anchor,ANCHOR_NUM_HIGH,high,0
ANCHOR_NUM_HIGH_phi4_subject-matter_00_b5_20260703_160548,phi4_subject-matter,phi4,subject-matter,5,lack of pilot projects,anchor,ANCHOR_NUM_HIGH,high,0
ANCHOR_NUM_HIGH_phi4_subject-matter_00_b6_20260703_160548,phi4_subject-matter,phi4,subject-matter,6,public perception of DC and readiness to 'champion' installations from DC projects,anchor,ANCHOR_NUM_HIGH,high,0
ANCHOR_NUM_HIGH_llama_generalist_00_b1_20260703_160548,llama_generalist,llama,generalist,1,"power losses, quality and safety issues",anchor,ANCHOR_NUM_HIGH,high,0
ANCHOR_NUM_HIGH_llama_generalist_00_b2_20260703_160548,llama_generalist,llama,generalist,2,reduced reliability in DC devices,anchor,ANCHOR_NUM_HIGH,high,0
ANCHOR_NUM_HIGH_llama_generalist_00_b4_20260703_160548,llama_generalist,llama,generalist,4,"uncertain utility interaction (net metering, utility ownership, and agreed standards)",anchor,ANCHOR_NUM_HIGH,high,0
ANCHOR_NUM_HIGH_llama_generalist_00_b3_20260703_160548,llama_generalist,llama,generalist,3,lack of use-cases in which DC is advantageous,anchor,ANCHOR_NUM_HIGH,high,0
ANCHOR_NUM_HIGH_llama_generalist_00_b6_20260703_160548,llama_generalist,llama,generalist,6,public perception of DC and readiness to 'champion' installations from DC projects,anchor,ANCHOR_NUM_HIGH,high,0
ANCHOR_NUM_HIGH_llama_normative_00_b1_20260703_160548,llama_normative,llama,normative,1,"power losses, quality and safety issues",anchor,ANCHOR_NUM_HIGH,high,0
ANCHOR_NUM_HIGH_llama_normative_00_b2_20260703_160548,llama_normative,llama,normative,2,reduced reliability in DC devices,anchor,ANCHOR_NUM_HIGH,high,0
ANCHOR_NUM_HIGH_llama_normative_00_b4_20260703_160548,llama_normative,llama,normative,4,"uncertain utility interaction (net metering, utility ownership, and agreed standards)",anchor,ANCHOR_NUM_HIGH,high,0
ANCHOR_NUM_HIGH_llama_normative_00_b5_20260703_160548,llama_normative,llama,normative,5,lack of pilot projects,anchor,ANCHOR_NUM_HIGH,high,0
ANCHOR_NUM_HIGH_llama_normative_00_b6_20260703_160548,llama_normative,llama,normative,6,public perception of DC and readiness to 'champion' installations from DC projects,anchor,ANCHOR_NUM_HIGH,high,0
ANCHOR_NUM_HIGH_llama_subject-matter_00_b1_20260703_160548,llama_subject-matter,llama,subject-matter,1,"power losses, quality and safety issues",anchor,ANCHOR_NUM_HIGH,high,0
ANCHOR_NUM_HIGH_llama_subject-matter_00_b2_20260703_160548,llama_subject-matter,llama,subject-matter,2,reduced reliability in DC devices,anchor,ANCHOR_NUM_HIGH,high,0
ANCHOR_NUM_HIGH_llama_subject-matter_00_b3_20260703_160548,llama_subject-matter,llama,subject-matter,3,lack of use-cases in which DC is advantageous,anchor,ANCHOR_NUM_HIGH,high,0
ANCHOR_NUM_HIGH_llama_subject-matter_00_b4_20260703_160548,llama_subject-matter,llama,subject-matter,4,"uncertain utility interaction (net metering, utility ownership, and agreed standards)",anchor,ANCHOR_NUM_HIGH,high,0
ANCHOR_NUM_HIGH_llama_subject-matter_00_b5_20260703_160548,llama_subject-matter,llama,subject-matter,5,lack of pilot projects,anchor,ANCHOR_NUM_HIGH,high,0
ANCHOR_NUM_HIGH_mistral_generalist_00_b1_20260703_160548,mistral_generalist,mistral,generalist,1,"power losses, quality and safety issues",anchor,ANCHOR_NUM_HIGH,high,0
ANCHOR_NUM_HIGH_mistral_generalist_00_b2_20260703_160548,mistral_generalist,mistral,generalist,2,reduced reliability in DC devices,anchor,ANCHOR_NUM_HIGH,high,0
ANCHOR_NUM_HIGH_mistral_generalist_00_b3_20260703_160548,mistral_generalist,mistral,generalist,3,lack of use-cases in which DC is advantageous,anchor,ANCHOR_NUM_HIGH,high,0
ANCHOR_NUM_HIGH_mistral_generalist_00_b4_20260703_160548,mistral_generalist,mistral,generalist,4,"uncertain utility interaction (net metering, utility ownership, and agreed standards)",anchor,ANCHOR_NUM_HIGH,high,0
ANCHOR_NUM_HIGH_mistral_generalist_00_b5_20260703_160548,mistral_generalist,mistral,generalist,5,lack of pilot projects,anchor,ANCHOR_NUM_HIGH,high,0
ANCHOR_NUM_HIGH_mistral_normative_00_b1_20260703_160548,mistral_normative,mistral,normative,1,"power losses, quality and safety issues",anchor,ANCHOR_NUM_HIGH,high,0
ANCHOR_NUM_HIGH_mistral_normative_00_b2_20260703_160548,mistral_normative,mistral,normative,2,reduced reliability in DC devices,anchor,ANCHOR_NUM_HIGH,high,0
ANCHOR_NUM_HIGH_mistral_normative_00_b3_20260703_160548,mistral_normative,mistral,normative,3,lack of use-cases in which DC is advantageous,anchor,ANCHOR_NUM_HIGH,high,0
ANCHOR_NUM_HIGH_mistral_normative_00_b4_20260703_160548,mistral_normative,mistral,normative,4,"uncertain utility interaction (net metering, utility ownership, and agreed standards)",anchor,ANCHOR_NUM_HIGH,high,0
ANCHOR_NUM_HIGH_mistral_normative_00_b5_20260703_160548,mistral_normative,mistral,normative,5,lack of pilot projects,anchor,ANCHOR_NUM_HIGH,high,0
ANCHOR_NUM_HIGH_mistral_subject-matter_00_b1_20260703_160548,mistral_subject-matter,mistral,subject-matter,1,"power losses, quality and safety issues",anchor,ANCHOR_NUM_HIGH,high,0
ANCHOR_NUM_HIGH_mistral_subject-matter_00_b2_20260703_160548,mistral_subject-matter,mistral,subject-matter,2,reduced reliability in DC devices,anchor,ANCHOR_NUM_HIGH,high,0
ANCHOR_NUM_HIGH_mistral_subject-matter_00_b3_20260703_160548,mistral_subject-matter,mistral,subject-matter,3,lack of use-cases in which DC is advantageous,anchor,ANCHOR_NUM_HIGH,high,0
ANCHOR_NUM_HIGH_mistral_subject-matter_00_b4_20260703_160548,mistral_subject-matter,mistral,subject-matter,4,"uncertain utility interaction (net metering, utility ownership, and agreed standards)",anchor,ANCHOR_NUM_HIGH,high,0
ANCHOR_NUM_HIGH_mistral_subject-matter_00_b5_20260703_160548,mistral_subject-matter,mistral,subject-matter,5,lack of pilot projects,anchor,ANCHOR_NUM_HIGH,high,0
ANCHOR_NUM_HIGH_gemma3_generalist_00_b1_20260703_160548,gemma3_generalist,gemma3,generalist,1,"power losses, quality and safety issues",anchor,ANCHOR_NUM_HIGH,high,0
ANCHOR_NUM_HIGH_gemma3_generalist_00_b5_20260703_160548,gemma3_generalist,gemma3,generalist,5,lack of pilot projects,anchor,ANCHOR_NUM_HIGH,high,0
ANCHOR_NUM_HIGH_gemma3_generalist_00_b6_20260703_160548,gemma3_generalist,gemma3,generalist,6,public perception of DC and readiness to 'champion' installations from DC projects,anchor,ANCHOR_NUM_HIGH,high,0
ANCHOR_NUM_HIGH_gemma3_generalist_00_b8_20260703_160548,gemma3_generalist,gemma3,generalist,8,misconception and lack of knowledge leads to lengthy/expensive design and permit process,anchor,ANCHOR_NUM_HIGH,high,0
ANCHOR_NUM_HIGH_gemma3_generalist_00_b11_20260703_160548,gemma3_generalist,gemma3,generalist,11,high costs of DC solutions,anchor,ANCHOR_NUM_HIGH,high,0
ANCHOR_NUM_HIGH_gemma3_normative_00_b1_20260703_160548,gemma3_normative,gemma3,normative,1,"power losses, quality and safety issues",anchor,ANCHOR_NUM_HIGH,high,0
ANCHOR_NUM_HIGH_gemma3_normative_00_b4_20260703_160548,gemma3_normative,gemma3,normative,4,"uncertain utility interaction (net metering, utility ownership, and agreed standards)",anchor,ANCHOR_NUM_HIGH,high,0
ANCHOR_NUM_HIGH_gemma3_normative_00_b8_20260703_160548,gemma3_normative,gemma3,normative,8,misconception and lack of knowledge leads to lengthy/expensive design and permit process,anchor,ANCHOR_NUM_HIGH,high,0
ANCHOR_NUM_HIGH_gemma3_normative_00_b9_20260703_160548,gemma3_normative,gemma3,normative,9,lack of enough trained personnel in DC systems,anchor,ANCHOR_NUM_HIGH,high,0
ANCHOR_NUM_HIGH_gemma3_normative_00_b10_20260703_160548,gemma3_normative,gemma3,normative,10,uncertain regulatory roadmap,anchor,ANCHOR_NUM_HIGH,high,0
ANCHOR_NUM_HIGH_gemma3_subject-matter_00_b1_20260703_160548,gemma3_subject-matter,gemma3,subject-matter,1,"power losses, quality and safety issues",anchor,ANCHOR_NUM_HIGH,high,0
ANCHOR_NUM_HIGH_gemma3_subject-matter_00_b3_20260703_160548,gemma3_subject-matter,gemma3,subject-matter,3,lack of use-cases in which DC is advantageous,anchor,ANCHOR_NUM_HIGH,high,0
ANCHOR_NUM_HIGH_gemma3_subject-matter_00_b4_20260703_160548,gemma3_subject-matter,gemma3,subject-matter,4,"uncertain utility interaction (net metering, utility ownership, and agreed standards)",anchor,ANCHOR_NUM_HIGH,high,0
ANCHOR_NUM_HIGH_gemma3_subject-matter_00_b8_20260703_160548,gemma3_subject-matter,gemma3,subject-matter,8,misconception and lack of knowledge leads to lengthy/expensive design and permit process,anchor,ANCHOR_NUM_HIGH,high,0
ANCHOR_NUM_HIGH_gemma3_subject-matter_00_b10_20260703_160548,gemma3_subject-matter,gemma3,subject-matter,10,uncertain regulatory roadmap,anchor,ANCHOR_NUM_HIGH,high,0
ANCHOR_NUM_HIGH_phi4_generalist_01_b1_20260703_161011,phi4_generalist,phi4,generalist,1,"power losses, quality and safety issues",anchor,ANCHOR_NUM_HIGH,high,1
ANCHOR_NUM_HIGH_phi4_generalist_01_b2_20260703_161011,phi4_generalist,phi4,generalist,2,reduced reliability in DC devices,anchor,ANCHOR_NUM_HIGH,high,1
ANCHOR_NUM_HIGH_phi4_generalist_01_b4_20260703_161011,phi4_generalist,phi4,generalist,4,"uncertain utility interaction (net metering, utility ownership, and agreed standards)",anchor,ANCHOR_NUM_HIGH,high,1
ANCHOR_NUM_HIGH_phi4_generalist_01_b5_20260703_161011,phi4_generalist,phi4,generalist,5,lack of pilot projects,anchor,ANCHOR_NUM_HIGH,high,1
ANCHOR_NUM_HIGH_phi4_generalist_01_b10_20260703_161011,phi4_generalist,phi4,generalist,10,uncertain regulatory roadmap,anchor,ANCHOR_NUM_HIGH,high,1
ANCHOR_NUM_HIGH_phi4_normative_01_b1_20260703_161011,phi4_normative,phi4,normative,1,"power losses, quality and safety issues",anchor,ANCHOR_NUM_HIGH,high,1
ANCHOR_NUM_HIGH_phi4_normative_01_b2_20260703_161011,phi4_normative,phi4,normative,2,reduced reliability in DC devices,anchor,ANCHOR_NUM_HIGH,high,1
ANCHOR_NUM_HIGH_phi4_normative_01_b3_20260703_161011,phi4_normative,phi4,normative,3,lack of use-cases in which DC is advantageous,anchor,ANCHOR_NUM_HIGH,high,1
ANCHOR_NUM_HIGH_phi4_normative_01_b4_20260703_161011,phi4_normative,phi4,normative,4,"uncertain utility interaction (net metering, utility ownership, and agreed standards)",anchor,ANCHOR_NUM_HIGH,high,1
ANCHOR_NUM_HIGH_phi4_normative_01_b5_20260703_161011,phi4_normative,phi4,normative,5,lack of pilot projects,anchor,ANCHOR_NUM_HIGH,high,1
ANCHOR_NUM_HIGH_phi4_subject-matter_01_b1_20260703_161011,phi4_subject-matter,phi4,subject-matter,1,"power losses, quality and safety issues",anchor,ANCHOR_NUM_HIGH,high,1
ANCHOR_NUM_HIGH_phi4_subject-matter_01_b2_20260703_161011,phi4_subject-matter,phi4,subject-matter,2,reduced reliability in DC devices,anchor,ANCHOR_NUM_HIGH,high,1
ANCHOR_NUM_HIGH_phi4_subject-matter_01_b4_20260703_161011,phi4_subject-matter,phi4,subject-matter,4,"uncertain utility interaction (net metering, utility ownership, and agreed standards)",anchor,ANCHOR_NUM_HIGH,high,1
ANCHOR_NUM_HIGH_phi4_subject-matter_01_b5_20260703_161011,phi4_subject-matter,phi4,subject-matter,5,lack of pilot projects,anchor,ANCHOR_NUM_HIGH,high,1
ANCHOR_NUM_HIGH_phi4_subject-matter_01_b10_20260703_161011,phi4_subject-matter,phi4,subject-matter,10,uncertain regulatory roadmap,anchor,ANCHOR_NUM_HIGH,high,1
ANCHOR_NUM_HIGH_llama_generalist_01_b1_20260703_161011,llama_generalist,llama,generalist,1,"power losses, quality and safety issues",anchor,ANCHOR_NUM_HIGH,high,1
ANCHOR_NUM_HIGH_llama_generalist_01_b2_20260703_161011,llama_generalist,llama,generalist,2,reduced reliability in DC devices,anchor,ANCHOR_NUM_HIGH,high,1
ANCHOR_NUM_HIGH_llama_generalist_01_b3_20260703_161011,llama_generalist,llama,generalist,3,lack of use-cases in which DC is advantageous,anchor,ANCHOR_NUM_HIGH,high,1
ANCHOR_NUM_HIGH_llama_generalist_01_b4_20260703_161011,llama_generalist,llama,generalist,4,"uncertain utility interaction (net metering, utility ownership, and agreed standards)",anchor,ANCHOR_NUM_HIGH,high,1
ANCHOR_NUM_HIGH_llama_generalist_01_b5_20260703_161011,llama_generalist,llama,generalist,5,lack of pilot projects,anchor,ANCHOR_NUM_HIGH,high,1
ANCHOR_NUM_HIGH_llama_normative_01_b1_20260703_161011,llama_normative,llama,normative,1,"power losses, quality and safety issues",anchor,ANCHOR_NUM_HIGH,high,1
ANCHOR_NUM_HIGH_llama_normative_01_b2_20260703_161011,llama_normative,llama,normative,2,reduced reliability in DC devices,anchor,ANCHOR_NUM_HIGH,high,1
ANCHOR_NUM_HIGH_llama_normative_01_b4_20260703_161011,llama_normative,llama,normative,4,"uncertain utility interaction (net metering, utility ownership, and agreed standards)",anchor,ANCHOR_NUM_HIGH,high,1
ANCHOR_NUM_HIGH_llama_normative_01_b5_20260703_161011,llama_normative,llama,normative,5,lack of pilot projects,anchor,ANCHOR_NUM_HIGH,high,1
ANCHOR_NUM_HIGH_llama_normative_01_b6_20260703_161011,llama_normative,llama,normative,6,public perception of DC and readiness to 'champion' installations from DC projects,anchor,ANCHOR_NUM_HIGH,high,1
ANCHOR_NUM_HIGH_llama_subject-matter_01_b1_20260703_161011,llama_subject-matter,llama,subject-matter,1,"power losses, quality and safety issues",anchor,ANCHOR_NUM_HIGH,high,1
ANCHOR_NUM_HIGH_llama_subject-matter_01_b2_20260703_161011,llama_subject-matter,llama,subject-matter,2,reduced reliability in DC devices,anchor,ANCHOR_NUM_HIGH,high,1
ANCHOR_NUM_HIGH_llama_subject-matter_01_b3_20260703_161011,llama_subject-matter,llama,subject-matter,3,lack of use-cases in which DC is advantageous,anchor,ANCHOR_NUM_HIGH,high,1
ANCHOR_NUM_HIGH_llama_subject-matter_01_b4_20260703_161011,llama_subject-matter,llama,subject-matter,4,"uncertain utility interaction (net metering, utility ownership, and agreed standards)",anchor,ANCHOR_NUM_HIGH,high,1
ANCHOR_NUM_HIGH_llama_subject-matter_01_b5_20260703_161011,llama_subject-matter,llama,subject-matter,5,lack of pilot projects,anchor,ANCHOR_NUM_HIGH,high,1
ANCHOR_NUM_HIGH_mistral_generalist_01_b1_20260703_161011,mistral_generalist,mistral,generalist,1,"power losses, quality and safety issues",anchor,ANCHOR_NUM_HIGH,high,1
ANCHOR_NUM_HIGH_mistral_generalist_01_b2_20260703_161011,mistral_generalist,mistral,generalist,2,reduced reliability in DC devices,anchor,ANCHOR_NUM_HIGH,high,1
ANCHOR_NUM_HIGH_mistral_generalist_01_b3_20260703_161011,mistral_generalist,mistral,generalist,3,lack of use-cases in which DC is advantageous,anchor,ANCHOR_NUM_HIGH,high,1
ANCHOR_NUM_HIGH_mistral_generalist_01_b4_20260703_161011,mistral_generalist,mistral,generalist,4,"uncertain utility interaction (net metering, utility ownership, and agreed standards)",anchor,ANCHOR_NUM_HIGH,high,1
ANCHOR_NUM_HIGH_mistral_generalist_01_b5_20260703_161011,mistral_generalist,mistral,generalist,5,lack of pilot projects,anchor,ANCHOR_NUM_HIGH,high,1
ANCHOR_NUM_HIGH_mistral_normative_01_b1_20260703_161011,mistral_normative,mistral,normative,1,"power losses, quality and safety issues",anchor,ANCHOR_NUM_HIGH,high,1
ANCHOR_NUM_HIGH_mistral_normative_01_b2_20260703_161011,mistral_normative,mistral,normative,2,reduced reliability in DC devices,anchor,ANCHOR_NUM_HIGH,high,1
ANCHOR_NUM_HIGH_mistral_normative_01_b4_20260703_161011,mistral_normative,mistral,normative,4,"uncertain utility interaction (net metering, utility ownership, and agreed standards)",anchor,ANCHOR_NUM_HIGH,high,1
ANCHOR_NUM_HIGH_mistral_normative_01_b5_20260703_161011,mistral_normative,mistral,normative,5,lack of pilot projects,anchor,ANCHOR_NUM_HIGH,high,1
ANCHOR_NUM_HIGH_mistral_normative_01_b9_20260703_161011,mistral_normative,mistral,normative,9,lack of enough trained personnel in DC systems,anchor,ANCHOR_NUM_HIGH,high,1
ANCHOR_NUM_HIGH_mistral_subject-matter_01_b1_20260703_161011,mistral_subject-matter,mistral,subject-matter,1,"power losses, quality and safety issues",anchor,ANCHOR_NUM_HIGH,high,1
ANCHOR_NUM_HIGH_mistral_subject-matter_01_b2_20260703_161011,mistral_subject-matter,mistral,subject-matter,2,reduced reliability in DC devices,anchor,ANCHOR_NUM_HIGH,high,1
ANCHOR_NUM_HIGH_mistral_subject-matter_01_b3_20260703_161011,mistral_subject-matter,mistral,subject-matter,3,lack of use-cases in which DC is advantageous,anchor,ANCHOR_NUM_HIGH,high,1
ANCHOR_NUM_HIGH_mistral_subject-matter_01_b4_20260703_161011,mistral_subject-matter,mistral,subject-matter,4,"uncertain utility interaction (net metering, utility ownership, and agreed standards)",anchor,ANCHOR_NUM_HIGH,high,1
ANCHOR_NUM_HIGH_mistral_subject-matter_01_b11_20260703_161011,mistral_subject-matter,mistral,subject-matter,11,high costs of DC solutions,anchor,ANCHOR_NUM_HIGH,high,1
ANCHOR_NUM_HIGH_gemma3_generalist_01_b1_20260703_161011,gemma3_generalist,gemma3,generalist,1,"power losses, quality and safety issues",anchor,ANCHOR_NUM_HIGH,high,1
ANCHOR_NUM_HIGH_gemma3_generalist_01_b3_20260703_161011,gemma3_generalist,gemma3,generalist,3,lack of use-cases in which DC is advantageous,anchor,ANCHOR_NUM_HIGH,high,1
ANCHOR_NUM_HIGH_gemma3_generalist_01_b4_20260703_161011,gemma3_generalist,gemma3,generalist,4,"uncertain utility interaction (net metering, utility ownership, and agreed standards)",anchor,ANCHOR_NUM_HIGH,high,1
ANCHOR_NUM_HIGH_gemma3_generalist_01_b8_20260703_161011,gemma3_generalist,gemma3,generalist,8,misconception and lack of knowledge leads to lengthy/expensive design and permit process,anchor,ANCHOR_NUM_HIGH,high,1
ANCHOR_NUM_HIGH_gemma3_generalist_01_b11_20260703_161011,gemma3_generalist,gemma3,generalist,11,high costs of DC solutions,anchor,ANCHOR_NUM_HIGH,high,1
ANCHOR_NUM_HIGH_gemma3_normative_01_b1_20260703_161011,gemma3_normative,gemma3,normative,1,"power losses, quality and safety issues",anchor,ANCHOR_NUM_HIGH,high,1
ANCHOR_NUM_HIGH_gemma3_normative_01_b3_20260703_161011,gemma3_normative,gemma3,normative,3,lack of use-cases in which DC is advantageous,anchor,ANCHOR_NUM_HIGH,high,1
ANCHOR_NUM_HIGH_gemma3_normative_01_b4_20260703_161011,gemma3_normative,gemma3,normative,4,"uncertain utility interaction (net metering, utility ownership, and agreed standards)",anchor,ANCHOR_NUM_HIGH,high,1
ANCHOR_NUM_HIGH_gemma3_normative_01_b8_20260703_161011,gemma3_normative,gemma3,normative,8,misconception and lack of knowledge leads to lengthy/expensive design and permit process,anchor,ANCHOR_NUM_HIGH,high,1
ANCHOR_NUM_HIGH_gemma3_normative_01_b10_20260703_161011,gemma3_normative,gemma3,normative,10,uncertain regulatory roadmap,anchor,ANCHOR_NUM_HIGH,high,1
ANCHOR_NUM_HIGH_gemma3_subject-matter_01_b1_20260703_161011,gemma3_subject-matter,gemma3,subject-matter,1,"power losses, quality and safety issues",anchor,ANCHOR_NUM_HIGH,high,1
ANCHOR_NUM_HIGH_gemma3_subject-matter_01_b3_20260703_161011,gemma3_subject-matter,gemma3,subject-matter,3,lack of use-cases in which DC is advantageous,anchor,ANCHOR_NUM_HIGH,high,1
ANCHOR_NUM_HIGH_gemma3_subject-matter_01_b4_20260703_161011,gemma3_subject-matter,gemma3,subject-matter,4,"uncertain utility interaction (net metering, utility ownership, and agreed standards)",anchor,ANCHOR_NUM_HIGH,high,1
ANCHOR_NUM_HIGH_gemma3_subject-matter_01_b8_20260703_161011,gemma3_subject-matter,gemma3,subject-matter,8,misconception and lack of knowledge leads to lengthy/expensive design and permit process,anchor,ANCHOR_NUM_HIGH,high,1
ANCHOR_NUM_HIGH_gemma3_subject-matter_01_b10_20260703_161011,gemma3_subject-matter,gemma3,subject-matter,10,uncertain regulatory roadmap,anchor,ANCHOR_NUM_HIGH,high,1
ANCHOR_NUM_HIGH_phi4_generalist_02_b1_20260703_161221,phi4_generalist,phi4,generalist,1,"power losses, quality and safety issues",anchor,ANCHOR_NUM_HIGH,high,2
ANCHOR_NUM_HIGH_phi4_generalist_02_b2_20260703_161221,phi4_generalist,phi4,generalist,2,reduced reliability in DC devices,anchor,ANCHOR_NUM_HIGH,high,2
ANCHOR_NUM_HIGH_phi4_generalist_02_b3_20260703_161221,phi4_generalist,phi4,generalist,3,lack of use-cases in which DC is advantageous,anchor,ANCHOR_NUM_HIGH,high,2
ANCHOR_NUM_HIGH_phi4_generalist_02_b4_20260703_161221,phi4_generalist,phi4,generalist,4,"uncertain utility interaction (net metering, utility ownership, and agreed standards)",anchor,ANCHOR_NUM_HIGH,high,2
ANCHOR_NUM_HIGH_phi4_generalist_02_b5_20260703_161221,phi4_generalist,phi4,generalist,5,lack of pilot projects,anchor,ANCHOR_NUM_HIGH,high,2
ANCHOR_NUM_HIGH_phi4_normative_02_b1_20260703_161221,phi4_normative,phi4,normative,1,"power losses, quality and safety issues",anchor,ANCHOR_NUM_HIGH,high,2
ANCHOR_NUM_HIGH_phi4_normative_02_b4_20260703_161221,phi4_normative,phi4,normative,4,"uncertain utility interaction (net metering, utility ownership, and agreed standards)",anchor,ANCHOR_NUM_HIGH,high,2
ANCHOR_NUM_HIGH_phi4_normative_02_b5_20260703_161221,phi4_normative,phi4,normative,5,lack of pilot projects,anchor,ANCHOR_NUM_HIGH,high,2
ANCHOR_NUM_HIGH_phi4_normative_02_b6_20260703_161221,phi4_normative,phi4,normative,6,public perception of DC and readiness to 'champion' installations from DC projects,anchor,ANCHOR_NUM_HIGH,high,2
ANCHOR_NUM_HIGH_phi4_normative_02_b10_20260703_161221,phi4_normative,phi4,normative,10,uncertain regulatory roadmap,anchor,ANCHOR_NUM_HIGH,high,2
ANCHOR_NUM_HIGH_phi4_subject-matter_02_b1_20260703_161221,phi4_subject-matter,phi4,subject-matter,1,"power losses, quality and safety issues",anchor,ANCHOR_NUM_HIGH,high,2
ANCHOR_NUM_HIGH_phi4_subject-matter_02_b2_20260703_161221,phi4_subject-matter,phi4,subject-matter,2,reduced reliability in DC devices,anchor,ANCHOR_NUM_HIGH,high,2
ANCHOR_NUM_HIGH_phi4_subject-matter_02_b4_20260703_161221,phi4_subject-matter,phi4,subject-matter,4,"uncertain utility interaction (net metering, utility ownership, and agreed standards)",anchor,ANCHOR_NUM_HIGH,high,2
ANCHOR_NUM_HIGH_phi4_subject-matter_02_b8_20260703_161221,phi4_subject-matter,phi4,subject-matter,8,misconception and lack of knowledge leads to lengthy/expensive design and permit process,anchor,ANCHOR_NUM_HIGH,high,2
ANCHOR_NUM_HIGH_phi4_subject-matter_02_b10_20260703_161221,phi4_subject-matter,phi4,subject-matter,10,uncertain regulatory roadmap,anchor,ANCHOR_NUM_HIGH,high,2
ANCHOR_NUM_HIGH_llama_generalist_02_b1_20260703_161221,llama_generalist,llama,generalist,1,"power losses, quality and safety issues",anchor,ANCHOR_NUM_HIGH,high,2
ANCHOR_NUM_HIGH_llama_generalist_02_b2_20260703_161221,llama_generalist,llama,generalist,2,reduced reliability in DC devices,anchor,ANCHOR_NUM_HIGH,high,2
ANCHOR_NUM_HIGH_llama_generalist_02_b3_20260703_161221,llama_generalist,llama,generalist,3,lack of use-cases in which DC is advantageous,anchor,ANCHOR_NUM_HIGH,high,2
ANCHOR_NUM_HIGH_llama_generalist_02_b4_20260703_161221,llama_generalist,llama,generalist,4,"uncertain utility interaction (net metering, utility ownership, and agreed standards)",anchor,ANCHOR_NUM_HIGH,high,2
ANCHOR_NUM_HIGH_llama_generalist_02_b5_20260703_161221,llama_generalist,llama,generalist,5,lack of pilot projects,anchor,ANCHOR_NUM_HIGH,high,2
ANCHOR_NUM_HIGH_llama_normative_02_b1_20260703_161221,llama_normative,llama,normative,1,"power losses, quality and safety issues",anchor,ANCHOR_NUM_HIGH,high,2
ANCHOR_NUM_HIGH_llama_normative_02_b2_20260703_161221,llama_normative,llama,normative,2,reduced reliability in DC devices,anchor,ANCHOR_NUM_HIGH,high,2
ANCHOR_NUM_HIGH_llama_normative_02_b3_20260703_161221,llama_normative,llama,normative,3,lack of use-cases in which DC is advantageous,anchor,ANCHOR_NUM_HIGH,high,2
ANCHOR_NUM_HIGH_llama_normative_02_b4_20260703_161221,llama_normative,llama,normative,4,"uncertain utility interaction (net metering, utility ownership, and agreed standards)",anchor,ANCHOR_NUM_HIGH,high,2
ANCHOR_NUM_HIGH_llama_normative_02_b5_20260703_161221,llama_normative,llama,normative,5,lack of pilot projects,anchor,ANCHOR_NUM_HIGH,high,2
ANCHOR_NUM_HIGH_llama_subject-matter_02_b1_20260703_161221,llama_subject-matter,llama,subject-matter,1,"power losses, quality and safety issues",anchor,ANCHOR_NUM_HIGH,high,2
ANCHOR_NUM_HIGH_llama_subject-matter_02_b2_20260703_161221,llama_subject-matter,llama,subject-matter,2,reduced reliability in DC devices,anchor,ANCHOR_NUM_HIGH,high,2
ANCHOR_NUM_HIGH_llama_subject-matter_02_b4_20260703_161221,llama_subject-matter,llama,subject-matter,4,"uncertain utility interaction (net metering, utility ownership, and agreed standards)",anchor,ANCHOR_NUM_HIGH,high,2
ANCHOR_NUM_HIGH_llama_subject-matter_02_b3_20260703_161221,llama_subject-matter,llama,subject-matter,3,lack of use-cases in which DC is advantageous,anchor,ANCHOR_NUM_HIGH,high,2
ANCHOR_NUM_HIGH_llama_subject-matter_02_b6_20260703_161221,llama_subject-matter,llama,subject-matter,6,public perception of DC and readiness to 'champion' installations from DC projects,anchor,ANCHOR_NUM_HIGH,high,2
ANCHOR_NUM_HIGH_mistral_generalist_02_b1_20260703_161221,mistral_generalist,mistral,generalist,1,"power losses, quality and safety issues",anchor,ANCHOR_NUM_HIGH,high,2
ANCHOR_NUM_HIGH_mistral_generalist_02_b2_20260703_161221,mistral_generalist,mistral,generalist,2,reduced reliability in DC devices,anchor,ANCHOR_NUM_HIGH,high,2
ANCHOR_NUM_HIGH_mistral_generalist_02_b3_20260703_161221,mistral_generalist,mistral,generalist,3,lack of use-cases in which DC is advantageous,anchor,ANCHOR_NUM_HIGH,high,2
ANCHOR_NUM_HIGH_mistral_generalist_02_b4_20260703_161221,mistral_generalist,mistral,generalist,4,"uncertain utility interaction (net metering, utility ownership, and agreed standards)",anchor,ANCHOR_NUM_HIGH,high,2
ANCHOR_NUM_HIGH_mistral_generalist_02_b5_20260703_161221,mistral_generalist,mistral,generalist,5,lack of pilot projects,anchor,ANCHOR_NUM_HIGH,high,2
ANCHOR_NUM_HIGH_mistral_normative_02_b1_20260703_161221,mistral_normative,mistral,normative,1,"power losses, quality and safety issues",anchor,ANCHOR_NUM_HIGH,high,2
ANCHOR_NUM_HIGH_mistral_normative_02_b2_20260703_161221,mistral_normative,mistral,normative,2,reduced reliability in DC devices,anchor,ANCHOR_NUM_HIGH,high,2
ANCHOR_NUM_HIGH_mistral_normative_02_b3_20260703_161221,mistral_normative,mistral,normative,3,lack of use-cases in which DC is advantageous,anchor,ANCHOR_NUM_HIGH,high,2
ANCHOR_NUM_HIGH_mistral_normative_02_b4_20260703_161221,mistral_normative,mistral,normative,4,"uncertain utility interaction (net metering, utility ownership, and agreed standards)",anchor,ANCHOR_NUM_HIGH,high,2
ANCHOR_NUM_HIGH_mistral_normative_02_b5_20260703_161221,mistral_normative,mistral,normative,5,lack of pilot projects,anchor,ANCHOR_NUM_HIGH,high,2
ANCHOR_NUM_HIGH_mistral_subject-matter_02_b1_20260703_161221,mistral_subject-matter,mistral,subject-matter,1,"power losses, quality and safety issues",anchor,ANCHOR_NUM_HIGH,high,2
ANCHOR_NUM_HIGH_mistral_subject-matter_02_b2_20260703_161221,mistral_subject-matter,mistral,subject-matter,2,reduced reliability in DC devices,anchor,ANCHOR_NUM_HIGH,high,2
ANCHOR_NUM_HIGH_mistral_subject-matter_02_b3_20260703_161221,mistral_subject-matter,mistral,subject-matter,3,lack of use-cases in which DC is advantageous,anchor,ANCHOR_NUM_HIGH,high,2
ANCHOR_NUM_HIGH_mistral_subject-matter_02_b4_20260703_161221,mistral_subject-matter,mistral,subject-matter,4,"uncertain utility interaction (net metering, utility ownership, and agreed standards)",anchor,ANCHOR_NUM_HIGH,high,2
ANCHOR_NUM_HIGH_mistral_subject-matter_02_b5_20260703_161221,mistral_subject-matter,mistral,subject-matter,5,lack of pilot projects,anchor,ANCHOR_NUM_HIGH,high,2
ANCHOR_NUM_HIGH_gemma3_generalist_02_b1_20260703_161221,gemma3_generalist,gemma3,generalist,1,"power losses, quality and safety issues",anchor,ANCHOR_NUM_HIGH,high,2
ANCHOR_NUM_HIGH_gemma3_generalist_02_b5_20260703_161221,gemma3_generalist,gemma3,generalist,5,lack of pilot projects,anchor,ANCHOR_NUM_HIGH,high,2
ANCHOR_NUM_HIGH_gemma3_generalist_02_b6_20260703_161221,gemma3_generalist,gemma3,generalist,6,public perception of DC and readiness to 'champion' installations from DC projects,anchor,ANCHOR_NUM_HIGH,high,2
ANCHOR_NUM_HIGH_gemma3_generalist_02_b8_20260703_161221,gemma3_generalist,gemma3,generalist,8,misconception and lack of knowledge leads to lengthy/expensive design and permit process,anchor,ANCHOR_NUM_HIGH,high,2
ANCHOR_NUM_HIGH_gemma3_generalist_02_b11_20260703_161221,gemma3_generalist,gemma3,generalist,11,high costs of DC solutions,anchor,ANCHOR_NUM_HIGH,high,2
ANCHOR_NUM_HIGH_gemma3_normative_02_b1_20260703_161221,gemma3_normative,gemma3,normative,1,"power losses, quality and safety issues",anchor,ANCHOR_NUM_HIGH,high,2
ANCHOR_NUM_HIGH_gemma3_normative_02_b3_20260703_161221,gemma3_normative,gemma3,normative,3,lack of use-cases in which DC is advantageous,anchor,ANCHOR_NUM_HIGH,high,2
ANCHOR_NUM_HIGH_gemma3_normative_02_b4_20260703_161221,gemma3_normative,gemma3,normative,4,"uncertain utility interaction (net metering, utility ownership, and agreed standards)",anchor,ANCHOR_NUM_HIGH,high,2
ANCHOR_NUM_HIGH_gemma3_normative_02_b8_20260703_161221,gemma3_normative,gemma3,normative,8,misconception and lack of knowledge leads to lengthy/expensive design and permit process,anchor,ANCHOR_NUM_HIGH,high,2
ANCHOR_NUM_HIGH_gemma3_normative_02_b10_20260703_161221,gemma3_normative,gemma3,normative,10,uncertain regulatory roadmap,anchor,ANCHOR_NUM_HIGH,high,2
ANCHOR_NUM_HIGH_gemma3_subject-matter_02_b1_20260703_161221,gemma3_subject-matter,gemma3,subject-matter,1,"power losses, quality and safety issues",anchor,ANCHOR_NUM_HIGH,high,2
ANCHOR_NUM_HIGH_gemma3_subject-matter_02_b3_20260703_161221,gemma3_subject-matter,gemma3,subject-matter,3,lack of use-cases in which DC is advantageous,anchor,ANCHOR_NUM_HIGH,high,2
ANCHOR_NUM_HIGH_gemma3_subject-matter_02_b4_20260703_161221,gemma3_subject-matter,gemma3,subject-matter,4,"uncertain utility interaction (net metering, utility ownership, and agreed standards)",anchor,ANCHOR_NUM_HIGH,high,2
ANCHOR_NUM_HIGH_gemma3_subject-matter_02_b8_20260703_161221,gemma3_subject-matter,gemma3,subject-matter,8,misconception and lack of knowledge leads to lengthy/expensive design and permit process,anchor,ANCHOR_NUM_HIGH,high,2
ANCHOR_NUM_HIGH_gemma3_subject-matter_02_b10_20260703_161221,gemma3_subject-matter,gemma3,subject-matter,10,uncertain regulatory roadmap,anchor,ANCHOR_NUM_HIGH,high,2
ANCHOR_NUM_HIGH_phi4_generalist_03_b1_20260703_161659,phi4_generalist,phi4,generalist,1,"power losses, quality and safety issues",anchor,ANCHOR_NUM_HIGH,high,3
ANCHOR_NUM_HIGH_phi4_generalist_03_b2_20260703_161659,phi4_generalist,phi4,generalist,2,reduced reliability in DC devices,anchor,ANCHOR_NUM_HIGH,high,3
ANCHOR_NUM_HIGH_phi4_generalist_03_b3_20260703_161659,phi4_generalist,phi4,generalist,3,lack of use-cases in which DC is advantageous,anchor,ANCHOR_NUM_HIGH,high,3
ANCHOR_NUM_HIGH_phi4_generalist_03_b4_20260703_161659,phi4_generalist,phi4,generalist,4,"uncertain utility interaction (net metering, utility ownership, and agreed standards)",anchor,ANCHOR_NUM_HIGH,high,3
ANCHOR_NUM_HIGH_phi4_generalist_03_b5_20260703_161659,phi4_generalist,phi4,generalist,5,lack of pilot projects,anchor,ANCHOR_NUM_HIGH,high,3
ANCHOR_NUM_HIGH_phi4_normative_03_b1_20260703_161659,phi4_normative,phi4,normative,1,"power losses, quality and safety issues",anchor,ANCHOR_NUM_HIGH,high,3
ANCHOR_NUM_HIGH_phi4_normative_03_b2_20260703_161659,phi4_normative,phi4,normative,2,reduced reliability in DC devices,anchor,ANCHOR_NUM_HIGH,high,3
ANCHOR_NUM_HIGH_phi4_normative_03_b3_20260703_161659,phi4_normative,phi4,normative,3,lack of use-cases in which DC is advantageous,anchor,ANCHOR_NUM_HIGH,high,3
ANCHOR_NUM_HIGH_phi4_normative_03_b4_20260703_161659,phi4_normative,phi4,normative,4,"uncertain utility interaction (net metering, utility ownership, and agreed standards)",anchor,ANCHOR_NUM_HIGH,high,3
ANCHOR_NUM_HIGH_phi4_normative_03_b5_20260703_161659,phi4_normative,phi4,normative,5,lack of pilot projects,anchor,ANCHOR_NUM_HIGH,high,3
ANCHOR_NUM_HIGH_phi4_subject-matter_03_b1_20260703_161659,phi4_subject-matter,phi4,subject-matter,1,"power losses, quality and safety issues",anchor,ANCHOR_NUM_HIGH,high,3
ANCHOR_NUM_HIGH_phi4_subject-matter_03_b2_20260703_161659,phi4_subject-matter,phi4,subject-matter,2,reduced reliability in DC devices,anchor,ANCHOR_NUM_HIGH,high,3
ANCHOR_NUM_HIGH_phi4_subject-matter_03_b4_20260703_161659,phi4_subject-matter,phi4,subject-matter,4,"uncertain utility interaction (net metering, utility ownership, and agreed standards)",anchor,ANCHOR_NUM_HIGH,high,3
ANCHOR_NUM_HIGH_phi4_subject-matter_03_b8_20260703_161659,phi4_subject-matter,phi4,subject-matter,8,misconception and lack of knowledge leads to lengthy/expensive design and permit process,anchor,ANCHOR_NUM_HIGH,high,3
ANCHOR_NUM_HIGH_phi4_subject-matter_03_b10_20260703_161659,phi4_subject-matter,phi4,subject-matter,10,uncertain regulatory roadmap,anchor,ANCHOR_NUM_HIGH,high,3
ANCHOR_NUM_HIGH_llama_generalist_03_b1_20260703_161659,llama_generalist,llama,generalist,1,"power losses, quality and safety issues",anchor,ANCHOR_NUM_HIGH,high,3
ANCHOR_NUM_HIGH_llama_generalist_03_b2_20260703_161659,llama_generalist,llama,generalist,2,reduced reliability in DC devices,anchor,ANCHOR_NUM_HIGH,high,3
ANCHOR_NUM_HIGH_llama_generalist_03_b3_20260703_161659,llama_generalist,llama,generalist,3,lack of use-cases in which DC is advantageous,anchor,ANCHOR_NUM_HIGH,high,3
ANCHOR_NUM_HIGH_llama_generalist_03_b4_20260703_161659,llama_generalist,llama,generalist,4,"uncertain utility interaction (net metering, utility ownership, and agreed standards)",anchor,ANCHOR_NUM_HIGH,high,3
ANCHOR_NUM_HIGH_llama_generalist_03_b5_20260703_161659,llama_generalist,llama,generalist,5,lack of pilot projects,anchor,ANCHOR_NUM_HIGH,high,3
ANCHOR_NUM_HIGH_llama_normative_03_b1_20260703_161659,llama_normative,llama,normative,1,"power losses, quality and safety issues",anchor,ANCHOR_NUM_HIGH,high,3
ANCHOR_NUM_HIGH_llama_normative_03_b2_20260703_161659,llama_normative,llama,normative,2,reduced reliability in DC devices,anchor,ANCHOR_NUM_HIGH,high,3
ANCHOR_NUM_HIGH_llama_normative_03_b3_20260703_161659,llama_normative,llama,normative,3,lack of use-cases in which DC is advantageous,anchor,ANCHOR_NUM_HIGH,high,3
ANCHOR_NUM_HIGH_llama_normative_03_b4_20260703_161659,llama_normative,llama,normative,4,"uncertain utility interaction (net metering, utility ownership, and agreed standards)",anchor,ANCHOR_NUM_HIGH,high,3
ANCHOR_NUM_HIGH_llama_normative_03_b5_20260703_161659,llama_normative,llama,normative,5,lack of pilot projects,anchor,ANCHOR_NUM_HIGH,high,3
ANCHOR_NUM_HIGH_llama_subject-matter_03_b1_20260703_161659,llama_subject-matter,llama,subject-matter,1,"power losses, quality and safety issues",anchor,ANCHOR_NUM_HIGH,high,3
ANCHOR_NUM_HIGH_llama_subject-matter_03_b2_20260703_161659,llama_subject-matter,llama,subject-matter,2,reduced reliability in DC devices,anchor,ANCHOR_NUM_HIGH,high,3
ANCHOR_NUM_HIGH_llama_subject-matter_03_b3_20260703_161659,llama_subject-matter,llama,subject-matter,3,lack of use-cases in which DC is advantageous,anchor,ANCHOR_NUM_HIGH,high,3
ANCHOR_NUM_HIGH_llama_subject-matter_03_b4_20260703_161659,llama_subject-matter,llama,subject-matter,4,"uncertain utility interaction (net metering, utility ownership, and agreed standards)",anchor,ANCHOR_NUM_HIGH,high,3
ANCHOR_NUM_HIGH_llama_subject-matter_03_b5_20260703_161659,llama_subject-matter,llama,subject-matter,5,lack of pilot projects,anchor,ANCHOR_NUM_HIGH,high,3
ANCHOR_NUM_HIGH_mistral_generalist_03_b1_20260703_161659,mistral_generalist,mistral,generalist,1,"power losses, quality and safety issues",anchor,ANCHOR_NUM_HIGH,high,3
ANCHOR_NUM_HIGH_mistral_generalist_03_b2_20260703_161659,mistral_generalist,mistral,generalist,2,reduced reliability in DC devices,anchor,ANCHOR_NUM_HIGH,high,3
ANCHOR_NUM_HIGH_mistral_generalist_03_b3_20260703_161659,mistral_generalist,mistral,generalist,3,lack of use-cases in which DC is advantageous,anchor,ANCHOR_NUM_HIGH,high,3
ANCHOR_NUM_HIGH_mistral_generalist_03_b4_20260703_161659,mistral_generalist,mistral,generalist,4,"uncertain utility interaction (net metering, utility ownership, and agreed standards)",anchor,ANCHOR_NUM_HIGH,high,3
ANCHOR_NUM_HIGH_mistral_generalist_03_b5_20260703_161659,mistral_generalist,mistral,generalist,5,lack of pilot projects,anchor,ANCHOR_NUM_HIGH,high,3
ANCHOR_NUM_HIGH_mistral_normative_03_b1_20260703_161659,mistral_normative,mistral,normative,1,"power losses, quality and safety issues",anchor,ANCHOR_NUM_HIGH,high,3
ANCHOR_NUM_HIGH_mistral_normative_03_b2_20260703_161659,mistral_normative,mistral,normative,2,reduced reliability in DC devices,anchor,ANCHOR_NUM_HIGH,high,3
ANCHOR_NUM_HIGH_mistral_normative_03_b3_20260703_161659,mistral_normative,mistral,normative,3,lack of use-cases in which DC is advantageous,anchor,ANCHOR_NUM_HIGH,high,3
ANCHOR_NUM_HIGH_mistral_normative_03_b4_20260703_161659,mistral_normative,mistral,normative,4,"uncertain utility interaction (net metering, utility ownership, and agreed standards)",anchor,ANCHOR_NUM_HIGH,high,3
ANCHOR_NUM_HIGH_mistral_normative_03_b5_20260703_161659,mistral_normative,mistral,normative,5,lack of pilot projects,anchor,ANCHOR_NUM_HIGH,high,3
ANCHOR_NUM_HIGH_mistral_subject-matter_03_b1_20260703_161659,mistral_subject-matter,mistral,subject-matter,1,"power losses, quality and safety issues",anchor,ANCHOR_NUM_HIGH,high,3
ANCHOR_NUM_HIGH_mistral_subject-matter_03_b2_20260703_161659,mistral_subject-matter,mistral,subject-matter,2,reduced reliability in DC devices,anchor,ANCHOR_NUM_HIGH,high,3
ANCHOR_NUM_HIGH_mistral_subject-matter_03_b3_20260703_161659,mistral_subject-matter,mistral,subject-matter,3,lack of use-cases in which DC is advantageous,anchor,ANCHOR_NUM_HIGH,high,3
ANCHOR_NUM_HIGH_mistral_subject-matter_03_b4_20260703_161659,mistral_subject-matter,mistral,subject-matter,4,"uncertain utility interaction (net metering, utility ownership, and agreed standards)",anchor,ANCHOR_NUM_HIGH,high,3
ANCHOR_NUM_HIGH_mistral_subject-matter_03_b11_20260703_161659,mistral_subject-matter,mistral,subject-matter,11,high costs of DC solutions,anchor,ANCHOR_NUM_HIGH,high,3
ANCHOR_NUM_HIGH_gemma3_generalist_03_b1_20260703_161659,gemma3_generalist,gemma3,generalist,1,"power losses, quality and safety issues",anchor,ANCHOR_NUM_HIGH,high,3
ANCHOR_NUM_HIGH_gemma3_generalist_03_b3_20260703_161659,gemma3_generalist,gemma3,generalist,3,lack of use-cases in which DC is advantageous,anchor,ANCHOR_NUM_HIGH,high,3
ANCHOR_NUM_HIGH_gemma3_generalist_03_b6_20260703_161659,gemma3_generalist,gemma3,generalist,6,public perception of DC and readiness to 'champion' installations from DC projects,anchor,ANCHOR_NUM_HIGH,high,3
ANCHOR_NUM_HIGH_gemma3_generalist_03_b8_20260703_161659,gemma3_generalist,gemma3,generalist,8,misconception and lack of knowledge leads to lengthy/expensive design and permit process,anchor,ANCHOR_NUM_HIGH,high,3
ANCHOR_NUM_HIGH_gemma3_generalist_03_b10_20260703_161659,gemma3_generalist,gemma3,generalist,10,uncertain regulatory roadmap,anchor,ANCHOR_NUM_HIGH,high,3
ANCHOR_NUM_HIGH_gemma3_normative_03_b1_20260703_161659,gemma3_normative,gemma3,normative,1,"power losses, quality and safety issues",anchor,ANCHOR_NUM_HIGH,high,3
ANCHOR_NUM_HIGH_gemma3_normative_03_b3_20260703_161659,gemma3_normative,gemma3,normative,3,lack of use-cases in which DC is advantageous,anchor,ANCHOR_NUM_HIGH,high,3
ANCHOR_NUM_HIGH_gemma3_normative_03_b4_20260703_161659,gemma3_normative,gemma3,normative,4,"uncertain utility interaction (net metering, utility ownership, and agreed standards)",anchor,ANCHOR_NUM_HIGH,high,3
ANCHOR_NUM_HIGH_gemma3_normative_03_b8_20260703_161659,gemma3_normative,gemma3,normative,8,misconception and lack of knowledge leads to lengthy/expensive design and permit process,anchor,ANCHOR_NUM_HIGH,high,3
ANCHOR_NUM_HIGH_gemma3_normative_03_b10_20260703_161659,gemma3_normative,gemma3,normative,10,uncertain regulatory roadmap,anchor,ANCHOR_NUM_HIGH,high,3
ANCHOR_NUM_HIGH_gemma3_subject-matter_03_b1_20260703_161659,gemma3_subject-matter,gemma3,subject-matter,1,"power losses, quality and safety issues",anchor,ANCHOR_NUM_HIGH,high,3
ANCHOR_NUM_HIGH_gemma3_subject-matter_03_b3_20260703_161659,gemma3_subject-matter,gemma3,subject-matter,3,lack of use-cases in which DC is advantageous,anchor,ANCHOR_NUM_HIGH,high,3
ANCHOR_NUM_HIGH_gemma3_subject-matter_03_b4_20260703_161659,gemma3_subject-matter,gemma3,subject-matter,4,"uncertain utility interaction (net metering, utility ownership, and agreed standards)",anchor,ANCHOR_NUM_HIGH,high,3
ANCHOR_NUM_HIGH_gemma3_subject-matter_03_b8_20260703_161659,gemma3_subject-matter,gemma3,subject-matter,8,misconception and lack of knowledge leads to lengthy/expensive design and permit process,anchor,ANCHOR_NUM_HIGH,high,3
ANCHOR_NUM_HIGH_gemma3_subject-matter_03_b10_20260703_161659,gemma3_subject-matter,gemma3,subject-matter,10,uncertain regulatory roadmap,anchor,ANCHOR_NUM_HIGH,high,3
ANCHOR_NUM_HIGH_phi4_generalist_04_b1_20260703_162357,phi4_generalist,phi4,generalist,1,"power losses, quality and safety issues",anchor,ANCHOR_NUM_HIGH,high,4
ANCHOR_NUM_HIGH_phi4_generalist_04_b2_20260703_162357,phi4_generalist,phi4,generalist,2,reduced reliability in DC devices,anchor,ANCHOR_NUM_HIGH,high,4
ANCHOR_NUM_HIGH_phi4_generalist_04_b4_20260703_162357,phi4_generalist,phi4,generalist,4,"uncertain utility interaction (net metering, utility ownership, and agreed standards)",anchor,ANCHOR_NUM_HIGH,high,4
ANCHOR_NUM_HIGH_phi4_generalist_04_b5_20260703_162357,phi4_generalist,phi4,generalist,5,lack of pilot projects,anchor,ANCHOR_NUM_HIGH,high,4
ANCHOR_NUM_HIGH_phi4_generalist_04_b10_20260703_162357,phi4_generalist,phi4,generalist,10,uncertain regulatory roadmap,anchor,ANCHOR_NUM_HIGH,high,4
ANCHOR_NUM_HIGH_phi4_normative_04_b1_20260703_162357,phi4_normative,phi4,normative,1,"power losses, quality and safety issues",anchor,ANCHOR_NUM_HIGH,high,4
ANCHOR_NUM_HIGH_phi4_normative_04_b2_20260703_162357,phi4_normative,phi4,normative,2,reduced reliability in DC devices,anchor,ANCHOR_NUM_HIGH,high,4
ANCHOR_NUM_HIGH_phi4_normative_04_b3_20260703_162357,phi4_normative,phi4,normative,3,lack of use-cases in which DC is advantageous,anchor,ANCHOR_NUM_HIGH,high,4
ANCHOR_NUM_HIGH_phi4_normative_04_b4_20260703_162357,phi4_normative,phi4,normative,4,"uncertain utility interaction (net metering, utility ownership, and agreed standards)",anchor,ANCHOR_NUM_HIGH,high,4
ANCHOR_NUM_HIGH_phi4_normative_04_b5_20260703_162357,phi4_normative,phi4,normative,5,lack of pilot projects,anchor,ANCHOR_NUM_HIGH,high,4
ANCHOR_NUM_HIGH_phi4_subject-matter_04_b1_20260703_162357,phi4_subject-matter,phi4,subject-matter,1,"power losses, quality and safety issues",anchor,ANCHOR_NUM_HIGH,high,4
ANCHOR_NUM_HIGH_phi4_subject-matter_04_b2_20260703_162357,phi4_subject-matter,phi4,subject-matter,2,reduced reliability in DC devices,anchor,ANCHOR_NUM_HIGH,high,4
ANCHOR_NUM_HIGH_phi4_subject-matter_04_b4_20260703_162357,phi4_subject-matter,phi4,subject-matter,4,"uncertain utility interaction (net metering, utility ownership, and agreed standards)",anchor,ANCHOR_NUM_HIGH,high,4
ANCHOR_NUM_HIGH_phi4_subject-matter_04_b5_20260703_162357,phi4_subject-matter,phi4,subject-matter,5,lack of pilot projects,anchor,ANCHOR_NUM_HIGH,high,4
ANCHOR_NUM_HIGH_phi4_subject-matter_04_b10_20260703_162357,phi4_subject-matter,phi4,subject-matter,10,uncertain regulatory roadmap,anchor,ANCHOR_NUM_HIGH,high,4
ANCHOR_NUM_HIGH_llama_generalist_04_b1_20260703_162357,llama_generalist,llama,generalist,1,"power losses, quality and safety issues",anchor,ANCHOR_NUM_HIGH,high,4
ANCHOR_NUM_HIGH_llama_generalist_04_b2_20260703_162357,llama_generalist,llama,generalist,2,reduced reliability in DC devices,anchor,ANCHOR_NUM_HIGH,high,4
ANCHOR_NUM_HIGH_llama_generalist_04_b4_20260703_162357,llama_generalist,llama,generalist,4,"uncertain utility interaction (net metering, utility ownership, and agreed standards)",anchor,ANCHOR_NUM_HIGH,high,4
ANCHOR_NUM_HIGH_llama_generalist_04_b5_20260703_162357,llama_generalist,llama,generalist,5,lack of pilot projects,anchor,ANCHOR_NUM_HIGH,high,4
ANCHOR_NUM_HIGH_llama_generalist_04_b6_20260703_162357,llama_generalist,llama,generalist,6,public perception of DC and readiness to 'champion' installations from DC projects,anchor,ANCHOR_NUM_HIGH,high,4
ANCHOR_NUM_HIGH_llama_normative_04_b1_20260703_162357,llama_normative,llama,normative,1,"power losses, quality and safety issues",anchor,ANCHOR_NUM_HIGH,high,4
ANCHOR_NUM_HIGH_llama_normative_04_b2_20260703_162357,llama_normative,llama,normative,2,reduced reliability in DC devices,anchor,ANCHOR_NUM_HIGH,high,4
ANCHOR_NUM_HIGH_llama_normative_04_b4_20260703_162357,llama_normative,llama,normative,4,"uncertain utility interaction (net metering, utility ownership, and agreed standards)",anchor,ANCHOR_NUM_HIGH,high,4
ANCHOR_NUM_HIGH_llama_normative_04_b5_20260703_162357,llama_normative,llama,normative,5,lack of pilot projects,anchor,ANCHOR_NUM_HIGH,high,4
ANCHOR_NUM_HIGH_llama_normative_04_b6_20260703_162357,llama_normative,llama,normative,6,public perception of DC and readiness to 'champion' installations from DC projects,anchor,ANCHOR_NUM_HIGH,high,4
ANCHOR_NUM_HIGH_llama_subject-matter_04_b1_20260703_162357,llama_subject-matter,llama,subject-matter,1,"power losses, quality and safety issues",anchor,ANCHOR_NUM_HIGH,high,4
ANCHOR_NUM_HIGH_llama_subject-matter_04_b2_20260703_162357,llama_subject-matter,llama,subject-matter,2,reduced reliability in DC devices,anchor,ANCHOR_NUM_HIGH,high,4
ANCHOR_NUM_HIGH_llama_subject-matter_04_b3_20260703_162357,llama_subject-matter,llama,subject-matter,3,lack of use-cases in which DC is advantageous,anchor,ANCHOR_NUM_HIGH,high,4
ANCHOR_NUM_HIGH_llama_subject-matter_04_b4_20260703_162357,llama_subject-matter,llama,subject-matter,4,"uncertain utility interaction (net metering, utility ownership, and agreed standards)",anchor,ANCHOR_NUM_HIGH,high,4
ANCHOR_NUM_HIGH_llama_subject-matter_04_b11_20260703_162357,llama_subject-matter,llama,subject-matter,11,high costs of DC solutions,anchor,ANCHOR_NUM_HIGH,high,4
ANCHOR_NUM_HIGH_mistral_generalist_04_b1_20260703_162357,mistral_generalist,mistral,generalist,1,"power losses, quality and safety issues",anchor,ANCHOR_NUM_HIGH,high,4
ANCHOR_NUM_HIGH_mistral_generalist_04_b2_20260703_162357,mistral_generalist,mistral,generalist,2,reduced reliability in DC devices,anchor,ANCHOR_NUM_HIGH,high,4
ANCHOR_NUM_HIGH_mistral_generalist_04_b3_20260703_162357,mistral_generalist,mistral,generalist,3,lack of use-cases in which DC is advantageous,anchor,ANCHOR_NUM_HIGH,high,4
ANCHOR_NUM_HIGH_mistral_generalist_04_b4_20260703_162357,mistral_generalist,mistral,generalist,4,"uncertain utility interaction (net metering, utility ownership, and agreed standards)",anchor,ANCHOR_NUM_HIGH,high,4
ANCHOR_NUM_HIGH_mistral_generalist_04_b5_20260703_162357,mistral_generalist,mistral,generalist,5,lack of pilot projects,anchor,ANCHOR_NUM_HIGH,high,4
ANCHOR_NUM_HIGH_mistral_normative_04_b1_20260703_162357,mistral_normative,mistral,normative,1,"power losses, quality and safety issues",anchor,ANCHOR_NUM_HIGH,high,4
ANCHOR_NUM_HIGH_mistral_normative_04_b2_20260703_162357,mistral_normative,mistral,normative,2,reduced reliability in DC devices,anchor,ANCHOR_NUM_HIGH,high,4
ANCHOR_NUM_HIGH_mistral_normative_04_b3_20260703_162357,mistral_normative,mistral,normative,3,lack of use-cases in which DC is advantageous,anchor,ANCHOR_NUM_HIGH,high,4
ANCHOR_NUM_HIGH_mistral_normative_04_b4_20260703_162357,mistral_normative,mistral,normative,4,"uncertain utility interaction (net metering, utility ownership, and agreed standards)",anchor,ANCHOR_NUM_HIGH,high,4
ANCHOR_NUM_HIGH_mistral_normative_04_b5_20260703_162357,mistral_normative,mistral,normative,5,lack of pilot projects,anchor,ANCHOR_NUM_HIGH,high,4
ANCHOR_NUM_HIGH_mistral_subject-matter_04_b1_20260703_162357,mistral_subject-matter,mistral,subject-matter,1,"power losses, quality and safety issues",anchor,ANCHOR_NUM_HIGH,high,4
ANCHOR_NUM_HIGH_mistral_subject-matter_04_b2_20260703_162357,mistral_subject-matter,mistral,subject-matter,2,reduced reliability in DC devices,anchor,ANCHOR_NUM_HIGH,high,4
ANCHOR_NUM_HIGH_mistral_subject-matter_04_b3_20260703_162357,mistral_subject-matter,mistral,subject-matter,3,lack of use-cases in which DC is advantageous,anchor,ANCHOR_NUM_HIGH,high,4
ANCHOR_NUM_HIGH_mistral_subject-matter_04_b4_20260703_162357,mistral_subject-matter,mistral,subject-matter,4,"uncertain utility interaction (net metering, utility ownership, and agreed standards)",anchor,ANCHOR_NUM_HIGH,high,4
ANCHOR_NUM_HIGH_mistral_subject-matter_04_b5_20260703_162357,mistral_subject-matter,mistral,subject-matter,5,lack of pilot projects,anchor,ANCHOR_NUM_HIGH,high,4
ANCHOR_NUM_HIGH_gemma3_generalist_04_b1_20260703_162357,gemma3_generalist,gemma3,generalist,1,"power losses, quality and safety issues",anchor,ANCHOR_NUM_HIGH,high,4
ANCHOR_NUM_HIGH_gemma3_generalist_04_b3_20260703_162357,gemma3_generalist,gemma3,generalist,3,lack of use-cases in which DC is advantageous,anchor,ANCHOR_NUM_HIGH,high,4
ANCHOR_NUM_HIGH_gemma3_generalist_04_b4_20260703_162357,gemma3_generalist,gemma3,generalist,4,"uncertain utility interaction (net metering, utility ownership, and agreed standards)",anchor,ANCHOR_NUM_HIGH,high,4
ANCHOR_NUM_HIGH_gemma3_generalist_04_b8_20260703_162357,gemma3_generalist,gemma3,generalist,8,misconception and lack of knowledge leads to lengthy/expensive design and permit process,anchor,ANCHOR_NUM_HIGH,high,4
ANCHOR_NUM_HIGH_gemma3_generalist_04_b11_20260703_162357,gemma3_generalist,gemma3,generalist,11,high costs of DC solutions,anchor,ANCHOR_NUM_HIGH,high,4
ANCHOR_NUM_HIGH_gemma3_normative_04_b1_20260703_162357,gemma3_normative,gemma3,normative,1,"power losses, quality and safety issues",anchor,ANCHOR_NUM_HIGH,high,4
ANCHOR_NUM_HIGH_gemma3_normative_04_b3_20260703_162357,gemma3_normative,gemma3,normative,3,lack of use-cases in which DC is advantageous,anchor,ANCHOR_NUM_HIGH,high,4
ANCHOR_NUM_HIGH_gemma3_normative_04_b4_20260703_162357,gemma3_normative,gemma3,normative,4,"uncertain utility interaction (net metering, utility ownership, and agreed standards)",anchor,ANCHOR_NUM_HIGH,high,4
ANCHOR_NUM_HIGH_gemma3_normative_04_b8_20260703_162357,gemma3_normative,gemma3,normative,8,misconception and lack of knowledge leads to lengthy/expensive design and permit process,anchor,ANCHOR_NUM_HIGH,high,4
ANCHOR_NUM_HIGH_gemma3_normative_04_b10_20260703_162357,gemma3_normative,gemma3,normative,10,uncertain regulatory roadmap,anchor,ANCHOR_NUM_HIGH,high,4
ANCHOR_NUM_HIGH_gemma3_subject-matter_04_b1_20260703_162357,gemma3_subject-matter,gemma3,subject-matter,1,"power losses, quality and safety issues",anchor,ANCHOR_NUM_HIGH,high,4
ANCHOR_NUM_HIGH_gemma3_subject-matter_04_b3_20260703_162357,gemma3_subject-matter,gemma3,subject-matter,3,lack of use-cases in which DC is advantageous,anchor,ANCHOR_NUM_HIGH,high,4
ANCHOR_NUM_HIGH_gemma3_subject-matter_04_b4_20260703_162357,gemma3_subject-matter,gemma3,subject-matter,4,"uncertain utility interaction (net metering, utility ownership, and agreed standards)",anchor,ANCHOR_NUM_HIGH,high,4
ANCHOR_NUM_HIGH_gemma3_subject-matter_04_b8_20260703_162357,gemma3_subject-matter,gemma3,subject-matter,8,misconception and lack of knowledge leads to lengthy/expensive design and permit process,anchor,ANCHOR_NUM_HIGH,high,4
ANCHOR_NUM_HIGH_gemma3_subject-matter_04_b10_20260703_162357,gemma3_subject-matter,gemma3,subject-matter,10,uncertain regulatory roadmap,anchor,ANCHOR_NUM_HIGH,high,4
ANCHOR_NUM_HIGH_phi4_generalist_05_b1_20260703_162606,phi4_generalist,phi4,generalist,1,"power losses, quality and safety issues",anchor,ANCHOR_NUM_HIGH,high,5
ANCHOR_NUM_HIGH_phi4_generalist_05_b4_20260703_162606,phi4_generalist,phi4,generalist,4,"uncertain utility interaction (net metering, utility ownership, and agreed standards)",anchor,ANCHOR_NUM_HIGH,high,5
ANCHOR_NUM_HIGH_phi4_generalist_05_b5_20260703_162606,phi4_generalist,phi4,generalist,5,lack of pilot projects,anchor,ANCHOR_NUM_HIGH,high,5
ANCHOR_NUM_HIGH_phi4_generalist_05_b8_20260703_162606,phi4_generalist,phi4,generalist,8,misconception and lack of knowledge leads to lengthy/expensive design and permit process,anchor,ANCHOR_NUM_HIGH,high,5
ANCHOR_NUM_HIGH_phi4_generalist_05_b10_20260703_162606,phi4_generalist,phi4,generalist,10,uncertain regulatory roadmap,anchor,ANCHOR_NUM_HIGH,high,5
ANCHOR_NUM_HIGH_phi4_normative_05_b1_20260703_162606,phi4_normative,phi4,normative,1,"power losses, quality and safety issues",anchor,ANCHOR_NUM_HIGH,high,5
ANCHOR_NUM_HIGH_phi4_normative_05_b2_20260703_162606,phi4_normative,phi4,normative,2,reduced reliability in DC devices,anchor,ANCHOR_NUM_HIGH,high,5
ANCHOR_NUM_HIGH_phi4_normative_05_b4_20260703_162606,phi4_normative,phi4,normative,4,"uncertain utility interaction (net metering, utility ownership, and agreed standards)",anchor,ANCHOR_NUM_HIGH,high,5
ANCHOR_NUM_HIGH_phi4_normative_05_b5_20260703_162606,phi4_normative,phi4,normative,5,lack of pilot projects,anchor,ANCHOR_NUM_HIGH,high,5
ANCHOR_NUM_HIGH_phi4_normative_05_b11_20260703_162606,phi4_normative,phi4,normative,11,high costs of DC solutions,anchor,ANCHOR_NUM_HIGH,high,5
ANCHOR_NUM_HIGH_phi4_subject-matter_05_b1_20260703_162606,phi4_subject-matter,phi4,subject-matter,1,"power losses, quality and safety issues",anchor,ANCHOR_NUM_HIGH,high,5
ANCHOR_NUM_HIGH_phi4_subject-matter_05_b4_20260703_162606,phi4_subject-matter,phi4,subject-matter,4,"uncertain utility interaction (net metering, utility ownership, and agreed standards)",anchor,ANCHOR_NUM_HIGH,high,5
ANCHOR_NUM_HIGH_phi4_subject-matter_05_b5_20260703_162606,phi4_subject-matter,phi4,subject-matter,5,lack of pilot projects,anchor,ANCHOR_NUM_HIGH,high,5
ANCHOR_NUM_HIGH_phi4_subject-matter_05_b10_20260703_162606,phi4_subject-matter,phi4,subject-matter,10,uncertain regulatory roadmap,anchor,ANCHOR_NUM_HIGH,high,5
ANCHOR_NUM_HIGH_phi4_subject-matter_05_b11_20260703_162606,phi4_subject-matter,phi4,subject-matter,11,high costs of DC solutions,anchor,ANCHOR_NUM_HIGH,high,5
ANCHOR_NUM_HIGH_llama_generalist_05_b1_20260703_162606,llama_generalist,llama,generalist,1,"power losses, quality and safety issues",anchor,ANCHOR_NUM_HIGH,high,5
ANCHOR_NUM_HIGH_llama_generalist_05_b2_20260703_162606,llama_generalist,llama,generalist,2,reduced reliability in DC devices,anchor,ANCHOR_NUM_HIGH,high,5
ANCHOR_NUM_HIGH_llama_generalist_05_b4_20260703_162606,llama_generalist,llama,generalist,4,"uncertain utility interaction (net metering, utility ownership, and agreed standards)",anchor,ANCHOR_NUM_HIGH,high,5
ANCHOR_NUM_HIGH_llama_generalist_05_b5_20260703_162606,llama_generalist,llama,generalist,5,lack of pilot projects,anchor,ANCHOR_NUM_HIGH,high,5
ANCHOR_NUM_HIGH_llama_generalist_05_b6_20260703_162606,llama_generalist,llama,generalist,6,public perception of DC and readiness to 'champion' installations from DC projects,anchor,ANCHOR_NUM_HIGH,high,5
ANCHOR_NUM_HIGH_llama_normative_05_b1_20260703_162606,llama_normative,llama,normative,1,"power losses, quality and safety issues",anchor,ANCHOR_NUM_HIGH,high,5
ANCHOR_NUM_HIGH_llama_normative_05_b2_20260703_162606,llama_normative,llama,normative,2,reduced reliability in DC devices,anchor,ANCHOR_NUM_HIGH,high,5
ANCHOR_NUM_HIGH_llama_normative_05_b3_20260703_162606,llama_normative,llama,normative,3,lack of use-cases in which DC is advantageous,anchor,ANCHOR_NUM_HIGH,high,5
ANCHOR_NUM_HIGH_llama_normative_05_b4_20260703_162606,llama_normative,llama,normative,4,"uncertain utility interaction (net metering, utility ownership, and agreed standards)",anchor,ANCHOR_NUM_HIGH,high,5
ANCHOR_NUM_HIGH_llama_normative_05_b5_20260703_162606,llama_normative,llama,normative,5,lack of pilot projects,anchor,ANCHOR_NUM_HIGH,high,5
ANCHOR_NUM_HIGH_llama_subject-matter_05_b1_20260703_162606,llama_subject-matter,llama,subject-matter,1,"power losses, quality and safety issues",anchor,ANCHOR_NUM_HIGH,high,5
ANCHOR_NUM_HIGH_llama_subject-matter_05_b7_20260703_162606,llama_subject-matter,llama,subject-matter,7,incompatibility of DC systems components,anchor,ANCHOR_NUM_HIGH,high,5
ANCHOR_NUM_HIGH_llama_subject-matter_05_b8_20260703_162606,llama_subject-matter,llama,subject-matter,8,misconception and lack of knowledge leads to lengthy/expensive design and permit process,anchor,ANCHOR_NUM_HIGH,high,5
ANCHOR_NUM_HIGH_llama_subject-matter_05_b9_20260703_162606,llama_subject-matter,llama,subject-matter,9,lack of enough trained personnel in DC systems,anchor,ANCHOR_NUM_HIGH,high,5
ANCHOR_NUM_HIGH_llama_subject-matter_05_b10_20260703_162606,llama_subject-matter,llama,subject-matter,10,uncertain regulatory roadmap,anchor,ANCHOR_NUM_HIGH,high,5
ANCHOR_NUM_HIGH_mistral_generalist_05_b1_20260703_162606,mistral_generalist,mistral,generalist,1,"power losses, quality and safety issues",anchor,ANCHOR_NUM_HIGH,high,5
ANCHOR_NUM_HIGH_mistral_generalist_05_b2_20260703_162606,mistral_generalist,mistral,generalist,2,reduced reliability in DC devices,anchor,ANCHOR_NUM_HIGH,high,5
ANCHOR_NUM_HIGH_mistral_generalist_05_b3_20260703_162606,mistral_generalist,mistral,generalist,3,lack of use-cases in which DC is advantageous,anchor,ANCHOR_NUM_HIGH,high,5
ANCHOR_NUM_HIGH_mistral_generalist_05_b4_20260703_162606,mistral_generalist,mistral,generalist,4,"uncertain utility interaction (net metering, utility ownership, and agreed standards)",anchor,ANCHOR_NUM_HIGH,high,5
ANCHOR_NUM_HIGH_mistral_generalist_05_b11_20260703_162606,mistral_generalist,mistral,generalist,11,high costs of DC solutions,anchor,ANCHOR_NUM_HIGH,high,5
ANCHOR_NUM_HIGH_mistral_normative_05_b1_20260703_162606,mistral_normative,mistral,normative,1,"power losses, quality and safety issues",anchor,ANCHOR_NUM_HIGH,high,5
ANCHOR_NUM_HIGH_mistral_normative_05_b2_20260703_162606,mistral_normative,mistral,normative,2,reduced reliability in DC devices,anchor,ANCHOR_NUM_HIGH,high,5
ANCHOR_NUM_HIGH_mistral_normative_05_b4_20260703_162606,mistral_normative,mistral,normative,4,"uncertain utility interaction (net metering, utility ownership, and agreed standards)",anchor,ANCHOR_NUM_HIGH,high,5
ANCHOR_NUM_HIGH_mistral_normative_05_b5_20260703_162606,mistral_normative,mistral,normative,5,lack of pilot projects,anchor,ANCHOR_NUM_HIGH,high,5
ANCHOR_NUM_HIGH_mistral_normative_05_b11_20260703_162606,mistral_normative,mistral,normative,11,high costs of DC solutions,anchor,ANCHOR_NUM_HIGH,high,5
ANCHOR_NUM_HIGH_mistral_subject-matter_05_b1_20260703_162606,mistral_subject-matter,mistral,subject-matter,1,"power losses, quality and safety issues",anchor,ANCHOR_NUM_HIGH,high,5
ANCHOR_NUM_HIGH_mistral_subject-matter_05_b2_20260703_162606,mistral_subject-matter,mistral,subject-matter,2,reduced reliability in DC devices,anchor,ANCHOR_NUM_HIGH,high,5
ANCHOR_NUM_HIGH_mistral_subject-matter_05_b3_20260703_162606,mistral_subject-matter,mistral,subject-matter,3,lack of use-cases in which DC is advantageous,anchor,ANCHOR_NUM_HIGH,high,5
ANCHOR_NUM_HIGH_mistral_subject-matter_05_b4_20260703_162606,mistral_subject-matter,mistral,subject-matter,4,"uncertain utility interaction (net metering, utility ownership, and agreed standards)",anchor,ANCHOR_NUM_HIGH,high,5
ANCHOR_NUM_HIGH_mistral_subject-matter_05_b11_20260703_162606,mistral_subject-matter,mistral,subject-matter,11,high costs of DC solutions,anchor,ANCHOR_NUM_HIGH,high,5
ANCHOR_NUM_HIGH_gemma3_generalist_05_b1_20260703_162606,gemma3_generalist,gemma3,generalist,1,"power losses, quality and safety issues",anchor,ANCHOR_NUM_HIGH,high,5
ANCHOR_NUM_HIGH_gemma3_generalist_05_b3_20260703_162606,gemma3_generalist,gemma3,generalist,3,lack of use-cases in which DC is advantageous,anchor,ANCHOR_NUM_HIGH,high,5
ANCHOR_NUM_HIGH_gemma3_generalist_05_b4_20260703_162606,gemma3_generalist,gemma3,generalist,4,"uncertain utility interaction (net metering, utility ownership, and agreed standards)",anchor,ANCHOR_NUM_HIGH,high,5
ANCHOR_NUM_HIGH_gemma3_generalist_05_b8_20260703_162606,gemma3_generalist,gemma3,generalist,8,misconception and lack of knowledge leads to lengthy/expensive design and permit process,anchor,ANCHOR_NUM_HIGH,high,5
ANCHOR_NUM_HIGH_gemma3_generalist_05_b11_20260703_162606,gemma3_generalist,gemma3,generalist,11,high costs of DC solutions,anchor,ANCHOR_NUM_HIGH,high,5
ANCHOR_NUM_HIGH_gemma3_normative_05_b1_20260703_162606,gemma3_normative,gemma3,normative,1,"power losses, quality and safety issues",anchor,ANCHOR_NUM_HIGH,high,5
ANCHOR_NUM_HIGH_gemma3_normative_05_b3_20260703_162606,gemma3_normative,gemma3,normative,3,lack of use-cases in which DC is advantageous,anchor,ANCHOR_NUM_HIGH,high,5
ANCHOR_NUM_HIGH_gemma3_normative_05_b4_20260703_162606,gemma3_normative,gemma3,normative,4,"uncertain utility interaction (net metering, utility ownership, and agreed standards)",anchor,ANCHOR_NUM_HIGH,high,5
ANCHOR_NUM_HIGH_gemma3_normative_05_b8_20260703_162606,gemma3_normative,gemma3,normative,8,misconception and lack of knowledge leads to lengthy/expensive design and permit process,anchor,ANCHOR_NUM_HIGH,high,5
ANCHOR_NUM_HIGH_gemma3_normative_05_b10_20260703_162606,gemma3_normative,gemma3,normative,10,uncertain regulatory roadmap,anchor,ANCHOR_NUM_HIGH,high,5
ANCHOR_NUM_HIGH_gemma3_subject-matter_05_b1_20260703_162606,gemma3_subject-matter,gemma3,subject-matter,1,"power losses, quality and safety issues",anchor,ANCHOR_NUM_HIGH,high,5
ANCHOR_NUM_HIGH_gemma3_subject-matter_05_b3_20260703_162606,gemma3_subject-matter,gemma3,subject-matter,3,lack of use-cases in which DC is advantageous,anchor,ANCHOR_NUM_HIGH,high,5
ANCHOR_NUM_HIGH_gemma3_subject-matter_05_b4_20260703_162606,gemma3_subject-matter,gemma3,subject-matter,4,"uncertain utility interaction (net metering, utility ownership, and agreed standards)",anchor,ANCHOR_NUM_HIGH,high,5
ANCHOR_NUM_HIGH_gemma3_subject-matter_05_b8_20260703_162606,gemma3_subject-matter,gemma3,subject-matter,8,misconception and lack of knowledge leads to lengthy/expensive design and permit process,anchor,ANCHOR_NUM_HIGH,high,5
ANCHOR_NUM_HIGH_gemma3_subject-matter_05_b10_20260703_162606,gemma3_subject-matter,gemma3,subject-matter,10,uncertain regulatory roadmap,anchor,ANCHOR_NUM_HIGH,high,5
ANCHOR_NUM_HIGH_phi4_generalist_06_b1_20260703_163130,phi4_generalist,phi4,generalist,1,"power losses, quality and safety issues",anchor,ANCHOR_NUM_HIGH,high,6
ANCHOR_NUM_HIGH_phi4_generalist_06_b4_20260703_163130,phi4_generalist,phi4,generalist,4,"uncertain utility interaction (net metering, utility ownership, and agreed standards)",anchor,ANCHOR_NUM_HIGH,high,6
ANCHOR_NUM_HIGH_phi4_generalist_06_b5_20260703_163130,phi4_generalist,phi4,generalist,5,lack of pilot projects,anchor,ANCHOR_NUM_HIGH,high,6
ANCHOR_NUM_HIGH_phi4_generalist_06_b8_20260703_163130,phi4_generalist,phi4,generalist,8,misconception and lack of knowledge leads to lengthy/expensive design and permit process,anchor,ANCHOR_NUM_HIGH,high,6
ANCHOR_NUM_HIGH_phi4_generalist_06_b10_20260703_163130,phi4_generalist,phi4,generalist,10,uncertain regulatory roadmap,anchor,ANCHOR_NUM_HIGH,high,6
ANCHOR_NUM_HIGH_phi4_normative_06_b1_20260703_163130,phi4_normative,phi4,normative,1,"power losses, quality and safety issues",anchor,ANCHOR_NUM_HIGH,high,6
ANCHOR_NUM_HIGH_phi4_normative_06_b2_20260703_163130,phi4_normative,phi4,normative,2,reduced reliability in DC devices,anchor,ANCHOR_NUM_HIGH,high,6
ANCHOR_NUM_HIGH_phi4_normative_06_b3_20260703_163130,phi4_normative,phi4,normative,3,lack of use-cases in which DC is advantageous,anchor,ANCHOR_NUM_HIGH,high,6
ANCHOR_NUM_HIGH_phi4_normative_06_b4_20260703_163130,phi4_normative,phi4,normative,4,"uncertain utility interaction (net metering, utility ownership, and agreed standards)",anchor,ANCHOR_NUM_HIGH,high,6
ANCHOR_NUM_HIGH_phi4_normative_06_b5_20260703_163130,phi4_normative,phi4,normative,5,lack of pilot projects,anchor,ANCHOR_NUM_HIGH,high,6
ANCHOR_NUM_HIGH_phi4_subject-matter_06_b1_20260703_163130,phi4_subject-matter,phi4,subject-matter,1,"power losses, quality and safety issues",anchor,ANCHOR_NUM_HIGH,high,6
ANCHOR_NUM_HIGH_phi4_subject-matter_06_b2_20260703_163130,phi4_subject-matter,phi4,subject-matter,2,reduced reliability in DC devices,anchor,ANCHOR_NUM_HIGH,high,6
ANCHOR_NUM_HIGH_phi4_subject-matter_06_b3_20260703_163130,phi4_subject-matter,phi4,subject-matter,3,lack of use-cases in which DC is advantageous,anchor,ANCHOR_NUM_HIGH,high,6
ANCHOR_NUM_HIGH_phi4_subject-matter_06_b4_20260703_163130,phi4_subject-matter,phi4,subject-matter,4,"uncertain utility interaction (net metering, utility ownership, and agreed standards)",anchor,ANCHOR_NUM_HIGH,high,6
ANCHOR_NUM_HIGH_phi4_subject-matter_06_b5_20260703_163130,phi4_subject-matter,phi4,subject-matter,5,lack of pilot projects,anchor,ANCHOR_NUM_HIGH,high,6
ANCHOR_NUM_HIGH_llama_generalist_06_b1_20260703_163130,llama_generalist,llama,generalist,1,"power losses, quality and safety issues",anchor,ANCHOR_NUM_HIGH,high,6
ANCHOR_NUM_HIGH_llama_generalist_06_b2_20260703_163130,llama_generalist,llama,generalist,2,reduced reliability in DC devices,anchor,ANCHOR_NUM_HIGH,high,6
ANCHOR_NUM_HIGH_llama_generalist_06_b3_20260703_163130,llama_generalist,llama,generalist,3,lack of use-cases in which DC is advantageous,anchor,ANCHOR_NUM_HIGH,high,6
ANCHOR_NUM_HIGH_llama_generalist_06_b4_20260703_163130,llama_generalist,llama,generalist,4,"uncertain utility interaction (net metering, utility ownership, and agreed standards)",anchor,ANCHOR_NUM_HIGH,high,6
ANCHOR_NUM_HIGH_llama_generalist_06_b5_20260703_163130,llama_generalist,llama,generalist,5,lack of pilot projects,anchor,ANCHOR_NUM_HIGH,high,6
ANCHOR_NUM_HIGH_llama_normative_06_b1_20260703_163130,llama_normative,llama,normative,1,"power losses, quality and safety issues",anchor,ANCHOR_NUM_HIGH,high,6
ANCHOR_NUM_HIGH_llama_normative_06_b2_20260703_163130,llama_normative,llama,normative,2,reduced reliability in DC devices,anchor,ANCHOR_NUM_HIGH,high,6
ANCHOR_NUM_HIGH_llama_normative_06_b4_20260703_163130,llama_normative,llama,normative,4,"uncertain utility interaction (net metering, utility ownership, and agreed standards)",anchor,ANCHOR_NUM_HIGH,high,6
ANCHOR_NUM_HIGH_llama_normative_06_b5_20260703_163130,llama_normative,llama,normative,5,lack of pilot projects,anchor,ANCHOR_NUM_HIGH,high,6
ANCHOR_NUM_HIGH_llama_normative_06_b6_20260703_163130,llama_normative,llama,normative,6,public perception of DC and readiness to 'champion' installations from DC projects,anchor,ANCHOR_NUM_HIGH,high,6
ANCHOR_NUM_HIGH_llama_subject-matter_06_b1_20260703_163130,llama_subject-matter,llama,subject-matter,1,"power losses, quality and safety issues",anchor,ANCHOR_NUM_HIGH,high,6
ANCHOR_NUM_HIGH_llama_subject-matter_06_b2_20260703_163130,llama_subject-matter,llama,subject-matter,2,reduced reliability in DC devices,anchor,ANCHOR_NUM_HIGH,high,6
ANCHOR_NUM_HIGH_llama_subject-matter_06_b3_20260703_163130,llama_subject-matter,llama,subject-matter,3,lack of use-cases in which DC is advantageous,anchor,ANCHOR_NUM_HIGH,high,6
ANCHOR_NUM_HIGH_llama_subject-matter_06_b4_20260703_163130,llama_subject-matter,llama,subject-matter,4,"uncertain utility interaction (net metering, utility ownership, and agreed standards)",anchor,ANCHOR_NUM_HIGH,high,6
ANCHOR_NUM_HIGH_llama_subject-matter_06_b5_20260703_163130,llama_subject-matter,llama,subject-matter,5,lack of pilot projects,anchor,ANCHOR_NUM_HIGH,high,6
ANCHOR_NUM_HIGH_mistral_generalist_06_b1_20260703_163130,mistral_generalist,mistral,generalist,1,"power losses, quality and safety issues",anchor,ANCHOR_NUM_HIGH,high,6
ANCHOR_NUM_HIGH_mistral_generalist_06_b2_20260703_163130,mistral_generalist,mistral,generalist,2,reduced reliability in DC devices,anchor,ANCHOR_NUM_HIGH,high,6
ANCHOR_NUM_HIGH_mistral_generalist_06_b3_20260703_163130,mistral_generalist,mistral,generalist,3,lack of use-cases in which DC is advantageous,anchor,ANCHOR_NUM_HIGH,high,6
ANCHOR_NUM_HIGH_mistral_generalist_06_b4_20260703_163130,mistral_generalist,mistral,generalist,4,"uncertain utility interaction (net metering, utility ownership, and agreed standards)",anchor,ANCHOR_NUM_HIGH,high,6
ANCHOR_NUM_HIGH_mistral_generalist_06_b5_20260703_163130,mistral_generalist,mistral,generalist,5,lack of pilot projects,anchor,ANCHOR_NUM_HIGH,high,6
ANCHOR_NUM_HIGH_mistral_normative_06_b1_20260703_163130,mistral_normative,mistral,normative,1,"power losses, quality and safety issues",anchor,ANCHOR_NUM_HIGH,high,6
ANCHOR_NUM_HIGH_mistral_normative_06_b2_20260703_163130,mistral_normative,mistral,normative,2,reduced reliability in DC devices,anchor,ANCHOR_NUM_HIGH,high,6
ANCHOR_NUM_HIGH_mistral_normative_06_b3_20260703_163130,mistral_normative,mistral,normative,3,lack of use-cases in which DC is advantageous,anchor,ANCHOR_NUM_HIGH,high,6
ANCHOR_NUM_HIGH_mistral_normative_06_b4_20260703_163130,mistral_normative,mistral,normative,4,"uncertain utility interaction (net metering, utility ownership, and agreed standards)",anchor,ANCHOR_NUM_HIGH,high,6
ANCHOR_NUM_HIGH_mistral_normative_06_b5_20260703_163130,mistral_normative,mistral,normative,5,lack of pilot projects,anchor,ANCHOR_NUM_HIGH,high,6
ANCHOR_NUM_HIGH_mistral_subject-matter_06_b1_20260703_163130,mistral_subject-matter,mistral,subject-matter,1,"power losses, quality and safety issues",anchor,ANCHOR_NUM_HIGH,high,6
ANCHOR_NUM_HIGH_mistral_subject-matter_06_b2_20260703_163130,mistral_subject-matter,mistral,subject-matter,2,reduced reliability in DC devices,anchor,ANCHOR_NUM_HIGH,high,6
ANCHOR_NUM_HIGH_mistral_subject-matter_06_b4_20260703_163130,mistral_subject-matter,mistral,subject-matter,4,"uncertain utility interaction (net metering, utility ownership, and agreed standards)",anchor,ANCHOR_NUM_HIGH,high,6
ANCHOR_NUM_HIGH_mistral_subject-matter_06_b5_20260703_163130,mistral_subject-matter,mistral,subject-matter,5,lack of pilot projects,anchor,ANCHOR_NUM_HIGH,high,6
ANCHOR_NUM_HIGH_mistral_subject-matter_06_b7_20260703_163130,mistral_subject-matter,mistral,subject-matter,7,incompatibility of DC systems components,anchor,ANCHOR_NUM_HIGH,high,6
ANCHOR_NUM_HIGH_gemma3_generalist_06_b1_20260703_163130,gemma3_generalist,gemma3,generalist,1,"power losses, quality and safety issues",anchor,ANCHOR_NUM_HIGH,high,6
ANCHOR_NUM_HIGH_gemma3_generalist_06_b3_20260703_163130,gemma3_generalist,gemma3,generalist,3,lack of use-cases in which DC is advantageous,anchor,ANCHOR_NUM_HIGH,high,6
ANCHOR_NUM_HIGH_gemma3_generalist_06_b4_20260703_163130,gemma3_generalist,gemma3,generalist,4,"uncertain utility interaction (net metering, utility ownership, and agreed standards)",anchor,ANCHOR_NUM_HIGH,high,6
ANCHOR_NUM_HIGH_gemma3_generalist_06_b8_20260703_163130,gemma3_generalist,gemma3,generalist,8,misconception and lack of knowledge leads to lengthy/expensive design and permit process,anchor,ANCHOR_NUM_HIGH,high,6
ANCHOR_NUM_HIGH_gemma3_generalist_06_b11_20260703_163130,gemma3_generalist,gemma3,generalist,11,high costs of DC solutions,anchor,ANCHOR_NUM_HIGH,high,6
ANCHOR_NUM_HIGH_gemma3_normative_06_b1_20260703_163130,gemma3_normative,gemma3,normative,1,"power losses, quality and safety issues",anchor,ANCHOR_NUM_HIGH,high,6
ANCHOR_NUM_HIGH_gemma3_normative_06_b3_20260703_163130,gemma3_normative,gemma3,normative,3,lack of use-cases in which DC is advantageous,anchor,ANCHOR_NUM_HIGH,high,6
ANCHOR_NUM_HIGH_gemma3_normative_06_b4_20260703_163130,gemma3_normative,gemma3,normative,4,"uncertain utility interaction (net metering, utility ownership, and agreed standards)",anchor,ANCHOR_NUM_HIGH,high,6
ANCHOR_NUM_HIGH_gemma3_normative_06_b8_20260703_163130,gemma3_normative,gemma3,normative,8,misconception and lack of knowledge leads to lengthy/expensive design and permit process,anchor,ANCHOR_NUM_HIGH,high,6
ANCHOR_NUM_HIGH_gemma3_normative_06_b10_20260703_163130,gemma3_normative,gemma3,normative,10,uncertain regulatory roadmap,anchor,ANCHOR_NUM_HIGH,high,6
ANCHOR_NUM_HIGH_gemma3_subject-matter_06_b1_20260703_163130,gemma3_subject-matter,gemma3,subject-matter,1,"power losses, quality and safety issues",anchor,ANCHOR_NUM_HIGH,high,6
ANCHOR_NUM_HIGH_gemma3_subject-matter_06_b3_20260703_163130,gemma3_subject-matter,gemma3,subject-matter,3,lack of use-cases in which DC is advantageous,anchor,ANCHOR_NUM_HIGH,high,6
ANCHOR_NUM_HIGH_gemma3_subject-matter_06_b4_20260703_163130,gemma3_subject-matter,gemma3,subject-matter,4,"uncertain utility interaction (net metering, utility ownership, and agreed standards)",anchor,ANCHOR_NUM_HIGH,high,6
ANCHOR_NUM_HIGH_gemma3_subject-matter_06_b8_20260703_163130,gemma3_subject-matter,gemma3,subject-matter,8,misconception and lack of knowledge leads to lengthy/expensive design and permit process,anchor,ANCHOR_NUM_HIGH,high,6
ANCHOR_NUM_HIGH_gemma3_subject-matter_06_b10_20260703_163130,gemma3_subject-matter,gemma3,subject-matter,10,uncertain regulatory roadmap,anchor,ANCHOR_NUM_HIGH,high,6
ANCHOR_NUM_HIGH_phi4_generalist_07_b1_20260703_163813,phi4_generalist,phi4,generalist,1,"power losses, quality and safety issues",anchor,ANCHOR_NUM_HIGH,high,7
ANCHOR_NUM_HIGH_phi4_generalist_07_b4_20260703_163813,phi4_generalist,phi4,generalist,4,"uncertain utility interaction (net metering, utility ownership, and agreed standards)",anchor,ANCHOR_NUM_HIGH,high,7
ANCHOR_NUM_HIGH_phi4_generalist_07_b5_20260703_163813,phi4_generalist,phi4,generalist,5,lack of pilot projects,anchor,ANCHOR_NUM_HIGH,high,7
ANCHOR_NUM_HIGH_phi4_generalist_07_b8_20260703_163813,phi4_generalist,phi4,generalist,8,misconception and lack of knowledge leads to lengthy/expensive design and permit process,anchor,ANCHOR_NUM_HIGH,high,7
ANCHOR_NUM_HIGH_phi4_generalist_07_b10_20260703_163813,phi4_generalist,phi4,generalist,10,uncertain regulatory roadmap,anchor,ANCHOR_NUM_HIGH,high,7
ANCHOR_NUM_HIGH_phi4_normative_07_b1_20260703_163813,phi4_normative,phi4,normative,1,"power losses, quality and safety issues",anchor,ANCHOR_NUM_HIGH,high,7
ANCHOR_NUM_HIGH_phi4_normative_07_b2_20260703_163813,phi4_normative,phi4,normative,2,reduced reliability in DC devices,anchor,ANCHOR_NUM_HIGH,high,7
ANCHOR_NUM_HIGH_phi4_normative_07_b3_20260703_163813,phi4_normative,phi4,normative,3,lack of use-cases in which DC is advantageous,anchor,ANCHOR_NUM_HIGH,high,7
ANCHOR_NUM_HIGH_phi4_normative_07_b4_20260703_163813,phi4_normative,phi4,normative,4,"uncertain utility interaction (net metering, utility ownership, and agreed standards)",anchor,ANCHOR_NUM_HIGH,high,7
ANCHOR_NUM_HIGH_phi4_normative_07_b5_20260703_163813,phi4_normative,phi4,normative,5,lack of pilot projects,anchor,ANCHOR_NUM_HIGH,high,7
ANCHOR_NUM_HIGH_phi4_subject-matter_07_b1_20260703_163813,phi4_subject-matter,phi4,subject-matter,1,"power losses, quality and safety issues",anchor,ANCHOR_NUM_HIGH,high,7
ANCHOR_NUM_HIGH_phi4_subject-matter_07_b2_20260703_163813,phi4_subject-matter,phi4,subject-matter,2,reduced reliability in DC devices,anchor,ANCHOR_NUM_HIGH,high,7
ANCHOR_NUM_HIGH_phi4_subject-matter_07_b3_20260703_163813,phi4_subject-matter,phi4,subject-matter,3,lack of use-cases in which DC is advantageous,anchor,ANCHOR_NUM_HIGH,high,7
ANCHOR_NUM_HIGH_phi4_subject-matter_07_b4_20260703_163813,phi4_subject-matter,phi4,subject-matter,4,"uncertain utility interaction (net metering, utility ownership, and agreed standards)",anchor,ANCHOR_NUM_HIGH,high,7
ANCHOR_NUM_HIGH_phi4_subject-matter_07_b5_20260703_163813,phi4_subject-matter,phi4,subject-matter,5,lack of pilot projects,anchor,ANCHOR_NUM_HIGH,high,7
ANCHOR_NUM_HIGH_llama_generalist_07_b3_20260703_163813,llama_generalist,llama,generalist,3,lack of use-cases in which DC is advantageous,anchor,ANCHOR_NUM_HIGH,high,7
ANCHOR_NUM_HIGH_llama_generalist_07_b7_20260703_163813,llama_generalist,llama,generalist,7,incompatibility of DC systems components,anchor,ANCHOR_NUM_HIGH,high,7
ANCHOR_NUM_HIGH_llama_generalist_07_b8_20260703_163813,llama_generalist,llama,generalist,8,misconception and lack of knowledge leads to lengthy/expensive design and permit process,anchor,ANCHOR_NUM_HIGH,high,7
ANCHOR_NUM_HIGH_llama_generalist_07_b9_20260703_163813,llama_generalist,llama,generalist,9,lack of enough trained personnel in DC systems,anchor,ANCHOR_NUM_HIGH,high,7
ANCHOR_NUM_HIGH_llama_generalist_07_b10_20260703_163813,llama_generalist,llama,generalist,10,uncertain regulatory roadmap,anchor,ANCHOR_NUM_HIGH,high,7
ANCHOR_NUM_HIGH_llama_normative_07_b1_20260703_163813,llama_normative,llama,normative,1,"power losses, quality and safety issues",anchor,ANCHOR_NUM_HIGH,high,7
ANCHOR_NUM_HIGH_llama_normative_07_b2_20260703_163813,llama_normative,llama,normative,2,reduced reliability in DC devices,anchor,ANCHOR_NUM_HIGH,high,7
ANCHOR_NUM_HIGH_llama_normative_07_b3_20260703_163813,llama_normative,llama,normative,3,lack of use-cases in which DC is advantageous,anchor,ANCHOR_NUM_HIGH,high,7
ANCHOR_NUM_HIGH_llama_normative_07_b4_20260703_163813,llama_normative,llama,normative,4,"uncertain utility interaction (net metering, utility ownership, and agreed standards)",anchor,ANCHOR_NUM_HIGH,high,7
ANCHOR_NUM_HIGH_llama_normative_07_b5_20260703_163813,llama_normative,llama,normative,5,lack of pilot projects,anchor,ANCHOR_NUM_HIGH,high,7
ANCHOR_NUM_HIGH_llama_subject-matter_07_b1_20260703_163813,llama_subject-matter,llama,subject-matter,1,"power losses, quality and safety issues",anchor,ANCHOR_NUM_HIGH,high,7
ANCHOR_NUM_HIGH_llama_subject-matter_07_b3_20260703_163813,llama_subject-matter,llama,subject-matter,3,lack of use-cases in which DC is advantageous,anchor,ANCHOR_NUM_HIGH,high,7
ANCHOR_NUM_HIGH_llama_subject-matter_07_b4_20260703_163813,llama_subject-matter,llama,subject-matter,4,"uncertain utility interaction (net metering, utility ownership, and agreed standards)",anchor,ANCHOR_NUM_HIGH,high,7
ANCHOR_NUM_HIGH_llama_subject-matter_07_b5_20260703_163813,llama_subject-matter,llama,subject-matter,5,lack of pilot projects,anchor,ANCHOR_NUM_HIGH,high,7
ANCHOR_NUM_HIGH_llama_subject-matter_07_b6_20260703_163813,llama_subject-matter,llama,subject-matter,6,public perception of DC and readiness to 'champion' installations from DC projects,anchor,ANCHOR_NUM_HIGH,high,7
ANCHOR_NUM_HIGH_mistral_generalist_07_b1_20260703_163813,mistral_generalist,mistral,generalist,1,"power losses, quality and safety issues",anchor,ANCHOR_NUM_HIGH,high,7
ANCHOR_NUM_HIGH_mistral_generalist_07_b2_20260703_163813,mistral_generalist,mistral,generalist,2,reduced reliability in DC devices,anchor,ANCHOR_NUM_HIGH,high,7
ANCHOR_NUM_HIGH_mistral_generalist_07_b3_20260703_163813,mistral_generalist,mistral,generalist,3,lack of use-cases in which DC is advantageous,anchor,ANCHOR_NUM_HIGH,high,7
ANCHOR_NUM_HIGH_mistral_generalist_07_b4_20260703_163813,mistral_generalist,mistral,generalist,4,"uncertain utility interaction (net metering, utility ownership, and agreed standards)",anchor,ANCHOR_NUM_HIGH,high,7
ANCHOR_NUM_HIGH_mistral_generalist_07_b5_20260703_163813,mistral_generalist,mistral,generalist,5,lack of pilot projects,anchor,ANCHOR_NUM_HIGH,high,7
ANCHOR_NUM_HIGH_mistral_normative_07_b1_20260703_163813,mistral_normative,mistral,normative,1,"power losses, quality and safety issues",anchor,ANCHOR_NUM_HIGH,high,7
ANCHOR_NUM_HIGH_mistral_normative_07_b2_20260703_163813,mistral_normative,mistral,normative,2,reduced reliability in DC devices,anchor,ANCHOR_NUM_HIGH,high,7
ANCHOR_NUM_HIGH_mistral_normative_07_b3_20260703_163813,mistral_normative,mistral,normative,3,lack of use-cases in which DC is advantageous,anchor,ANCHOR_NUM_HIGH,high,7
ANCHOR_NUM_HIGH_mistral_normative_07_b4_20260703_163813,mistral_normative,mistral,normative,4,"uncertain utility interaction (net metering, utility ownership, and agreed standards)",anchor,ANCHOR_NUM_HIGH,high,7
ANCHOR_NUM_HIGH_mistral_normative_07_b5_20260703_163813,mistral_normative,mistral,normative,5,lack of pilot projects,anchor,ANCHOR_NUM_HIGH,high,7
ANCHOR_NUM_HIGH_mistral_subject-matter_07_b1_20260703_163813,mistral_subject-matter,mistral,subject-matter,1,"power losses, quality and safety issues",anchor,ANCHOR_NUM_HIGH,high,7
ANCHOR_NUM_HIGH_mistral_subject-matter_07_b2_20260703_163813,mistral_subject-matter,mistral,subject-matter,2,reduced reliability in DC devices,anchor,ANCHOR_NUM_HIGH,high,7
ANCHOR_NUM_HIGH_mistral_subject-matter_07_b3_20260703_163813,mistral_subject-matter,mistral,subject-matter,3,lack of use-cases in which DC is advantageous,anchor,ANCHOR_NUM_HIGH,high,7
ANCHOR_NUM_HIGH_mistral_subject-matter_07_b4_20260703_163813,mistral_subject-matter,mistral,subject-matter,4,"uncertain utility interaction (net metering, utility ownership, and agreed standards)",anchor,ANCHOR_NUM_HIGH,high,7
ANCHOR_NUM_HIGH_mistral_subject-matter_07_b5_20260703_163813,mistral_subject-matter,mistral,subject-matter,5,lack of pilot projects,anchor,ANCHOR_NUM_HIGH,high,7
ANCHOR_NUM_HIGH_gemma3_generalist_07_b1_20260703_163813,gemma3_generalist,gemma3,generalist,1,"power losses, quality and safety issues",anchor,ANCHOR_NUM_HIGH,high,7
ANCHOR_NUM_HIGH_gemma3_generalist_07_b3_20260703_163813,gemma3_generalist,gemma3,generalist,3,lack of use-cases in which DC is advantageous,anchor,ANCHOR_NUM_HIGH,high,7
ANCHOR_NUM_HIGH_gemma3_generalist_07_b4_20260703_163813,gemma3_generalist,gemma3,generalist,4,"uncertain utility interaction (net metering, utility ownership, and agreed standards)",anchor,ANCHOR_NUM_HIGH,high,7
ANCHOR_NUM_HIGH_gemma3_generalist_07_b8_20260703_163813,gemma3_generalist,gemma3,generalist,8,misconception and lack of knowledge leads to lengthy/expensive design and permit process,anchor,ANCHOR_NUM_HIGH,high,7
ANCHOR_NUM_HIGH_gemma3_generalist_07_b11_20260703_163813,gemma3_generalist,gemma3,generalist,11,high costs of DC solutions,anchor,ANCHOR_NUM_HIGH,high,7
ANCHOR_NUM_HIGH_gemma3_normative_07_b1_20260703_163813,gemma3_normative,gemma3,normative,1,"power losses, quality and safety issues",anchor,ANCHOR_NUM_HIGH,high,7
ANCHOR_NUM_HIGH_gemma3_normative_07_b3_20260703_163813,gemma3_normative,gemma3,normative,3,lack of use-cases in which DC is advantageous,anchor,ANCHOR_NUM_HIGH,high,7
ANCHOR_NUM_HIGH_gemma3_normative_07_b4_20260703_163813,gemma3_normative,gemma3,normative,4,"uncertain utility interaction (net metering, utility ownership, and agreed standards)",anchor,ANCHOR_NUM_HIGH,high,7
ANCHOR_NUM_HIGH_gemma3_normative_07_b8_20260703_163813,gemma3_normative,gemma3,normative,8,misconception and lack of knowledge leads to lengthy/expensive design and permit process,anchor,ANCHOR_NUM_HIGH,high,7
ANCHOR_NUM_HIGH_gemma3_normative_07_b10_20260703_163813,gemma3_normative,gemma3,normative,10,uncertain regulatory roadmap,anchor,ANCHOR_NUM_HIGH,high,7
ANCHOR_NUM_HIGH_gemma3_subject-matter_07_b1_20260703_163813,gemma3_subject-matter,gemma3,subject-matter,1,"power losses, quality and safety issues",anchor,ANCHOR_NUM_HIGH,high,7
ANCHOR_NUM_HIGH_gemma3_subject-matter_07_b3_20260703_163813,gemma3_subject-matter,gemma3,subject-matter,3,lack of use-cases in which DC is advantageous,anchor,ANCHOR_NUM_HIGH,high,7
ANCHOR_NUM_HIGH_gemma3_subject-matter_07_b4_20260703_163813,gemma3_subject-matter,gemma3,subject-matter,4,"uncertain utility interaction (net metering, utility ownership, and agreed standards)",anchor,ANCHOR_NUM_HIGH,high,7
ANCHOR_NUM_HIGH_gemma3_subject-matter_07_b8_20260703_163813,gemma3_subject-matter,gemma3,subject-matter,8,misconception and lack of knowledge leads to lengthy/expensive design and permit process,anchor,ANCHOR_NUM_HIGH,high,7
ANCHOR_NUM_HIGH_gemma3_subject-matter_07_b10_20260703_163813,gemma3_subject-matter,gemma3,subject-matter,10,uncertain regulatory roadmap,anchor,ANCHOR_NUM_HIGH,high,7
ANCHOR_NUM_HIGH_phi4_generalist_08_b1_20260703_164021,phi4_generalist,phi4,generalist,1,"power losses, quality and safety issues",anchor,ANCHOR_NUM_HIGH,high,8
ANCHOR_NUM_HIGH_phi4_generalist_08_b3_20260703_164021,phi4_generalist,phi4,generalist,3,lack of use-cases in which DC is advantageous,anchor,ANCHOR_NUM_HIGH,high,8
ANCHOR_NUM_HIGH_phi4_generalist_08_b4_20260703_164021,phi4_generalist,phi4,generalist,4,"uncertain utility interaction (net metering, utility ownership, and agreed standards)",anchor,ANCHOR_NUM_HIGH,high,8
ANCHOR_NUM_HIGH_phi4_generalist_08_b5_20260703_164021,phi4_generalist,phi4,generalist,5,lack of pilot projects,anchor,ANCHOR_NUM_HIGH,high,8
ANCHOR_NUM_HIGH_phi4_generalist_08_b10_20260703_164021,phi4_generalist,phi4,generalist,10,uncertain regulatory roadmap,anchor,ANCHOR_NUM_HIGH,high,8
ANCHOR_NUM_HIGH_phi4_normative_08_b1_20260703_164021,phi4_normative,phi4,normative,1,"power losses, quality and safety issues",anchor,ANCHOR_NUM_HIGH,high,8
ANCHOR_NUM_HIGH_phi4_normative_08_b2_20260703_164021,phi4_normative,phi4,normative,2,reduced reliability in DC devices,anchor,ANCHOR_NUM_HIGH,high,8
ANCHOR_NUM_HIGH_phi4_normative_08_b3_20260703_164021,phi4_normative,phi4,normative,3,lack of use-cases in which DC is advantageous,anchor,ANCHOR_NUM_HIGH,high,8
ANCHOR_NUM_HIGH_phi4_normative_08_b4_20260703_164021,phi4_normative,phi4,normative,4,"uncertain utility interaction (net metering, utility ownership, and agreed standards)",anchor,ANCHOR_NUM_HIGH,high,8
ANCHOR_NUM_HIGH_phi4_normative_08_b5_20260703_164021,phi4_normative,phi4,normative,5,lack of pilot projects,anchor,ANCHOR_NUM_HIGH,high,8
ANCHOR_NUM_HIGH_phi4_subject-matter_08_b1_20260703_164021,phi4_subject-matter,phi4,subject-matter,1,"power losses, quality and safety issues",anchor,ANCHOR_NUM_HIGH,high,8
ANCHOR_NUM_HIGH_phi4_subject-matter_08_b4_20260703_164021,phi4_subject-matter,phi4,subject-matter,4,"uncertain utility interaction (net metering, utility ownership, and agreed standards)",anchor,ANCHOR_NUM_HIGH,high,8
ANCHOR_NUM_HIGH_phi4_subject-matter_08_b5_20260703_164021,phi4_subject-matter,phi4,subject-matter,5,lack of pilot projects,anchor,ANCHOR_NUM_HIGH,high,8
ANCHOR_NUM_HIGH_phi4_subject-matter_08_b8_20260703_164021,phi4_subject-matter,phi4,subject-matter,8,misconception and lack of knowledge leads to lengthy/expensive design and permit process,anchor,ANCHOR_NUM_HIGH,high,8
ANCHOR_NUM_HIGH_phi4_subject-matter_08_b10_20260703_164021,phi4_subject-matter,phi4,subject-matter,10,uncertain regulatory roadmap,anchor,ANCHOR_NUM_HIGH,high,8
ANCHOR_NUM_HIGH_llama_generalist_08_b1_20260703_164021,llama_generalist,llama,generalist,1,"power losses, quality and safety issues",anchor,ANCHOR_NUM_HIGH,high,8
ANCHOR_NUM_HIGH_llama_generalist_08_b2_20260703_164021,llama_generalist,llama,generalist,2,reduced reliability in DC devices,anchor,ANCHOR_NUM_HIGH,high,8
ANCHOR_NUM_HIGH_llama_generalist_08_b3_20260703_164021,llama_generalist,llama,generalist,3,lack of use-cases in which DC is advantageous,anchor,ANCHOR_NUM_HIGH,high,8
ANCHOR_NUM_HIGH_llama_generalist_08_b4_20260703_164021,llama_generalist,llama,generalist,4,"uncertain utility interaction (net metering, utility ownership, and agreed standards)",anchor,ANCHOR_NUM_HIGH,high,8
ANCHOR_NUM_HIGH_llama_generalist_08_b5_20260703_164021,llama_generalist,llama,generalist,5,lack of pilot projects,anchor,ANCHOR_NUM_HIGH,high,8
ANCHOR_NUM_HIGH_llama_normative_08_b1_20260703_164021,llama_normative,llama,normative,1,"power losses, quality and safety issues",anchor,ANCHOR_NUM_HIGH,high,8
ANCHOR_NUM_HIGH_llama_normative_08_b2_20260703_164021,llama_normative,llama,normative,2,reduced reliability in DC devices,anchor,ANCHOR_NUM_HIGH,high,8
ANCHOR_NUM_HIGH_llama_normative_08_b3_20260703_164021,llama_normative,llama,normative,3,lack of use-cases in which DC is advantageous,anchor,ANCHOR_NUM_HIGH,high,8
ANCHOR_NUM_HIGH_llama_normative_08_b4_20260703_164021,llama_normative,llama,normative,4,"uncertain utility interaction (net metering, utility ownership, and agreed standards)",anchor,ANCHOR_NUM_HIGH,high,8
ANCHOR_NUM_HIGH_llama_normative_08_b5_20260703_164021,llama_normative,llama,normative,5,lack of pilot projects,anchor,ANCHOR_NUM_HIGH,high,8
ANCHOR_NUM_HIGH_llama_subject-matter_08_b1_20260703_164021,llama_subject-matter,llama,subject-matter,1,"power losses, quality and safety issues",anchor,ANCHOR_NUM_HIGH,high,8
ANCHOR_NUM_HIGH_llama_subject-matter_08_b3_20260703_164021,llama_subject-matter,llama,subject-matter,3,lack of use-cases in which DC is advantageous,anchor,ANCHOR_NUM_HIGH,high,8
ANCHOR_NUM_HIGH_llama_subject-matter_08_b4_20260703_164021,llama_subject-matter,llama,subject-matter,4,"uncertain utility interaction (net metering, utility ownership, and agreed standards)",anchor,ANCHOR_NUM_HIGH,high,8
ANCHOR_NUM_HIGH_llama_subject-matter_08_b5_20260703_164021,llama_subject-matter,llama,subject-matter,5,lack of pilot projects,anchor,ANCHOR_NUM_HIGH,high,8
ANCHOR_NUM_HIGH_llama_subject-matter_08_b6_20260703_164021,llama_subject-matter,llama,subject-matter,6,public perception of DC and readiness to 'champion' installations from DC projects,anchor,ANCHOR_NUM_HIGH,high,8
ANCHOR_NUM_HIGH_mistral_generalist_08_b1_20260703_164021,mistral_generalist,mistral,generalist,1,"power losses, quality and safety issues",anchor,ANCHOR_NUM_HIGH,high,8
ANCHOR_NUM_HIGH_mistral_generalist_08_b2_20260703_164021,mistral_generalist,mistral,generalist,2,reduced reliability in DC devices,anchor,ANCHOR_NUM_HIGH,high,8
ANCHOR_NUM_HIGH_mistral_generalist_08_b3_20260703_164021,mistral_generalist,mistral,generalist,3,lack of use-cases in which DC is advantageous,anchor,ANCHOR_NUM_HIGH,high,8
ANCHOR_NUM_HIGH_mistral_generalist_08_b4_20260703_164021,mistral_generalist,mistral,generalist,4,"uncertain utility interaction (net metering, utility ownership, and agreed standards)",anchor,ANCHOR_NUM_HIGH,high,8
ANCHOR_NUM_HIGH_mistral_generalist_08_b5_20260703_164021,mistral_generalist,mistral,generalist,5,lack of pilot projects,anchor,ANCHOR_NUM_HIGH,high,8
ANCHOR_NUM_HIGH_mistral_normative_08_b1_20260703_164021,mistral_normative,mistral,normative,1,"power losses, quality and safety issues",anchor,ANCHOR_NUM_HIGH,high,8
ANCHOR_NUM_HIGH_mistral_normative_08_b2_20260703_164021,mistral_normative,mistral,normative,2,reduced reliability in DC devices,anchor,ANCHOR_NUM_HIGH,high,8
ANCHOR_NUM_HIGH_mistral_normative_08_b3_20260703_164021,mistral_normative,mistral,normative,3,lack of use-cases in which DC is advantageous,anchor,ANCHOR_NUM_HIGH,high,8
ANCHOR_NUM_HIGH_mistral_normative_08_b4_20260703_164021,mistral_normative,mistral,normative,4,"uncertain utility interaction (net metering, utility ownership, and agreed standards)",anchor,ANCHOR_NUM_HIGH,high,8
ANCHOR_NUM_HIGH_mistral_normative_08_b5_20260703_164021,mistral_normative,mistral,normative,5,lack of pilot projects,anchor,ANCHOR_NUM_HIGH,high,8
ANCHOR_NUM_HIGH_mistral_subject-matter_08_b1_20260703_164021,mistral_subject-matter,mistral,subject-matter,1,"power losses, quality and safety issues",anchor,ANCHOR_NUM_HIGH,high,8
ANCHOR_NUM_HIGH_mistral_subject-matter_08_b2_20260703_164021,mistral_subject-matter,mistral,subject-matter,2,reduced reliability in DC devices,anchor,ANCHOR_NUM_HIGH,high,8
ANCHOR_NUM_HIGH_mistral_subject-matter_08_b3_20260703_164021,mistral_subject-matter,mistral,subject-matter,3,lack of use-cases in which DC is advantageous,anchor,ANCHOR_NUM_HIGH,high,8
ANCHOR_NUM_HIGH_mistral_subject-matter_08_b4_20260703_164021,mistral_subject-matter,mistral,subject-matter,4,"uncertain utility interaction (net metering, utility ownership, and agreed standards)",anchor,ANCHOR_NUM_HIGH,high,8
ANCHOR_NUM_HIGH_mistral_subject-matter_08_b5_20260703_164021,mistral_subject-matter,mistral,subject-matter,5,lack of pilot projects,anchor,ANCHOR_NUM_HIGH,high,8
ANCHOR_NUM_HIGH_gemma3_generalist_08_b1_20260703_164021,gemma3_generalist,gemma3,generalist,1,"power losses, quality and safety issues",anchor,ANCHOR_NUM_HIGH,high,8
ANCHOR_NUM_HIGH_gemma3_generalist_08_b3_20260703_164021,gemma3_generalist,gemma3,generalist,3,lack of use-cases in which DC is advantageous,anchor,ANCHOR_NUM_HIGH,high,8
ANCHOR_NUM_HIGH_gemma3_generalist_08_b4_20260703_164021,gemma3_generalist,gemma3,generalist,4,"uncertain utility interaction (net metering, utility ownership, and agreed standards)",anchor,ANCHOR_NUM_HIGH,high,8
ANCHOR_NUM_HIGH_gemma3_generalist_08_b8_20260703_164021,gemma3_generalist,gemma3,generalist,8,misconception and lack of knowledge leads to lengthy/expensive design and permit process,anchor,ANCHOR_NUM_HIGH,high,8
ANCHOR_NUM_HIGH_gemma3_generalist_08_b11_20260703_164021,gemma3_generalist,gemma3,generalist,11,high costs of DC solutions,anchor,ANCHOR_NUM_HIGH,high,8
ANCHOR_NUM_HIGH_gemma3_normative_08_b1_20260703_164021,gemma3_normative,gemma3,normative,1,"power losses, quality and safety issues",anchor,ANCHOR_NUM_HIGH,high,8
ANCHOR_NUM_HIGH_gemma3_normative_08_b3_20260703_164021,gemma3_normative,gemma3,normative,3,lack of use-cases in which DC is advantageous,anchor,ANCHOR_NUM_HIGH,high,8
ANCHOR_NUM_HIGH_gemma3_normative_08_b4_20260703_164021,gemma3_normative,gemma3,normative,4,"uncertain utility interaction (net metering, utility ownership, and agreed standards)",anchor,ANCHOR_NUM_HIGH,high,8
ANCHOR_NUM_HIGH_gemma3_normative_08_b8_20260703_164021,gemma3_normative,gemma3,normative,8,misconception and lack of knowledge leads to lengthy/expensive design and permit process,anchor,ANCHOR_NUM_HIGH,high,8
ANCHOR_NUM_HIGH_gemma3_normative_08_b10_20260703_164021,gemma3_normative,gemma3,normative,10,uncertain regulatory roadmap,anchor,ANCHOR_NUM_HIGH,high,8
ANCHOR_NUM_HIGH_gemma3_subject-matter_08_b1_20260703_164021,gemma3_subject-matter,gemma3,subject-matter,1,"power losses, quality and safety issues",anchor,ANCHOR_NUM_HIGH,high,8
ANCHOR_NUM_HIGH_gemma3_subject-matter_08_b3_20260703_164021,gemma3_subject-matter,gemma3,subject-matter,3,lack of use-cases in which DC is advantageous,anchor,ANCHOR_NUM_HIGH,high,8
ANCHOR_NUM_HIGH_gemma3_subject-matter_08_b4_20260703_164021,gemma3_subject-matter,gemma3,subject-matter,4,"uncertain utility interaction (net metering, utility ownership, and agreed standards)",anchor,ANCHOR_NUM_HIGH,high,8
ANCHOR_NUM_HIGH_gemma3_subject-matter_08_b8_20260703_164021,gemma3_subject-matter,gemma3,subject-matter,8,misconception and lack of knowledge leads to lengthy/expensive design and permit process,anchor,ANCHOR_NUM_HIGH,high,8
ANCHOR_NUM_HIGH_gemma3_subject-matter_08_b10_20260703_164021,gemma3_subject-matter,gemma3,subject-matter,10,uncertain regulatory roadmap,anchor,ANCHOR_NUM_HIGH,high,8
ANCHOR_NUM_HIGH_phi4_generalist_09_b1_20260703_170600,phi4_generalist,phi4,generalist,1,"power losses, quality and safety issues",anchor,ANCHOR_NUM_HIGH,high,9
ANCHOR_NUM_HIGH_phi4_generalist_09_b3_20260703_170600,phi4_generalist,phi4,generalist,3,lack of use-cases in which DC is advantageous,anchor,ANCHOR_NUM_HIGH,high,9
ANCHOR_NUM_HIGH_phi4_generalist_09_b4_20260703_170600,phi4_generalist,phi4,generalist,4,"uncertain utility interaction (net metering, utility ownership, and agreed standards)",anchor,ANCHOR_NUM_HIGH,high,9
ANCHOR_NUM_HIGH_phi4_generalist_09_b5_20260703_170600,phi4_generalist,phi4,generalist,5,lack of pilot projects,anchor,ANCHOR_NUM_HIGH,high,9
ANCHOR_NUM_HIGH_phi4_generalist_09_b10_20260703_170600,phi4_generalist,phi4,generalist,10,uncertain regulatory roadmap,anchor,ANCHOR_NUM_HIGH,high,9
ANCHOR_NUM_HIGH_phi4_normative_09_b1_20260703_170600,phi4_normative,phi4,normative,1,"power losses, quality and safety issues",anchor,ANCHOR_NUM_HIGH,high,9
ANCHOR_NUM_HIGH_phi4_normative_09_b2_20260703_170600,phi4_normative,phi4,normative,2,reduced reliability in DC devices,anchor,ANCHOR_NUM_HIGH,high,9
ANCHOR_NUM_HIGH_phi4_normative_09_b3_20260703_170600,phi4_normative,phi4,normative,3,lack of use-cases in which DC is advantageous,anchor,ANCHOR_NUM_HIGH,high,9
ANCHOR_NUM_HIGH_phi4_normative_09_b4_20260703_170600,phi4_normative,phi4,normative,4,"uncertain utility interaction (net metering, utility ownership, and agreed standards)",anchor,ANCHOR_NUM_HIGH,high,9
ANCHOR_NUM_HIGH_phi4_normative_09_b5_20260703_170600,phi4_normative,phi4,normative,5,lack of pilot projects,anchor,ANCHOR_NUM_HIGH,high,9
ANCHOR_NUM_HIGH_phi4_subject-matter_09_b1_20260703_170600,phi4_subject-matter,phi4,subject-matter,1,"power losses, quality and safety issues",anchor,ANCHOR_NUM_HIGH,high,9
ANCHOR_NUM_HIGH_phi4_subject-matter_09_b2_20260703_170600,phi4_subject-matter,phi4,subject-matter,2,reduced reliability in DC devices,anchor,ANCHOR_NUM_HIGH,high,9
ANCHOR_NUM_HIGH_phi4_subject-matter_09_b3_20260703_170600,phi4_subject-matter,phi4,subject-matter,3,lack of use-cases in which DC is advantageous,anchor,ANCHOR_NUM_HIGH,high,9
ANCHOR_NUM_HIGH_phi4_subject-matter_09_b4_20260703_170600,phi4_subject-matter,phi4,subject-matter,4,"uncertain utility interaction (net metering, utility ownership, and agreed standards)",anchor,ANCHOR_NUM_HIGH,high,9
ANCHOR_NUM_HIGH_phi4_subject-matter_09_b11_20260703_170600,phi4_subject-matter,phi4,subject-matter,11,high costs of DC solutions,anchor,ANCHOR_NUM_HIGH,high,9
ANCHOR_NUM_HIGH_llama_generalist_09_b1_20260703_170600,llama_generalist,llama,generalist,1,"power losses, quality and safety issues",anchor,ANCHOR_NUM_HIGH,high,9
ANCHOR_NUM_HIGH_llama_generalist_09_b2_20260703_170600,llama_generalist,llama,generalist,2,reduced reliability in DC devices,anchor,ANCHOR_NUM_HIGH,high,9
ANCHOR_NUM_HIGH_llama_generalist_09_b3_20260703_170600,llama_generalist,llama,generalist,3,lack of use-cases in which DC is advantageous,anchor,ANCHOR_NUM_HIGH,high,9
ANCHOR_NUM_HIGH_llama_generalist_09_b4_20260703_170600,llama_generalist,llama,generalist,4,"uncertain utility interaction (net metering, utility ownership, and agreed standards)",anchor,ANCHOR_NUM_HIGH,high,9
ANCHOR_NUM_HIGH_llama_generalist_09_b5_20260703_170600,llama_generalist,llama,generalist,5,lack of pilot projects,anchor,ANCHOR_NUM_HIGH,high,9
ANCHOR_NUM_HIGH_llama_normative_09_b1_20260703_170600,llama_normative,llama,normative,1,"power losses, quality and safety issues",anchor,ANCHOR_NUM_HIGH,high,9
ANCHOR_NUM_HIGH_llama_normative_09_b2_20260703_170600,llama_normative,llama,normative,2,reduced reliability in DC devices,anchor,ANCHOR_NUM_HIGH,high,9
ANCHOR_NUM_HIGH_llama_normative_09_b3_20260703_170600,llama_normative,llama,normative,3,lack of use-cases in which DC is advantageous,anchor,ANCHOR_NUM_HIGH,high,9
ANCHOR_NUM_HIGH_llama_normative_09_b4_20260703_170600,llama_normative,llama,normative,4,"uncertain utility interaction (net metering, utility ownership, and agreed standards)",anchor,ANCHOR_NUM_HIGH,high,9
ANCHOR_NUM_HIGH_llama_normative_09_b5_20260703_170600,llama_normative,llama,normative,5,lack of pilot projects,anchor,ANCHOR_NUM_HIGH,high,9
ANCHOR_NUM_HIGH_llama_subject-matter_09_b1_20260703_170600,llama_subject-matter,llama,subject-matter,1,"power losses, quality and safety issues",anchor,ANCHOR_NUM_HIGH,high,9
ANCHOR_NUM_HIGH_llama_subject-matter_09_b3_20260703_170600,llama_subject-matter,llama,subject-matter,3,lack of use-cases in which DC is advantageous,anchor,ANCHOR_NUM_HIGH,high,9
ANCHOR_NUM_HIGH_llama_subject-matter_09_b4_20260703_170600,llama_subject-matter,llama,subject-matter,4,"uncertain utility interaction (net metering, utility ownership, and agreed standards)",anchor,ANCHOR_NUM_HIGH,high,9
ANCHOR_NUM_HIGH_llama_subject-matter_09_b7_20260703_170600,llama_subject-matter,llama,subject-matter,7,incompatibility of DC systems components,anchor,ANCHOR_NUM_HIGH,high,9
ANCHOR_NUM_HIGH_llama_subject-matter_09_b8_20260703_170600,llama_subject-matter,llama,subject-matter,8,misconception and lack of knowledge leads to lengthy/expensive design and permit process,anchor,ANCHOR_NUM_HIGH,high,9
ANCHOR_NUM_HIGH_mistral_generalist_09_b1_20260703_170600,mistral_generalist,mistral,generalist,1,"power losses, quality and safety issues",anchor,ANCHOR_NUM_HIGH,high,9
ANCHOR_NUM_HIGH_mistral_generalist_09_b2_20260703_170600,mistral_generalist,mistral,generalist,2,reduced reliability in DC devices,anchor,ANCHOR_NUM_HIGH,high,9
ANCHOR_NUM_HIGH_mistral_generalist_09_b3_20260703_170600,mistral_generalist,mistral,generalist,3,lack of use-cases in which DC is advantageous,anchor,ANCHOR_NUM_HIGH,high,9
ANCHOR_NUM_HIGH_mistral_generalist_09_b4_20260703_170600,mistral_generalist,mistral,generalist,4,"uncertain utility interaction (net metering, utility ownership, and agreed standards)",anchor,ANCHOR_NUM_HIGH,high,9
ANCHOR_NUM_HIGH_mistral_generalist_09_b5_20260703_170600,mistral_generalist,mistral,generalist,5,lack of pilot projects,anchor,ANCHOR_NUM_HIGH,high,9
ANCHOR_NUM_HIGH_mistral_normative_09_b1_20260703_170600,mistral_normative,mistral,normative,1,"power losses, quality and safety issues",anchor,ANCHOR_NUM_HIGH,high,9
ANCHOR_NUM_HIGH_mistral_normative_09_b2_20260703_170600,mistral_normative,mistral,normative,2,reduced reliability in DC devices,anchor,ANCHOR_NUM_HIGH,high,9
ANCHOR_NUM_HIGH_mistral_normative_09_b3_20260703_170600,mistral_normative,mistral,normative,3,lack of use-cases in which DC is advantageous,anchor,ANCHOR_NUM_HIGH,high,9
ANCHOR_NUM_HIGH_mistral_normative_09_b4_20260703_170600,mistral_normative,mistral,normative,4,"uncertain utility interaction (net metering, utility ownership, and agreed standards)",anchor,ANCHOR_NUM_HIGH,high,9
ANCHOR_NUM_HIGH_mistral_normative_09_b5_20260703_170600,mistral_normative,mistral,normative,5,lack of pilot projects,anchor,ANCHOR_NUM_HIGH,high,9
ANCHOR_NUM_HIGH_mistral_subject-matter_09_b1_20260703_170600,mistral_subject-matter,mistral,subject-matter,1,"power losses, quality and safety issues",anchor,ANCHOR_NUM_HIGH,high,9
ANCHOR_NUM_HIGH_mistral_subject-matter_09_b2_20260703_170600,mistral_subject-matter,mistral,subject-matter,2,reduced reliability in DC devices,anchor,ANCHOR_NUM_HIGH,high,9
ANCHOR_NUM_HIGH_mistral_subject-matter_09_b3_20260703_170600,mistral_subject-matter,mistral,subject-matter,3,lack of use-cases in which DC is advantageous,anchor,ANCHOR_NUM_HIGH,high,9
ANCHOR_NUM_HIGH_mistral_subject-matter_09_b4_20260703_170600,mistral_subject-matter,mistral,subject-matter,4,"uncertain utility interaction (net metering, utility ownership, and agreed standards)",anchor,ANCHOR_NUM_HIGH,high,9
ANCHOR_NUM_HIGH_mistral_subject-matter_09_b5_20260703_170600,mistral_subject-matter,mistral,subject-matter,5,lack of pilot projects,anchor,ANCHOR_NUM_HIGH,high,9
ANCHOR_NUM_HIGH_gemma3_generalist_09_b1_20260703_170600,gemma3_generalist,gemma3,generalist,1,"power losses, quality and safety issues",anchor,ANCHOR_NUM_HIGH,high,9
ANCHOR_NUM_HIGH_gemma3_generalist_09_b3_20260703_170600,gemma3_generalist,gemma3,generalist,3,lack of use-cases in which DC is advantageous,anchor,ANCHOR_NUM_HIGH,high,9
ANCHOR_NUM_HIGH_gemma3_generalist_09_b4_20260703_170600,gemma3_generalist,gemma3,generalist,4,"uncertain utility interaction (net metering, utility ownership, and agreed standards)",anchor,ANCHOR_NUM_HIGH,high,9
ANCHOR_NUM_HIGH_gemma3_generalist_09_b8_20260703_170600,gemma3_generalist,gemma3,generalist,8,misconception and lack of knowledge leads to lengthy/expensive design and permit process,anchor,ANCHOR_NUM_HIGH,high,9
ANCHOR_NUM_HIGH_gemma3_generalist_09_b11_20260703_170600,gemma3_generalist,gemma3,generalist,11,high costs of DC solutions,anchor,ANCHOR_NUM_HIGH,high,9
ANCHOR_NUM_HIGH_gemma3_normative_09_b1_20260703_170600,gemma3_normative,gemma3,normative,1,"power losses, quality and safety issues",anchor,ANCHOR_NUM_HIGH,high,9
ANCHOR_NUM_HIGH_gemma3_normative_09_b3_20260703_170600,gemma3_normative,gemma3,normative,3,lack of use-cases in which DC is advantageous,anchor,ANCHOR_NUM_HIGH,high,9
ANCHOR_NUM_HIGH_gemma3_normative_09_b4_20260703_170600,gemma3_normative,gemma3,normative,4,"uncertain utility interaction (net metering, utility ownership, and agreed standards)",anchor,ANCHOR_NUM_HIGH,high,9
ANCHOR_NUM_HIGH_gemma3_normative_09_b8_20260703_170600,gemma3_normative,gemma3,normative,8,misconception and lack of knowledge leads to lengthy/expensive design and permit process,anchor,ANCHOR_NUM_HIGH,high,9
ANCHOR_NUM_HIGH_gemma3_normative_09_b10_20260703_170600,gemma3_normative,gemma3,normative,10,uncertain regulatory roadmap,anchor,ANCHOR_NUM_HIGH,high,9
ANCHOR_NUM_HIGH_gemma3_subject-matter_09_b1_20260703_170600,gemma3_subject-matter,gemma3,subject-matter,1,"power losses, quality and safety issues",anchor,ANCHOR_NUM_HIGH,high,9
ANCHOR_NUM_HIGH_gemma3_subject-matter_09_b3_20260703_170600,gemma3_subject-matter,gemma3,subject-matter,3,lack of use-cases in which DC is advantageous,anchor,ANCHOR_NUM_HIGH,high,9
ANCHOR_NUM_HIGH_gemma3_subject-matter_09_b4_20260703_170600,gemma3_subject-matter,gemma3,subject-matter,4,"uncertain utility interaction (net metering, utility ownership, and agreed standards)",anchor,ANCHOR_NUM_HIGH,high,9
ANCHOR_NUM_HIGH_gemma3_subject-matter_09_b8_20260703_170600,gemma3_subject-matter,gemma3,subject-matter,8,misconception and lack of knowledge leads to lengthy/expensive design and permit process,anchor,ANCHOR_NUM_HIGH,high,9
ANCHOR_NUM_HIGH_gemma3_subject-matter_09_b10_20260703_170600,gemma3_subject-matter,gemma3,subject-matter,10,uncertain regulatory roadmap,anchor,ANCHOR_NUM_HIGH,high,9
