row_id,base_model,variant_id,model,barrier_id,model_barrier_id,official_label,model_label,label_status,barrier_id_status,is_hallucinated,iteration,timestamp,truncated
generalist_llama_00_b1,llama,generalist_llama,generalist,1,1,"power losses, quality and safety issues","Power losses, quality, and safety issues",matched,correct_id,False,0,20260701_000426,no
generalist_llama_00_b2,llama,generalist_llama,generalist,2,2,reduced reliability in DC devices,Reduced reliability in DC devices,matched,correct_id,False,0,20260701_000426,no
generalist_llama_00_b3,llama,generalist_llama,generalist,3,3,lack of use-cases in which DC is advantageous,Lack of use-cases in which DC is advantageous,matched,correct_id,False,0,20260701_000426,no
generalist_llama_00_b4,llama,generalist_llama,generalist,4,4,"uncertain utility interaction (net metering, utility ownership, and agreed standards)","Uncertain utility interaction (net metering, utility ownership, and agreed standards)",matched,correct_id,False,0,20260701_000426,no
generalist_llama_00_b5,llama,generalist_llama,generalist,5,5,lack of pilot projects,Lack of pilot projects,matched,correct_id,False,0,20260701_000426,no
normative_llama_00_b1,llama,normative_llama,normative,1,1,"power losses, quality and safety issues","power losses, quality and safety issues",matched,correct_id,False,0,20260701_000426,no
normative_llama_00_b2,llama,normative_llama,normative,2,2,reduced reliability in DC devices,reduced reliability in DC devices,matched,correct_id,False,0,20260701_000426,no
normative_llama_00_b4,llama,normative_llama,normative,4,3,"uncertain utility interaction (net metering, utility ownership, and agreed standards)","uncertain utility interaction (net metering, utility ownership, and agreed standards)",matched,corrected_from_label,False,0,20260701_000426,no
normative_llama_00_b3,llama,normative_llama,normative,3,4,lack of use-cases in which DC is advantageous,lack of use-cases in which DC is advantageous,matched,corrected_from_label,False,0,20260701_000426,no
normative_llama_00_b6,llama,normative_llama,normative,6,5,public perception of DC and readiness to 'champion' installations from DC projects,public perception of DC and readiness to 'champion' installations from DC projects,matched,corrected_from_label,False,0,20260701_000426,no
subject-matter_llama_00_b1,llama,subject-matter_llama,subject-matter,1,1,"power losses, quality and safety issues","Power losses, quality, and safety issues",matched,correct_id,False,0,20260701_000426,no
subject-matter_llama_00_b2,llama,subject-matter_llama,subject-matter,2,2,reduced reliability in DC devices,Reduced reliability in DC devices,matched,correct_id,False,0,20260701_000426,no
subject-matter_llama_00_b3,llama,subject-matter_llama,subject-matter,3,3,lack of use-cases in which DC is advantageous,Lack of use-cases in which DC is advantageous,matched,correct_id,False,0,20260701_000426,no
subject-matter_llama_00_b4,llama,subject-matter_llama,subject-matter,4,4,"uncertain utility interaction (net metering, utility ownership, and agreed standards)","Uncertain utility interaction (net metering, utility ownership, and agreed standards)",matched,correct_id,False,0,20260701_000426,no
subject-matter_llama_00_b11,llama,subject-matter_llama,subject-matter,11,5,high costs of DC solutions,High costs of DC solutions,matched,corrected_from_label,False,0,20260701_000426,no
generalist_mistral_00_b1,mistral,generalist_mistral,generalist,1,1,"power losses, quality and safety issues","Power losses, quality, and safety issues",matched,correct_id,False,0,20260701_000426,no
generalist_mistral_00_b2,mistral,generalist_mistral,generalist,2,2,reduced reliability in DC devices,Reduced reliability in DC devices,matched,correct_id,False,0,20260701_000426,no
generalist_mistral_00_b3,mistral,generalist_mistral,generalist,3,3,lack of use-cases in which DC is advantageous,Lack of use-cases in which DC is advantageous,matched,correct_id,False,0,20260701_000426,no
generalist_mistral_00_b4,mistral,generalist_mistral,generalist,4,4,"uncertain utility interaction (net metering, utility ownership, and agreed standards)","Uncertain utility interaction (net metering, utility ownership, and agreed standards)",matched,correct_id,False,0,20260701_000426,no
generalist_mistral_00_b5,mistral,generalist_mistral,generalist,5,5,lack of pilot projects,Lack of pilot projects,matched,correct_id,False,0,20260701_000426,no
normative_mistral_00_b1,mistral,normative_mistral,normative,1,1,"power losses, quality and safety issues","power losses, quality, and safety issues",matched,correct_id,False,0,20260701_000426,no
normative_mistral_00_b2,mistral,normative_mistral,normative,2,2,reduced reliability in DC devices,reduced reliability in DC devices,matched,correct_id,False,0,20260701_000426,no
normative_mistral_00_b4,mistral,normative_mistral,normative,4,3,"uncertain utility interaction (net metering, utility ownership, and agreed standards)","uncertain utility interaction (net metering, utility ownership, and agreed standards)",matched,corrected_from_label,False,0,20260701_000426,no
normative_mistral_00_b5,mistral,normative_mistral,normative,5,4,lack of pilot projects,lack of pilot projects,matched,corrected_from_label,False,0,20260701_000426,no
normative_mistral_00_b11,mistral,normative_mistral,normative,11,5,high costs of DC solutions,high costs of DC solutions,matched,corrected_from_label,False,0,20260701_000426,no
subject-matter_mistral_00_b1,mistral,subject-matter_mistral,subject-matter,1,1,"power losses, quality and safety issues","power losses, quality and safety issues",matched,correct_id,False,0,20260701_000426,no
subject-matter_mistral_00_b2,mistral,subject-matter_mistral,subject-matter,2,2,reduced reliability in DC devices,reduced reliability in DC devices,matched,correct_id,False,0,20260701_000426,no
subject-matter_mistral_00_b3,mistral,subject-matter_mistral,subject-matter,3,3,lack of use-cases in which DC is advantageous,lack of use-cases in which DC is advantageous,matched,correct_id,False,0,20260701_000426,no
subject-matter_mistral_00_b4,mistral,subject-matter_mistral,subject-matter,4,4,"uncertain utility interaction (net metering, utility ownership, and agreed standards)","uncertain utility interaction (net metering, utility ownership, and agreed standards)",matched,correct_id,False,0,20260701_000426,no
subject-matter_mistral_00_b5,mistral,subject-matter_mistral,subject-matter,5,5,lack of pilot projects,lack of pilot projects,matched,correct_id,False,0,20260701_000426,no
generalist_gemma3_00_b1,gemma3,generalist_gemma3,generalist,1,1,"power losses, quality and safety issues","power losses, quality and safety issues",matched,correct_id,False,0,20260701_000426,no
generalist_gemma3_00_b3,gemma3,generalist_gemma3,generalist,3,3,lack of use-cases in which DC is advantageous,lack of use-cases in which DC is advantageous,matched,correct_id,False,0,20260701_000426,no
generalist_gemma3_00_b4,gemma3,generalist_gemma3,generalist,4,4,"uncertain utility interaction (net metering, utility ownership, and agreed standards)","uncertain utility interaction (net metering, utility ownership, and agreed standards)",matched,correct_id,False,0,20260701_000426,no
generalist_gemma3_00_b8,gemma3,generalist_gemma3,generalist,8,8,misconception and lack of knowledge leads to lengthy/expensive design and permit process,misconception and lack of knowledge leads to lengthy/expensive design and permit process,matched,correct_id,False,0,20260701_000426,no
generalist_gemma3_00_b11,gemma3,generalist_gemma3,generalist,11,11,high costs of DC solutions,high costs of DC solutions,matched,correct_id,False,0,20260701_000426,no
normative_gemma3_00_b1,gemma3,normative_gemma3,normative,1,1,"power losses, quality and safety issues","power losses, quality and safety issues",matched,correct_id,False,0,20260701_000426,no
normative_gemma3_00_b4,gemma3,normative_gemma3,normative,4,4,"uncertain utility interaction (net metering, utility ownership, and agreed standards)","uncertain utility interaction (net metering, utility ownership, and agreed standards)",matched,correct_id,False,0,20260701_000426,no
normative_gemma3_00_b7,gemma3,normative_gemma3,normative,7,7,incompatibility of DC systems components,incompatibility of DC systems components,matched,correct_id,False,0,20260701_000426,no
normative_gemma3_00_b8,gemma3,normative_gemma3,normative,8,8,misconception and lack of knowledge leads to lengthy/expensive design and permit process,misconception and lack of knowledge leads to lengthy/expensive design and permit process,matched,correct_id,False,0,20260701_000426,no
normative_gemma3_00_b11,gemma3,normative_gemma3,normative,11,11,high costs of DC solutions,high costs of DC solutions,matched,correct_id,False,0,20260701_000426,no
subject-matter_gemma3_00_b1,gemma3,subject-matter_gemma3,subject-matter,1,1,"power losses, quality and safety issues","power losses, quality and safety issues",matched,correct_id,False,0,20260701_000426,no
subject-matter_gemma3_00_b4,gemma3,subject-matter_gemma3,subject-matter,4,2,"uncertain utility interaction (net metering, utility ownership, and agreed standards)","uncertain utility interaction (net metering, utility ownership, and agreed standards)",matched,corrected_from_label,False,0,20260701_000426,no
subject-matter_gemma3_00_b8,gemma3,subject-matter_gemma3,subject-matter,8,3,misconception and lack of knowledge leads to lengthy/expensive design and permit process,misconception and lack of knowledge leads to lengthy/expensive design and permit process,matched,corrected_from_label,False,0,20260701_000426,no
subject-matter_gemma3_00_b10,gemma3,subject-matter_gemma3,subject-matter,10,4,uncertain regulatory roadmap,uncertain regulatory roadmap,matched,corrected_from_label,False,0,20260701_000426,no
subject-matter_gemma3_00_b11,gemma3,subject-matter_gemma3,subject-matter,11,5,high costs of DC solutions,high costs of DC solutions,matched,corrected_from_label,False,0,20260701_000426,no
generalist_phi4_00_b1,phi4,generalist_phi4,generalist,1,1,"power losses, quality and safety issues","power losses, quality and safety issues",matched,correct_id,False,0,20260701_000426,no
generalist_phi4_00_b2,phi4,generalist_phi4,generalist,2,2,reduced reliability in DC devices,reduced reliability in DC devices,matched,correct_id,False,0,20260701_000426,no
generalist_phi4_00_b3,phi4,generalist_phi4,generalist,3,3,lack of use-cases in which DC is advantageous,lack of use-cases in which DC is advantageous,matched,correct_id,False,0,20260701_000426,no
generalist_phi4_00_b4,phi4,generalist_phi4,generalist,4,4,"uncertain utility interaction (net metering, utility ownership, and agreed standards)","uncertain utility interaction (net metering, utility ownership, and agreed standards)",matched,correct_id,False,0,20260701_000426,no
generalist_phi4_00_b5,phi4,generalist_phi4,generalist,5,5,lack of pilot projects,lack of pilot projects,matched,correct_id,False,0,20260701_000426,no
normative_phi4_00_b1,phi4,normative_phi4,normative,1,1,"power losses, quality and safety issues","power losses, quality and safety issues",matched,correct_id,False,0,20260701_000426,no
normative_phi4_00_b2,phi4,normative_phi4,normative,2,2,reduced reliability in DC devices,reduced reliability in DC devices,matched,correct_id,False,0,20260701_000426,no
normative_phi4_00_b3,phi4,normative_phi4,normative,3,3,lack of use-cases in which DC is advantageous,lack of use-cases in which DC is advantageous,matched,correct_id,False,0,20260701_000426,no
normative_phi4_00_b4,phi4,normative_phi4,normative,4,4,"uncertain utility interaction (net metering, utility ownership, and agreed standards)","uncertain utility interaction (net metering, utility ownership, and agreed standards)",matched,correct_id,False,0,20260701_000426,no
normative_phi4_00_b10,phi4,normative_phi4,normative,10,5,uncertain regulatory roadmap,uncertain regulatory roadmap,matched,corrected_from_label,False,0,20260701_000426,no
subject-matter_phi4_00_b1,phi4,subject-matter_phi4,subject-matter,1,1,"power losses, quality and safety issues","power losses, quality and safety issues",matched,correct_id,False,0,20260701_000426,no
subject-matter_phi4_00_b3,phi4,subject-matter_phi4,subject-matter,3,3,lack of use-cases in which DC is advantageous,lack of use-cases in which DC is advantageous,matched,correct_id,False,0,20260701_000426,no
subject-matter_phi4_00_b4,phi4,subject-matter_phi4,subject-matter,4,4,"uncertain utility interaction (net metering, utility ownership, and agreed standards)","uncertain utility interaction (net metering, utility ownership, and agreed standards)",matched,correct_id,False,0,20260701_000426,no
subject-matter_phi4_00_b5,phi4,subject-matter_phi4,subject-matter,5,5,lack of pilot projects,lack of pilot projects,matched,correct_id,False,0,20260701_000426,no
subject-matter_phi4_00_b10,phi4,subject-matter_phi4,subject-matter,10,10,uncertain regulatory roadmap,uncertain regulatory roadmap,matched,correct_id,False,0,20260701_000426,no
generalist_llama_01_b1,llama,generalist_llama,generalist,1,1,"power losses, quality and safety issues","Power losses, quality, and safety issues",matched,correct_id,False,1,20260701_000823,no
generalist_llama_01_b2,llama,generalist_llama,generalist,2,2,reduced reliability in DC devices,Reduced reliability in DC devices,matched,correct_id,False,1,20260701_000823,no
generalist_llama_01_b3,llama,generalist_llama,generalist,3,3,lack of use-cases in which DC is advantageous,Lack of use-cases in which DC is advantageous,matched,correct_id,False,1,20260701_000823,no
generalist_llama_01_b4,llama,generalist_llama,generalist,4,4,"uncertain utility interaction (net metering, utility ownership, and agreed standards)","Uncertain utility interaction (net metering, utility ownership, and agreed standards)",matched,correct_id,False,1,20260701_000823,no
generalist_llama_01_b5,llama,generalist_llama,generalist,5,5,lack of pilot projects,Lack of pilot projects,matched,correct_id,False,1,20260701_000823,no
normative_llama_01_b1,llama,normative_llama,normative,1,1,"power losses, quality and safety issues","Power losses, quality, and safety issues",matched,correct_id,False,1,20260701_000823,no
normative_llama_01_b2,llama,normative_llama,normative,2,2,reduced reliability in DC devices,Reduced reliability in DC devices,matched,correct_id,False,1,20260701_000823,no
normative_llama_01_b3,llama,normative_llama,normative,3,3,lack of use-cases in which DC is advantageous,Lack of use-cases in which DC is advantageous,matched,correct_id,False,1,20260701_000823,no
normative_llama_01_b4,llama,normative_llama,normative,4,4,"uncertain utility interaction (net metering, utility ownership, and agreed standards)","Uncertain utility interaction (net metering, utility ownership, and agreed standards)",matched,correct_id,False,1,20260701_000823,no
normative_llama_01_b5,llama,normative_llama,normative,5,5,lack of pilot projects,Lack of pilot projects,matched,correct_id,False,1,20260701_000823,no
subject-matter_llama_01_b1,llama,subject-matter_llama,subject-matter,1,1,"power losses, quality and safety issues","Power losses, quality, and safety issues",matched,correct_id,False,1,20260701_000823,no
subject-matter_llama_01_b2,llama,subject-matter_llama,subject-matter,2,2,reduced reliability in DC devices,Reduced reliability in DC devices,matched,correct_id,False,1,20260701_000823,no
subject-matter_llama_01_b3,llama,subject-matter_llama,subject-matter,3,3,lack of use-cases in which DC is advantageous,Lack of use-cases in which DC is advantageous,matched,correct_id,False,1,20260701_000823,no
subject-matter_llama_01_b4,llama,subject-matter_llama,subject-matter,4,4,"uncertain utility interaction (net metering, utility ownership, and agreed standards)","Uncertain utility interaction (net metering, utility ownership, and agreed standards)",matched,correct_id,False,1,20260701_000823,no
subject-matter_llama_01_b5,llama,subject-matter_llama,subject-matter,5,5,lack of pilot projects,Lack of pilot projects,matched,correct_id,False,1,20260701_000823,no
generalist_mistral_01_b1,mistral,generalist_mistral,generalist,1,1,"power losses, quality and safety issues","power losses, quality, and safety issues",matched,correct_id,False,1,20260701_000823,no
generalist_mistral_01_b2,mistral,generalist_mistral,generalist,2,2,reduced reliability in DC devices,reduced reliability in DC devices,matched,correct_id,False,1,20260701_000823,no
generalist_mistral_01_b3,mistral,generalist_mistral,generalist,3,3,lack of use-cases in which DC is advantageous,lack of use-cases in which DC is advantageous,matched,correct_id,False,1,20260701_000823,no
generalist_mistral_01_b4,mistral,generalist_mistral,generalist,4,4,"uncertain utility interaction (net metering, utility ownership, and agreed standards)","uncertain utility interaction (net metering, utility ownership, and agreed standards)",matched,correct_id,False,1,20260701_000823,no
generalist_mistral_01_b5,mistral,generalist_mistral,generalist,5,5,lack of pilot projects,lack of pilot projects,matched,correct_id,False,1,20260701_000823,no
normative_mistral_01_b1,mistral,normative_mistral,normative,1,1,"power losses, quality and safety issues","power losses, quality and safety issues",matched,correct_id,False,1,20260701_000823,no
normative_mistral_01_b2,mistral,normative_mistral,normative,2,2,reduced reliability in DC devices,reduced reliability in DC devices,matched,correct_id,False,1,20260701_000823,no
normative_mistral_01_b3,mistral,normative_mistral,normative,3,3,lack of use-cases in which DC is advantageous,lack of use-cases in which DC is advantageous,matched,correct_id,False,1,20260701_000823,no
normative_mistral_01_b4,mistral,normative_mistral,normative,4,4,"uncertain utility interaction (net metering, utility ownership, and agreed standards)","uncertain utility interaction (net metering, utility ownership, and agreed standards)",matched,correct_id,False,1,20260701_000823,no
normative_mistral_01_b5,mistral,normative_mistral,normative,5,5,lack of pilot projects,lack of pilot projects,matched,correct_id,False,1,20260701_000823,no
subject-matter_mistral_01_b1,mistral,subject-matter_mistral,subject-matter,1,1,"power losses, quality and safety issues","power losses, quality and safety issues",matched,correct_id,False,1,20260701_000823,no
subject-matter_mistral_01_b2,mistral,subject-matter_mistral,subject-matter,2,2,reduced reliability in DC devices,reduced reliability in DC devices,matched,correct_id,False,1,20260701_000823,no
subject-matter_mistral_01_b4,mistral,subject-matter_mistral,subject-matter,4,3,"uncertain utility interaction (net metering, utility ownership, and agreed standards)","uncertain utility interaction (net metering, utility ownership, and agreed standards)",matched,corrected_from_label,False,1,20260701_000823,no
subject-matter_mistral_01_b5,mistral,subject-matter_mistral,subject-matter,5,4,lack of pilot projects,lack of pilot projects,matched,corrected_from_label,False,1,20260701_000823,no
subject-matter_mistral_01_b7,mistral,subject-matter_mistral,subject-matter,7,5,incompatibility of DC systems components,incompatibility of DC systems components,matched,corrected_from_label,False,1,20260701_000823,no
generalist_gemma3_01_b1,gemma3,generalist_gemma3,generalist,1,1,"power losses, quality and safety issues","power losses, quality and safety issues",matched,correct_id,False,1,20260701_000823,no
generalist_gemma3_01_b5,gemma3,generalist_gemma3,generalist,5,2,lack of pilot projects,lack of pilot projects,matched,corrected_from_label,False,1,20260701_000823,no
generalist_gemma3_01_b6,gemma3,generalist_gemma3,generalist,6,3,public perception of DC and readiness to 'champion' installations from DC projects,public perception of DC and readiness to 'champion' installations from DC projects,matched,corrected_from_label,False,1,20260701_000823,no
generalist_gemma3_01_b8,gemma3,generalist_gemma3,generalist,8,4,misconception and lack of knowledge leads to lengthy/expensive design and permit process,misconception and lack of knowledge leads to lengthy/expensive design and permit process,matched,corrected_from_label,False,1,20260701_000823,no
generalist_gemma3_01_b10,gemma3,generalist_gemma3,generalist,10,5,uncertain regulatory roadmap,uncertain regulatory roadmap,matched,corrected_from_label,False,1,20260701_000823,no
normative_gemma3_01_b1,gemma3,normative_gemma3,normative,1,1,"power losses, quality and safety issues","power losses, quality and safety issues",matched,correct_id,False,1,20260701_000823,no
normative_gemma3_01_b5,gemma3,normative_gemma3,normative,5,2,lack of pilot projects,lack of pilot projects,matched,corrected_from_label,False,1,20260701_000823,no
normative_gemma3_01_b4,gemma3,normative_gemma3,normative,4,3,"uncertain utility interaction (net metering, utility ownership, and agreed standards)","uncertain utility interaction (net metering, utility ownership, and agreed standards)",matched,corrected_from_label,False,1,20260701_000823,no
normative_gemma3_01_b8,gemma3,normative_gemma3,normative,8,4,misconception and lack of knowledge leads to lengthy/expensive design and permit process,misconception and lack of knowledge leads to lengthy/expensive design and permit process,matched,corrected_from_label,False,1,20260701_000823,no
normative_gemma3_01_b10,gemma3,normative_gemma3,normative,10,5,uncertain regulatory roadmap,uncertain regulatory roadmap,matched,corrected_from_label,False,1,20260701_000823,no
subject-matter_gemma3_01_b1,gemma3,subject-matter_gemma3,subject-matter,1,1,"power losses, quality and safety issues","power losses, quality and safety issues",matched,correct_id,False,1,20260701_000823,no
subject-matter_gemma3_01_b5,gemma3,subject-matter_gemma3,subject-matter,5,2,lack of pilot projects,lack of pilot projects,matched,corrected_from_label,False,1,20260701_000823,no
subject-matter_gemma3_01_b4,gemma3,subject-matter_gemma3,subject-matter,4,3,"uncertain utility interaction (net metering, utility ownership, and agreed standards)","uncertain utility interaction (net metering, utility ownership, and agreed standards)",matched,corrected_from_label,False,1,20260701_000823,no
subject-matter_gemma3_01_b8,gemma3,subject-matter_gemma3,subject-matter,8,4,misconception and lack of knowledge leads to lengthy/expensive design and permit process,misconception and lack of knowledge leads to lengthy/expensive design and permit process,matched,corrected_from_label,False,1,20260701_000823,no
subject-matter_gemma3_01_b10,gemma3,subject-matter_gemma3,subject-matter,10,5,uncertain regulatory roadmap,uncertain regulatory roadmap,matched,corrected_from_label,False,1,20260701_000823,no
generalist_phi4_01_b1,phi4,generalist_phi4,generalist,1,1,"power losses, quality and safety issues","power losses, quality and safety issues",matched,correct_id,False,1,20260701_000823,no
generalist_phi4_01_b3,phi4,generalist_phi4,generalist,3,3,lack of use-cases in which DC is advantageous,lack of use-cases in which DC is advantageous,matched,correct_id,False,1,20260701_000823,no
generalist_phi4_01_b4,phi4,generalist_phi4,generalist,4,4,"uncertain utility interaction (net metering, utility ownership, and agreed standards)","uncertain utility interaction (net metering, utility ownership, and agreed standards)",matched,correct_id,False,1,20260701_000823,no
generalist_phi4_01_b5,phi4,generalist_phi4,generalist,5,5,lack of pilot projects,lack of pilot projects,matched,correct_id,False,1,20260701_000823,no
generalist_phi4_01_b10,phi4,generalist_phi4,generalist,10,10,uncertain regulatory roadmap,uncertain regulatory roadmap,matched,correct_id,False,1,20260701_000823,no
normative_phi4_01_b1,phi4,normative_phi4,normative,1,1,"power losses, quality and safety issues","power losses, quality and safety issues",matched,correct_id,False,1,20260701_000823,no
normative_phi4_01_b3,phi4,normative_phi4,normative,3,3,lack of use-cases in which DC is advantageous,lack of use-cases in which DC is advantageous,matched,correct_id,False,1,20260701_000823,no
normative_phi4_01_b4,phi4,normative_phi4,normative,4,4,"uncertain utility interaction (net metering, utility ownership, and agreed standards)","uncertain utility interaction (net metering, utility ownership, and agreed standards)",matched,correct_id,False,1,20260701_000823,no
normative_phi4_01_b5,phi4,normative_phi4,normative,5,5,lack of pilot projects,lack of pilot projects,matched,correct_id,False,1,20260701_000823,no
normative_phi4_01_b10,phi4,normative_phi4,normative,10,10,uncertain regulatory roadmap,uncertain regulatory roadmap,matched,correct_id,False,1,20260701_000823,no
subject-matter_phi4_01_b1,phi4,subject-matter_phi4,subject-matter,1,1,"power losses, quality and safety issues","power losses, quality and safety issues",matched,correct_id,False,1,20260701_000823,no
subject-matter_phi4_01_b3,phi4,subject-matter_phi4,subject-matter,3,3,lack of use-cases in which DC is advantageous,lack of use-cases in which DC is advantageous,matched,correct_id,False,1,20260701_000823,no
subject-matter_phi4_01_b4,phi4,subject-matter_phi4,subject-matter,4,4,"uncertain utility interaction (net metering, utility ownership, and agreed standards)","uncertain utility interaction (net metering, utility ownership, and agreed standards)",matched,correct_id,False,1,20260701_000823,no
subject-matter_phi4_01_b5,phi4,subject-matter_phi4,subject-matter,5,5,lack of pilot projects,lack of pilot projects,matched,correct_id,False,1,20260701_000823,no
subject-matter_phi4_01_b10,phi4,subject-matter_phi4,subject-matter,10,10,uncertain regulatory roadmap,uncertain regulatory roadmap,matched,correct_id,False,1,20260701_000823,no
generalist_llama_02_b1,llama,generalist_llama,generalist,1,1,"power losses, quality and safety issues","power losses, quality and safety issues",matched,correct_id,False,2,20260701_001021,no
generalist_llama_02_b2,llama,generalist_llama,generalist,2,2,reduced reliability in DC devices,reduced reliability in DC devices,matched,correct_id,False,2,20260701_001021,no
generalist_llama_02_b3,llama,generalist_llama,generalist,3,3,lack of use-cases in which DC is advantageous,lack of use-cases in which DC is advantageous,matched,correct_id,False,2,20260701_001021,no
generalist_llama_02_b4,llama,generalist_llama,generalist,4,4,"uncertain utility interaction (net metering, utility ownership, and agreed standards)","uncertain utility interaction (net metering, utility ownership, and agreed standards)",matched,correct_id,False,2,20260701_001021,no
generalist_llama_02_b5,llama,generalist_llama,generalist,5,5,lack of pilot projects,lack of pilot projects,matched,correct_id,False,2,20260701_001021,no
normative_llama_02_b1,llama,normative_llama,normative,1,1,"power losses, quality and safety issues","Power losses, quality and safety issues",matched,correct_id,False,2,20260701_001021,no
normative_llama_02_b2,llama,normative_llama,normative,2,2,reduced reliability in DC devices,Reduced reliability in DC devices,matched,correct_id,False,2,20260701_001021,no
normative_llama_02_b3,llama,normative_llama,normative,3,3,lack of use-cases in which DC is advantageous,Lack of use-cases in which DC is advantageous,matched,correct_id,False,2,20260701_001021,no
normative_llama_02_b4,llama,normative_llama,normative,4,4,"uncertain utility interaction (net metering, utility ownership, and agreed standards)","Uncertain utility interaction (net metering, utility ownership, and agreed standards)",matched,correct_id,False,2,20260701_001021,no
normative_llama_02_b5,llama,normative_llama,normative,5,5,lack of pilot projects,Lack of pilot projects,matched,correct_id,False,2,20260701_001021,no
subject-matter_llama_02_b1,llama,subject-matter_llama,subject-matter,1,1,"power losses, quality and safety issues","Power losses, quality, and safety issues",matched,correct_id,False,2,20260701_001021,no
subject-matter_llama_02_b2,llama,subject-matter_llama,subject-matter,2,2,reduced reliability in DC devices,Reduced reliability in DC devices,matched,correct_id,False,2,20260701_001021,no
subject-matter_llama_02_b3,llama,subject-matter_llama,subject-matter,3,3,lack of use-cases in which DC is advantageous,Lack of use-cases in which DC is advantageous,matched,correct_id,False,2,20260701_001021,no
subject-matter_llama_02_b4,llama,subject-matter_llama,subject-matter,4,4,"uncertain utility interaction (net metering, utility ownership, and agreed standards)","Uncertain utility interaction (net metering, utility ownership, and agreed standards)",matched,correct_id,False,2,20260701_001021,no
subject-matter_llama_02_b5,llama,subject-matter_llama,subject-matter,5,5,lack of pilot projects,Lack of pilot projects,matched,correct_id,False,2,20260701_001021,no
generalist_mistral_02_b1,mistral,generalist_mistral,generalist,1,1,"power losses, quality and safety issues","power losses, quality, and safety issues",matched,correct_id,False,2,20260701_001021,no
generalist_mistral_02_b2,mistral,generalist_mistral,generalist,2,2,reduced reliability in DC devices,reduced reliability in DC devices,matched,correct_id,False,2,20260701_001021,no
generalist_mistral_02_b4,mistral,generalist_mistral,generalist,4,3,"uncertain utility interaction (net metering, utility ownership, and agreed standards)","uncertain utility interaction (net metering, utility ownership, and agreed standards)",matched,corrected_from_label,False,2,20260701_001021,no
generalist_mistral_02_b5,mistral,generalist_mistral,generalist,5,4,lack of pilot projects,lack of pilot projects,matched,corrected_from_label,False,2,20260701_001021,no
generalist_mistral_02_b11,mistral,generalist_mistral,generalist,11,5,high costs of DC solutions,high costs of DC solutions,matched,corrected_from_label,False,2,20260701_001021,no
normative_mistral_02_b1,mistral,normative_mistral,normative,1,1,"power losses, quality and safety issues","power losses, quality and safety issues",matched,correct_id,False,2,20260701_001021,no
normative_mistral_02_b2,mistral,normative_mistral,normative,2,2,reduced reliability in DC devices,reduced reliability in DC devices,matched,correct_id,False,2,20260701_001021,no
normative_mistral_02_b3,mistral,normative_mistral,normative,3,3,lack of use-cases in which DC is advantageous,lack of use-cases in which DC is advantageous,matched,correct_id,False,2,20260701_001021,no
normative_mistral_02_b4,mistral,normative_mistral,normative,4,4,"uncertain utility interaction (net metering, utility ownership, and agreed standards)","uncertain utility interaction (net metering, utility ownership, and agreed standards)",matched,correct_id,False,2,20260701_001021,no
normative_mistral_02_b5,mistral,normative_mistral,normative,5,5,lack of pilot projects,lack of pilot projects,matched,correct_id,False,2,20260701_001021,no
subject-matter_mistral_02_b1,mistral,subject-matter_mistral,subject-matter,1,1,"power losses, quality and safety issues","power losses, quality and safety issues",matched,correct_id,False,2,20260701_001021,no
subject-matter_mistral_02_b2,mistral,subject-matter_mistral,subject-matter,2,2,reduced reliability in DC devices,reduced reliability in DC devices,matched,correct_id,False,2,20260701_001021,no
subject-matter_mistral_02_b3,mistral,subject-matter_mistral,subject-matter,3,3,lack of use-cases in which DC is advantageous,lack of use-cases in which DC is advantageous,matched,correct_id,False,2,20260701_001021,no
subject-matter_mistral_02_b4,mistral,subject-matter_mistral,subject-matter,4,4,"uncertain utility interaction (net metering, utility ownership, and agreed standards)","uncertain utility interaction (net metering, utility ownership, and agreed standards)",matched,correct_id,False,2,20260701_001021,no
subject-matter_mistral_02_b5,mistral,subject-matter_mistral,subject-matter,5,5,lack of pilot projects,lack of pilot projects,matched,correct_id,False,2,20260701_001021,no
generalist_gemma3_02_b1,gemma3,generalist_gemma3,generalist,1,1,"power losses, quality and safety issues","power losses, quality and safety issues",matched,correct_id,False,2,20260701_001021,no
generalist_gemma3_02_b5,gemma3,generalist_gemma3,generalist,5,2,lack of pilot projects,lack of pilot projects,matched,corrected_from_label,False,2,20260701_001021,no
generalist_gemma3_02_b6,gemma3,generalist_gemma3,generalist,6,3,public perception of DC and readiness to 'champion' installations from DC projects,public perception of DC and readiness to 'champion' installations from DC projects,matched,corrected_from_label,False,2,20260701_001021,no
generalist_gemma3_02_b8,gemma3,generalist_gemma3,generalist,8,4,misconception and lack of knowledge leads to lengthy/expensive design and permit process,misconception and lack of knowledge leads to lengthy/expensive design and permit process,matched,corrected_from_label,False,2,20260701_001021,no
generalist_gemma3_02_b10,gemma3,generalist_gemma3,generalist,10,5,uncertain regulatory roadmap,uncertain regulatory roadmap,matched,corrected_from_label,False,2,20260701_001021,no
normative_gemma3_02_b1,gemma3,normative_gemma3,normative,1,1,"power losses, quality and safety issues","power losses, quality and safety issues",matched,correct_id,False,2,20260701_001021,no
normative_gemma3_02_b4,gemma3,normative_gemma3,normative,4,2,"uncertain utility interaction (net metering, utility ownership, and agreed standards)","uncertain utility interaction (net metering, utility ownership, and agreed standards)",matched,corrected_from_label,False,2,20260701_001021,no
normative_gemma3_02_b5,gemma3,normative_gemma3,normative,5,3,lack of pilot projects,lack of pilot projects,matched,corrected_from_label,False,2,20260701_001021,no
normative_gemma3_02_b8,gemma3,normative_gemma3,normative,8,4,misconception and lack of knowledge leads to lengthy/expensive design and permit process,misconception and lack of knowledge leads to lengthy/expensive design and permit process,matched,corrected_from_label,False,2,20260701_001021,no
normative_gemma3_02_b10,gemma3,normative_gemma3,normative,10,5,uncertain regulatory roadmap,uncertain regulatory roadmap,matched,corrected_from_label,False,2,20260701_001021,no
subject-matter_gemma3_02_b1,gemma3,subject-matter_gemma3,subject-matter,1,1,"power losses, quality and safety issues","power losses, quality and safety issues",matched,correct_id,False,2,20260701_001021,no
subject-matter_gemma3_02_b3,gemma3,subject-matter_gemma3,subject-matter,3,2,lack of use-cases in which DC is advantageous,lack of use-cases in which DC is advantageous,matched,corrected_from_label,False,2,20260701_001021,no
subject-matter_gemma3_02_b4,gemma3,subject-matter_gemma3,subject-matter,4,3,"uncertain utility interaction (net metering, utility ownership, and agreed standards)","uncertain utility interaction (net metering, utility ownership, and agreed standards)",matched,corrected_from_label,False,2,20260701_001021,no
subject-matter_gemma3_02_b8,gemma3,subject-matter_gemma3,subject-matter,8,4,misconception and lack of knowledge leads to lengthy/expensive design and permit process,misconception and lack of knowledge leads to lengthy/expensive design and permit process,matched,corrected_from_label,False,2,20260701_001021,no
subject-matter_gemma3_02_b10,gemma3,subject-matter_gemma3,subject-matter,10,5,uncertain regulatory roadmap,uncertain regulatory roadmap,matched,corrected_from_label,False,2,20260701_001021,no
generalist_phi4_02_b1,phi4,generalist_phi4,generalist,1,1,"power losses, quality and safety issues","power losses, quality and safety issues",matched,correct_id,False,2,20260701_001021,no
generalist_phi4_02_b3,phi4,generalist_phi4,generalist,3,3,lack of use-cases in which DC is advantageous,lack of use-cases in which DC is advantageous,matched,correct_id,False,2,20260701_001021,no
generalist_phi4_02_b4,phi4,generalist_phi4,generalist,4,4,"uncertain utility interaction (net metering, utility ownership, and agreed standards)","uncertain utility interaction (net metering, utility ownership, and agreed standards)",matched,correct_id,False,2,20260701_001021,no
generalist_phi4_02_b5,phi4,generalist_phi4,generalist,5,5,lack of pilot projects,lack of pilot projects,matched,correct_id,False,2,20260701_001021,no
generalist_phi4_02_b10,phi4,generalist_phi4,generalist,10,10,uncertain regulatory roadmap,uncertain regulatory roadmap,matched,correct_id,False,2,20260701_001021,no
normative_phi4_02_b1,phi4,normative_phi4,normative,1,1,"power losses, quality and safety issues","power losses, quality and safety issues",matched,correct_id,False,2,20260701_001021,no
normative_phi4_02_b4,phi4,normative_phi4,normative,4,2,"uncertain utility interaction (net metering, utility ownership, and agreed standards)","uncertain utility interaction (net metering, utility ownership, and agreed standards)",matched,corrected_from_label,False,2,20260701_001021,no
normative_phi4_02_b5,phi4,normative_phi4,normative,5,3,lack of pilot projects,lack of pilot projects,matched,corrected_from_label,False,2,20260701_001021,no
normative_phi4_02_b6,phi4,normative_phi4,normative,6,4,public perception of DC and readiness to 'champion' installations from DC projects,public perception of DC and readiness to 'champion' installations from DC projects,matched,corrected_from_label,False,2,20260701_001021,no
normative_phi4_02_b10,phi4,normative_phi4,normative,10,5,uncertain regulatory roadmap,uncertain regulatory roadmap,matched,corrected_from_label,False,2,20260701_001021,no
subject-matter_phi4_02_b1,phi4,subject-matter_phi4,subject-matter,1,1,"power losses, quality and safety issues","power losses, quality and safety issues",matched,correct_id,False,2,20260701_001021,no
subject-matter_phi4_02_b2,phi4,subject-matter_phi4,subject-matter,2,2,reduced reliability in DC devices,reduced reliability in DC devices,matched,correct_id,False,2,20260701_001021,no
subject-matter_phi4_02_b3,phi4,subject-matter_phi4,subject-matter,3,3,lack of use-cases in which DC is advantageous,lack of use-cases in which DC is advantageous,matched,correct_id,False,2,20260701_001021,no
subject-matter_phi4_02_b4,phi4,subject-matter_phi4,subject-matter,4,4,"uncertain utility interaction (net metering, utility ownership, and agreed standards)","uncertain utility interaction (net metering, utility ownership, and agreed standards)",matched,correct_id,False,2,20260701_001021,no
subject-matter_phi4_02_b11,phi4,subject-matter_phi4,subject-matter,11,5,high costs of DC solutions,high costs of DC solutions,matched,corrected_from_label,False,2,20260701_001021,no
generalist_llama_03_b1,llama,generalist_llama,generalist,1,1,"power losses, quality and safety issues","Power losses, quality, and safety issues",matched,correct_id,False,3,20260701_001225,no
generalist_llama_03_b2,llama,generalist_llama,generalist,2,2,reduced reliability in DC devices,Reduced reliability in DC devices,matched,correct_id,False,3,20260701_001225,no
generalist_llama_03_b3,llama,generalist_llama,generalist,3,3,lack of use-cases in which DC is advantageous,Lack of use-cases in which DC is advantageous,matched,correct_id,False,3,20260701_001225,no
generalist_llama_03_b4,llama,generalist_llama,generalist,4,4,"uncertain utility interaction (net metering, utility ownership, and agreed standards)","Uncertain utility interaction (net metering, utility ownership, and agreed standards)",matched,correct_id,False,3,20260701_001225,no
generalist_llama_03_b5,llama,generalist_llama,generalist,5,5,lack of pilot projects,Lack of pilot projects,matched,correct_id,False,3,20260701_001225,no
normative_llama_03_b1,llama,normative_llama,normative,1,5,"power losses, quality and safety issues","power losses, quality and safety issues",matched,corrected_from_label,False,3,20260701_001225,no
normative_llama_03_b7,llama,normative_llama,normative,7,7,incompatibility of DC systems components,incompatibility of DC systems components,matched,correct_id,False,3,20260701_001225,no
normative_llama_03_b8,llama,normative_llama,normative,8,8,misconception and lack of knowledge leads to lengthy/expensive design and permit process,misconception and lack of knowledge leads to lengthy/expensive design and permit process,matched,correct_id,False,3,20260701_001225,no
normative_llama_03_b9,llama,normative_llama,normative,9,9,lack of enough trained personnel in DC systems,lack of enough trained personnel in DC systems,matched,correct_id,False,3,20260701_001225,no
normative_llama_03_b10,llama,normative_llama,normative,10,10,uncertain regulatory roadmap,uncertain regulatory roadmap,matched,correct_id,False,3,20260701_001225,no
subject-matter_llama_03_b1,llama,subject-matter_llama,subject-matter,1,1,"power losses, quality and safety issues","Power losses, quality, and safety issues",matched,correct_id,False,3,20260701_001225,no
subject-matter_llama_03_b2,llama,subject-matter_llama,subject-matter,2,2,reduced reliability in DC devices,Reduced reliability in DC devices,matched,correct_id,False,3,20260701_001225,no
subject-matter_llama_03_b3,llama,subject-matter_llama,subject-matter,3,3,lack of use-cases in which DC is advantageous,Lack of use-cases in which DC is advantageous,matched,correct_id,False,3,20260701_001225,no
subject-matter_llama_03_b4,llama,subject-matter_llama,subject-matter,4,4,"uncertain utility interaction (net metering, utility ownership, and agreed standards)","Uncertain utility interaction (net metering, utility ownership, and agreed standards)",matched,correct_id,False,3,20260701_001225,no
subject-matter_llama_03_b5,llama,subject-matter_llama,subject-matter,5,5,lack of pilot projects,Lack of pilot projects,matched,correct_id,False,3,20260701_001225,no
generalist_mistral_03_b1,mistral,generalist_mistral,generalist,1,1,"power losses, quality and safety issues","power losses, quality and safety issues",matched,correct_id,False,3,20260701_001225,no
generalist_mistral_03_b2,mistral,generalist_mistral,generalist,2,2,reduced reliability in DC devices,reduced reliability in DC devices,matched,correct_id,False,3,20260701_001225,no
generalist_mistral_03_b4,mistral,generalist_mistral,generalist,4,3,"uncertain utility interaction (net metering, utility ownership, and agreed standards)","uncertain utility interaction (net metering, utility ownership, and agreed standards)",matched,corrected_from_label,False,3,20260701_001225,no
generalist_mistral_03_b5,mistral,generalist_mistral,generalist,5,4,lack of pilot projects,lack of pilot projects,matched,corrected_from_label,False,3,20260701_001225,no
generalist_mistral_03_b6,mistral,generalist_mistral,generalist,6,5,public perception of DC and readiness to 'champion' installations from DC projects,public perception of DC and readiness to 'champion' installations from DC projects,matched,corrected_from_label,False,3,20260701_001225,no
normative_mistral_03_b1,mistral,normative_mistral,normative,1,1,"power losses, quality and safety issues","power losses, quality, and safety issues",matched,correct_id,False,3,20260701_001225,no
normative_mistral_03_b2,mistral,normative_mistral,normative,2,2,reduced reliability in DC devices,reduced reliability in DC devices,matched,correct_id,False,3,20260701_001225,no
normative_mistral_03_b3,mistral,normative_mistral,normative,3,3,lack of use-cases in which DC is advantageous,lack of use-cases in which DC is advantageous,matched,correct_id,False,3,20260701_001225,no
normative_mistral_03_b4,mistral,normative_mistral,normative,4,4,"uncertain utility interaction (net metering, utility ownership, and agreed standards)","uncertain utility interaction (net metering, utility ownership, and agreed standards)",matched,correct_id,False,3,20260701_001225,no
normative_mistral_03_b5,mistral,normative_mistral,normative,5,5,lack of pilot projects,lack of pilot projects,matched,correct_id,False,3,20260701_001225,no
subject-matter_mistral_03_b1,mistral,subject-matter_mistral,subject-matter,1,1,"power losses, quality and safety issues","power losses, quality and safety issues",matched,correct_id,False,3,20260701_001225,no
subject-matter_mistral_03_b2,mistral,subject-matter_mistral,subject-matter,2,2,reduced reliability in DC devices,reduced reliability in DC devices,matched,correct_id,False,3,20260701_001225,no
subject-matter_mistral_03_b3,mistral,subject-matter_mistral,subject-matter,3,3,lack of use-cases in which DC is advantageous,lack of use-cases in which DC is advantageous,matched,correct_id,False,3,20260701_001225,no
subject-matter_mistral_03_b4,mistral,subject-matter_mistral,subject-matter,4,4,"uncertain utility interaction (net metering, utility ownership, and agreed standards)","uncertain utility interaction (net metering, utility ownership, and agreed standards)",matched,correct_id,False,3,20260701_001225,no
subject-matter_mistral_03_b5,mistral,subject-matter_mistral,subject-matter,5,5,lack of pilot projects,lack of pilot projects,matched,correct_id,False,3,20260701_001225,no
generalist_gemma3_03_b1,gemma3,generalist_gemma3,generalist,1,1,"power losses, quality and safety issues","power losses, quality and safety issues",matched,correct_id,False,3,20260701_001225,no
generalist_gemma3_03_b3,gemma3,generalist_gemma3,generalist,3,2,lack of use-cases in which DC is advantageous,lack of use-cases in which DC is advantageous,matched,corrected_from_label,False,3,20260701_001225,no
generalist_gemma3_03_b4,gemma3,generalist_gemma3,generalist,4,3,"uncertain utility interaction (net metering, utility ownership, and agreed standards)","uncertain utility interaction (net metering, utility ownership, and agreed standards)",matched,corrected_from_label,False,3,20260701_001225,no
generalist_gemma3_03_b8,gemma3,generalist_gemma3,generalist,8,4,misconception and lack of knowledge leads to lengthy/expensive design and permit process,misconception and lack of knowledge leads to lengthy/expensive design and permit process,matched,corrected_from_label,False,3,20260701_001225,no
generalist_gemma3_03_b11,gemma3,generalist_gemma3,generalist,11,5,high costs of DC solutions,high costs of DC solutions,matched,corrected_from_label,False,3,20260701_001225,no
normative_gemma3_03_b1,gemma3,normative_gemma3,normative,1,1,"power losses, quality and safety issues","power losses, quality and safety issues",matched,correct_id,False,3,20260701_001225,no
normative_gemma3_03_b5,gemma3,normative_gemma3,normative,5,2,lack of pilot projects,lack of pilot projects,matched,corrected_from_label,False,3,20260701_001225,no
normative_gemma3_03_b6,gemma3,normative_gemma3,normative,6,3,public perception of DC and readiness to 'champion' installations from DC projects,public perception of DC and readiness to 'champion' installations from DC projects,matched,corrected_from_label,False,3,20260701_001225,no
normative_gemma3_03_b10,gemma3,normative_gemma3,normative,10,4,uncertain regulatory roadmap,uncertain regulatory roadmap,matched,corrected_from_label,False,3,20260701_001225,no
normative_gemma3_03_b11,gemma3,normative_gemma3,normative,11,5,high costs of DC solutions,high costs of DC solutions,matched,corrected_from_label,False,3,20260701_001225,no
subject-matter_gemma3_03_b1,gemma3,subject-matter_gemma3,subject-matter,1,1,"power losses, quality and safety issues","power losses, quality and safety issues",matched,correct_id,False,3,20260701_001225,no
subject-matter_gemma3_03_b3,gemma3,subject-matter_gemma3,subject-matter,3,2,lack of use-cases in which DC is advantageous,lack of use-cases in which DC is advantageous,matched,corrected_from_label,False,3,20260701_001225,no
subject-matter_gemma3_03_b4,gemma3,subject-matter_gemma3,subject-matter,4,3,"uncertain utility interaction (net metering, utility ownership, and agreed standards)","uncertain utility interaction (net metering, utility ownership, and agreed standards)",matched,corrected_from_label,False,3,20260701_001225,no
subject-matter_gemma3_03_b8,gemma3,subject-matter_gemma3,subject-matter,8,4,misconception and lack of knowledge leads to lengthy/expensive design and permit process,misconception and lack of knowledge leads to lengthy/expensive design and permit process,matched,corrected_from_label,False,3,20260701_001225,no
subject-matter_gemma3_03_b10,gemma3,subject-matter_gemma3,subject-matter,10,5,uncertain regulatory roadmap,uncertain regulatory roadmap,matched,corrected_from_label,False,3,20260701_001225,no
generalist_phi4_03_b1,phi4,generalist_phi4,generalist,1,1,"power losses, quality and safety issues","power losses, quality and safety issues",matched,correct_id,False,3,20260701_001225,no
generalist_phi4_03_b3,phi4,generalist_phi4,generalist,3,3,lack of use-cases in which DC is advantageous,lack of use-cases in which DC is advantageous,matched,correct_id,False,3,20260701_001225,no
generalist_phi4_03_b4,phi4,generalist_phi4,generalist,4,4,"uncertain utility interaction (net metering, utility ownership, and agreed standards)","uncertain utility interaction (net metering, utility ownership, and agreed standards)",matched,correct_id,False,3,20260701_001225,no
generalist_phi4_03_b5,phi4,generalist_phi4,generalist,5,5,lack of pilot projects,lack of pilot projects,matched,correct_id,False,3,20260701_001225,no
generalist_phi4_03_b10,phi4,generalist_phi4,generalist,10,10,uncertain regulatory roadmap,uncertain regulatory roadmap,matched,correct_id,False,3,20260701_001225,no
normative_phi4_03_b1,phi4,normative_phi4,normative,1,1,"power losses, quality and safety issues","power losses, quality and safety issues",matched,correct_id,False,3,20260701_001225,no
normative_phi4_03_b2,phi4,normative_phi4,normative,2,2,reduced reliability in DC devices,reduced reliability in DC devices,matched,correct_id,False,3,20260701_001225,no
normative_phi4_03_b3,phi4,normative_phi4,normative,3,3,lack of use-cases in which DC is advantageous,lack of use-cases in which DC is advantageous,matched,correct_id,False,3,20260701_001225,no
normative_phi4_03_b4,phi4,normative_phi4,normative,4,4,"uncertain utility interaction (net metering, utility ownership, and agreed standards)","uncertain utility interaction (net metering, utility ownership, and agreed standards)",matched,correct_id,False,3,20260701_001225,no
normative_phi4_03_b11,phi4,normative_phi4,normative,11,5,high costs of DC solutions,high costs of DC solutions,matched,corrected_from_label,False,3,20260701_001225,no
subject-matter_phi4_03_b1,phi4,subject-matter_phi4,subject-matter,1,1,"power losses, quality and safety issues","power losses, quality and safety issues",matched,correct_id,False,3,20260701_001225,no
subject-matter_phi4_03_b2,phi4,subject-matter_phi4,subject-matter,2,2,reduced reliability in DC devices,reduced reliability in DC devices,matched,correct_id,False,3,20260701_001225,no
subject-matter_phi4_03_b3,phi4,subject-matter_phi4,subject-matter,3,3,lack of use-cases in which DC is advantageous,lack of use-cases in which DC is advantageous,matched,correct_id,False,3,20260701_001225,no
subject-matter_phi4_03_b4,phi4,subject-matter_phi4,subject-matter,4,4,"uncertain utility interaction (net metering, utility ownership, and agreed standards)","uncertain utility interaction (net metering, utility ownership, and agreed standards)",matched,correct_id,False,3,20260701_001225,no
subject-matter_phi4_03_b11,phi4,subject-matter_phi4,subject-matter,11,5,high costs of DC solutions,high costs of DC solutions,matched,corrected_from_label,False,3,20260701_001225,no
generalist_llama_04_b1,llama,generalist_llama,generalist,1,1,"power losses, quality and safety issues","power losses, quality and safety issues",matched,correct_id,False,4,20260701_004028,no
generalist_llama_04_b2,llama,generalist_llama,generalist,2,2,reduced reliability in DC devices,reduced reliability in DC devices,matched,correct_id,False,4,20260701_004028,no
generalist_llama_04_b4,llama,generalist_llama,generalist,4,3,"uncertain utility interaction (net metering, utility ownership, and agreed standards)","uncertain utility interaction (net metering, utility ownership, and agreed standards)",matched,corrected_from_label,False,4,20260701_004028,no
generalist_llama_04_b5,llama,generalist_llama,generalist,5,4,lack of pilot projects,lack of pilot projects,matched,corrected_from_label,False,4,20260701_004028,no
generalist_llama_04_b6,llama,generalist_llama,generalist,6,5,public perception of DC and readiness to 'champion' installations from DC projects,public perception of DC and readiness to 'champion' installations from DC projects,matched,corrected_from_label,False,4,20260701_004028,no
normative_llama_04_b1,llama,normative_llama,normative,1,1,"power losses, quality and safety issues","power losses, quality and safety issues",matched,correct_id,False,4,20260701_004028,no
normative_llama_04_b2,llama,normative_llama,normative,2,2,reduced reliability in DC devices,reduced reliability in DC devices,matched,correct_id,False,4,20260701_004028,no
normative_llama_04_b4,llama,normative_llama,normative,4,3,"uncertain utility interaction (net metering, utility ownership, and agreed standards)","uncertain utility interaction (net metering, utility ownership, and agreed standards)",matched,corrected_from_label,False,4,20260701_004028,no
normative_llama_04_b5,llama,normative_llama,normative,5,4,lack of pilot projects,lack of pilot projects,matched,corrected_from_label,False,4,20260701_004028,no
normative_llama_04_b6,llama,normative_llama,normative,6,5,public perception of DC and readiness to 'champion' installations from DC projects,public perception of DC and readiness to 'champion' installations from DC projects,matched,corrected_from_label,False,4,20260701_004028,no
subject-matter_llama_04_b1,llama,subject-matter_llama,subject-matter,1,1,"power losses, quality and safety issues","Power losses, quality, and safety issues",matched,correct_id,False,4,20260701_004028,no
subject-matter_llama_04_b2,llama,subject-matter_llama,subject-matter,2,2,reduced reliability in DC devices,Reduced reliability in DC devices,matched,correct_id,False,4,20260701_004028,no
subject-matter_llama_04_b3,llama,subject-matter_llama,subject-matter,3,3,lack of use-cases in which DC is advantageous,Lack of use-cases in which DC is advantageous,matched,correct_id,False,4,20260701_004028,no
subject-matter_llama_04_b4,llama,subject-matter_llama,subject-matter,4,4,"uncertain utility interaction (net metering, utility ownership, and agreed standards)","Uncertain utility interaction (net metering, utility ownership, and agreed standards)",matched,correct_id,False,4,20260701_004028,no
subject-matter_llama_04_b5,llama,subject-matter_llama,subject-matter,5,5,lack of pilot projects,Lack of pilot projects,matched,correct_id,False,4,20260701_004028,no
generalist_mistral_04_b1,mistral,generalist_mistral,generalist,1,1,"power losses, quality and safety issues","Power losses, quality, and safety issues",matched,correct_id,False,4,20260701_004028,no
generalist_mistral_04_b2,mistral,generalist_mistral,generalist,2,2,reduced reliability in DC devices,Reduced reliability in DC devices,matched,correct_id,False,4,20260701_004028,no
generalist_mistral_04_b3,mistral,generalist_mistral,generalist,3,3,lack of use-cases in which DC is advantageous,Lack of use-cases in which DC is advantageous,matched,correct_id,False,4,20260701_004028,no
generalist_mistral_04_b4,mistral,generalist_mistral,generalist,4,4,"uncertain utility interaction (net metering, utility ownership, and agreed standards)","Uncertain utility interaction (net metering, utility ownership, and agreed standards)",matched,correct_id,False,4,20260701_004028,no
generalist_mistral_04_b5,mistral,generalist_mistral,generalist,5,5,lack of pilot projects,Lack of pilot projects,matched,correct_id,False,4,20260701_004028,no
normative_mistral_04_b1,mistral,normative_mistral,normative,1,1,"power losses, quality and safety issues","power losses, quality and safety issues",matched,correct_id,False,4,20260701_004028,no
normative_mistral_04_b2,mistral,normative_mistral,normative,2,2,reduced reliability in DC devices,reduced reliability in DC devices,matched,correct_id,False,4,20260701_004028,no
normative_mistral_04_b3,mistral,normative_mistral,normative,3,3,lack of use-cases in which DC is advantageous,lack of use-cases in which DC is advantageous,matched,correct_id,False,4,20260701_004028,no
normative_mistral_04_b4,mistral,normative_mistral,normative,4,4,"uncertain utility interaction (net metering, utility ownership, and agreed standards)","uncertain utility interaction (net metering, utility ownership, and agreed standards)",matched,correct_id,False,4,20260701_004028,no
normative_mistral_04_b5,mistral,normative_mistral,normative,5,5,lack of pilot projects,lack of pilot projects,matched,correct_id,False,4,20260701_004028,no
subject-matter_mistral_04_b1,mistral,subject-matter_mistral,subject-matter,1,1,"power losses, quality and safety issues","power losses, quality and safety issues",matched,correct_id,False,4,20260701_004028,no
subject-matter_mistral_04_b2,mistral,subject-matter_mistral,subject-matter,2,2,reduced reliability in DC devices,reduced reliability in DC devices,matched,correct_id,False,4,20260701_004028,no
subject-matter_mistral_04_b4,mistral,subject-matter_mistral,subject-matter,4,3,"uncertain utility interaction (net metering, utility ownership, and agreed standards)","uncertain utility interaction (net metering, utility ownership, and agreed standards)",matched,corrected_from_label,False,4,20260701_004028,no
subject-matter_mistral_04_b5,mistral,subject-matter_mistral,subject-matter,5,4,lack of pilot projects,lack of pilot projects,matched,corrected_from_label,False,4,20260701_004028,no
subject-matter_mistral_04_b7,mistral,subject-matter_mistral,subject-matter,7,5,incompatibility of DC systems components,incompatibility of DC systems components,matched,corrected_from_label,False,4,20260701_004028,no
generalist_gemma3_04_b1,gemma3,generalist_gemma3,generalist,1,1,"power losses, quality and safety issues","power losses, quality and safety issues",matched,correct_id,False,4,20260701_004028,no
generalist_gemma3_04_b5,gemma3,generalist_gemma3,generalist,5,2,lack of pilot projects,lack of pilot projects,matched,corrected_from_label,False,4,20260701_004028,no
generalist_gemma3_04_b6,gemma3,generalist_gemma3,generalist,6,3,public perception of DC and readiness to 'champion' installations from DC projects,public perception of DC and readiness to 'champion' installations from DC projects,matched,corrected_from_label,False,4,20260701_004028,no
generalist_gemma3_04_b8,gemma3,generalist_gemma3,generalist,8,4,misconception and lack of knowledge leads to lengthy/expensive design and permit process,misconception and lack of knowledge leads to lengthy/expensive design and permit process,matched,corrected_from_label,False,4,20260701_004028,no
generalist_gemma3_04_b10,gemma3,generalist_gemma3,generalist,10,5,uncertain regulatory roadmap,uncertain regulatory roadmap,matched,corrected_from_label,False,4,20260701_004028,no
normative_gemma3_04_b1,gemma3,normative_gemma3,normative,1,1,"power losses, quality and safety issues","power losses, quality and safety issues",matched,correct_id,False,4,20260701_004028,no
normative_gemma3_04_b4,gemma3,normative_gemma3,normative,4,4,"uncertain utility interaction (net metering, utility ownership, and agreed standards)","uncertain utility interaction (net metering, utility ownership, and agreed standards)",matched,correct_id,False,4,20260701_004028,no
normative_gemma3_04_b7,gemma3,normative_gemma3,normative,7,7,incompatibility of DC systems components,incompatibility of DC systems components,matched,correct_id,False,4,20260701_004028,no
normative_gemma3_04_b8,gemma3,normative_gemma3,normative,8,8,misconception and lack of knowledge leads to lengthy/expensive design and permit process,misconception and lack of knowledge leads to lengthy/expensive design and permit process,matched,correct_id,False,4,20260701_004028,no
normative_gemma3_04_b11,gemma3,normative_gemma3,normative,11,11,high costs of DC solutions,high costs of DC solutions,matched,correct_id,False,4,20260701_004028,no
subject-matter_gemma3_04_b1,gemma3,subject-matter_gemma3,subject-matter,1,1,"power losses, quality and safety issues","power losses, quality and safety issues",matched,correct_id,False,4,20260701_004028,no
subject-matter_gemma3_04_b4,gemma3,subject-matter_gemma3,subject-matter,4,2,"uncertain utility interaction (net metering, utility ownership, and agreed standards)","uncertain utility interaction (net metering, utility ownership, and agreed standards)",matched,corrected_from_label,False,4,20260701_004028,no
subject-matter_gemma3_04_b5,gemma3,subject-matter_gemma3,subject-matter,5,3,lack of pilot projects,lack of pilot projects,matched,corrected_from_label,False,4,20260701_004028,no
subject-matter_gemma3_04_b8,gemma3,subject-matter_gemma3,subject-matter,8,4,misconception and lack of knowledge leads to lengthy/expensive design and permit process,misconception and lack of knowledge leads to lengthy/expensive design and permit process,matched,corrected_from_label,False,4,20260701_004028,no
subject-matter_gemma3_04_b10,gemma3,subject-matter_gemma3,subject-matter,10,5,uncertain regulatory roadmap,uncertain regulatory roadmap,matched,corrected_from_label,False,4,20260701_004028,no
generalist_phi4_04_b1,phi4,generalist_phi4,generalist,1,1,"power losses, quality and safety issues","power losses, quality and safety issues",matched,correct_id,False,4,20260701_004028,no
generalist_phi4_04_b3,phi4,generalist_phi4,generalist,3,2,lack of use-cases in which DC is advantageous,lack of use-cases in which DC is advantageous,matched,corrected_from_label,False,4,20260701_004028,no
generalist_phi4_04_b4,phi4,generalist_phi4,generalist,4,4,"uncertain utility interaction (net metering, utility ownership, and agreed standards)","uncertain utility interaction (net metering, utility ownership, and agreed standards)",matched,correct_id,False,4,20260701_004028,no
generalist_phi4_04_b5,phi4,generalist_phi4,generalist,5,5,lack of pilot projects,lack of pilot projects,matched,correct_id,False,4,20260701_004028,no
generalist_phi4_04_b10,phi4,generalist_phi4,generalist,10,10,uncertain regulatory roadmap,uncertain regulatory roadmap,matched,correct_id,False,4,20260701_004028,no
normative_phi4_04_b1,phi4,normative_phi4,normative,1,1,"power losses, quality and safety issues","power losses, quality and safety issues",matched,correct_id,False,4,20260701_004028,no
normative_phi4_04_b2,phi4,normative_phi4,normative,2,2,reduced reliability in DC devices,reduced reliability in DC devices,matched,correct_id,False,4,20260701_004028,no
normative_phi4_04_b3,phi4,normative_phi4,normative,3,3,lack of use-cases in which DC is advantageous,lack of use-cases in which DC is advantageous,matched,correct_id,False,4,20260701_004028,no
normative_phi4_04_b4,phi4,normative_phi4,normative,4,4,"uncertain utility interaction (net metering, utility ownership, and agreed standards)","uncertain utility interaction (net metering, utility ownership, and agreed standards)",matched,correct_id,False,4,20260701_004028,no
normative_phi4_04_b11,phi4,normative_phi4,normative,11,5,high costs of DC solutions,high costs of DC solutions,matched,corrected_from_label,False,4,20260701_004028,no
subject-matter_phi4_04_b1,phi4,subject-matter_phi4,subject-matter,1,1,"power losses, quality and safety issues","power losses, quality and safety issues",matched,correct_id,False,4,20260701_004028,no
subject-matter_phi4_04_b2,phi4,subject-matter_phi4,subject-matter,2,2,reduced reliability in DC devices,reduced reliability in DC devices,matched,correct_id,False,4,20260701_004028,no
subject-matter_phi4_04_b4,phi4,subject-matter_phi4,subject-matter,4,4,"uncertain utility interaction (net metering, utility ownership, and agreed standards)","uncertain utility interaction (net metering, utility ownership, and agreed standards)",matched,correct_id,False,4,20260701_004028,no
subject-matter_phi4_04_b5,phi4,subject-matter_phi4,subject-matter,5,5,lack of pilot projects,lack of pilot projects,matched,correct_id,False,4,20260701_004028,no
subject-matter_phi4_04_b10,phi4,subject-matter_phi4,subject-matter,10,10,uncertain regulatory roadmap,uncertain regulatory roadmap,matched,correct_id,False,4,20260701_004028,no
generalist_llama_05_b1,llama,generalist_llama,generalist,1,1,"power losses, quality and safety issues","Power losses, quality, and safety issues",matched,correct_id,False,5,20260701_004225,no
generalist_llama_05_b2,llama,generalist_llama,generalist,2,2,reduced reliability in DC devices,Reduced reliability in DC devices,matched,correct_id,False,5,20260701_004225,no
generalist_llama_05_b3,llama,generalist_llama,generalist,3,3,lack of use-cases in which DC is advantageous,Lack of use-cases in which DC is advantageous,matched,correct_id,False,5,20260701_004225,no
generalist_llama_05_b4,llama,generalist_llama,generalist,4,4,"uncertain utility interaction (net metering, utility ownership, and agreed standards)","Uncertain utility interaction (net metering, utility ownership, and agreed standards)",matched,correct_id,False,5,20260701_004225,no
generalist_llama_05_b5,llama,generalist_llama,generalist,5,5,lack of pilot projects,Lack of pilot projects,matched,correct_id,False,5,20260701_004225,no
normative_llama_05_b1,llama,normative_llama,normative,1,1,"power losses, quality and safety issues","power losses, quality and safety issues",matched,correct_id,False,5,20260701_004225,no
normative_llama_05_b2,llama,normative_llama,normative,2,2,reduced reliability in DC devices,reduced reliability in DC devices,matched,correct_id,False,5,20260701_004225,no
normative_llama_05_b3,llama,normative_llama,normative,3,3,lack of use-cases in which DC is advantageous,lack of use-cases in which DC is advantageous,matched,correct_id,False,5,20260701_004225,no
normative_llama_05_b4,llama,normative_llama,normative,4,4,"uncertain utility interaction (net metering, utility ownership, and agreed standards)","uncertain utility interaction (net metering, utility ownership, and agreed standards)",matched,correct_id,False,5,20260701_004225,no
normative_llama_05_b5,llama,normative_llama,normative,5,5,lack of pilot projects,lack of pilot projects,matched,correct_id,False,5,20260701_004225,no
subject-matter_llama_05_b1,llama,subject-matter_llama,subject-matter,1,1,"power losses, quality and safety issues","power losses, quality and safety issues",matched,correct_id,False,5,20260701_004225,no
subject-matter_llama_05_b2,llama,subject-matter_llama,subject-matter,2,2,reduced reliability in DC devices,reduced reliability in DC devices,matched,correct_id,False,5,20260701_004225,no
subject-matter_llama_05_b3,llama,subject-matter_llama,subject-matter,3,3,lack of use-cases in which DC is advantageous,lack of use-cases in which DC is advantageous,matched,correct_id,False,5,20260701_004225,no
subject-matter_llama_05_b4,llama,subject-matter_llama,subject-matter,4,4,"uncertain utility interaction (net metering, utility ownership, and agreed standards)","uncertain utility interaction (net metering, utility ownership, and agreed standards)",matched,correct_id,False,5,20260701_004225,no
subject-matter_llama_05_b5,llama,subject-matter_llama,subject-matter,5,5,lack of pilot projects,lack of pilot projects,matched,correct_id,False,5,20260701_004225,no
generalist_mistral_05_b1,mistral,generalist_mistral,generalist,1,1,"power losses, quality and safety issues","Power losses, quality, and safety issues",matched,correct_id,False,5,20260701_004225,no
generalist_mistral_05_b2,mistral,generalist_mistral,generalist,2,2,reduced reliability in DC devices,Reduced reliability in DC devices,matched,correct_id,False,5,20260701_004225,no
generalist_mistral_05_b3,mistral,generalist_mistral,generalist,3,3,lack of use-cases in which DC is advantageous,Lack of use-cases in which DC is advantageous,matched,correct_id,False,5,20260701_004225,no
generalist_mistral_05_b4,mistral,generalist_mistral,generalist,4,4,"uncertain utility interaction (net metering, utility ownership, and agreed standards)","Uncertain utility interaction (net metering, utility ownership, and agreed standards)",matched,correct_id,False,5,20260701_004225,no
generalist_mistral_05_b5,mistral,generalist_mistral,generalist,5,5,lack of pilot projects,Lack of pilot projects,matched,correct_id,False,5,20260701_004225,no
normative_mistral_05_b1,mistral,normative_mistral,normative,1,1,"power losses, quality and safety issues","power losses, quality and safety issues",matched,correct_id,False,5,20260701_004225,no
normative_mistral_05_b2,mistral,normative_mistral,normative,2,2,reduced reliability in DC devices,reduced reliability in DC devices,matched,correct_id,False,5,20260701_004225,no
normative_mistral_05_b4,mistral,normative_mistral,normative,4,3,"uncertain utility interaction (net metering, utility ownership, and agreed standards)","uncertain utility interaction (net metering, utility ownership, and agreed standards)",matched,corrected_from_label,False,5,20260701_004225,no
normative_mistral_05_b5,mistral,normative_mistral,normative,5,4,lack of pilot projects,lack of pilot projects,matched,corrected_from_label,False,5,20260701_004225,no
normative_mistral_05_b11,mistral,normative_mistral,normative,11,5,high costs of DC solutions,high costs of DC solutions,matched,corrected_from_label,False,5,20260701_004225,no
subject-matter_mistral_05_b1,mistral,subject-matter_mistral,subject-matter,1,1,"power losses, quality and safety issues","Power losses, quality, and safety issues",matched,correct_id,False,5,20260701_004225,no
subject-matter_mistral_05_b2,mistral,subject-matter_mistral,subject-matter,2,2,reduced reliability in DC devices,Reduced reliability in DC devices,matched,correct_id,False,5,20260701_004225,no
subject-matter_mistral_05_b3,mistral,subject-matter_mistral,subject-matter,3,3,lack of use-cases in which DC is advantageous,Lack of use-cases in which DC is advantageous,matched,correct_id,False,5,20260701_004225,no
subject-matter_mistral_05_b4,mistral,subject-matter_mistral,subject-matter,4,4,"uncertain utility interaction (net metering, utility ownership, and agreed standards)","Uncertain utility interaction (net metering, utility ownership, and agreed standards)",matched,correct_id,False,5,20260701_004225,no
subject-matter_mistral_05_b5,mistral,subject-matter_mistral,subject-matter,5,5,lack of pilot projects,Lack of pilot projects,matched,correct_id,False,5,20260701_004225,no
generalist_gemma3_05_b1,gemma3,generalist_gemma3,generalist,1,1,"power losses, quality and safety issues","power losses, quality and safety issues",matched,correct_id,False,5,20260701_004225,no
generalist_gemma3_05_b3,gemma3,generalist_gemma3,generalist,3,2,lack of use-cases in which DC is advantageous,lack of use-cases in which DC is advantageous,matched,corrected_from_label,False,5,20260701_004225,no
generalist_gemma3_05_b4,gemma3,generalist_gemma3,generalist,4,3,"uncertain utility interaction (net metering, utility ownership, and agreed standards)","uncertain utility interaction (net metering, utility ownership, and agreed standards)",matched,corrected_from_label,False,5,20260701_004225,no
generalist_gemma3_05_b8,gemma3,generalist_gemma3,generalist,8,4,misconception and lack of knowledge leads to lengthy/expensive design and permit process,misconception and lack of knowledge leads to lengthy/expensive design and permit process,matched,corrected_from_label,False,5,20260701_004225,no
generalist_gemma3_05_b10,gemma3,generalist_gemma3,generalist,10,5,uncertain regulatory roadmap,uncertain regulatory roadmap,matched,corrected_from_label,False,5,20260701_004225,no
normative_gemma3_05_b1,gemma3,normative_gemma3,normative,1,1,"power losses, quality and safety issues","power losses, quality and safety issues",matched,correct_id,False,5,20260701_004225,no
normative_gemma3_05_b4,gemma3,normative_gemma3,normative,4,4,"uncertain utility interaction (net metering, utility ownership, and agreed standards)","uncertain utility interaction (net metering, utility ownership, and agreed standards)",matched,correct_id,False,5,20260701_004225,no
normative_gemma3_05_b7,gemma3,normative_gemma3,normative,7,7,incompatibility of DC systems components,incompatibility of DC systems components,matched,correct_id,False,5,20260701_004225,no
normative_gemma3_05_b8,gemma3,normative_gemma3,normative,8,8,misconception and lack of knowledge leads to lengthy/expensive design and permit process,misconception and lack of knowledge leads to lengthy/expensive design and permit process,matched,correct_id,False,5,20260701_004225,no
normative_gemma3_05_b11,gemma3,normative_gemma3,normative,11,11,high costs of DC solutions,high costs of DC solutions,matched,correct_id,False,5,20260701_004225,no
subject-matter_gemma3_05_b1,gemma3,subject-matter_gemma3,subject-matter,1,1,"power losses, quality and safety issues","power losses, quality and safety issues",matched,correct_id,False,5,20260701_004225,no
subject-matter_gemma3_05_b3,gemma3,subject-matter_gemma3,subject-matter,3,2,lack of use-cases in which DC is advantageous,lack of use-cases in which DC is advantageous,matched,corrected_from_label,False,5,20260701_004225,no
subject-matter_gemma3_05_b4,gemma3,subject-matter_gemma3,subject-matter,4,3,"uncertain utility interaction (net metering, utility ownership, and agreed standards)","uncertain utility interaction (net metering, utility ownership, and agreed standards)",matched,corrected_from_label,False,5,20260701_004225,no
subject-matter_gemma3_05_b8,gemma3,subject-matter_gemma3,subject-matter,8,4,misconception and lack of knowledge leads to lengthy/expensive design and permit process,misconception and lack of knowledge leads to lengthy/expensive design and permit process,matched,corrected_from_label,False,5,20260701_004225,no
subject-matter_gemma3_05_b10,gemma3,subject-matter_gemma3,subject-matter,10,5,uncertain regulatory roadmap,uncertain regulatory roadmap,matched,corrected_from_label,False,5,20260701_004225,no
generalist_phi4_05_b1,phi4,generalist_phi4,generalist,1,1,"power losses, quality and safety issues","power losses, quality and safety issues",matched,correct_id,False,5,20260701_004225,no
generalist_phi4_05_b2,phi4,generalist_phi4,generalist,2,2,reduced reliability in DC devices,reduced reliability in DC devices,matched,correct_id,False,5,20260701_004225,no
generalist_phi4_05_b3,phi4,generalist_phi4,generalist,3,3,lack of use-cases in which DC is advantageous,lack of use-cases in which DC is advantageous,matched,correct_id,False,5,20260701_004225,no
generalist_phi4_05_b4,phi4,generalist_phi4,generalist,4,4,"uncertain utility interaction (net metering, utility ownership, and agreed standards)","uncertain utility interaction (net metering, utility ownership, and agreed standards)",matched,correct_id,False,5,20260701_004225,no
generalist_phi4_05_b11,phi4,generalist_phi4,generalist,11,5,high costs of DC solutions,high costs of DC solutions,matched,corrected_from_label,False,5,20260701_004225,no
normative_phi4_05_b1,phi4,normative_phi4,normative,1,1,"power losses, quality and safety issues","power losses, quality and safety issues",matched,correct_id,False,5,20260701_004225,no
normative_phi4_05_b3,phi4,normative_phi4,normative,3,3,lack of use-cases in which DC is advantageous,lack of use-cases in which DC is advantageous,matched,correct_id,False,5,20260701_004225,no
normative_phi4_05_b4,phi4,normative_phi4,normative,4,4,"uncertain utility interaction (net metering, utility ownership, and agreed standards)","uncertain utility interaction (net metering, utility ownership, and agreed standards)",matched,correct_id,False,5,20260701_004225,no
normative_phi4_05_b5,phi4,normative_phi4,normative,5,5,lack of pilot projects,lack of pilot projects,matched,correct_id,False,5,20260701_004225,no
normative_phi4_05_b10,phi4,normative_phi4,normative,10,10,uncertain regulatory roadmap,uncertain regulatory roadmap,matched,correct_id,False,5,20260701_004225,no
subject-matter_phi4_05_b1,phi4,subject-matter_phi4,subject-matter,1,1,"power losses, quality and safety issues","power losses, quality and safety issues",matched,correct_id,False,5,20260701_004225,no
subject-matter_phi4_05_b2,phi4,subject-matter_phi4,subject-matter,2,2,reduced reliability in DC devices,reduced reliability in DC devices,matched,correct_id,False,5,20260701_004225,no
subject-matter_phi4_05_b3,phi4,subject-matter_phi4,subject-matter,3,3,lack of use-cases in which DC is advantageous,lack of use-cases in which DC is advantageous,matched,correct_id,False,5,20260701_004225,no
subject-matter_phi4_05_b4,phi4,subject-matter_phi4,subject-matter,4,4,"uncertain utility interaction (net metering, utility ownership, and agreed standards)","uncertain utility interaction (net metering, utility ownership, and agreed standards)",matched,correct_id,False,5,20260701_004225,no
subject-matter_phi4_05_b5,phi4,subject-matter_phi4,subject-matter,5,5,lack of pilot projects,lack of pilot projects,matched,correct_id,False,5,20260701_004225,no
generalist_llama_06_b1,llama,generalist_llama,generalist,1,1,"power losses, quality and safety issues","Power losses, quality, and safety issues",matched,correct_id,False,6,20260701_004632,no
generalist_llama_06_b2,llama,generalist_llama,generalist,2,2,reduced reliability in DC devices,Reduced reliability in DC devices,matched,correct_id,False,6,20260701_004632,no
generalist_llama_06_b3,llama,generalist_llama,generalist,3,3,lack of use-cases in which DC is advantageous,Lack of use-cases in which DC is advantageous,matched,correct_id,False,6,20260701_004632,no
generalist_llama_06_b4,llama,generalist_llama,generalist,4,4,"uncertain utility interaction (net metering, utility ownership, and agreed standards)","Uncertain utility interaction (net metering, utility ownership, and agreed standards)",matched,correct_id,False,6,20260701_004632,no
generalist_llama_06_b5,llama,generalist_llama,generalist,5,5,lack of pilot projects,Lack of pilot projects,matched,correct_id,False,6,20260701_004632,no
normative_llama_06_b1,llama,normative_llama,normative,1,1,"power losses, quality and safety issues","Power losses, quality and safety issues",matched,correct_id,False,6,20260701_004632,no
normative_llama_06_b2,llama,normative_llama,normative,2,2,reduced reliability in DC devices,Reduced reliability in DC devices,matched,correct_id,False,6,20260701_004632,no
normative_llama_06_b3,llama,normative_llama,normative,3,3,lack of use-cases in which DC is advantageous,Lack of use-cases in which DC is advantageous,matched,correct_id,False,6,20260701_004632,no
normative_llama_06_b4,llama,normative_llama,normative,4,4,"uncertain utility interaction (net metering, utility ownership, and agreed standards)","Uncertain utility interaction (net metering, utility ownership, and agreed standards)",matched,correct_id,False,6,20260701_004632,no
normative_llama_06_b5,llama,normative_llama,normative,5,5,lack of pilot projects,Lack of pilot projects,matched,correct_id,False,6,20260701_004632,no
subject-matter_llama_06_b1,llama,subject-matter_llama,subject-matter,1,1,"power losses, quality and safety issues","power losses, quality and safety issues",matched,correct_id,False,6,20260701_004632,no
subject-matter_llama_06_b4,llama,subject-matter_llama,subject-matter,4,2,"uncertain utility interaction (net metering, utility ownership, and agreed standards)","uncertain utility interaction (net metering, utility ownership, and agreed standards)",matched,corrected_from_label,False,6,20260701_004632,no
subject-matter_llama_06_b3,llama,subject-matter_llama,subject-matter,3,3,lack of use-cases in which DC is advantageous,lack of use-cases in which DC is advantageous,matched,correct_id,False,6,20260701_004632,no
subject-matter_llama_06_b7,llama,subject-matter_llama,subject-matter,7,4,incompatibility of DC systems components,incompatibility of DC systems components,matched,corrected_from_label,False,6,20260701_004632,no
subject-matter_llama_06_b11,llama,subject-matter_llama,subject-matter,11,5,high costs of DC solutions,high costs of DC solutions,matched,corrected_from_label,False,6,20260701_004632,no
generalist_mistral_06_b1,mistral,generalist_mistral,generalist,1,1,"power losses, quality and safety issues","Power losses, quality, and safety issues",matched,correct_id,False,6,20260701_004632,no
generalist_mistral_06_b2,mistral,generalist_mistral,generalist,2,2,reduced reliability in DC devices,Reduced reliability in DC devices,matched,correct_id,False,6,20260701_004632,no
generalist_mistral_06_b3,mistral,generalist_mistral,generalist,3,3,lack of use-cases in which DC is advantageous,Lack of use-cases in which DC is advantageous,matched,correct_id,False,6,20260701_004632,no
generalist_mistral_06_b4,mistral,generalist_mistral,generalist,4,4,"uncertain utility interaction (net metering, utility ownership, and agreed standards)","Uncertain utility interaction (net metering, utility ownership, and agreed standards)",matched,correct_id,False,6,20260701_004632,no
generalist_mistral_06_b5,mistral,generalist_mistral,generalist,5,5,lack of pilot projects,Lack of pilot projects,matched,correct_id,False,6,20260701_004632,no
normative_mistral_06_b1,mistral,normative_mistral,normative,1,1,"power losses, quality and safety issues","power losses, quality and safety issues",matched,correct_id,False,6,20260701_004632,no
normative_mistral_06_b2,mistral,normative_mistral,normative,2,2,reduced reliability in DC devices,reduced reliability in DC devices,matched,correct_id,False,6,20260701_004632,no
normative_mistral_06_b4,mistral,normative_mistral,normative,4,3,"uncertain utility interaction (net metering, utility ownership, and agreed standards)","uncertain utility interaction (net metering, utility ownership, and agreed standards)",matched,corrected_from_label,False,6,20260701_004632,no
normative_mistral_06_b5,mistral,normative_mistral,normative,5,4,lack of pilot projects,lack of pilot projects,matched,corrected_from_label,False,6,20260701_004632,no
normative_mistral_06_b6,mistral,normative_mistral,normative,6,5,public perception of DC and readiness to 'champion' installations from DC projects,public perception of DC and readiness to 'champion' installations from DC projects,matched,corrected_from_label,False,6,20260701_004632,no
subject-matter_mistral_06_b1,mistral,subject-matter_mistral,subject-matter,1,1,"power losses, quality and safety issues","power losses, quality and safety issues",matched,correct_id,False,6,20260701_004632,no
subject-matter_mistral_06_b2,mistral,subject-matter_mistral,subject-matter,2,2,reduced reliability in DC devices,reduced reliability in DC devices,matched,correct_id,False,6,20260701_004632,no
subject-matter_mistral_06_b4,mistral,subject-matter_mistral,subject-matter,4,3,"uncertain utility interaction (net metering, utility ownership, and agreed standards)","uncertain utility interaction (net metering, utility ownership, and agreed standards)",matched,corrected_from_label,False,6,20260701_004632,no
subject-matter_mistral_06_b5,mistral,subject-matter_mistral,subject-matter,5,4,lack of pilot projects,lack of pilot projects,matched,corrected_from_label,False,6,20260701_004632,no
subject-matter_mistral_06_b7,mistral,subject-matter_mistral,subject-matter,7,5,incompatibility of DC systems components,incompatibility of DC systems components,matched,corrected_from_label,False,6,20260701_004632,no
generalist_gemma3_06_b1,gemma3,generalist_gemma3,generalist,1,1,"power losses, quality and safety issues","power losses, quality and safety issues",matched,correct_id,False,6,20260701_004632,no
generalist_gemma3_06_b5,gemma3,generalist_gemma3,generalist,5,2,lack of pilot projects,lack of pilot projects,matched,corrected_from_label,False,6,20260701_004632,no
generalist_gemma3_06_b6,gemma3,generalist_gemma3,generalist,6,3,public perception of DC and readiness to 'champion' installations from DC projects,public perception of DC and readiness to 'champion' installations from DC projects,matched,corrected_from_label,False,6,20260701_004632,no
generalist_gemma3_06_b8,gemma3,generalist_gemma3,generalist,8,4,misconception and lack of knowledge leads to lengthy/expensive design and permit process,misconception and lack of knowledge leads to lengthy/expensive design and permit process,matched,corrected_from_label,False,6,20260701_004632,no
generalist_gemma3_06_b10,gemma3,generalist_gemma3,generalist,10,5,uncertain regulatory roadmap,uncertain regulatory roadmap,matched,corrected_from_label,False,6,20260701_004632,no
normative_gemma3_06_b1,gemma3,normative_gemma3,normative,1,1,"power losses, quality and safety issues","power losses, quality and safety issues",matched,correct_id,False,6,20260701_004632,no
normative_gemma3_06_b4,gemma3,normative_gemma3,normative,4,4,"uncertain utility interaction (net metering, utility ownership, and agreed standards)","uncertain utility interaction (net metering, utility ownership, and agreed standards)",matched,correct_id,False,6,20260701_004632,no
normative_gemma3_06_b7,gemma3,normative_gemma3,normative,7,7,incompatibility of DC systems components,incompatibility of DC systems components,matched,correct_id,False,6,20260701_004632,no
normative_gemma3_06_b8,gemma3,normative_gemma3,normative,8,8,misconception and lack of knowledge leads to lengthy/expensive design and permit process,misconception and lack of knowledge leads to lengthy/expensive design and permit process,matched,correct_id,False,6,20260701_004632,no
normative_gemma3_06_b11,gemma3,normative_gemma3,normative,11,11,high costs of DC solutions,high costs of DC solutions,matched,correct_id,False,6,20260701_004632,no
subject-matter_gemma3_06_b1,gemma3,subject-matter_gemma3,subject-matter,1,1,"power losses, quality and safety issues","power losses, quality and safety issues",matched,correct_id,False,6,20260701_004632,no
subject-matter_gemma3_06_b5,gemma3,subject-matter_gemma3,subject-matter,5,2,lack of pilot projects,lack of pilot projects,matched,corrected_from_label,False,6,20260701_004632,no
subject-matter_gemma3_06_b4,gemma3,subject-matter_gemma3,subject-matter,4,3,"uncertain utility interaction (net metering, utility ownership, and agreed standards)","uncertain utility interaction (net metering, utility ownership, and agreed standards)",matched,corrected_from_label,False,6,20260701_004632,no
subject-matter_gemma3_06_b8,gemma3,subject-matter_gemma3,subject-matter,8,4,misconception and lack of knowledge leads to lengthy/expensive design and permit process,misconception and lack of knowledge leads to lengthy/expensive design and permit process,matched,corrected_from_label,False,6,20260701_004632,no
subject-matter_gemma3_06_b10,gemma3,subject-matter_gemma3,subject-matter,10,5,uncertain regulatory roadmap,uncertain regulatory roadmap,matched,corrected_from_label,False,6,20260701_004632,no
generalist_phi4_06_b1,phi4,generalist_phi4,generalist,1,1,"power losses, quality and safety issues","power losses, quality and safety issues",matched,correct_id,False,6,20260701_004632,no
generalist_phi4_06_b2,phi4,generalist_phi4,generalist,2,2,reduced reliability in DC devices,reduced reliability in DC devices,matched,correct_id,False,6,20260701_004632,no
generalist_phi4_06_b3,phi4,generalist_phi4,generalist,3,3,lack of use-cases in which DC is advantageous,lack of use-cases in which DC is advantageous,matched,correct_id,False,6,20260701_004632,no
generalist_phi4_06_b4,phi4,generalist_phi4,generalist,4,4,"uncertain utility interaction (net metering, utility ownership, and agreed standards)","uncertain utility interaction (net metering, utility ownership, and agreed standards)",matched,correct_id,False,6,20260701_004632,no
generalist_phi4_06_b5,phi4,generalist_phi4,generalist,5,5,lack of pilot projects,lack of pilot projects,matched,correct_id,False,6,20260701_004632,no
normative_phi4_06_b1,phi4,normative_phi4,normative,1,1,"power losses, quality and safety issues","power losses, quality and safety issues",matched,correct_id,False,6,20260701_004632,no
normative_phi4_06_b2,phi4,normative_phi4,normative,2,2,reduced reliability in DC devices,reduced reliability in DC devices,matched,correct_id,False,6,20260701_004632,no
normative_phi4_06_b3,phi4,normative_phi4,normative,3,3,lack of use-cases in which DC is advantageous,lack of use-cases in which DC is advantageous,matched,correct_id,False,6,20260701_004632,no
normative_phi4_06_b4,phi4,normative_phi4,normative,4,4,"uncertain utility interaction (net metering, utility ownership, and agreed standards)","uncertain utility interaction (net metering, utility ownership, and agreed standards)",matched,correct_id,False,6,20260701_004632,no
normative_phi4_06_b5,phi4,normative_phi4,normative,5,5,lack of pilot projects,lack of pilot projects,matched,correct_id,False,6,20260701_004632,no
subject-matter_phi4_06_b1,phi4,subject-matter_phi4,subject-matter,1,1,"power losses, quality and safety issues","power losses, quality and safety issues",matched,correct_id,False,6,20260701_004632,no
subject-matter_phi4_06_b2,phi4,subject-matter_phi4,subject-matter,2,2,reduced reliability in DC devices,reduced reliability in DC devices,matched,correct_id,False,6,20260701_004632,no
subject-matter_phi4_06_b3,phi4,subject-matter_phi4,subject-matter,3,3,lack of use-cases in which DC is advantageous,lack of use-cases in which DC is advantageous,matched,correct_id,False,6,20260701_004632,no
subject-matter_phi4_06_b4,phi4,subject-matter_phi4,subject-matter,4,4,"uncertain utility interaction (net metering, utility ownership, and agreed standards)","uncertain utility interaction (net metering, utility ownership, and agreed standards)",matched,correct_id,False,6,20260701_004632,no
subject-matter_phi4_06_b10,phi4,subject-matter_phi4,subject-matter,10,5,uncertain regulatory roadmap,uncertain regulatory roadmap,matched,corrected_from_label,False,6,20260701_004632,no
generalist_llama_07_b1,llama,generalist_llama,generalist,1,1,"power losses, quality and safety issues","Power losses, quality, and safety issues",matched,correct_id,False,7,20260701_005225,no
generalist_llama_07_b2,llama,generalist_llama,generalist,2,2,reduced reliability in DC devices,Reduced reliability in DC devices,matched,correct_id,False,7,20260701_005225,no
generalist_llama_07_b3,llama,generalist_llama,generalist,3,3,lack of use-cases in which DC is advantageous,Lack of use-cases in which DC is advantageous,matched,correct_id,False,7,20260701_005225,no
generalist_llama_07_b4,llama,generalist_llama,generalist,4,4,"uncertain utility interaction (net metering, utility ownership, and agreed standards)","Uncertain utility interaction (net metering, utility ownership, and agreed standards)",matched,correct_id,False,7,20260701_005225,no
generalist_llama_07_b5,llama,generalist_llama,generalist,5,5,lack of pilot projects,Lack of pilot projects,matched,correct_id,False,7,20260701_005225,no
normative_llama_07_b1,llama,normative_llama,normative,1,1,"power losses, quality and safety issues","Power losses, quality, and safety issues",matched,correct_id,False,7,20260701_005225,no
normative_llama_07_b3,llama,normative_llama,normative,3,2,lack of use-cases in which DC is advantageous,Lack of use-cases in which DC is advantageous,matched,corrected_from_label,False,7,20260701_005225,no
normative_llama_07_b4,llama,normative_llama,normative,4,3,"uncertain utility interaction (net metering, utility ownership, and agreed standards)","Uncertain utility interaction (net metering, utility ownership, and agreed standards)",matched,corrected_from_label,False,7,20260701_005225,no
normative_llama_07_b5,llama,normative_llama,normative,5,4,lack of pilot projects,Lack of pilot projects,matched,corrected_from_label,False,7,20260701_005225,no
normative_llama_07_b6,llama,normative_llama,normative,6,5,public perception of DC and readiness to 'champion' installations from DC projects,Public perception of DC and readiness to 'champion' installations from DC projects,matched,corrected_from_label,False,7,20260701_005225,no
subject-matter_llama_07_b1,llama,subject-matter_llama,subject-matter,1,1,"power losses, quality and safety issues","Power losses, quality, and safety issues",matched,correct_id,False,7,20260701_005225,no
subject-matter_llama_07_b2,llama,subject-matter_llama,subject-matter,2,2,reduced reliability in DC devices,Reduced reliability in DC devices,matched,correct_id,False,7,20260701_005225,no
subject-matter_llama_07_b3,llama,subject-matter_llama,subject-matter,3,3,lack of use-cases in which DC is advantageous,Lack of use-cases in which DC is advantageous,matched,correct_id,False,7,20260701_005225,no
subject-matter_llama_07_b4,llama,subject-matter_llama,subject-matter,4,4,"uncertain utility interaction (net metering, utility ownership, and agreed standards)","Uncertain utility interaction (net metering, utility ownership, and agreed standards)",matched,correct_id,False,7,20260701_005225,no
subject-matter_llama_07_b5,llama,subject-matter_llama,subject-matter,5,5,lack of pilot projects,Lack of pilot projects,matched,correct_id,False,7,20260701_005225,no
generalist_mistral_07_b1,mistral,generalist_mistral,generalist,1,1,"power losses, quality and safety issues","Power losses, quality, and safety issues",matched,correct_id,False,7,20260701_005225,no
generalist_mistral_07_b2,mistral,generalist_mistral,generalist,2,2,reduced reliability in DC devices,Reduced reliability in DC devices,matched,correct_id,False,7,20260701_005225,no
generalist_mistral_07_b3,mistral,generalist_mistral,generalist,3,3,lack of use-cases in which DC is advantageous,Lack of use-cases in which DC is advantageous,matched,correct_id,False,7,20260701_005225,no
generalist_mistral_07_b4,mistral,generalist_mistral,generalist,4,4,"uncertain utility interaction (net metering, utility ownership, and agreed standards)","Uncertain utility interaction (net metering, utility ownership, and agreed standards)",matched,correct_id,False,7,20260701_005225,no
generalist_mistral_07_b5,mistral,generalist_mistral,generalist,5,5,lack of pilot projects,Lack of pilot projects,matched,correct_id,False,7,20260701_005225,no
normative_mistral_07_b1,mistral,normative_mistral,normative,1,1,"power losses, quality and safety issues","power losses, quality and safety issues",matched,correct_id,False,7,20260701_005225,no
normative_mistral_07_b2,mistral,normative_mistral,normative,2,2,reduced reliability in DC devices,reduced reliability in DC devices,matched,correct_id,False,7,20260701_005225,no
normative_mistral_07_b3,mistral,normative_mistral,normative,3,3,lack of use-cases in which DC is advantageous,lack of use-cases in which DC is advantageous,matched,correct_id,False,7,20260701_005225,no
normative_mistral_07_b4,mistral,normative_mistral,normative,4,4,"uncertain utility interaction (net metering, utility ownership, and agreed standards)","uncertain utility interaction (net metering, utility ownership, and agreed standards)",matched,correct_id,False,7,20260701_005225,no
normative_mistral_07_b10,mistral,normative_mistral,normative,10,5,uncertain regulatory roadmap,uncertain regulatory roadmap,matched,corrected_from_label,False,7,20260701_005225,no
subject-matter_mistral_07_b1,mistral,subject-matter_mistral,subject-matter,1,1,"power losses, quality and safety issues","power losses, quality, and safety issues",matched,correct_id,False,7,20260701_005225,no
subject-matter_mistral_07_b2,mistral,subject-matter_mistral,subject-matter,2,2,reduced reliability in DC devices,reduced reliability in DC devices,matched,correct_id,False,7,20260701_005225,no
subject-matter_mistral_07_b3,mistral,subject-matter_mistral,subject-matter,3,3,lack of use-cases in which DC is advantageous,lack of use-cases in which DC is advantageous,matched,correct_id,False,7,20260701_005225,no
subject-matter_mistral_07_b4,mistral,subject-matter_mistral,subject-matter,4,4,"uncertain utility interaction (net metering, utility ownership, and agreed standards)","uncertain utility interaction (net metering, utility ownership, and agreed standards)",matched,correct_id,False,7,20260701_005225,no
subject-matter_mistral_07_b5,mistral,subject-matter_mistral,subject-matter,5,5,lack of pilot projects,lack of pilot projects,matched,correct_id,False,7,20260701_005225,no
generalist_gemma3_07_b1,gemma3,generalist_gemma3,generalist,1,1,"power losses, quality and safety issues","power losses, quality and safety issues",matched,correct_id,False,7,20260701_005225,no
generalist_gemma3_07_b5,gemma3,generalist_gemma3,generalist,5,2,lack of pilot projects,lack of pilot projects,matched,corrected_from_label,False,7,20260701_005225,no
generalist_gemma3_07_b6,gemma3,generalist_gemma3,generalist,6,3,public perception of DC and readiness to 'champion' installations from DC projects,public perception of DC and readiness to 'champion' installations from DC projects,matched,corrected_from_label,False,7,20260701_005225,no
generalist_gemma3_07_b8,gemma3,generalist_gemma3,generalist,8,4,misconception and lack of knowledge leads to lengthy/expensive design and permit process,misconception and lack of knowledge leads to lengthy/expensive design and permit process,matched,corrected_from_label,False,7,20260701_005225,no
generalist_gemma3_07_b10,gemma3,generalist_gemma3,generalist,10,5,uncertain regulatory roadmap,uncertain regulatory roadmap,matched,corrected_from_label,False,7,20260701_005225,no
normative_gemma3_07_b1,gemma3,normative_gemma3,normative,1,1,"power losses, quality and safety issues","power losses, quality and safety issues",matched,correct_id,False,7,20260701_005225,no
normative_gemma3_07_b4,gemma3,normative_gemma3,normative,4,2,"uncertain utility interaction (net metering, utility ownership, and agreed standards)","uncertain utility interaction (net metering, utility ownership, and agreed standards)",matched,corrected_from_label,False,7,20260701_005225,no
normative_gemma3_07_b5,gemma3,normative_gemma3,normative,5,3,lack of pilot projects,lack of pilot projects,matched,corrected_from_label,False,7,20260701_005225,no
normative_gemma3_07_b8,gemma3,normative_gemma3,normative,8,4,misconception and lack of knowledge leads to lengthy/expensive design and permit process,misconception and lack of knowledge leads to lengthy/expensive design and permit process,matched,corrected_from_label,False,7,20260701_005225,no
normative_gemma3_07_b10,gemma3,normative_gemma3,normative,10,5,uncertain regulatory roadmap,uncertain regulatory roadmap,matched,corrected_from_label,False,7,20260701_005225,no
subject-matter_gemma3_07_b1,gemma3,subject-matter_gemma3,subject-matter,1,1,"power losses, quality and safety issues","power losses, quality and safety issues",matched,correct_id,False,7,20260701_005225,no
subject-matter_gemma3_07_b5,gemma3,subject-matter_gemma3,subject-matter,5,2,lack of pilot projects,lack of pilot projects,matched,corrected_from_label,False,7,20260701_005225,no
subject-matter_gemma3_07_b6,gemma3,subject-matter_gemma3,subject-matter,6,3,public perception of DC and readiness to 'champion' installations from DC projects,public perception of DC and readiness to 'champion' installations from DC projects,matched,corrected_from_label,False,7,20260701_005225,no
subject-matter_gemma3_07_b8,gemma3,subject-matter_gemma3,subject-matter,8,4,misconception and lack of knowledge leads to lengthy/expensive design and permit process,misconception and lack of knowledge leads to lengthy/expensive design and permit process,matched,corrected_from_label,False,7,20260701_005225,no
subject-matter_gemma3_07_b10,gemma3,subject-matter_gemma3,subject-matter,10,5,uncertain regulatory roadmap,uncertain regulatory roadmap,matched,corrected_from_label,False,7,20260701_005225,no
generalist_phi4_07_b1,phi4,generalist_phi4,generalist,1,1,"power losses, quality and safety issues","power losses, quality and safety issues",matched,correct_id,False,7,20260701_005225,no
generalist_phi4_07_b3,phi4,generalist_phi4,generalist,3,3,lack of use-cases in which DC is advantageous,lack of use-cases in which DC is advantageous,matched,correct_id,False,7,20260701_005225,no
generalist_phi4_07_b4,phi4,generalist_phi4,generalist,4,4,"uncertain utility interaction (net metering, utility ownership, and agreed standards)","uncertain utility interaction (net metering, utility ownership, and agreed standards)",matched,correct_id,False,7,20260701_005225,no
generalist_phi4_07_b5,phi4,generalist_phi4,generalist,5,5,lack of pilot projects,lack of pilot projects,matched,correct_id,False,7,20260701_005225,no
generalist_phi4_07_b10,phi4,generalist_phi4,generalist,10,10,uncertain regulatory roadmap,uncertain regulatory roadmap,matched,correct_id,False,7,20260701_005225,no
normative_phi4_07_b1,phi4,normative_phi4,normative,1,1,"power losses, quality and safety issues","power losses, quality and safety issues",matched,correct_id,False,7,20260701_005225,no
normative_phi4_07_b3,phi4,normative_phi4,normative,3,3,lack of use-cases in which DC is advantageous,lack of use-cases in which DC is advantageous,matched,correct_id,False,7,20260701_005225,no
normative_phi4_07_b4,phi4,normative_phi4,normative,4,4,"uncertain utility interaction (net metering, utility ownership, and agreed standards)","uncertain utility interaction (net metering, utility ownership, and agreed standards)",matched,correct_id,False,7,20260701_005225,no
normative_phi4_07_b8,phi4,normative_phi4,normative,8,8,misconception and lack of knowledge leads to lengthy/expensive design and permit process,misconception and lack of knowledge leads to lengthy/expensive design and permit process,matched,correct_id,False,7,20260701_005225,no
normative_phi4_07_b10,phi4,normative_phi4,normative,10,10,uncertain regulatory roadmap,uncertain regulatory roadmap,matched,correct_id,False,7,20260701_005225,no
subject-matter_phi4_07_b1,phi4,subject-matter_phi4,subject-matter,1,1,"power losses, quality and safety issues","power losses, quality and safety issues",matched,correct_id,False,7,20260701_005225,no
subject-matter_phi4_07_b4,phi4,subject-matter_phi4,subject-matter,4,2,"uncertain utility interaction (net metering, utility ownership, and agreed standards)","uncertain utility interaction (net metering, utility ownership, and agreed standards)",matched,corrected_from_label,False,7,20260701_005225,no
subject-matter_phi4_07_b5,phi4,subject-matter_phi4,subject-matter,5,3,lack of pilot projects,lack of pilot projects,matched,corrected_from_label,False,7,20260701_005225,no
subject-matter_phi4_07_b8,phi4,subject-matter_phi4,subject-matter,8,4,misconception and lack of knowledge leads to lengthy/expensive design and permit process,misconception and lack of knowledge leads to lengthy/expensive design and permit process,matched,corrected_from_label,False,7,20260701_005225,no
subject-matter_phi4_07_b10,phi4,subject-matter_phi4,subject-matter,10,5,uncertain regulatory roadmap,uncertain regulatory roadmap,matched,corrected_from_label,False,7,20260701_005225,no
generalist_llama_08_b1,llama,generalist_llama,generalist,1,1,"power losses, quality and safety issues","Power losses, quality and safety issues",matched,correct_id,False,8,20260701_010231,no
generalist_llama_08_b3,llama,generalist_llama,generalist,3,2,lack of use-cases in which DC is advantageous,Lack of use-cases in which DC is advantageous,matched,corrected_from_label,False,8,20260701_010231,no
generalist_llama_08_b4,llama,generalist_llama,generalist,4,3,"uncertain utility interaction (net metering, utility ownership, and agreed standards)","Uncertain utility interaction (net metering, utility ownership, and agreed standards)",matched,corrected_from_label,False,8,20260701_010231,no
generalist_llama_08_b5,llama,generalist_llama,generalist,5,4,lack of pilot projects,Lack of pilot projects,matched,corrected_from_label,False,8,20260701_010231,no
generalist_llama_08_b6,llama,generalist_llama,generalist,6,5,public perception of DC and readiness to 'champion' installations from DC projects,Public perception of DC and readiness to 'champion' installations from DC projects,matched,corrected_from_label,False,8,20260701_010231,no
normative_llama_08_b1,llama,normative_llama,normative,1,1,"power losses, quality and safety issues","Power losses, quality, and safety issues",matched,correct_id,False,8,20260701_010231,no
normative_llama_08_b2,llama,normative_llama,normative,2,2,reduced reliability in DC devices,Reduced reliability in DC devices,matched,correct_id,False,8,20260701_010231,no
normative_llama_08_b3,llama,normative_llama,normative,3,3,lack of use-cases in which DC is advantageous,Lack of use-cases in which DC is advantageous,matched,correct_id,False,8,20260701_010231,no
normative_llama_08_b4,llama,normative_llama,normative,4,4,"uncertain utility interaction (net metering, utility ownership, and agreed standards)","Uncertain utility interaction (net metering, utility ownership, and agreed standards)",matched,correct_id,False,8,20260701_010231,no
normative_llama_08_b5,llama,normative_llama,normative,5,5,lack of pilot projects,Lack of pilot projects,matched,correct_id,False,8,20260701_010231,no
subject-matter_llama_08_b1,llama,subject-matter_llama,subject-matter,1,1,"power losses, quality and safety issues","Power losses, quality, and safety issues",matched,correct_id,False,8,20260701_010231,no
subject-matter_llama_08_b2,llama,subject-matter_llama,subject-matter,2,2,reduced reliability in DC devices,Reduced reliability in DC devices,matched,correct_id,False,8,20260701_010231,no
subject-matter_llama_08_b3,llama,subject-matter_llama,subject-matter,3,3,lack of use-cases in which DC is advantageous,Lack of use-cases in which DC is advantageous,matched,correct_id,False,8,20260701_010231,no
subject-matter_llama_08_b4,llama,subject-matter_llama,subject-matter,4,4,"uncertain utility interaction (net metering, utility ownership, and agreed standards)","Uncertain utility interaction (net metering, utility ownership, and agreed standards)",matched,correct_id,False,8,20260701_010231,no
subject-matter_llama_08_b5,llama,subject-matter_llama,subject-matter,5,5,lack of pilot projects,Lack of pilot projects,matched,correct_id,False,8,20260701_010231,no
generalist_mistral_08_b1,mistral,generalist_mistral,generalist,1,1,"power losses, quality and safety issues","Power losses, quality, and safety issues",matched,correct_id,False,8,20260701_010231,no
generalist_mistral_08_b2,mistral,generalist_mistral,generalist,2,2,reduced reliability in DC devices,Reduced reliability in DC devices,matched,correct_id,False,8,20260701_010231,no
generalist_mistral_08_b3,mistral,generalist_mistral,generalist,3,3,lack of use-cases in which DC is advantageous,Lack of use-cases in which DC is advantageous,matched,correct_id,False,8,20260701_010231,no
generalist_mistral_08_b4,mistral,generalist_mistral,generalist,4,4,"uncertain utility interaction (net metering, utility ownership, and agreed standards)","Uncertain utility interaction (net metering, utility ownership, and agreed standards)",matched,correct_id,False,8,20260701_010231,no
generalist_mistral_08_b5,mistral,generalist_mistral,generalist,5,5,lack of pilot projects,Lack of pilot projects,matched,correct_id,False,8,20260701_010231,no
normative_mistral_08_b1,mistral,normative_mistral,normative,1,1,"power losses, quality and safety issues","power losses, quality and safety issues",matched,correct_id,False,8,20260701_010231,no
normative_mistral_08_b2,mistral,normative_mistral,normative,2,2,reduced reliability in DC devices,reduced reliability in DC devices,matched,correct_id,False,8,20260701_010231,no
normative_mistral_08_b4,mistral,normative_mistral,normative,4,3,"uncertain utility interaction (net metering, utility ownership, and agreed standards)","uncertain utility interaction (net metering, utility ownership, and agreed standards)",matched,corrected_from_label,False,8,20260701_010231,no
normative_mistral_08_b5,mistral,normative_mistral,normative,5,4,lack of pilot projects,lack of pilot projects,matched,corrected_from_label,False,8,20260701_010231,no
normative_mistral_08_b9,mistral,normative_mistral,normative,9,5,lack of enough trained personnel in DC systems,lack of enough trained personnel in DC systems,matched,corrected_from_label,False,8,20260701_010231,no
subject-matter_mistral_08_b1,mistral,subject-matter_mistral,subject-matter,1,1,"power losses, quality and safety issues","power losses, quality, and safety issues",matched,correct_id,False,8,20260701_010231,no
subject-matter_mistral_08_b2,mistral,subject-matter_mistral,subject-matter,2,2,reduced reliability in DC devices,reduced reliability in DC devices,matched,correct_id,False,8,20260701_010231,no
subject-matter_mistral_08_b4,mistral,subject-matter_mistral,subject-matter,4,3,"uncertain utility interaction (net metering, utility ownership, and agreed standards)","uncertain utility interaction (net metering, utility ownership, and agreed standards)",matched,corrected_from_label,False,8,20260701_010231,no
subject-matter_mistral_08_b5,mistral,subject-matter_mistral,subject-matter,5,4,lack of pilot projects,lack of pilot projects,matched,corrected_from_label,False,8,20260701_010231,no
subject-matter_mistral_08_b11,mistral,subject-matter_mistral,subject-matter,11,5,high costs of DC solutions,high costs of DC solutions,matched,corrected_from_label,False,8,20260701_010231,no
generalist_gemma3_08_b1,gemma3,generalist_gemma3,generalist,1,1,"power losses, quality and safety issues","power losses, quality and safety issues",matched,correct_id,False,8,20260701_010231,no
generalist_gemma3_08_b3,gemma3,generalist_gemma3,generalist,3,2,lack of use-cases in which DC is advantageous,lack of use-cases in which DC is advantageous,matched,corrected_from_label,False,8,20260701_010231,no
generalist_gemma3_08_b4,gemma3,generalist_gemma3,generalist,4,3,"uncertain utility interaction (net metering, utility ownership, and agreed standards)","uncertain utility interaction (net metering, utility ownership, and agreed standards)",matched,corrected_from_label,False,8,20260701_010231,no
generalist_gemma3_08_b8,gemma3,generalist_gemma3,generalist,8,4,misconception and lack of knowledge leads to lengthy/expensive design and permit process,misconception and lack of knowledge leads to lengthy/expensive design and permit process,matched,corrected_from_label,False,8,20260701_010231,no
generalist_gemma3_08_b10,gemma3,generalist_gemma3,generalist,10,5,uncertain regulatory roadmap,uncertain regulatory roadmap,matched,corrected_from_label,False,8,20260701_010231,no
normative_gemma3_08_b1,gemma3,normative_gemma3,normative,1,1,"power losses, quality and safety issues","power losses, quality and safety issues",matched,correct_id,False,8,20260701_010231,no
normative_gemma3_08_b4,gemma3,normative_gemma3,normative,4,4,"uncertain utility interaction (net metering, utility ownership, and agreed standards)","uncertain utility interaction (net metering, utility ownership, and agreed standards)",matched,correct_id,False,8,20260701_010231,no
normative_gemma3_08_b7,gemma3,normative_gemma3,normative,7,7,incompatibility of DC systems components,incompatibility of DC systems components,matched,correct_id,False,8,20260701_010231,no
normative_gemma3_08_b8,gemma3,normative_gemma3,normative,8,8,misconception and lack of knowledge leads to lengthy/expensive design and permit process,misconception and lack of knowledge leads to lengthy/expensive design and permit process,matched,correct_id,False,8,20260701_010231,no
normative_gemma3_08_b11,gemma3,normative_gemma3,normative,11,11,high costs of DC solutions,high costs of DC solutions,matched,correct_id,False,8,20260701_010231,no
subject-matter_gemma3_08_b1,gemma3,subject-matter_gemma3,subject-matter,1,1,"power losses, quality and safety issues","power losses, quality and safety issues",matched,correct_id,False,8,20260701_010231,no
subject-matter_gemma3_08_b3,gemma3,subject-matter_gemma3,subject-matter,3,2,lack of use-cases in which DC is advantageous,lack of use-cases in which DC is advantageous,matched,corrected_from_label,False,8,20260701_010231,no
subject-matter_gemma3_08_b4,gemma3,subject-matter_gemma3,subject-matter,4,3,"uncertain utility interaction (net metering, utility ownership, and agreed standards)","uncertain utility interaction (net metering, utility ownership, and agreed standards)",matched,corrected_from_label,False,8,20260701_010231,no
subject-matter_gemma3_08_b8,gemma3,subject-matter_gemma3,subject-matter,8,4,misconception and lack of knowledge leads to lengthy/expensive design and permit process,misconception and lack of knowledge leads to lengthy/expensive design and permit process,matched,corrected_from_label,False,8,20260701_010231,no
subject-matter_gemma3_08_b10,gemma3,subject-matter_gemma3,subject-matter,10,5,uncertain regulatory roadmap,uncertain regulatory roadmap,matched,corrected_from_label,False,8,20260701_010231,no
generalist_phi4_08_b1,phi4,generalist_phi4,generalist,1,1,"power losses, quality and safety issues","power losses, quality and safety issues",matched,correct_id,False,8,20260701_010231,no
generalist_phi4_08_b3,phi4,generalist_phi4,generalist,3,3,lack of use-cases in which DC is advantageous,lack of use-cases in which DC is advantageous,matched,correct_id,False,8,20260701_010231,no
generalist_phi4_08_b4,phi4,generalist_phi4,generalist,4,4,"uncertain utility interaction (net metering, utility ownership, and agreed standards)","uncertain utility interaction (net metering, utility ownership, and agreed standards)",matched,correct_id,False,8,20260701_010231,no
generalist_phi4_08_b5,phi4,generalist_phi4,generalist,5,5,lack of pilot projects,lack of pilot projects,matched,correct_id,False,8,20260701_010231,no
generalist_phi4_08_b10,phi4,generalist_phi4,generalist,10,10,uncertain regulatory roadmap,uncertain regulatory roadmap,matched,correct_id,False,8,20260701_010231,no
normative_phi4_08_b1,phi4,normative_phi4,normative,1,1,"power losses, quality and safety issues","power losses, quality and safety issues",matched,correct_id,False,8,20260701_010231,no
normative_phi4_08_b3,phi4,normative_phi4,normative,3,2,lack of use-cases in which DC is advantageous,lack of use-cases in which DC is advantageous,matched,corrected_from_label,False,8,20260701_010231,no
normative_phi4_08_b4,phi4,normative_phi4,normative,4,4,"uncertain utility interaction (net metering, utility ownership, and agreed standards)","uncertain utility interaction (net metering, utility ownership, and agreed standards)",matched,correct_id,False,8,20260701_010231,no
normative_phi4_08_b5,phi4,normative_phi4,normative,5,5,lack of pilot projects,lack of pilot projects,matched,correct_id,False,8,20260701_010231,no
normative_phi4_08_b10,phi4,normative_phi4,normative,10,10,uncertain regulatory roadmap,uncertain regulatory roadmap,matched,correct_id,False,8,20260701_010231,no
subject-matter_phi4_08_b1,phi4,subject-matter_phi4,subject-matter,1,1,"power losses, quality and safety issues","power losses, quality and safety issues",matched,correct_id,False,8,20260701_010231,no
subject-matter_phi4_08_b3,phi4,subject-matter_phi4,subject-matter,3,3,lack of use-cases in which DC is advantageous,lack of use-cases in which DC is advantageous,matched,correct_id,False,8,20260701_010231,no
subject-matter_phi4_08_b4,phi4,subject-matter_phi4,subject-matter,4,4,"uncertain utility interaction (net metering, utility ownership, and agreed standards)","uncertain utility interaction (net metering, utility ownership, and agreed standards)",matched,correct_id,False,8,20260701_010231,no
subject-matter_phi4_08_b8,phi4,subject-matter_phi4,subject-matter,8,8,misconception and lack of knowledge leads to lengthy/expensive design and permit process,misconception and lack of knowledge leads to lengthy/expensive design and permit process,matched,correct_id,False,8,20260701_010231,no
subject-matter_phi4_08_b10,phi4,subject-matter_phi4,subject-matter,10,10,uncertain regulatory roadmap,uncertain regulatory roadmap,matched,correct_id,False,8,20260701_010231,no
generalist_llama_09_b1,llama,generalist_llama,generalist,1,1,"power losses, quality and safety issues","Power losses, quality, and safety issues",matched,correct_id,False,9,20260701_010829,no
generalist_llama_09_b4,llama,generalist_llama,generalist,4,2,"uncertain utility interaction (net metering, utility ownership, and agreed standards)","Uncertain utility interaction (net metering, utility ownership, and agreed standards)",matched,corrected_from_label,False,9,20260701_010829,no
generalist_llama_09_b3,llama,generalist_llama,generalist,3,3,lack of use-cases in which DC is advantageous,Lack of use-cases in which DC is advantageous,matched,correct_id,False,9,20260701_010829,no
generalist_llama_09_b7,llama,generalist_llama,generalist,7,4,incompatibility of DC systems components,Incompatibility of DC systems components,matched,corrected_from_label,False,9,20260701_010829,no
generalist_llama_09_b8,llama,generalist_llama,generalist,8,5,misconception and lack of knowledge leads to lengthy/expensive design and permit process,Misconception and lack of knowledge leads to lengthy/expensive design and permit process,matched,corrected_from_label,False,9,20260701_010829,no
normative_llama_09_b1,llama,normative_llama,normative,1,1,"power losses, quality and safety issues","Power losses, quality, and safety issues",matched,correct_id,False,9,20260701_010829,no
normative_llama_09_b3,llama,normative_llama,normative,3,2,lack of use-cases in which DC is advantageous,Lack of use-cases in which DC is advantageous,matched,corrected_from_label,False,9,20260701_010829,no
normative_llama_09_b4,llama,normative_llama,normative,4,3,"uncertain utility interaction (net metering, utility ownership, and agreed standards)","Uncertain utility interaction (net metering, utility ownership, and agreed standards)",matched,corrected_from_label,False,9,20260701_010829,no
normative_llama_09_b7,llama,normative_llama,normative,7,4,incompatibility of DC systems components,Incompatibility of DC systems components,matched,corrected_from_label,False,9,20260701_010829,no
normative_llama_09_b6,llama,normative_llama,normative,6,5,public perception of DC and readiness to 'champion' installations from DC projects,Public perception of DC and readiness to 'champion' installations from DC projects,matched,corrected_from_label,False,9,20260701_010829,no
subject-matter_llama_09_b1,llama,subject-matter_llama,subject-matter,1,1,"power losses, quality and safety issues","Power losses, quality, and safety issues",matched,correct_id,False,9,20260701_010829,no
subject-matter_llama_09_b2,llama,subject-matter_llama,subject-matter,2,2,reduced reliability in DC devices,Reduced reliability in DC devices,matched,correct_id,False,9,20260701_010829,no
subject-matter_llama_09_b3,llama,subject-matter_llama,subject-matter,3,3,lack of use-cases in which DC is advantageous,Lack of use-cases in which DC is advantageous,matched,correct_id,False,9,20260701_010829,no
subject-matter_llama_09_b4,llama,subject-matter_llama,subject-matter,4,4,"uncertain utility interaction (net metering, utility ownership, and agreed standards)","Uncertain utility interaction (net metering, utility ownership, and agreed standards)",matched,correct_id,False,9,20260701_010829,no
subject-matter_llama_09_b5,llama,subject-matter_llama,subject-matter,5,5,lack of pilot projects,Lack of pilot projects,matched,correct_id,False,9,20260701_010829,no
generalist_mistral_09_b1,mistral,generalist_mistral,generalist,1,1,"power losses, quality and safety issues","Power losses, quality, and safety issues",matched,correct_id,False,9,20260701_010829,no
generalist_mistral_09_b2,mistral,generalist_mistral,generalist,2,2,reduced reliability in DC devices,Reduced reliability in DC devices,matched,correct_id,False,9,20260701_010829,no
generalist_mistral_09_b3,mistral,generalist_mistral,generalist,3,3,lack of use-cases in which DC is advantageous,Lack of use-cases in which DC is advantageous,matched,correct_id,False,9,20260701_010829,no
generalist_mistral_09_b4,mistral,generalist_mistral,generalist,4,4,"uncertain utility interaction (net metering, utility ownership, and agreed standards)","Uncertain utility interaction (net metering, utility ownership, and agreed standards)",matched,correct_id,False,9,20260701_010829,no
generalist_mistral_09_b5,mistral,generalist_mistral,generalist,5,5,lack of pilot projects,Lack of pilot projects,matched,correct_id,False,9,20260701_010829,no
normative_mistral_09_b1,mistral,normative_mistral,normative,1,1,"power losses, quality and safety issues","power losses, quality and safety issues",matched,correct_id,False,9,20260701_010829,no
normative_mistral_09_b2,mistral,normative_mistral,normative,2,2,reduced reliability in DC devices,reduced reliability in DC devices,matched,correct_id,False,9,20260701_010829,no
normative_mistral_09_b3,mistral,normative_mistral,normative,3,3,lack of use-cases in which DC is advantageous,lack of use-cases in which DC is advantageous,matched,correct_id,False,9,20260701_010829,no
normative_mistral_09_b4,mistral,normative_mistral,normative,4,4,"uncertain utility interaction (net metering, utility ownership, and agreed standards)","uncertain utility interaction (net metering, utility ownership, and agreed standards)",matched,correct_id,False,9,20260701_010829,no
normative_mistral_09_b5,mistral,normative_mistral,normative,5,5,lack of pilot projects,lack of pilot projects,matched,correct_id,False,9,20260701_010829,no
subject-matter_mistral_09_b1,mistral,subject-matter_mistral,subject-matter,1,1,"power losses, quality and safety issues","power losses, quality and safety issues",matched,correct_id,False,9,20260701_010829,no
subject-matter_mistral_09_b2,mistral,subject-matter_mistral,subject-matter,2,2,reduced reliability in DC devices,reduced reliability in DC devices,matched,correct_id,False,9,20260701_010829,no
subject-matter_mistral_09_b4,mistral,subject-matter_mistral,subject-matter,4,3,"uncertain utility interaction (net metering, utility ownership, and agreed standards)","uncertain utility interaction (net metering, utility ownership, and agreed standards)",matched,corrected_from_label,False,9,20260701_010829,no
subject-matter_mistral_09_b5,mistral,subject-matter_mistral,subject-matter,5,4,lack of pilot projects,lack of pilot projects,matched,corrected_from_label,False,9,20260701_010829,no
subject-matter_mistral_09_b10,mistral,subject-matter_mistral,subject-matter,10,5,uncertain regulatory roadmap,uncertain regulatory roadmap,matched,corrected_from_label,False,9,20260701_010829,no
generalist_gemma3_09_b1,gemma3,generalist_gemma3,generalist,1,1,"power losses, quality and safety issues","power losses, quality and safety issues",matched,correct_id,False,9,20260701_010829,no
generalist_gemma3_09_b3,gemma3,generalist_gemma3,generalist,3,2,lack of use-cases in which DC is advantageous,lack of use-cases in which DC is advantageous,matched,corrected_from_label,False,9,20260701_010829,no
generalist_gemma3_09_b4,gemma3,generalist_gemma3,generalist,4,3,"uncertain utility interaction (net metering, utility ownership, and agreed standards)","uncertain utility interaction (net metering, utility ownership, and agreed standards)",matched,corrected_from_label,False,9,20260701_010829,no
generalist_gemma3_09_b8,gemma3,generalist_gemma3,generalist,8,4,misconception and lack of knowledge leads to lengthy/expensive design and permit process,misconception and lack of knowledge leads to lengthy/expensive design and permit process,matched,corrected_from_label,False,9,20260701_010829,no
generalist_gemma3_09_b11,gemma3,generalist_gemma3,generalist,11,5,high costs of DC solutions,high costs of DC solutions,matched,corrected_from_label,False,9,20260701_010829,no
normative_gemma3_09_b1,gemma3,normative_gemma3,normative,1,1,"power losses, quality and safety issues","power losses, quality and safety issues",matched,correct_id,False,9,20260701_010829,no
normative_gemma3_09_b4,gemma3,normative_gemma3,normative,4,4,"uncertain utility interaction (net metering, utility ownership, and agreed standards)","uncertain utility interaction (net metering, utility ownership, and agreed standards)",matched,correct_id,False,9,20260701_010829,no
normative_gemma3_09_b7,gemma3,normative_gemma3,normative,7,7,incompatibility of DC systems components,incompatibility of DC systems components,matched,correct_id,False,9,20260701_010829,no
normative_gemma3_09_b8,gemma3,normative_gemma3,normative,8,8,misconception and lack of knowledge leads to lengthy/expensive design and permit process,misconception and lack of knowledge leads to lengthy/expensive design and permit process,matched,correct_id,False,9,20260701_010829,no
normative_gemma3_09_b11,gemma3,normative_gemma3,normative,11,11,high costs of DC solutions,high costs of DC solutions,matched,correct_id,False,9,20260701_010829,no
subject-matter_gemma3_09_b1,gemma3,subject-matter_gemma3,subject-matter,1,1,"power losses, quality and safety issues","power losses, quality and safety issues",matched,correct_id,False,9,20260701_010829,no
subject-matter_gemma3_09_b4,gemma3,subject-matter_gemma3,subject-matter,4,4,"uncertain utility interaction (net metering, utility ownership, and agreed standards)","uncertain utility interaction (net metering, utility ownership, and agreed standards)",matched,correct_id,False,9,20260701_010829,no
subject-matter_gemma3_09_b7,gemma3,subject-matter_gemma3,subject-matter,7,7,incompatibility of DC systems components,incompatibility of DC systems components,matched,correct_id,False,9,20260701_010829,no
subject-matter_gemma3_09_b8,gemma3,subject-matter_gemma3,subject-matter,8,8,misconception and lack of knowledge leads to lengthy/expensive design and permit process,misconception and lack of knowledge leads to lengthy/expensive design and permit process,matched,correct_id,False,9,20260701_010829,no
subject-matter_gemma3_09_b11,gemma3,subject-matter_gemma3,subject-matter,11,11,high costs of DC solutions,high costs of DC solutions,matched,correct_id,False,9,20260701_010829,no
generalist_phi4_09_b1,phi4,generalist_phi4,generalist,1,1,"power losses, quality and safety issues","power losses, quality and safety issues",matched,correct_id,False,9,20260701_010829,no
generalist_phi4_09_b3,phi4,generalist_phi4,generalist,3,2,lack of use-cases in which DC is advantageous,lack of use-cases in which DC is advantageous,matched,corrected_from_label,False,9,20260701_010829,no
generalist_phi4_09_b4,phi4,generalist_phi4,generalist,4,3,"uncertain utility interaction (net metering, utility ownership, and agreed standards)","uncertain utility interaction (net metering, utility ownership, and agreed standards)",matched,corrected_from_label,False,9,20260701_010829,no
generalist_phi4_09_b5,phi4,generalist_phi4,generalist,5,4,lack of pilot projects,lack of pilot projects,matched,corrected_from_label,False,9,20260701_010829,no
generalist_phi4_09_b11,phi4,generalist_phi4,generalist,11,5,high costs of DC solutions,high costs of DC solutions,matched,corrected_from_label,False,9,20260701_010829,no
normative_phi4_09_b1,phi4,normative_phi4,normative,1,1,"power losses, quality and safety issues","power losses, quality and safety issues",matched,correct_id,False,9,20260701_010829,no
normative_phi4_09_b3,phi4,normative_phi4,normative,3,3,lack of use-cases in which DC is advantageous,lack of use-cases in which DC is advantageous,matched,correct_id,False,9,20260701_010829,no
normative_phi4_09_b4,phi4,normative_phi4,normative,4,4,"uncertain utility interaction (net metering, utility ownership, and agreed standards)","uncertain utility interaction (net metering, utility ownership, and agreed standards)",matched,correct_id,False,9,20260701_010829,no
normative_phi4_09_b5,phi4,normative_phi4,normative,5,5,lack of pilot projects,lack of pilot projects,matched,correct_id,False,9,20260701_010829,no
normative_phi4_09_b10,phi4,normative_phi4,normative,10,10,uncertain regulatory roadmap,uncertain regulatory roadmap,matched,correct_id,False,9,20260701_010829,no
subject-matter_phi4_09_b1,phi4,subject-matter_phi4,subject-matter,1,1,"power losses, quality and safety issues","power losses, quality and safety issues",matched,correct_id,False,9,20260701_010829,no
subject-matter_phi4_09_b4,phi4,subject-matter_phi4,subject-matter,4,4,"uncertain utility interaction (net metering, utility ownership, and agreed standards)","uncertain utility interaction (net metering, utility ownership, and agreed standards)",matched,correct_id,False,9,20260701_010829,no
subject-matter_phi4_09_b5,phi4,subject-matter_phi4,subject-matter,5,5,lack of pilot projects,lack of pilot projects,matched,correct_id,False,9,20260701_010829,no
subject-matter_phi4_09_b9,phi4,subject-matter_phi4,subject-matter,9,9,lack of enough trained personnel in DC systems,lack of enough trained personnel in DC systems,matched,correct_id,False,9,20260701_010829,no
subject-matter_phi4_09_b10,phi4,subject-matter_phi4,subject-matter,10,10,uncertain regulatory roadmap,uncertain regulatory roadmap,matched,correct_id,False,9,20260701_010829,no
generalist_llama_10_b1,llama,generalist_llama,generalist,1,1,"power losses, quality and safety issues","Power losses, quality, and safety issues",matched,correct_id,False,10,20260701_013451,no
generalist_llama_10_b2,llama,generalist_llama,generalist,2,2,reduced reliability in DC devices,Reduced reliability in DC devices,matched,correct_id,False,10,20260701_013451,no
generalist_llama_10_b3,llama,generalist_llama,generalist,3,3,lack of use-cases in which DC is advantageous,Lack of use-cases in which DC is advantageous,matched,correct_id,False,10,20260701_013451,no
generalist_llama_10_b4,llama,generalist_llama,generalist,4,4,"uncertain utility interaction (net metering, utility ownership, and agreed standards)","Uncertain utility interaction (net metering, utility ownership, and agreed standards)",matched,correct_id,False,10,20260701_013451,no
generalist_llama_10_b5,llama,generalist_llama,generalist,5,5,lack of pilot projects,Lack of pilot projects,matched,correct_id,False,10,20260701_013451,no
normative_llama_10_b1,llama,normative_llama,normative,1,1,"power losses, quality and safety issues","power losses, quality and safety issues",matched,correct_id,False,10,20260701_013451,no
normative_llama_10_b2,llama,normative_llama,normative,2,2,reduced reliability in DC devices,reduced reliability in DC devices,matched,correct_id,False,10,20260701_013451,no
normative_llama_10_b3,llama,normative_llama,normative,3,3,lack of use-cases in which DC is advantageous,lack of use-cases in which DC is advantageous,matched,correct_id,False,10,20260701_013451,no
normative_llama_10_b4,llama,normative_llama,normative,4,4,"uncertain utility interaction (net metering, utility ownership, and agreed standards)","uncertain utility interaction (net metering, utility ownership, and agreed standards)",matched,correct_id,False,10,20260701_013451,no
normative_llama_10_b5,llama,normative_llama,normative,5,5,lack of pilot projects,lack of pilot projects,matched,correct_id,False,10,20260701_013451,no
subject-matter_llama_10_b1,llama,subject-matter_llama,subject-matter,1,1,"power losses, quality and safety issues","Power losses, quality and safety issues",matched,correct_id,False,10,20260701_013451,no
subject-matter_llama_10_b2,llama,subject-matter_llama,subject-matter,2,2,reduced reliability in DC devices,Reduced reliability in DC devices,matched,correct_id,False,10,20260701_013451,no
subject-matter_llama_10_b4,llama,subject-matter_llama,subject-matter,4,3,"uncertain utility interaction (net metering, utility ownership, and agreed standards)","Uncertain utility interaction (net metering, utility ownership, and agreed standards)",matched,corrected_from_label,False,10,20260701_013451,no
subject-matter_llama_10_b5,llama,subject-matter_llama,subject-matter,5,4,lack of pilot projects,Lack of pilot projects,matched,corrected_from_label,False,10,20260701_013451,no
subject-matter_llama_10_b6,llama,subject-matter_llama,subject-matter,6,5,public perception of DC and readiness to 'champion' installations from DC projects,Public perception of DC and readiness to 'champion' installations from DC projects,matched,corrected_from_label,False,10,20260701_013451,no
generalist_mistral_10_b1,mistral,generalist_mistral,generalist,1,1,"power losses, quality and safety issues","Power losses, quality, and safety issues",matched,correct_id,False,10,20260701_013451,no
generalist_mistral_10_b2,mistral,generalist_mistral,generalist,2,2,reduced reliability in DC devices,Reduced reliability in DC devices,matched,correct_id,False,10,20260701_013451,no
generalist_mistral_10_b3,mistral,generalist_mistral,generalist,3,3,lack of use-cases in which DC is advantageous,Lack of use-cases in which DC is advantageous,matched,correct_id,False,10,20260701_013451,no
generalist_mistral_10_b4,mistral,generalist_mistral,generalist,4,4,"uncertain utility interaction (net metering, utility ownership, and agreed standards)","Uncertain utility interaction (net metering, utility ownership, and agreed standards)",matched,correct_id,False,10,20260701_013451,no
generalist_mistral_10_b5,mistral,generalist_mistral,generalist,5,5,lack of pilot projects,Lack of pilot projects,matched,correct_id,False,10,20260701_013451,no
normative_mistral_10_b1,mistral,normative_mistral,normative,1,1,"power losses, quality and safety issues","power losses, quality and safety issues",matched,correct_id,False,10,20260701_013451,no
normative_mistral_10_b2,mistral,normative_mistral,normative,2,2,reduced reliability in DC devices,reduced reliability in DC devices,matched,correct_id,False,10,20260701_013451,no
normative_mistral_10_b4,mistral,normative_mistral,normative,4,3,"uncertain utility interaction (net metering, utility ownership, and agreed standards)","uncertain utility interaction (net metering, utility ownership, and agreed standards)",matched,corrected_from_label,False,10,20260701_013451,no
normative_mistral_10_b5,mistral,normative_mistral,normative,5,4,lack of pilot projects,lack of pilot projects,matched,corrected_from_label,False,10,20260701_013451,no
normative_mistral_10_b6,mistral,normative_mistral,normative,6,5,public perception of DC and readiness to 'champion' installations from DC projects,public perception of DC and readiness to 'champion' installations from DC projects,matched,corrected_from_label,False,10,20260701_013451,no
subject-matter_mistral_10_b1,mistral,subject-matter_mistral,subject-matter,1,1,"power losses, quality and safety issues","Power losses, quality, and safety issues",matched,correct_id,False,10,20260701_013451,no
subject-matter_mistral_10_b2,mistral,subject-matter_mistral,subject-matter,2,2,reduced reliability in DC devices,Reduced reliability in DC devices,matched,correct_id,False,10,20260701_013451,no
subject-matter_mistral_10_b3,mistral,subject-matter_mistral,subject-matter,3,3,lack of use-cases in which DC is advantageous,Lack of use-cases in which DC is advantageous,matched,correct_id,False,10,20260701_013451,no
subject-matter_mistral_10_b4,mistral,subject-matter_mistral,subject-matter,4,4,"uncertain utility interaction (net metering, utility ownership, and agreed standards)","Uncertain utility interaction (net metering, utility ownership, and agreed standards)",matched,correct_id,False,10,20260701_013451,no
subject-matter_mistral_10_b5,mistral,subject-matter_mistral,subject-matter,5,5,lack of pilot projects,Lack of pilot projects,matched,correct_id,False,10,20260701_013451,no
generalist_gemma3_10_b1,gemma3,generalist_gemma3,generalist,1,1,"power losses, quality and safety issues","power losses, quality and safety issues",matched,correct_id,False,10,20260701_013451,no
generalist_gemma3_10_b3,gemma3,generalist_gemma3,generalist,3,3,lack of use-cases in which DC is advantageous,lack of use-cases in which DC is advantageous,matched,correct_id,False,10,20260701_013451,no
generalist_gemma3_10_b4,gemma3,generalist_gemma3,generalist,4,4,"uncertain utility interaction (net metering, utility ownership, and agreed standards)","uncertain utility interaction (net metering, utility ownership, and agreed standards)",matched,correct_id,False,10,20260701_013451,no
generalist_gemma3_10_b8,gemma3,generalist_gemma3,generalist,8,8,misconception and lack of knowledge leads to lengthy/expensive design and permit process,misconception and lack of knowledge leads to lengthy/expensive design and permit process,matched,correct_id,False,10,20260701_013451,no
generalist_gemma3_10_b11,gemma3,generalist_gemma3,generalist,11,11,high costs of DC solutions,high costs of DC solutions,matched,correct_id,False,10,20260701_013451,no
normative_gemma3_10_b1,gemma3,normative_gemma3,normative,1,1,"power losses, quality and safety issues","power losses, quality and safety issues",matched,correct_id,False,10,20260701_013451,no
normative_gemma3_10_b4,gemma3,normative_gemma3,normative,4,4,"uncertain utility interaction (net metering, utility ownership, and agreed standards)","uncertain utility interaction (net metering, utility ownership, and agreed standards)",matched,correct_id,False,10,20260701_013451,no
normative_gemma3_10_b7,gemma3,normative_gemma3,normative,7,7,incompatibility of DC systems components,incompatibility of DC systems components,matched,correct_id,False,10,20260701_013451,no
normative_gemma3_10_b8,gemma3,normative_gemma3,normative,8,8,misconception and lack of knowledge leads to lengthy/expensive design and permit process,misconception and lack of knowledge leads to lengthy/expensive design and permit process,matched,correct_id,False,10,20260701_013451,no
normative_gemma3_10_b11,gemma3,normative_gemma3,normative,11,11,high costs of DC solutions,high costs of DC solutions,matched,correct_id,False,10,20260701_013451,no
subject-matter_gemma3_10_b1,gemma3,subject-matter_gemma3,subject-matter,1,1,"power losses, quality and safety issues","power losses, quality and safety issues",matched,correct_id,False,10,20260701_013451,no
subject-matter_gemma3_10_b3,gemma3,subject-matter_gemma3,subject-matter,3,2,lack of use-cases in which DC is advantageous,lack of use-cases in which DC is advantageous,matched,corrected_from_label,False,10,20260701_013451,no
subject-matter_gemma3_10_b4,gemma3,subject-matter_gemma3,subject-matter,4,3,"uncertain utility interaction (net metering, utility ownership, and agreed standards)","uncertain utility interaction (net metering, utility ownership, and agreed standards)",matched,corrected_from_label,False,10,20260701_013451,no
subject-matter_gemma3_10_b8,gemma3,subject-matter_gemma3,subject-matter,8,4,misconception and lack of knowledge leads to lengthy/expensive design and permit process,misconception and lack of knowledge leads to lengthy/expensive design and permit process,matched,corrected_from_label,False,10,20260701_013451,no
subject-matter_gemma3_10_b10,gemma3,subject-matter_gemma3,subject-matter,10,5,uncertain regulatory roadmap,uncertain regulatory roadmap,matched,corrected_from_label,False,10,20260701_013451,no
generalist_phi4_10_b1,phi4,generalist_phi4,generalist,1,1,"power losses, quality and safety issues","power losses, quality and safety issues",matched,correct_id,False,10,20260701_013451,no
generalist_phi4_10_b3,phi4,generalist_phi4,generalist,3,2,lack of use-cases in which DC is advantageous,lack of use-cases in which DC is advantageous,matched,corrected_from_label,False,10,20260701_013451,no
generalist_phi4_10_b4,phi4,generalist_phi4,generalist,4,4,"uncertain utility interaction (net metering, utility ownership, and agreed standards)","uncertain utility interaction (net metering, utility ownership, and agreed standards)",matched,correct_id,False,10,20260701_013451,no
generalist_phi4_10_b5,phi4,generalist_phi4,generalist,5,5,lack of pilot projects,lack of pilot projects,matched,correct_id,False,10,20260701_013451,no
generalist_phi4_10_b10,phi4,generalist_phi4,generalist,10,10,uncertain regulatory roadmap,uncertain regulatory roadmap,matched,correct_id,False,10,20260701_013451,no
normative_phi4_10_b1,phi4,normative_phi4,normative,1,1,"power losses, quality and safety issues","power losses, quality and safety issues",matched,correct_id,False,10,20260701_013451,no
normative_phi4_10_b3,phi4,normative_phi4,normative,3,3,lack of use-cases in which DC is advantageous,lack of use-cases in which DC is advantageous,matched,correct_id,False,10,20260701_013451,no
normative_phi4_10_b4,phi4,normative_phi4,normative,4,4,"uncertain utility interaction (net metering, utility ownership, and agreed standards)","uncertain utility interaction (net metering, utility ownership, and agreed standards)",matched,correct_id,False,10,20260701_013451,no
normative_phi4_10_b5,phi4,normative_phi4,normative,5,5,lack of pilot projects,lack of pilot projects,matched,correct_id,False,10,20260701_013451,no
normative_phi4_10_b10,phi4,normative_phi4,normative,10,10,uncertain regulatory roadmap,uncertain regulatory roadmap,matched,correct_id,False,10,20260701_013451,no
subject-matter_phi4_10_b1,phi4,subject-matter_phi4,subject-matter,1,1,"power losses, quality and safety issues","power losses, quality and safety issues",matched,correct_id,False,10,20260701_013451,no
subject-matter_phi4_10_b2,phi4,subject-matter_phi4,subject-matter,2,2,reduced reliability in DC devices,reduced reliability in DC devices,matched,correct_id,False,10,20260701_013451,no
subject-matter_phi4_10_b3,phi4,subject-matter_phi4,subject-matter,3,3,lack of use-cases in which DC is advantageous,lack of use-cases in which DC is advantageous,matched,correct_id,False,10,20260701_013451,no
subject-matter_phi4_10_b4,phi4,subject-matter_phi4,subject-matter,4,4,"uncertain utility interaction (net metering, utility ownership, and agreed standards)","uncertain utility interaction (net metering, utility ownership, and agreed standards)",matched,correct_id,False,10,20260701_013451,no
subject-matter_phi4_10_b11,phi4,subject-matter_phi4,subject-matter,11,5,high costs of DC solutions,high costs of DC solutions,matched,corrected_from_label,False,10,20260701_013451,no
generalist_llama_11_b1,llama,generalist_llama,generalist,1,1,"power losses, quality and safety issues","Power losses, quality, and safety issues",matched,correct_id,False,11,20260701_013652,no
generalist_llama_11_b2,llama,generalist_llama,generalist,2,2,reduced reliability in DC devices,Reduced reliability in DC devices,matched,correct_id,False,11,20260701_013652,no
generalist_llama_11_b3,llama,generalist_llama,generalist,3,3,lack of use-cases in which DC is advantageous,Lack of use-cases in which DC is advantageous,matched,correct_id,False,11,20260701_013652,no
generalist_llama_11_b4,llama,generalist_llama,generalist,4,4,"uncertain utility interaction (net metering, utility ownership, and agreed standards)","Uncertain utility interaction (net metering, utility ownership, and agreed standards)",matched,correct_id,False,11,20260701_013652,no
generalist_llama_11_b5,llama,generalist_llama,generalist,5,5,lack of pilot projects,Lack of pilot projects,matched,correct_id,False,11,20260701_013652,no
normative_llama_11_b1,llama,normative_llama,normative,1,1,"power losses, quality and safety issues","power losses, quality and safety issues",matched,correct_id,False,11,20260701_013652,no
normative_llama_11_b2,llama,normative_llama,normative,2,2,reduced reliability in DC devices,reduced reliability in DC devices,matched,correct_id,False,11,20260701_013652,no
normative_llama_11_b3,llama,normative_llama,normative,3,3,lack of use-cases in which DC is advantageous,lack of use-cases in which DC is advantageous,matched,correct_id,False,11,20260701_013652,no
normative_llama_11_b4,llama,normative_llama,normative,4,4,"uncertain utility interaction (net metering, utility ownership, and agreed standards)","uncertain utility interaction (net metering, utility ownership, and agreed standards)",matched,correct_id,False,11,20260701_013652,no
normative_llama_11_b5,llama,normative_llama,normative,5,5,lack of pilot projects,lack of pilot projects,matched,correct_id,False,11,20260701_013652,no
subject-matter_llama_11_b1,llama,subject-matter_llama,subject-matter,1,1,"power losses, quality and safety issues","Power losses, quality, and safety issues",matched,correct_id,False,11,20260701_013652,no
subject-matter_llama_11_b2,llama,subject-matter_llama,subject-matter,2,2,reduced reliability in DC devices,Reduced reliability in DC devices,matched,correct_id,False,11,20260701_013652,no
subject-matter_llama_11_b3,llama,subject-matter_llama,subject-matter,3,3,lack of use-cases in which DC is advantageous,Lack of use-cases in which DC is advantageous,matched,correct_id,False,11,20260701_013652,no
subject-matter_llama_11_b4,llama,subject-matter_llama,subject-matter,4,4,"uncertain utility interaction (net metering, utility ownership, and agreed standards)","Uncertain utility interaction (net metering, utility ownership, and agreed standards)",matched,correct_id,False,11,20260701_013652,no
subject-matter_llama_11_b5,llama,subject-matter_llama,subject-matter,5,5,lack of pilot projects,Lack of pilot projects,matched,correct_id,False,11,20260701_013652,no
generalist_mistral_11_b1,mistral,generalist_mistral,generalist,1,1,"power losses, quality and safety issues","Power losses, quality, and safety issues",matched,correct_id,False,11,20260701_013652,no
generalist_mistral_11_b2,mistral,generalist_mistral,generalist,2,2,reduced reliability in DC devices,Reduced reliability in DC devices,matched,correct_id,False,11,20260701_013652,no
generalist_mistral_11_b3,mistral,generalist_mistral,generalist,3,3,lack of use-cases in which DC is advantageous,Lack of use-cases in which DC is advantageous,matched,correct_id,False,11,20260701_013652,no
generalist_mistral_11_b4,mistral,generalist_mistral,generalist,4,4,"uncertain utility interaction (net metering, utility ownership, and agreed standards)","Uncertain utility interaction (net metering, utility ownership, and agreed standards)",matched,correct_id,False,11,20260701_013652,no
generalist_mistral_11_b5,mistral,generalist_mistral,generalist,5,5,lack of pilot projects,Lack of pilot projects,matched,correct_id,False,11,20260701_013652,no
normative_mistral_11_b1,mistral,normative_mistral,normative,1,1,"power losses, quality and safety issues","power losses, quality and safety issues",matched,correct_id,False,11,20260701_013652,no
normative_mistral_11_b2,mistral,normative_mistral,normative,2,2,reduced reliability in DC devices,reduced reliability in DC devices,matched,correct_id,False,11,20260701_013652,no
normative_mistral_11_b4,mistral,normative_mistral,normative,4,3,"uncertain utility interaction (net metering, utility ownership, and agreed standards)","uncertain utility interaction (net metering, utility ownership, and agreed standards)",matched,corrected_from_label,False,11,20260701_013652,no
normative_mistral_11_b5,mistral,normative_mistral,normative,5,4,lack of pilot projects,lack of pilot projects,matched,corrected_from_label,False,11,20260701_013652,no
normative_mistral_11_b6,mistral,normative_mistral,normative,6,5,public perception of DC and readiness to 'champion' installations from DC projects,public perception of DC and readiness to 'champion' installations from DC projects,matched,corrected_from_label,False,11,20260701_013652,no
subject-matter_mistral_11_b1,mistral,subject-matter_mistral,subject-matter,1,1,"power losses, quality and safety issues","Power losses, quality and safety issues",matched,correct_id,False,11,20260701_013652,no
subject-matter_mistral_11_b2,mistral,subject-matter_mistral,subject-matter,2,2,reduced reliability in DC devices,Reduced reliability in DC devices,matched,correct_id,False,11,20260701_013652,no
subject-matter_mistral_11_b3,mistral,subject-matter_mistral,subject-matter,3,3,lack of use-cases in which DC is advantageous,Lack of use-cases in which DC is advantageous,matched,correct_id,False,11,20260701_013652,no
subject-matter_mistral_11_b4,mistral,subject-matter_mistral,subject-matter,4,4,"uncertain utility interaction (net metering, utility ownership, and agreed standards)","Uncertain utility interaction (net metering, utility ownership, and agreed standards)",matched,correct_id,False,11,20260701_013652,no
subject-matter_mistral_11_b5,mistral,subject-matter_mistral,subject-matter,5,5,lack of pilot projects,Lack of pilot projects,matched,correct_id,False,11,20260701_013652,no
generalist_gemma3_11_b1,gemma3,generalist_gemma3,generalist,1,1,"power losses, quality and safety issues","power losses, quality and safety issues",matched,correct_id,False,11,20260701_013652,no
generalist_gemma3_11_b3,gemma3,generalist_gemma3,generalist,3,2,lack of use-cases in which DC is advantageous,lack of use-cases in which DC is advantageous,matched,corrected_from_label,False,11,20260701_013652,no
generalist_gemma3_11_b4,gemma3,generalist_gemma3,generalist,4,3,"uncertain utility interaction (net metering, utility ownership, and agreed standards)","uncertain utility interaction (net metering, utility ownership, and agreed standards)",matched,corrected_from_label,False,11,20260701_013652,no
generalist_gemma3_11_b8,gemma3,generalist_gemma3,generalist,8,4,misconception and lack of knowledge leads to lengthy/expensive design and permit process,misconception and lack of knowledge leads to lengthy/expensive design and permit process,matched,corrected_from_label,False,11,20260701_013652,no
generalist_gemma3_11_b10,gemma3,generalist_gemma3,generalist,10,5,uncertain regulatory roadmap,uncertain regulatory roadmap,matched,corrected_from_label,False,11,20260701_013652,no
normative_gemma3_11_b1,gemma3,normative_gemma3,normative,1,1,"power losses, quality and safety issues","power losses, quality and safety issues",matched,correct_id,False,11,20260701_013652,no
normative_gemma3_11_b4,gemma3,normative_gemma3,normative,4,4,"uncertain utility interaction (net metering, utility ownership, and agreed standards)","uncertain utility interaction (net metering, utility ownership, and agreed standards)",matched,correct_id,False,11,20260701_013652,no
normative_gemma3_11_b7,gemma3,normative_gemma3,normative,7,7,incompatibility of DC systems components,incompatibility of DC systems components,matched,correct_id,False,11,20260701_013652,no
normative_gemma3_11_b8,gemma3,normative_gemma3,normative,8,8,misconception and lack of knowledge leads to lengthy/expensive design and permit process,misconception and lack of knowledge leads to lengthy/expensive design and permit process,matched,correct_id,False,11,20260701_013652,no
normative_gemma3_11_b11,gemma3,normative_gemma3,normative,11,11,high costs of DC solutions,high costs of DC solutions,matched,correct_id,False,11,20260701_013652,no
subject-matter_gemma3_11_b1,gemma3,subject-matter_gemma3,subject-matter,1,1,"power losses, quality and safety issues","power losses, quality and safety issues",matched,correct_id,False,11,20260701_013652,no
subject-matter_gemma3_11_b5,gemma3,subject-matter_gemma3,subject-matter,5,2,lack of pilot projects,lack of pilot projects,matched,corrected_from_label,False,11,20260701_013652,no
subject-matter_gemma3_11_b4,gemma3,subject-matter_gemma3,subject-matter,4,3,"uncertain utility interaction (net metering, utility ownership, and agreed standards)","uncertain utility interaction (net metering, utility ownership, and agreed standards)",matched,corrected_from_label,False,11,20260701_013652,no
subject-matter_gemma3_11_b8,gemma3,subject-matter_gemma3,subject-matter,8,4,misconception and lack of knowledge leads to lengthy/expensive design and permit process,misconception and lack of knowledge leads to lengthy/expensive design and permit process,matched,corrected_from_label,False,11,20260701_013652,no
subject-matter_gemma3_11_b10,gemma3,subject-matter_gemma3,subject-matter,10,5,uncertain regulatory roadmap,uncertain regulatory roadmap,matched,corrected_from_label,False,11,20260701_013652,no
generalist_phi4_11_b1,phi4,generalist_phi4,generalist,1,1,"power losses, quality and safety issues","power losses, quality and safety issues",matched,correct_id,False,11,20260701_013652,no
generalist_phi4_11_b2,phi4,generalist_phi4,generalist,2,2,reduced reliability in DC devices,reduced reliability in DC devices,matched,correct_id,False,11,20260701_013652,no
generalist_phi4_11_b3,phi4,generalist_phi4,generalist,3,3,lack of use-cases in which DC is advantageous,lack of use-cases in which DC is advantageous,matched,correct_id,False,11,20260701_013652,no
generalist_phi4_11_b4,phi4,generalist_phi4,generalist,4,4,"uncertain utility interaction (net metering, utility ownership, and agreed standards)","uncertain utility interaction (net metering, utility ownership, and agreed standards)",matched,correct_id,False,11,20260701_013652,no
generalist_phi4_11_b5,phi4,generalist_phi4,generalist,5,5,lack of pilot projects,lack of pilot projects,matched,correct_id,False,11,20260701_013652,no
normative_phi4_11_b1,phi4,normative_phi4,normative,1,1,"power losses, quality and safety issues","power losses, quality and safety issues",matched,correct_id,False,11,20260701_013652,no
normative_phi4_11_b2,phi4,normative_phi4,normative,2,2,reduced reliability in DC devices,reduced reliability in DC devices,matched,correct_id,False,11,20260701_013652,no
normative_phi4_11_b3,phi4,normative_phi4,normative,3,3,lack of use-cases in which DC is advantageous,lack of use-cases in which DC is advantageous,matched,correct_id,False,11,20260701_013652,no
normative_phi4_11_b4,phi4,normative_phi4,normative,4,4,"uncertain utility interaction (net metering, utility ownership, and agreed standards)","uncertain utility interaction (net metering, utility ownership, and agreed standards)",matched,correct_id,False,11,20260701_013652,no
normative_phi4_11_b11,phi4,normative_phi4,normative,11,5,high costs of DC solutions,high costs of DC solutions,matched,corrected_from_label,False,11,20260701_013652,no
subject-matter_phi4_11_b1,phi4,subject-matter_phi4,subject-matter,1,1,"power losses, quality and safety issues","power losses, quality and safety issues",matched,correct_id,False,11,20260701_013652,no
subject-matter_phi4_11_b3,phi4,subject-matter_phi4,subject-matter,3,3,lack of use-cases in which DC is advantageous,lack of use-cases in which DC is advantageous,matched,correct_id,False,11,20260701_013652,no
subject-matter_phi4_11_b4,phi4,subject-matter_phi4,subject-matter,4,4,"uncertain utility interaction (net metering, utility ownership, and agreed standards)","uncertain utility interaction (net metering, utility ownership, and agreed standards)",matched,correct_id,False,11,20260701_013652,no
subject-matter_phi4_11_b5,phi4,subject-matter_phi4,subject-matter,5,5,lack of pilot projects,lack of pilot projects,matched,correct_id,False,11,20260701_013652,no
subject-matter_phi4_11_b10,phi4,subject-matter_phi4,subject-matter,10,10,uncertain regulatory roadmap,uncertain regulatory roadmap,matched,correct_id,False,11,20260701_013652,no
generalist_llama_12_b1,llama,generalist_llama,generalist,1,1,"power losses, quality and safety issues","Power losses, quality and safety issues",matched,correct_id,False,12,20260701_014246,no
generalist_llama_12_b2,llama,generalist_llama,generalist,2,2,reduced reliability in DC devices,Reduced reliability in DC devices,matched,correct_id,False,12,20260701_014246,no
generalist_llama_12_b3,llama,generalist_llama,generalist,3,3,lack of use-cases in which DC is advantageous,Lack of use-cases in which DC is advantageous,matched,correct_id,False,12,20260701_014246,no
generalist_llama_12_b4,llama,generalist_llama,generalist,4,4,"uncertain utility interaction (net metering, utility ownership, and agreed standards)","Uncertain utility interaction (net metering, utility ownership, and agreed standards)",matched,correct_id,False,12,20260701_014246,no
generalist_llama_12_b5,llama,generalist_llama,generalist,5,5,lack of pilot projects,Lack of pilot projects,matched,correct_id,False,12,20260701_014246,no
normative_llama_12_b6,llama,normative_llama,normative,6,5,public perception of DC and readiness to 'champion' installations from DC projects,public perception of DC and readiness to 'champion' installations from DC projects,matched,corrected_from_label,False,12,20260701_014246,no
normative_llama_12_b7,llama,normative_llama,normative,7,7,incompatibility of DC systems components,incompatibility of DC systems components,matched,correct_id,False,12,20260701_014246,no
normative_llama_12_b9,llama,normative_llama,normative,9,9,lack of enough trained personnel in DC systems,lack of enough trained personnel in DC systems,matched,correct_id,False,12,20260701_014246,no
normative_llama_12_b10,llama,normative_llama,normative,10,10,uncertain regulatory roadmap,uncertain regulatory roadmap,matched,correct_id,False,12,20260701_014246,no
normative_llama_12_b11,llama,normative_llama,normative,11,11,high costs of DC solutions,high costs of DC solutions,matched,correct_id,False,12,20260701_014246,no
subject-matter_llama_12_b1,llama,subject-matter_llama,subject-matter,1,1,"power losses, quality and safety issues","power losses, quality and safety issues",matched,correct_id,False,12,20260701_014246,no
subject-matter_llama_12_b4,llama,subject-matter_llama,subject-matter,4,2,"uncertain utility interaction (net metering, utility ownership, and agreed standards)","uncertain utility interaction (net metering, utility ownership, and agreed standards)",matched,corrected_from_label,False,12,20260701_014246,no
subject-matter_llama_12_b3,llama,subject-matter_llama,subject-matter,3,3,lack of use-cases in which DC is advantageous,lack of use-cases in which DC is advantageous,matched,correct_id,False,12,20260701_014246,no
subject-matter_llama_12_b6,llama,subject-matter_llama,subject-matter,6,4,public perception of DC and readiness to 'champion' installations from DC projects,public perception of DC and readiness to 'champion' installations from DC projects,matched,corrected_from_label,False,12,20260701_014246,no
subject-matter_llama_12_b7,llama,subject-matter_llama,subject-matter,7,5,incompatibility of DC systems components,incompatibility of DC systems components,matched,corrected_from_label,False,12,20260701_014246,no
generalist_mistral_12_b1,mistral,generalist_mistral,generalist,1,1,"power losses, quality and safety issues","Power losses, quality, and safety issues",matched,correct_id,False,12,20260701_014246,no
generalist_mistral_12_b2,mistral,generalist_mistral,generalist,2,2,reduced reliability in DC devices,Reduced reliability in DC devices,matched,correct_id,False,12,20260701_014246,no
generalist_mistral_12_b4,mistral,generalist_mistral,generalist,4,3,"uncertain utility interaction (net metering, utility ownership, and agreed standards)","Uncertain utility interaction (net metering, utility ownership, and agreed standards)",matched,corrected_from_label,False,12,20260701_014246,no
generalist_mistral_12_b5,mistral,generalist_mistral,generalist,5,4,lack of pilot projects,Lack of pilot projects,matched,corrected_from_label,False,12,20260701_014246,no
generalist_mistral_12_b11,mistral,generalist_mistral,generalist,11,5,high costs of DC solutions,High costs of DC solutions,matched,corrected_from_label,False,12,20260701_014246,no
normative_mistral_12_b1,mistral,normative_mistral,normative,1,1,"power losses, quality and safety issues","power losses, quality and safety issues",matched,correct_id,False,12,20260701_014246,no
normative_mistral_12_b2,mistral,normative_mistral,normative,2,2,reduced reliability in DC devices,reduced reliability in DC devices,matched,correct_id,False,12,20260701_014246,no
normative_mistral_12_b4,mistral,normative_mistral,normative,4,3,"uncertain utility interaction (net metering, utility ownership, and agreed standards)","uncertain utility interaction (net metering, utility ownership, and agreed standards)",matched,corrected_from_label,False,12,20260701_014246,no
normative_mistral_12_b5,mistral,normative_mistral,normative,5,4,lack of pilot projects,lack of pilot projects,matched,corrected_from_label,False,12,20260701_014246,no
normative_mistral_12_b6,mistral,normative_mistral,normative,6,5,public perception of DC and readiness to 'champion' installations from DC projects,public perception of DC and readiness to 'champion' installations from DC projects,matched,corrected_from_label,False,12,20260701_014246,no
subject-matter_mistral_12_b1,mistral,subject-matter_mistral,subject-matter,1,1,"power losses, quality and safety issues","Power losses, quality and safety issues",matched,correct_id,False,12,20260701_014246,no
subject-matter_mistral_12_b2,mistral,subject-matter_mistral,subject-matter,2,2,reduced reliability in DC devices,Reduced reliability in DC devices,matched,correct_id,False,12,20260701_014246,no
subject-matter_mistral_12_b3,mistral,subject-matter_mistral,subject-matter,3,3,lack of use-cases in which DC is advantageous,Lack of use-cases in which DC is advantageous,matched,correct_id,False,12,20260701_014246,no
subject-matter_mistral_12_b4,mistral,subject-matter_mistral,subject-matter,4,4,"uncertain utility interaction (net metering, utility ownership, and agreed standards)","Uncertain utility interaction (net metering, utility ownership, and agreed standards)",matched,correct_id,False,12,20260701_014246,no
subject-matter_mistral_12_b5,mistral,subject-matter_mistral,subject-matter,5,5,lack of pilot projects,Lack of pilot projects,matched,correct_id,False,12,20260701_014246,no
generalist_gemma3_12_b1,gemma3,generalist_gemma3,generalist,1,1,"power losses, quality and safety issues","power losses, quality and safety issues",matched,correct_id,False,12,20260701_014246,no
generalist_gemma3_12_b3,gemma3,generalist_gemma3,generalist,3,2,lack of use-cases in which DC is advantageous,lack of use-cases in which DC is advantageous,matched,corrected_from_label,False,12,20260701_014246,no
generalist_gemma3_12_b4,gemma3,generalist_gemma3,generalist,4,3,"uncertain utility interaction (net metering, utility ownership, and agreed standards)","uncertain utility interaction (net metering, utility ownership, and agreed standards)",matched,corrected_from_label,False,12,20260701_014246,no
generalist_gemma3_12_b8,gemma3,generalist_gemma3,generalist,8,4,misconception and lack of knowledge leads to lengthy/expensive design and permit process,misconception and lack of knowledge leads to lengthy/expensive design and permit process,matched,corrected_from_label,False,12,20260701_014246,no
generalist_gemma3_12_b10,gemma3,generalist_gemma3,generalist,10,5,uncertain regulatory roadmap,uncertain regulatory roadmap,matched,corrected_from_label,False,12,20260701_014246,no
normative_gemma3_12_b1,gemma3,normative_gemma3,normative,1,1,"power losses, quality and safety issues","power losses, quality and safety issues",matched,correct_id,False,12,20260701_014246,no
normative_gemma3_12_b4,gemma3,normative_gemma3,normative,4,4,"uncertain utility interaction (net metering, utility ownership, and agreed standards)","uncertain utility interaction (net metering, utility ownership, and agreed standards)",matched,correct_id,False,12,20260701_014246,no
normative_gemma3_12_b7,gemma3,normative_gemma3,normative,7,7,incompatibility of DC systems components,incompatibility of DC systems components,matched,correct_id,False,12,20260701_014246,no
normative_gemma3_12_b8,gemma3,normative_gemma3,normative,8,8,misconception and lack of knowledge leads to lengthy/expensive design and permit process,misconception and lack of knowledge leads to lengthy/expensive design and permit process,matched,correct_id,False,12,20260701_014246,no
normative_gemma3_12_b11,gemma3,normative_gemma3,normative,11,11,high costs of DC solutions,high costs of DC solutions,matched,correct_id,False,12,20260701_014246,no
subject-matter_gemma3_12_b1,gemma3,subject-matter_gemma3,subject-matter,1,1,"power losses, quality and safety issues","power losses, quality and safety issues",matched,correct_id,False,12,20260701_014246,no
subject-matter_gemma3_12_b5,gemma3,subject-matter_gemma3,subject-matter,5,2,lack of pilot projects,lack of pilot projects,matched,corrected_from_label,False,12,20260701_014246,no
subject-matter_gemma3_12_b6,gemma3,subject-matter_gemma3,subject-matter,6,3,public perception of DC and readiness to 'champion' installations from DC projects,public perception of DC and readiness to 'champion' installations from DC projects,matched,corrected_from_label,False,12,20260701_014246,no
subject-matter_gemma3_12_b8,gemma3,subject-matter_gemma3,subject-matter,8,4,misconception and lack of knowledge leads to lengthy/expensive design and permit process,misconception and lack of knowledge leads to lengthy/expensive design and permit process,matched,corrected_from_label,False,12,20260701_014246,no
subject-matter_gemma3_12_b10,gemma3,subject-matter_gemma3,subject-matter,10,5,uncertain regulatory roadmap,uncertain regulatory roadmap,matched,corrected_from_label,False,12,20260701_014246,no
generalist_phi4_12_b1,phi4,generalist_phi4,generalist,1,1,"power losses, quality and safety issues","power losses, quality and safety issues",matched,correct_id,False,12,20260701_014246,no
generalist_phi4_12_b3,phi4,generalist_phi4,generalist,3,3,lack of use-cases in which DC is advantageous,lack of use-cases in which DC is advantageous,matched,correct_id,False,12,20260701_014246,no
generalist_phi4_12_b4,phi4,generalist_phi4,generalist,4,4,"uncertain utility interaction (net metering, utility ownership, and agreed standards)","uncertain utility interaction (net metering, utility ownership, and agreed standards)",matched,correct_id,False,12,20260701_014246,no
generalist_phi4_12_b5,phi4,generalist_phi4,generalist,5,5,lack of pilot projects,lack of pilot projects,matched,correct_id,False,12,20260701_014246,no
generalist_phi4_12_b10,phi4,generalist_phi4,generalist,10,10,uncertain regulatory roadmap,uncertain regulatory roadmap,matched,correct_id,False,12,20260701_014246,no
normative_phi4_12_b1,phi4,normative_phi4,normative,1,1,"power losses, quality and safety issues","power losses, quality and safety issues",matched,correct_id,False,12,20260701_014246,no
normative_phi4_12_b4,phi4,normative_phi4,normative,4,2,"uncertain utility interaction (net metering, utility ownership, and agreed standards)","uncertain utility interaction (net metering, utility ownership, and agreed standards)",matched,corrected_from_label,False,12,20260701_014246,no
normative_phi4_12_b5,phi4,normative_phi4,normative,5,3,lack of pilot projects,lack of pilot projects,matched,corrected_from_label,False,12,20260701_014246,no
normative_phi4_12_b8,phi4,normative_phi4,normative,8,4,misconception and lack of knowledge leads to lengthy/expensive design and permit process,misconception and lack of knowledge leads to lengthy/expensive design and permit process,matched,corrected_from_label,False,12,20260701_014246,no
normative_phi4_12_b10,phi4,normative_phi4,normative,10,5,uncertain regulatory roadmap,uncertain regulatory roadmap,matched,corrected_from_label,False,12,20260701_014246,no
subject-matter_phi4_12_b1,phi4,subject-matter_phi4,subject-matter,1,1,"power losses, quality and safety issues","power losses, quality and safety issues",matched,correct_id,False,12,20260701_014246,no
subject-matter_phi4_12_b2,phi4,subject-matter_phi4,subject-matter,2,2,reduced reliability in DC devices,reduced reliability in DC devices,matched,correct_id,False,12,20260701_014246,no
subject-matter_phi4_12_b4,phi4,subject-matter_phi4,subject-matter,4,3,"uncertain utility interaction (net metering, utility ownership, and agreed standards)","uncertain utility interaction (net metering, utility ownership, and agreed standards)",matched,corrected_from_label,False,12,20260701_014246,no
subject-matter_phi4_12_b5,phi4,subject-matter_phi4,subject-matter,5,4,lack of pilot projects,lack of pilot projects,matched,corrected_from_label,False,12,20260701_014246,no
subject-matter_phi4_12_b10,phi4,subject-matter_phi4,subject-matter,10,5,uncertain regulatory roadmap,uncertain regulatory roadmap,matched,corrected_from_label,False,12,20260701_014246,no
generalist_llama_13_b5,llama,generalist_llama,generalist,5,5,lack of pilot projects,Lack of pilot projects,matched,correct_id,False,13,20260701_021036,no
generalist_llama_13_b6,llama,generalist_llama,generalist,6,6,public perception of DC and readiness to 'champion' installations from DC projects,Public perception of DC and readiness to 'champion' installations from DC projects,matched,correct_id,False,13,20260701_021036,no
generalist_llama_13_b7,llama,generalist_llama,generalist,7,7,incompatibility of DC systems components,Incompatibility of DC systems components,matched,correct_id,False,13,20260701_021036,no
generalist_llama_13_b8,llama,generalist_llama,generalist,8,8,misconception and lack of knowledge leads to lengthy/expensive design and permit process,Misconception and lack of knowledge leads to lengthy/expensive design and permit process,matched,correct_id,False,13,20260701_021036,no
generalist_llama_13_b9,llama,generalist_llama,generalist,9,9,lack of enough trained personnel in DC systems,Lack of enough trained personnel in DC systems,matched,correct_id,False,13,20260701_021036,no
normative_llama_13_b5,llama,normative_llama,normative,5,5,lack of pilot projects,Lack of pilot projects,matched,correct_id,False,13,20260701_021036,no
normative_llama_13_b7,llama,normative_llama,normative,7,7,incompatibility of DC systems components,Incompatibility of DC systems components,matched,correct_id,False,13,20260701_021036,no
normative_llama_13_b8,llama,normative_llama,normative,8,8,misconception and lack of knowledge leads to lengthy/expensive design and permit process,Misconception and lack of knowledge leads to lengthy/expensive design and permit process,matched,correct_id,False,13,20260701_021036,no
normative_llama_13_b9,llama,normative_llama,normative,9,9,lack of enough trained personnel in DC systems,Lack of enough trained personnel in DC systems,matched,correct_id,False,13,20260701_021036,no
normative_llama_13_b10,llama,normative_llama,normative,10,10,uncertain regulatory roadmap,Uncertain regulatory roadmap,matched,correct_id,False,13,20260701_021036,no
subject-matter_llama_13_b1,llama,subject-matter_llama,subject-matter,1,1,"power losses, quality and safety issues","Power losses, quality, and safety issues",matched,correct_id,False,13,20260701_021036,no
subject-matter_llama_13_b3,llama,subject-matter_llama,subject-matter,3,2,lack of use-cases in which DC is advantageous,Lack of use-cases in which DC is advantageous,matched,corrected_from_label,False,13,20260701_021036,no
subject-matter_llama_13_b4,llama,subject-matter_llama,subject-matter,4,3,"uncertain utility interaction (net metering, utility ownership, and agreed standards)","Uncertain utility interaction (net metering, utility ownership, and agreed standards)",matched,corrected_from_label,False,13,20260701_021036,no
subject-matter_llama_13_b7,llama,subject-matter_llama,subject-matter,7,4,incompatibility of DC systems components,Incompatibility of DC systems components,matched,corrected_from_label,False,13,20260701_021036,no
subject-matter_llama_13_b8,llama,subject-matter_llama,subject-matter,8,5,misconception and lack of knowledge leads to lengthy/expensive design and permit process,Misconception and lack of knowledge leads to lengthy/expensive design and permit process,matched,corrected_from_label,False,13,20260701_021036,no
generalist_mistral_13_b1,mistral,generalist_mistral,generalist,1,1,"power losses, quality and safety issues","power losses, quality and safety issues",matched,correct_id,False,13,20260701_021036,no
generalist_mistral_13_b2,mistral,generalist_mistral,generalist,2,2,reduced reliability in DC devices,reduced reliability in DC devices,matched,correct_id,False,13,20260701_021036,no
generalist_mistral_13_b3,mistral,generalist_mistral,generalist,3,3,lack of use-cases in which DC is advantageous,lack of use-cases in which DC is advantageous,matched,correct_id,False,13,20260701_021036,no
generalist_mistral_13_b4,mistral,generalist_mistral,generalist,4,4,"uncertain utility interaction (net metering, utility ownership, and agreed standards)","uncertain utility interaction (net metering, utility ownership, and agreed standards)",matched,correct_id,False,13,20260701_021036,no
generalist_mistral_13_b5,mistral,generalist_mistral,generalist,5,5,lack of pilot projects,lack of pilot projects,matched,correct_id,False,13,20260701_021036,no
normative_mistral_13_b1,mistral,normative_mistral,normative,1,1,"power losses, quality and safety issues","power losses, quality and safety issues",matched,correct_id,False,13,20260701_021036,no
normative_mistral_13_b2,mistral,normative_mistral,normative,2,2,reduced reliability in DC devices,reduced reliability in DC devices,matched,correct_id,False,13,20260701_021036,no
normative_mistral_13_b4,mistral,normative_mistral,normative,4,3,"uncertain utility interaction (net metering, utility ownership, and agreed standards)","uncertain utility interaction (net metering, utility ownership, and agreed standards)",matched,corrected_from_label,False,13,20260701_021036,no
normative_mistral_13_b5,mistral,normative_mistral,normative,5,4,lack of pilot projects,lack of pilot projects,matched,corrected_from_label,False,13,20260701_021036,no
normative_mistral_13_b6,mistral,normative_mistral,normative,6,5,public perception of DC and readiness to 'champion' installations from DC projects,public perception of DC and readiness to 'champion' installations from DC projects,matched,corrected_from_label,False,13,20260701_021036,no
subject-matter_mistral_13_b1,mistral,subject-matter_mistral,subject-matter,1,1,"power losses, quality and safety issues","power losses, quality and safety issues",matched,correct_id,False,13,20260701_021036,no
subject-matter_mistral_13_b2,mistral,subject-matter_mistral,subject-matter,2,2,reduced reliability in DC devices,reduced reliability in DC devices,matched,correct_id,False,13,20260701_021036,no
subject-matter_mistral_13_b3,mistral,subject-matter_mistral,subject-matter,3,3,lack of use-cases in which DC is advantageous,lack of use-cases in which DC is advantageous,matched,correct_id,False,13,20260701_021036,no
subject-matter_mistral_13_b4,mistral,subject-matter_mistral,subject-matter,4,4,"uncertain utility interaction (net metering, utility ownership, and agreed standards)","uncertain utility interaction (net metering, utility ownership, and agreed standards)",matched,correct_id,False,13,20260701_021036,no
subject-matter_mistral_13_b5,mistral,subject-matter_mistral,subject-matter,5,5,lack of pilot projects,lack of pilot projects,matched,correct_id,False,13,20260701_021036,no
generalist_gemma3_13_b1,gemma3,generalist_gemma3,generalist,1,1,"power losses, quality and safety issues","power losses, quality and safety issues",matched,correct_id,False,13,20260701_021036,no
generalist_gemma3_13_b5,gemma3,generalist_gemma3,generalist,5,2,lack of pilot projects,lack of pilot projects,matched,corrected_from_label,False,13,20260701_021036,no
generalist_gemma3_13_b6,gemma3,generalist_gemma3,generalist,6,3,public perception of DC and readiness to 'champion' installations from DC projects,public perception of DC and readiness to 'champion' installations from DC projects,matched,corrected_from_label,False,13,20260701_021036,no
generalist_gemma3_13_b8,gemma3,generalist_gemma3,generalist,8,4,misconception and lack of knowledge leads to lengthy/expensive design and permit process,misconception and lack of knowledge leads to lengthy/expensive design and permit process,matched,corrected_from_label,False,13,20260701_021036,no
generalist_gemma3_13_b10,gemma3,generalist_gemma3,generalist,10,5,uncertain regulatory roadmap,uncertain regulatory roadmap,matched,corrected_from_label,False,13,20260701_021036,no
normative_gemma3_13_b1,gemma3,normative_gemma3,normative,1,1,"power losses, quality and safety issues","power losses, quality and safety issues",matched,correct_id,False,13,20260701_021036,no
normative_gemma3_13_b4,gemma3,normative_gemma3,normative,4,4,"uncertain utility interaction (net metering, utility ownership, and agreed standards)","uncertain utility interaction (net metering, utility ownership, and agreed standards)",matched,correct_id,False,13,20260701_021036,no
normative_gemma3_13_b7,gemma3,normative_gemma3,normative,7,7,incompatibility of DC systems components,incompatibility of DC systems components,matched,correct_id,False,13,20260701_021036,no
normative_gemma3_13_b8,gemma3,normative_gemma3,normative,8,8,misconception and lack of knowledge leads to lengthy/expensive design and permit process,misconception and lack of knowledge leads to lengthy/expensive design and permit process,matched,correct_id,False,13,20260701_021036,no
normative_gemma3_13_b11,gemma3,normative_gemma3,normative,11,11,high costs of DC solutions,high costs of DC solutions,matched,correct_id,False,13,20260701_021036,no
subject-matter_gemma3_13_b1,gemma3,subject-matter_gemma3,subject-matter,1,1,"power losses, quality and safety issues","power losses, quality and safety issues",matched,correct_id,False,13,20260701_021036,no
subject-matter_gemma3_13_b4,gemma3,subject-matter_gemma3,subject-matter,4,2,"uncertain utility interaction (net metering, utility ownership, and agreed standards)","uncertain utility interaction (net metering, utility ownership, and agreed standards)",matched,corrected_from_label,False,13,20260701_021036,no
subject-matter_gemma3_13_b5,gemma3,subject-matter_gemma3,subject-matter,5,3,lack of pilot projects,lack of pilot projects,matched,corrected_from_label,False,13,20260701_021036,no
subject-matter_gemma3_13_b8,gemma3,subject-matter_gemma3,subject-matter,8,4,misconception and lack of knowledge leads to lengthy/expensive design and permit process,misconception and lack of knowledge leads to lengthy/expensive design and permit process,matched,corrected_from_label,False,13,20260701_021036,no
subject-matter_gemma3_13_b10,gemma3,subject-matter_gemma3,subject-matter,10,5,uncertain regulatory roadmap,uncertain regulatory roadmap,matched,corrected_from_label,False,13,20260701_021036,no
generalist_phi4_13_b1,phi4,generalist_phi4,generalist,1,1,"power losses, quality and safety issues","power losses, quality and safety issues",matched,correct_id,False,13,20260701_021036,no
generalist_phi4_13_b4,phi4,generalist_phi4,generalist,4,2,"uncertain utility interaction (net metering, utility ownership, and agreed standards)","uncertain utility interaction (net metering, utility ownership, and agreed standards)",matched,corrected_from_label,False,13,20260701_021036,no
generalist_phi4_13_b5,phi4,generalist_phi4,generalist,5,3,lack of pilot projects,lack of pilot projects,matched,corrected_from_label,False,13,20260701_021036,no
generalist_phi4_13_b8,phi4,generalist_phi4,generalist,8,4,misconception and lack of knowledge leads to lengthy/expensive design and permit process,misconception and lack of knowledge leads to lengthy/expensive design and permit process,matched,corrected_from_label,False,13,20260701_021036,no
generalist_phi4_13_b10,phi4,generalist_phi4,generalist,10,5,uncertain regulatory roadmap,uncertain regulatory roadmap,matched,corrected_from_label,False,13,20260701_021036,no
normative_phi4_13_b1,phi4,normative_phi4,normative,1,1,"power losses, quality and safety issues","power losses, quality and safety issues",matched,correct_id,False,13,20260701_021036,no
normative_phi4_13_b3,phi4,normative_phi4,normative,3,2,lack of use-cases in which DC is advantageous,lack of use-cases in which DC is advantageous,matched,corrected_from_label,False,13,20260701_021036,no
normative_phi4_13_b4,phi4,normative_phi4,normative,4,4,"uncertain utility interaction (net metering, utility ownership, and agreed standards)","uncertain utility interaction (net metering, utility ownership, and agreed standards)",matched,correct_id,False,13,20260701_021036,no
normative_phi4_13_b5,phi4,normative_phi4,normative,5,5,lack of pilot projects,lack of pilot projects,matched,correct_id,False,13,20260701_021036,no
normative_phi4_13_b10,phi4,normative_phi4,normative,10,10,uncertain regulatory roadmap,uncertain regulatory roadmap,matched,correct_id,False,13,20260701_021036,no
subject-matter_phi4_13_b1,phi4,subject-matter_phi4,subject-matter,1,1,"power losses, quality and safety issues","power losses, quality and safety issues",matched,correct_id,False,13,20260701_021036,no
subject-matter_phi4_13_b2,phi4,subject-matter_phi4,subject-matter,2,2,reduced reliability in DC devices,reduced reliability in DC devices,matched,correct_id,False,13,20260701_021036,no
subject-matter_phi4_13_b3,phi4,subject-matter_phi4,subject-matter,3,3,lack of use-cases in which DC is advantageous,lack of use-cases in which DC is advantageous,matched,correct_id,False,13,20260701_021036,no
subject-matter_phi4_13_b4,phi4,subject-matter_phi4,subject-matter,4,4,"uncertain utility interaction (net metering, utility ownership, and agreed standards)","uncertain utility interaction (net metering, utility ownership, and agreed standards)",matched,correct_id,False,13,20260701_021036,no
subject-matter_phi4_13_b11,phi4,subject-matter_phi4,subject-matter,11,5,high costs of DC solutions,high costs of DC solutions,matched,corrected_from_label,False,13,20260701_021036,no
generalist_llama_14_b3,llama,generalist_llama,generalist,3,1,lack of use-cases in which DC is advantageous,Lack of use-cases in which DC is advantageous,matched,corrected_from_label,False,14,20260701_021428,no
generalist_llama_14_b4,llama,generalist_llama,generalist,4,2,"uncertain utility interaction (net metering, utility ownership, and agreed standards)","Uncertain utility interaction (net metering, utility ownership, and agreed standards)",matched,corrected_from_label,False,14,20260701_021428,no
generalist_llama_14_b11,llama,generalist_llama,generalist,11,3,high costs of DC solutions,High costs of DC solutions,matched,corrected_from_label,False,14,20260701_021428,no
generalist_llama_14_b6,llama,generalist_llama,generalist,6,4,public perception of DC and readiness to 'champion' installations from DC projects,Public perception of DC and readiness to 'champion' installations from DC projects,matched,corrected_from_label,False,14,20260701_021428,no
generalist_llama_14_b7,llama,generalist_llama,generalist,7,5,incompatibility of DC systems components,Incompatibility of DC systems components,matched,corrected_from_label,False,14,20260701_021428,no
normative_llama_14_b1,llama,normative_llama,normative,1,1,"power losses, quality and safety issues","Power losses, quality, and safety issues",matched,correct_id,False,14,20260701_021428,no
normative_llama_14_b2,llama,normative_llama,normative,2,2,reduced reliability in DC devices,Reduced reliability in DC devices,matched,correct_id,False,14,20260701_021428,no
normative_llama_14_b3,llama,normative_llama,normative,3,3,lack of use-cases in which DC is advantageous,Lack of use-cases in which DC is advantageous,matched,correct_id,False,14,20260701_021428,no
normative_llama_14_b4,llama,normative_llama,normative,4,4,"uncertain utility interaction (net metering, utility ownership, and agreed standards)","Uncertain utility interaction (net metering, utility ownership, and agreed standards)",matched,correct_id,False,14,20260701_021428,no
normative_llama_14_b5,llama,normative_llama,normative,5,5,lack of pilot projects,Lack of pilot projects,matched,correct_id,False,14,20260701_021428,no
subject-matter_llama_14_b1,llama,subject-matter_llama,subject-matter,1,1,"power losses, quality and safety issues","Power losses, quality, and safety issues",matched,correct_id,False,14,20260701_021428,no
subject-matter_llama_14_b3,llama,subject-matter_llama,subject-matter,3,2,lack of use-cases in which DC is advantageous,Lack of use-cases in which DC is advantageous,matched,corrected_from_label,False,14,20260701_021428,no
subject-matter_llama_14_b4,llama,subject-matter_llama,subject-matter,4,3,"uncertain utility interaction (net metering, utility ownership, and agreed standards)","Uncertain utility interaction (net metering, utility ownership, and agreed standards)",matched,corrected_from_label,False,14,20260701_021428,no
subject-matter_llama_14_b7,llama,subject-matter_llama,subject-matter,7,4,incompatibility of DC systems components,Incompatibility of DC systems components,matched,corrected_from_label,False,14,20260701_021428,no
subject-matter_llama_14_b8,llama,subject-matter_llama,subject-matter,8,5,misconception and lack of knowledge leads to lengthy/expensive design and permit process,Misconception and lack of knowledge leads to lengthy/expensive design and permit process,matched,corrected_from_label,False,14,20260701_021428,no
generalist_mistral_14_b1,mistral,generalist_mistral,generalist,1,1,"power losses, quality and safety issues","Power losses, quality, and safety issues",matched,correct_id,False,14,20260701_021428,no
generalist_mistral_14_b3,mistral,generalist_mistral,generalist,3,2,lack of use-cases in which DC is advantageous,Lack of use-cases in which DC is advantageous,matched,corrected_from_label,False,14,20260701_021428,no
generalist_mistral_14_b4,mistral,generalist_mistral,generalist,4,3,"uncertain utility interaction (net metering, utility ownership, and agreed standards)","Uncertain utility interaction (net metering, utility ownership, and agreed standards)",matched,corrected_from_label,False,14,20260701_021428,no
generalist_mistral_14_b5,mistral,generalist_mistral,generalist,5,4,lack of pilot projects,Lack of pilot projects,matched,corrected_from_label,False,14,20260701_021428,no
generalist_mistral_14_b7,mistral,generalist_mistral,generalist,7,5,incompatibility of DC systems components,Incompatibility of DC systems components,matched,corrected_from_label,False,14,20260701_021428,no
normative_mistral_14_b1,mistral,normative_mistral,normative,1,1,"power losses, quality and safety issues","power losses, quality and safety issues",matched,correct_id,False,14,20260701_021428,no
normative_mistral_14_b2,mistral,normative_mistral,normative,2,2,reduced reliability in DC devices,reduced reliability in DC devices,matched,correct_id,False,14,20260701_021428,no
normative_mistral_14_b4,mistral,normative_mistral,normative,4,3,"uncertain utility interaction (net metering, utility ownership, and agreed standards)","uncertain utility interaction (net metering, utility ownership, and agreed standards)",matched,corrected_from_label,False,14,20260701_021428,no
normative_mistral_14_b5,mistral,normative_mistral,normative,5,4,lack of pilot projects,lack of pilot projects,matched,corrected_from_label,False,14,20260701_021428,no
normative_mistral_14_b11,mistral,normative_mistral,normative,11,5,high costs of DC solutions,high costs of DC solutions,matched,corrected_from_label,False,14,20260701_021428,no
subject-matter_mistral_14_b1,mistral,subject-matter_mistral,subject-matter,1,1,"power losses, quality and safety issues","power losses, quality and safety issues",matched,correct_id,False,14,20260701_021428,no
subject-matter_mistral_14_b2,mistral,subject-matter_mistral,subject-matter,2,2,reduced reliability in DC devices,reduced reliability in DC devices,matched,correct_id,False,14,20260701_021428,no
subject-matter_mistral_14_b4,mistral,subject-matter_mistral,subject-matter,4,3,"uncertain utility interaction (net metering, utility ownership, and agreed standards)","uncertain utility interaction (net metering, utility ownership, and agreed standards)",matched,corrected_from_label,False,14,20260701_021428,no
subject-matter_mistral_14_b5,mistral,subject-matter_mistral,subject-matter,5,4,lack of pilot projects,lack of pilot projects,matched,corrected_from_label,False,14,20260701_021428,no
subject-matter_mistral_14_b7,mistral,subject-matter_mistral,subject-matter,7,5,incompatibility of DC systems components,incompatibility of DC systems components,matched,corrected_from_label,False,14,20260701_021428,no
generalist_gemma3_14_b1,gemma3,generalist_gemma3,generalist,1,1,"power losses, quality and safety issues","power losses, quality and safety issues",matched,correct_id,False,14,20260701_021428,no
generalist_gemma3_14_b5,gemma3,generalist_gemma3,generalist,5,2,lack of pilot projects,lack of pilot projects,matched,corrected_from_label,False,14,20260701_021428,no
generalist_gemma3_14_b4,gemma3,generalist_gemma3,generalist,4,3,"uncertain utility interaction (net metering, utility ownership, and agreed standards)","uncertain utility interaction (net metering, utility ownership, and agreed standards)",matched,corrected_from_label,False,14,20260701_021428,no
generalist_gemma3_14_b8,gemma3,generalist_gemma3,generalist,8,4,misconception and lack of knowledge leads to lengthy/expensive design and permit process,misconception and lack of knowledge leads to lengthy/expensive design and permit process,matched,corrected_from_label,False,14,20260701_021428,no
generalist_gemma3_14_b11,gemma3,generalist_gemma3,generalist,11,5,high costs of DC solutions,high costs of DC solutions,matched,corrected_from_label,False,14,20260701_021428,no
normative_gemma3_14_b1,gemma3,normative_gemma3,normative,1,1,"power losses, quality and safety issues","power losses, quality and safety issues",matched,correct_id,False,14,20260701_021428,no
normative_gemma3_14_b4,gemma3,normative_gemma3,normative,4,4,"uncertain utility interaction (net metering, utility ownership, and agreed standards)","uncertain utility interaction (net metering, utility ownership, and agreed standards)",matched,correct_id,False,14,20260701_021428,no
normative_gemma3_14_b7,gemma3,normative_gemma3,normative,7,7,incompatibility of DC systems components,incompatibility of DC systems components,matched,correct_id,False,14,20260701_021428,no
normative_gemma3_14_b8,gemma3,normative_gemma3,normative,8,8,misconception and lack of knowledge leads to lengthy/expensive design and permit process,misconception and lack of knowledge leads to lengthy/expensive design and permit process,matched,correct_id,False,14,20260701_021428,no
normative_gemma3_14_b11,gemma3,normative_gemma3,normative,11,11,high costs of DC solutions,high costs of DC solutions,matched,correct_id,False,14,20260701_021428,no
subject-matter_gemma3_14_b1,gemma3,subject-matter_gemma3,subject-matter,1,1,"power losses, quality and safety issues","power losses, quality and safety issues",matched,correct_id,False,14,20260701_021428,no
subject-matter_gemma3_14_b4,gemma3,subject-matter_gemma3,subject-matter,4,2,"uncertain utility interaction (net metering, utility ownership, and agreed standards)","uncertain utility interaction (net metering, utility ownership, and agreed standards)",matched,corrected_from_label,False,14,20260701_021428,no
subject-matter_gemma3_14_b5,gemma3,subject-matter_gemma3,subject-matter,5,3,lack of pilot projects,lack of pilot projects,matched,corrected_from_label,False,14,20260701_021428,no
subject-matter_gemma3_14_b8,gemma3,subject-matter_gemma3,subject-matter,8,4,misconception and lack of knowledge leads to lengthy/expensive design and permit process,misconception and lack of knowledge leads to lengthy/expensive design and permit process,matched,corrected_from_label,False,14,20260701_021428,no
subject-matter_gemma3_14_b10,gemma3,subject-matter_gemma3,subject-matter,10,5,uncertain regulatory roadmap,uncertain regulatory roadmap,matched,corrected_from_label,False,14,20260701_021428,no
generalist_phi4_14_b1,phi4,generalist_phi4,generalist,1,1,"power losses, quality and safety issues","power losses, quality and safety issues",matched,correct_id,False,14,20260701_021428,no
generalist_phi4_14_b3,phi4,generalist_phi4,generalist,3,3,lack of use-cases in which DC is advantageous,lack of use-cases in which DC is advantageous,matched,correct_id,False,14,20260701_021428,no
generalist_phi4_14_b4,phi4,generalist_phi4,generalist,4,4,"uncertain utility interaction (net metering, utility ownership, and agreed standards)","uncertain utility interaction (net metering, utility ownership, and agreed standards)",matched,correct_id,False,14,20260701_021428,no
generalist_phi4_14_b5,phi4,generalist_phi4,generalist,5,5,lack of pilot projects,lack of pilot projects,matched,correct_id,False,14,20260701_021428,no
generalist_phi4_14_b10,phi4,generalist_phi4,generalist,10,10,uncertain regulatory roadmap,uncertain regulatory roadmap,matched,correct_id,False,14,20260701_021428,no
normative_phi4_14_b1,phi4,normative_phi4,normative,1,1,"power losses, quality and safety issues","power losses, quality and safety issues",matched,correct_id,False,14,20260701_021428,no
normative_phi4_14_b3,phi4,normative_phi4,normative,3,3,lack of use-cases in which DC is advantageous,lack of use-cases in which DC is advantageous,matched,correct_id,False,14,20260701_021428,no
normative_phi4_14_b4,phi4,normative_phi4,normative,4,4,"uncertain utility interaction (net metering, utility ownership, and agreed standards)","uncertain utility interaction (net metering, utility ownership, and agreed standards)",matched,correct_id,False,14,20260701_021428,no
normative_phi4_14_b5,phi4,normative_phi4,normative,5,5,lack of pilot projects,lack of pilot projects,matched,correct_id,False,14,20260701_021428,no
normative_phi4_14_b10,phi4,normative_phi4,normative,10,10,uncertain regulatory roadmap,uncertain regulatory roadmap,matched,correct_id,False,14,20260701_021428,no
subject-matter_phi4_14_b1,phi4,subject-matter_phi4,subject-matter,1,1,"power losses, quality and safety issues","power losses, quality and safety issues",matched,correct_id,False,14,20260701_021428,no
subject-matter_phi4_14_b4,phi4,subject-matter_phi4,subject-matter,4,2,"uncertain utility interaction (net metering, utility ownership, and agreed standards)","uncertain utility interaction (net metering, utility ownership, and agreed standards)",matched,corrected_from_label,False,14,20260701_021428,no
subject-matter_phi4_14_b5,phi4,subject-matter_phi4,subject-matter,5,4,lack of pilot projects,lack of pilot projects,matched,corrected_from_label,False,14,20260701_021428,no
subject-matter_phi4_14_b8,phi4,subject-matter_phi4,subject-matter,8,8,misconception and lack of knowledge leads to lengthy/expensive design and permit process,misconception and lack of knowledge leads to lengthy/expensive design and permit process,matched,correct_id,False,14,20260701_021428,no
subject-matter_phi4_14_b10,phi4,subject-matter_phi4,subject-matter,10,10,uncertain regulatory roadmap,uncertain regulatory roadmap,matched,correct_id,False,14,20260701_021428,no
generalist_llama_15_b1,llama,generalist_llama,generalist,1,1,"power losses, quality and safety issues","Power losses, quality, and safety issues",matched,correct_id,False,15,20260701_022219,no
generalist_llama_15_b2,llama,generalist_llama,generalist,2,2,reduced reliability in DC devices,Reduced reliability in DC devices,matched,correct_id,False,15,20260701_022219,no
generalist_llama_15_b3,llama,generalist_llama,generalist,3,3,lack of use-cases in which DC is advantageous,Lack of use-cases in which DC is advantageous,matched,correct_id,False,15,20260701_022219,no
generalist_llama_15_b4,llama,generalist_llama,generalist,4,4,"uncertain utility interaction (net metering, utility ownership, and agreed standards)","Uncertain utility interaction (net metering, utility ownership, and agreed standards)",matched,correct_id,False,15,20260701_022219,no
generalist_llama_15_b5,llama,generalist_llama,generalist,5,5,lack of pilot projects,Lack of pilot projects,matched,correct_id,False,15,20260701_022219,no
normative_llama_15_b1,llama,normative_llama,normative,1,1,"power losses, quality and safety issues","power losses, quality and safety issues",matched,correct_id,False,15,20260701_022219,no
normative_llama_15_b2,llama,normative_llama,normative,2,2,reduced reliability in DC devices,reduced reliability in DC devices,matched,correct_id,False,15,20260701_022219,no
normative_llama_15_b3,llama,normative_llama,normative,3,3,lack of use-cases in which DC is advantageous,lack of use-cases in which DC is advantageous,matched,correct_id,False,15,20260701_022219,no
normative_llama_15_b4,llama,normative_llama,normative,4,4,"uncertain utility interaction (net metering, utility ownership, and agreed standards)","uncertain utility interaction (net metering, utility ownership, and agreed standards)",matched,correct_id,False,15,20260701_022219,no
normative_llama_15_b5,llama,normative_llama,normative,5,5,lack of pilot projects,lack of pilot projects,matched,correct_id,False,15,20260701_022219,no
subject-matter_llama_15_b1,llama,subject-matter_llama,subject-matter,1,1,"power losses, quality and safety issues","Power losses, quality, and safety issues",matched,correct_id,False,15,20260701_022219,no
subject-matter_llama_15_b2,llama,subject-matter_llama,subject-matter,2,2,reduced reliability in DC devices,Reduced reliability in DC devices,matched,correct_id,False,15,20260701_022219,no
subject-matter_llama_15_b3,llama,subject-matter_llama,subject-matter,3,3,lack of use-cases in which DC is advantageous,Lack of use-cases in which DC is advantageous,matched,correct_id,False,15,20260701_022219,no
subject-matter_llama_15_b4,llama,subject-matter_llama,subject-matter,4,4,"uncertain utility interaction (net metering, utility ownership, and agreed standards)","Uncertain utility interaction (net metering, utility ownership, and agreed standards)",matched,correct_id,False,15,20260701_022219,no
subject-matter_llama_15_b5,llama,subject-matter_llama,subject-matter,5,5,lack of pilot projects,Lack of pilot projects,matched,correct_id,False,15,20260701_022219,no
generalist_mistral_15_b1,mistral,generalist_mistral,generalist,1,1,"power losses, quality and safety issues","Power losses, quality, and safety issues",matched,correct_id,False,15,20260701_022219,no
generalist_mistral_15_b2,mistral,generalist_mistral,generalist,2,2,reduced reliability in DC devices,Reduced reliability in DC devices,matched,correct_id,False,15,20260701_022219,no
generalist_mistral_15_b3,mistral,generalist_mistral,generalist,3,3,lack of use-cases in which DC is advantageous,Lack of use-cases in which DC is advantageous,matched,correct_id,False,15,20260701_022219,no
generalist_mistral_15_b4,mistral,generalist_mistral,generalist,4,4,"uncertain utility interaction (net metering, utility ownership, and agreed standards)","Uncertain utility interaction (net metering, utility ownership, and agreed standards)",matched,correct_id,False,15,20260701_022219,no
generalist_mistral_15_b5,mistral,generalist_mistral,generalist,5,5,lack of pilot projects,Lack of pilot projects,matched,correct_id,False,15,20260701_022219,no
normative_mistral_15_b1,mistral,normative_mistral,normative,1,1,"power losses, quality and safety issues","power losses, quality and safety issues",matched,correct_id,False,15,20260701_022219,no
normative_mistral_15_b2,mistral,normative_mistral,normative,2,2,reduced reliability in DC devices,reduced reliability in DC devices,matched,correct_id,False,15,20260701_022219,no
normative_mistral_15_b3,mistral,normative_mistral,normative,3,3,lack of use-cases in which DC is advantageous,lack of use-cases in which DC is advantageous,matched,correct_id,False,15,20260701_022219,no
normative_mistral_15_b4,mistral,normative_mistral,normative,4,4,"uncertain utility interaction (net metering, utility ownership, and agreed standards)","uncertain utility interaction (net metering, utility ownership, and agreed standards)",matched,correct_id,False,15,20260701_022219,no
normative_mistral_15_b5,mistral,normative_mistral,normative,5,5,lack of pilot projects,lack of pilot projects,matched,correct_id,False,15,20260701_022219,no
subject-matter_mistral_15_b1,mistral,subject-matter_mistral,subject-matter,1,1,"power losses, quality and safety issues","power losses, quality and safety issues",matched,correct_id,False,15,20260701_022219,no
subject-matter_mistral_15_b2,mistral,subject-matter_mistral,subject-matter,2,2,reduced reliability in DC devices,reduced reliability in DC devices,matched,correct_id,False,15,20260701_022219,no
subject-matter_mistral_15_b4,mistral,subject-matter_mistral,subject-matter,4,3,"uncertain utility interaction (net metering, utility ownership, and agreed standards)","uncertain utility interaction (net metering, utility ownership, and agreed standards)",matched,corrected_from_label,False,15,20260701_022219,no
subject-matter_mistral_15_b5,mistral,subject-matter_mistral,subject-matter,5,4,lack of pilot projects,lack of pilot projects,matched,corrected_from_label,False,15,20260701_022219,no
subject-matter_mistral_15_b7,mistral,subject-matter_mistral,subject-matter,7,5,incompatibility of DC systems components,incompatibility of DC systems components,matched,corrected_from_label,False,15,20260701_022219,no
generalist_gemma3_15_b1,gemma3,generalist_gemma3,generalist,1,1,"power losses, quality and safety issues","power losses, quality and safety issues",matched,correct_id,False,15,20260701_022219,no
generalist_gemma3_15_b5,gemma3,generalist_gemma3,generalist,5,2,lack of pilot projects,lack of pilot projects,matched,corrected_from_label,False,15,20260701_022219,no
generalist_gemma3_15_b6,gemma3,generalist_gemma3,generalist,6,3,public perception of DC and readiness to 'champion' installations from DC projects,public perception of DC and readiness to 'champion' installations from DC projects,matched,corrected_from_label,False,15,20260701_022219,no
generalist_gemma3_15_b8,gemma3,generalist_gemma3,generalist,8,4,misconception and lack of knowledge leads to lengthy/expensive design and permit process,misconception and lack of knowledge leads to lengthy/expensive design and permit process,matched,corrected_from_label,False,15,20260701_022219,no
generalist_gemma3_15_b10,gemma3,generalist_gemma3,generalist,10,5,uncertain regulatory roadmap,uncertain regulatory roadmap,matched,corrected_from_label,False,15,20260701_022219,no
normative_gemma3_15_b1,gemma3,normative_gemma3,normative,1,1,"power losses, quality and safety issues","power losses, quality and safety issues",matched,correct_id,False,15,20260701_022219,no
normative_gemma3_15_b4,gemma3,normative_gemma3,normative,4,2,"uncertain utility interaction (net metering, utility ownership, and agreed standards)","uncertain utility interaction (net metering, utility ownership, and agreed standards)",matched,corrected_from_label,False,15,20260701_022219,no
normative_gemma3_15_b5,gemma3,normative_gemma3,normative,5,3,lack of pilot projects,lack of pilot projects,matched,corrected_from_label,False,15,20260701_022219,no
normative_gemma3_15_b8,gemma3,normative_gemma3,normative,8,4,misconception and lack of knowledge leads to lengthy/expensive design and permit process,misconception and lack of knowledge leads to lengthy/expensive design and permit process,matched,corrected_from_label,False,15,20260701_022219,no
normative_gemma3_15_b10,gemma3,normative_gemma3,normative,10,5,uncertain regulatory roadmap,uncertain regulatory roadmap,matched,corrected_from_label,False,15,20260701_022219,no
subject-matter_gemma3_15_b1,gemma3,subject-matter_gemma3,subject-matter,1,1,"power losses, quality and safety issues","power losses, quality and safety issues",matched,correct_id,False,15,20260701_022219,no
subject-matter_gemma3_15_b5,gemma3,subject-matter_gemma3,subject-matter,5,2,lack of pilot projects,lack of pilot projects,matched,corrected_from_label,False,15,20260701_022219,no
subject-matter_gemma3_15_b4,gemma3,subject-matter_gemma3,subject-matter,4,3,"uncertain utility interaction (net metering, utility ownership, and agreed standards)","uncertain utility interaction (net metering, utility ownership, and agreed standards)",matched,corrected_from_label,False,15,20260701_022219,no
subject-matter_gemma3_15_b8,gemma3,subject-matter_gemma3,subject-matter,8,4,misconception and lack of knowledge leads to lengthy/expensive design and permit process,misconception and lack of knowledge leads to lengthy/expensive design and permit process,matched,corrected_from_label,False,15,20260701_022219,no
subject-matter_gemma3_15_b10,gemma3,subject-matter_gemma3,subject-matter,10,5,uncertain regulatory roadmap,uncertain regulatory roadmap,matched,corrected_from_label,False,15,20260701_022219,no
generalist_phi4_15_b1,phi4,generalist_phi4,generalist,1,1,"power losses, quality and safety issues","power losses, quality and safety issues",matched,correct_id,False,15,20260701_022219,no
generalist_phi4_15_b2,phi4,generalist_phi4,generalist,2,2,reduced reliability in DC devices,reduced reliability in DC devices,matched,correct_id,False,15,20260701_022219,no
generalist_phi4_15_b3,phi4,generalist_phi4,generalist,3,3,lack of use-cases in which DC is advantageous,lack of use-cases in which DC is advantageous,matched,correct_id,False,15,20260701_022219,no
generalist_phi4_15_b4,phi4,generalist_phi4,generalist,4,4,"uncertain utility interaction (net metering, utility ownership, and agreed standards)","uncertain utility interaction (net metering, utility ownership, and agreed standards)",matched,correct_id,False,15,20260701_022219,no
generalist_phi4_15_b5,phi4,generalist_phi4,generalist,5,5,lack of pilot projects,lack of pilot projects,matched,correct_id,False,15,20260701_022219,no
normative_phi4_15_b1,phi4,normative_phi4,normative,1,1,"power losses, quality and safety issues","power losses, quality and safety issues",matched,correct_id,False,15,20260701_022219,no
normative_phi4_15_b2,phi4,normative_phi4,normative,2,2,reduced reliability in DC devices,reduced reliability in DC devices,matched,correct_id,False,15,20260701_022219,no
normative_phi4_15_b3,phi4,normative_phi4,normative,3,3,lack of use-cases in which DC is advantageous,lack of use-cases in which DC is advantageous,matched,correct_id,False,15,20260701_022219,no
normative_phi4_15_b4,phi4,normative_phi4,normative,4,4,"uncertain utility interaction (net metering, utility ownership, and agreed standards)","uncertain utility interaction (net metering, utility ownership, and agreed standards)",matched,correct_id,False,15,20260701_022219,no
normative_phi4_15_b11,phi4,normative_phi4,normative,11,5,high costs of DC solutions,high costs of DC solutions,matched,corrected_from_label,False,15,20260701_022219,no
subject-matter_phi4_15_b1,phi4,subject-matter_phi4,subject-matter,1,1,"power losses, quality and safety issues","power losses, quality and safety issues",matched,correct_id,False,15,20260701_022219,no
subject-matter_phi4_15_b3,phi4,subject-matter_phi4,subject-matter,3,3,lack of use-cases in which DC is advantageous,lack of use-cases in which DC is advantageous,matched,correct_id,False,15,20260701_022219,no
subject-matter_phi4_15_b4,phi4,subject-matter_phi4,subject-matter,4,4,"uncertain utility interaction (net metering, utility ownership, and agreed standards)","uncertain utility interaction (net metering, utility ownership, and agreed standards)",matched,correct_id,False,15,20260701_022219,no
subject-matter_phi4_15_b5,phi4,subject-matter_phi4,subject-matter,5,5,lack of pilot projects,lack of pilot projects,matched,correct_id,False,15,20260701_022219,no
subject-matter_phi4_15_b10,phi4,subject-matter_phi4,subject-matter,10,10,uncertain regulatory roadmap,uncertain regulatory roadmap,matched,correct_id,False,15,20260701_022219,no
generalist_llama_16_b1,llama,generalist_llama,generalist,1,1,"power losses, quality and safety issues","power losses, quality and safety issues",matched,correct_id,False,16,20260701_023227,no
generalist_llama_16_b2,llama,generalist_llama,generalist,2,2,reduced reliability in DC devices,reduced reliability in DC devices,matched,correct_id,False,16,20260701_023227,no
generalist_llama_16_b4,llama,generalist_llama,generalist,4,3,"uncertain utility interaction (net metering, utility ownership, and agreed standards)","uncertain utility interaction (net metering, utility ownership, and agreed standards)",matched,corrected_from_label,False,16,20260701_023227,no
generalist_llama_16_b5,llama,generalist_llama,generalist,5,4,lack of pilot projects,lack of pilot projects,matched,corrected_from_label,False,16,20260701_023227,no
generalist_llama_16_b6,llama,generalist_llama,generalist,6,5,public perception of DC and readiness to 'champion' installations from DC projects,public perception of DC and readiness to 'champion' installations from DC projects,matched,corrected_from_label,False,16,20260701_023227,no
normative_llama_16_b1,llama,normative_llama,normative,1,1,"power losses, quality and safety issues","power losses, quality and safety issues",matched,correct_id,False,16,20260701_023227,no
normative_llama_16_b2,llama,normative_llama,normative,2,2,reduced reliability in DC devices,reduced reliability in DC devices,matched,correct_id,False,16,20260701_023227,no
normative_llama_16_b4,llama,normative_llama,normative,4,3,"uncertain utility interaction (net metering, utility ownership, and agreed standards)","uncertain utility interaction (net metering, utility ownership, and agreed standards)",matched,corrected_from_label,False,16,20260701_023227,no
normative_llama_16_b6,llama,normative_llama,normative,6,4,public perception of DC and readiness to 'champion' installations from DC projects,public perception of DC and readiness to 'champion' installations from DC projects,matched,corrected_from_label,False,16,20260701_023227,no
normative_llama_16_b5,llama,normative_llama,normative,5,5,lack of pilot projects,lack of pilot projects,matched,correct_id,False,16,20260701_023227,no
subject-matter_llama_16_b1,llama,subject-matter_llama,subject-matter,1,1,"power losses, quality and safety issues","Power losses, quality and safety issues",matched,correct_id,False,16,20260701_023227,no
subject-matter_llama_16_b2,llama,subject-matter_llama,subject-matter,2,2,reduced reliability in DC devices,Reduced reliability in DC devices,matched,correct_id,False,16,20260701_023227,no
subject-matter_llama_16_b3,llama,subject-matter_llama,subject-matter,3,3,lack of use-cases in which DC is advantageous,Lack of use-cases in which DC is advantageous,matched,correct_id,False,16,20260701_023227,no
subject-matter_llama_16_b4,llama,subject-matter_llama,subject-matter,4,4,"uncertain utility interaction (net metering, utility ownership, and agreed standards)","Uncertain utility interaction (net metering, utility ownership, and agreed standards)",matched,correct_id,False,16,20260701_023227,no
subject-matter_llama_16_b5,llama,subject-matter_llama,subject-matter,5,5,lack of pilot projects,Lack of pilot projects,matched,correct_id,False,16,20260701_023227,no
generalist_mistral_16_b1,mistral,generalist_mistral,generalist,1,1,"power losses, quality and safety issues","Power losses, quality, and safety issues",matched,correct_id,False,16,20260701_023227,no
generalist_mistral_16_b2,mistral,generalist_mistral,generalist,2,2,reduced reliability in DC devices,Reduced reliability in DC devices,matched,correct_id,False,16,20260701_023227,no
generalist_mistral_16_b4,mistral,generalist_mistral,generalist,4,3,"uncertain utility interaction (net metering, utility ownership, and agreed standards)","Uncertain utility interaction (net metering, utility ownership, and agreed standards)",matched,corrected_from_label,False,16,20260701_023227,no
generalist_mistral_16_b5,mistral,generalist_mistral,generalist,5,4,lack of pilot projects,Lack of pilot projects,matched,corrected_from_label,False,16,20260701_023227,no
generalist_mistral_16_b7,mistral,generalist_mistral,generalist,7,5,incompatibility of DC systems components,Incompatibility of DC systems components,matched,corrected_from_label,False,16,20260701_023227,no
normative_mistral_16_b1,mistral,normative_mistral,normative,1,1,"power losses, quality and safety issues","power losses, quality, and safety issues",matched,correct_id,False,16,20260701_023227,no
normative_mistral_16_b2,mistral,normative_mistral,normative,2,2,reduced reliability in DC devices,reduced reliability in DC devices,matched,correct_id,False,16,20260701_023227,no
normative_mistral_16_b3,mistral,normative_mistral,normative,3,3,lack of use-cases in which DC is advantageous,lack of use-cases in which DC is advantageous,matched,correct_id,False,16,20260701_023227,no
normative_mistral_16_b4,mistral,normative_mistral,normative,4,4,"uncertain utility interaction (net metering, utility ownership, and agreed standards)","uncertain utility interaction (net metering, utility ownership, and agreed standards)",matched,correct_id,False,16,20260701_023227,no
normative_mistral_16_b5,mistral,normative_mistral,normative,5,5,lack of pilot projects,lack of pilot projects,matched,correct_id,False,16,20260701_023227,no
subject-matter_mistral_16_b1,mistral,subject-matter_mistral,subject-matter,1,1,"power losses, quality and safety issues","power losses, quality, and safety issues",matched,correct_id,False,16,20260701_023227,no
subject-matter_mistral_16_b2,mistral,subject-matter_mistral,subject-matter,2,2,reduced reliability in DC devices,reduced reliability in DC devices,matched,correct_id,False,16,20260701_023227,no
subject-matter_mistral_16_b3,mistral,subject-matter_mistral,subject-matter,3,3,lack of use-cases in which DC is advantageous,lack of use-cases in which DC is advantageous,matched,correct_id,False,16,20260701_023227,no
subject-matter_mistral_16_b4,mistral,subject-matter_mistral,subject-matter,4,4,"uncertain utility interaction (net metering, utility ownership, and agreed standards)","uncertain utility interaction (net metering, utility ownership, and agreed standards)",matched,correct_id,False,16,20260701_023227,no
subject-matter_mistral_16_b5,mistral,subject-matter_mistral,subject-matter,5,5,lack of pilot projects,lack of pilot projects,matched,correct_id,False,16,20260701_023227,no
generalist_gemma3_16_b1,gemma3,generalist_gemma3,generalist,1,1,"power losses, quality and safety issues","power losses, quality and safety issues",matched,correct_id,False,16,20260701_023227,no
generalist_gemma3_16_b5,gemma3,generalist_gemma3,generalist,5,2,lack of pilot projects,lack of pilot projects,matched,corrected_from_label,False,16,20260701_023227,no
generalist_gemma3_16_b6,gemma3,generalist_gemma3,generalist,6,3,public perception of DC and readiness to 'champion' installations from DC projects,public perception of DC and readiness to 'champion' installations from DC projects,matched,corrected_from_label,False,16,20260701_023227,no
generalist_gemma3_16_b8,gemma3,generalist_gemma3,generalist,8,4,misconception and lack of knowledge leads to lengthy/expensive design and permit process,misconception and lack of knowledge leads to lengthy/expensive design and permit process,matched,corrected_from_label,False,16,20260701_023227,no
generalist_gemma3_16_b10,gemma3,generalist_gemma3,generalist,10,5,uncertain regulatory roadmap,uncertain regulatory roadmap,matched,corrected_from_label,False,16,20260701_023227,no
normative_gemma3_16_b1,gemma3,normative_gemma3,normative,1,1,"power losses, quality and safety issues","power losses, quality and safety issues",matched,correct_id,False,16,20260701_023227,no
normative_gemma3_16_b4,gemma3,normative_gemma3,normative,4,4,"uncertain utility interaction (net metering, utility ownership, and agreed standards)","uncertain utility interaction (net metering, utility ownership, and agreed standards)",matched,correct_id,False,16,20260701_023227,no
normative_gemma3_16_b7,gemma3,normative_gemma3,normative,7,7,incompatibility of DC systems components,incompatibility of DC systems components,matched,correct_id,False,16,20260701_023227,no
normative_gemma3_16_b8,gemma3,normative_gemma3,normative,8,8,misconception and lack of knowledge leads to lengthy/expensive design and permit process,misconception and lack of knowledge leads to lengthy/expensive design and permit process,matched,correct_id,False,16,20260701_023227,no
normative_gemma3_16_b11,gemma3,normative_gemma3,normative,11,11,high costs of DC solutions,high costs of DC solutions,matched,correct_id,False,16,20260701_023227,no
subject-matter_gemma3_16_b1,gemma3,subject-matter_gemma3,subject-matter,1,1,"power losses, quality and safety issues","power losses, quality and safety issues",matched,correct_id,False,16,20260701_023227,no
subject-matter_gemma3_16_b3,gemma3,subject-matter_gemma3,subject-matter,3,2,lack of use-cases in which DC is advantageous,lack of use-cases in which DC is advantageous,matched,corrected_from_label,False,16,20260701_023227,no
subject-matter_gemma3_16_b4,gemma3,subject-matter_gemma3,subject-matter,4,3,"uncertain utility interaction (net metering, utility ownership, and agreed standards)","uncertain utility interaction (net metering, utility ownership, and agreed standards)",matched,corrected_from_label,False,16,20260701_023227,no
subject-matter_gemma3_16_b8,gemma3,subject-matter_gemma3,subject-matter,8,4,misconception and lack of knowledge leads to lengthy/expensive design and permit process,misconception and lack of knowledge leads to lengthy/expensive design and permit process,matched,corrected_from_label,False,16,20260701_023227,no
subject-matter_gemma3_16_b10,gemma3,subject-matter_gemma3,subject-matter,10,5,uncertain regulatory roadmap,uncertain regulatory roadmap,matched,corrected_from_label,False,16,20260701_023227,no
generalist_phi4_16_b1,phi4,generalist_phi4,generalist,1,1,"power losses, quality and safety issues","power losses, quality and safety issues",matched,correct_id,False,16,20260701_023227,no
generalist_phi4_16_b2,phi4,generalist_phi4,generalist,2,2,reduced reliability in DC devices,reduced reliability in DC devices,matched,correct_id,False,16,20260701_023227,no
generalist_phi4_16_b3,phi4,generalist_phi4,generalist,3,3,lack of use-cases in which DC is advantageous,lack of use-cases in which DC is advantageous,matched,correct_id,False,16,20260701_023227,no
generalist_phi4_16_b4,phi4,generalist_phi4,generalist,4,4,"uncertain utility interaction (net metering, utility ownership, and agreed standards)","uncertain utility interaction (net metering, utility ownership, and agreed standards)",matched,correct_id,False,16,20260701_023227,no
generalist_phi4_16_b5,phi4,generalist_phi4,generalist,5,5,lack of pilot projects,lack of pilot projects,matched,correct_id,False,16,20260701_023227,no
normative_phi4_16_b1,phi4,normative_phi4,normative,1,1,"power losses, quality and safety issues","power losses, quality and safety issues",matched,correct_id,False,16,20260701_023227,no
normative_phi4_16_b3,phi4,normative_phi4,normative,3,3,lack of use-cases in which DC is advantageous,lack of use-cases in which DC is advantageous,matched,correct_id,False,16,20260701_023227,no
normative_phi4_16_b4,phi4,normative_phi4,normative,4,4,"uncertain utility interaction (net metering, utility ownership, and agreed standards)","uncertain utility interaction (net metering, utility ownership, and agreed standards)",matched,correct_id,False,16,20260701_023227,no
normative_phi4_16_b5,phi4,normative_phi4,normative,5,5,lack of pilot projects,lack of pilot projects,matched,correct_id,False,16,20260701_023227,no
normative_phi4_16_b10,phi4,normative_phi4,normative,10,10,uncertain regulatory roadmap,uncertain regulatory roadmap,matched,correct_id,False,16,20260701_023227,no
subject-matter_phi4_16_b1,phi4,subject-matter_phi4,subject-matter,1,1,"power losses, quality and safety issues","power losses, quality and safety issues",matched,correct_id,False,16,20260701_023227,no
subject-matter_phi4_16_b4,phi4,subject-matter_phi4,subject-matter,4,2,"uncertain utility interaction (net metering, utility ownership, and agreed standards)","uncertain utility interaction (net metering, utility ownership, and agreed standards)",matched,corrected_from_label,False,16,20260701_023227,no
subject-matter_phi4_16_b5,phi4,subject-matter_phi4,subject-matter,5,3,lack of pilot projects,lack of pilot projects,matched,corrected_from_label,False,16,20260701_023227,no
subject-matter_phi4_16_b6,phi4,subject-matter_phi4,subject-matter,6,4,public perception of DC and readiness to 'champion' installations from DC projects,public perception of DC and readiness to 'champion' installations from DC projects,matched,corrected_from_label,False,16,20260701_023227,no
subject-matter_phi4_16_b10,phi4,subject-matter_phi4,subject-matter,10,5,uncertain regulatory roadmap,uncertain regulatory roadmap,matched,corrected_from_label,False,16,20260701_023227,no
generalist_llama_17_b1,llama,generalist_llama,generalist,1,1,"power losses, quality and safety issues","Power losses, quality and safety issues",matched,correct_id,False,17,20260701_023829,no
generalist_llama_17_b2,llama,generalist_llama,generalist,2,2,reduced reliability in DC devices,Reduced reliability in DC devices,matched,correct_id,False,17,20260701_023829,no
generalist_llama_17_b3,llama,generalist_llama,generalist,3,3,lack of use-cases in which DC is advantageous,Lack of use-cases in which DC is advantageous,matched,correct_id,False,17,20260701_023829,no
generalist_llama_17_b4,llama,generalist_llama,generalist,4,4,"uncertain utility interaction (net metering, utility ownership, and agreed standards)","Uncertain utility interaction (net metering, utility ownership, and agreed standards)",matched,correct_id,False,17,20260701_023829,no
generalist_llama_17_b5,llama,generalist_llama,generalist,5,5,lack of pilot projects,Lack of pilot projects,matched,correct_id,False,17,20260701_023829,no
normative_llama_17_b1,llama,normative_llama,normative,1,1,"power losses, quality and safety issues","power losses, quality and safety issues",matched,correct_id,False,17,20260701_023829,no
normative_llama_17_b2,llama,normative_llama,normative,2,2,reduced reliability in DC devices,reduced reliability in DC devices,matched,correct_id,False,17,20260701_023829,no
normative_llama_17_b3,llama,normative_llama,normative,3,3,lack of use-cases in which DC is advantageous,lack of use-cases in which DC is advantageous,matched,correct_id,False,17,20260701_023829,no
normative_llama_17_b4,llama,normative_llama,normative,4,4,"uncertain utility interaction (net metering, utility ownership, and agreed standards)","uncertain utility interaction (net metering, utility ownership, and agreed standards)",matched,correct_id,False,17,20260701_023829,no
normative_llama_17_b5,llama,normative_llama,normative,5,5,lack of pilot projects,lack of pilot projects,matched,correct_id,False,17,20260701_023829,no
subject-matter_llama_17_b1,llama,subject-matter_llama,subject-matter,1,1,"power losses, quality and safety issues","Power losses, quality, and safety issues",matched,correct_id,False,17,20260701_023829,no
subject-matter_llama_17_b3,llama,subject-matter_llama,subject-matter,3,2,lack of use-cases in which DC is advantageous,Lack of use-cases in which DC is advantageous,matched,corrected_from_label,False,17,20260701_023829,no
subject-matter_llama_17_b4,llama,subject-matter_llama,subject-matter,4,3,"uncertain utility interaction (net metering, utility ownership, and agreed standards)","Uncertain utility interaction (net metering, utility ownership, and agreed standards)",matched,corrected_from_label,False,17,20260701_023829,no
subject-matter_llama_17_b7,llama,subject-matter_llama,subject-matter,7,4,incompatibility of DC systems components,Incompatibility of DC systems components,matched,corrected_from_label,False,17,20260701_023829,no
subject-matter_llama_17_b8,llama,subject-matter_llama,subject-matter,8,5,misconception and lack of knowledge leads to lengthy/expensive design and permit process,Misconception and lack of knowledge leads to lengthy/expensive design and permit process,matched,corrected_from_label,False,17,20260701_023829,no
generalist_mistral_17_b1,mistral,generalist_mistral,generalist,1,1,"power losses, quality and safety issues","Power losses, quality, and safety issues",matched,correct_id,False,17,20260701_023829,no
generalist_mistral_17_b2,mistral,generalist_mistral,generalist,2,2,reduced reliability in DC devices,Reduced reliability in DC devices,matched,correct_id,False,17,20260701_023829,no
generalist_mistral_17_b3,mistral,generalist_mistral,generalist,3,3,lack of use-cases in which DC is advantageous,Lack of use-cases in which DC is advantageous,matched,correct_id,False,17,20260701_023829,no
generalist_mistral_17_b4,mistral,generalist_mistral,generalist,4,4,"uncertain utility interaction (net metering, utility ownership, and agreed standards)","Uncertain utility interaction (net metering, utility ownership, and agreed standards)",matched,correct_id,False,17,20260701_023829,no
generalist_mistral_17_b5,mistral,generalist_mistral,generalist,5,5,lack of pilot projects,Lack of pilot projects,matched,correct_id,False,17,20260701_023829,no
normative_mistral_17_b1,mistral,normative_mistral,normative,1,1,"power losses, quality and safety issues","power losses, quality and safety issues",matched,correct_id,False,17,20260701_023829,no
normative_mistral_17_b2,mistral,normative_mistral,normative,2,2,reduced reliability in DC devices,reduced reliability in DC devices,matched,correct_id,False,17,20260701_023829,no
normative_mistral_17_b3,mistral,normative_mistral,normative,3,3,lack of use-cases in which DC is advantageous,lack of use-cases in which DC is advantageous,matched,correct_id,False,17,20260701_023829,no
normative_mistral_17_b4,mistral,normative_mistral,normative,4,4,"uncertain utility interaction (net metering, utility ownership, and agreed standards)","uncertain utility interaction (net metering, utility ownership, and agreed standards)",matched,correct_id,False,17,20260701_023829,no
normative_mistral_17_b11,mistral,normative_mistral,normative,11,5,high costs of DC solutions,high costs of DC solutions,matched,corrected_from_label,False,17,20260701_023829,no
subject-matter_mistral_17_b1,mistral,subject-matter_mistral,subject-matter,1,1,"power losses, quality and safety issues","power losses, quality and safety issues",matched,correct_id,False,17,20260701_023829,no
subject-matter_mistral_17_b2,mistral,subject-matter_mistral,subject-matter,2,2,reduced reliability in DC devices,reduced reliability in DC devices,matched,correct_id,False,17,20260701_023829,no
subject-matter_mistral_17_b4,mistral,subject-matter_mistral,subject-matter,4,3,"uncertain utility interaction (net metering, utility ownership, and agreed standards)","uncertain utility interaction (net metering, utility ownership, and agreed standards)",matched,corrected_from_label,False,17,20260701_023829,no
subject-matter_mistral_17_b5,mistral,subject-matter_mistral,subject-matter,5,4,lack of pilot projects,lack of pilot projects,matched,corrected_from_label,False,17,20260701_023829,no
subject-matter_mistral_17_b6,mistral,subject-matter_mistral,subject-matter,6,5,public perception of DC and readiness to 'champion' installations from DC projects,public perception of DC and readiness to 'champion' installations from DC projects,matched,corrected_from_label,False,17,20260701_023829,no
generalist_gemma3_17_b1,gemma3,generalist_gemma3,generalist,1,1,"power losses, quality and safety issues","power losses, quality and safety issues",matched,correct_id,False,17,20260701_023829,no
generalist_gemma3_17_b3,gemma3,generalist_gemma3,generalist,3,2,lack of use-cases in which DC is advantageous,lack of use-cases in which DC is advantageous,matched,corrected_from_label,False,17,20260701_023829,no
generalist_gemma3_17_b4,gemma3,generalist_gemma3,generalist,4,3,"uncertain utility interaction (net metering, utility ownership, and agreed standards)","uncertain utility interaction (net metering, utility ownership, and agreed standards)",matched,corrected_from_label,False,17,20260701_023829,no
generalist_gemma3_17_b8,gemma3,generalist_gemma3,generalist,8,4,misconception and lack of knowledge leads to lengthy/expensive design and permit process,misconception and lack of knowledge leads to lengthy/expensive design and permit process,matched,corrected_from_label,False,17,20260701_023829,no
generalist_gemma3_17_b10,gemma3,generalist_gemma3,generalist,10,5,uncertain regulatory roadmap,uncertain regulatory roadmap,matched,corrected_from_label,False,17,20260701_023829,no
normative_gemma3_17_b1,gemma3,normative_gemma3,normative,1,1,"power losses, quality and safety issues","power losses, quality and safety issues",matched,correct_id,False,17,20260701_023829,no
normative_gemma3_17_b5,gemma3,normative_gemma3,normative,5,2,lack of pilot projects,lack of pilot projects,matched,corrected_from_label,False,17,20260701_023829,no
normative_gemma3_17_b4,gemma3,normative_gemma3,normative,4,3,"uncertain utility interaction (net metering, utility ownership, and agreed standards)","uncertain utility interaction (net metering, utility ownership, and agreed standards)",matched,corrected_from_label,False,17,20260701_023829,no
normative_gemma3_17_b8,gemma3,normative_gemma3,normative,8,4,misconception and lack of knowledge leads to lengthy/expensive design and permit process,misconception and lack of knowledge leads to lengthy/expensive design and permit process,matched,corrected_from_label,False,17,20260701_023829,no
normative_gemma3_17_b10,gemma3,normative_gemma3,normative,10,5,uncertain regulatory roadmap,uncertain regulatory roadmap,matched,corrected_from_label,False,17,20260701_023829,no
subject-matter_gemma3_17_b1,gemma3,subject-matter_gemma3,subject-matter,1,1,"power losses, quality and safety issues","power losses, quality and safety issues",matched,correct_id,False,17,20260701_023829,no
subject-matter_gemma3_17_b3,gemma3,subject-matter_gemma3,subject-matter,3,2,lack of use-cases in which DC is advantageous,lack of use-cases in which DC is advantageous,matched,corrected_from_label,False,17,20260701_023829,no
subject-matter_gemma3_17_b4,gemma3,subject-matter_gemma3,subject-matter,4,3,"uncertain utility interaction (net metering, utility ownership, and agreed standards)","uncertain utility interaction (net metering, utility ownership, and agreed standards)",matched,corrected_from_label,False,17,20260701_023829,no
subject-matter_gemma3_17_b8,gemma3,subject-matter_gemma3,subject-matter,8,4,misconception and lack of knowledge leads to lengthy/expensive design and permit process,misconception and lack of knowledge leads to lengthy/expensive design and permit process,matched,corrected_from_label,False,17,20260701_023829,no
subject-matter_gemma3_17_b10,gemma3,subject-matter_gemma3,subject-matter,10,5,uncertain regulatory roadmap,uncertain regulatory roadmap,matched,corrected_from_label,False,17,20260701_023829,no
generalist_phi4_17_b1,phi4,generalist_phi4,generalist,1,1,"power losses, quality and safety issues","power losses, quality and safety issues",matched,correct_id,False,17,20260701_023829,no
generalist_phi4_17_b4,phi4,generalist_phi4,generalist,4,4,"uncertain utility interaction (net metering, utility ownership, and agreed standards)","uncertain utility interaction (net metering, utility ownership, and agreed standards)",matched,correct_id,False,17,20260701_023829,no
generalist_phi4_17_b5,phi4,generalist_phi4,generalist,5,5,lack of pilot projects,lack of pilot projects,matched,correct_id,False,17,20260701_023829,no
generalist_phi4_17_b8,phi4,generalist_phi4,generalist,8,8,misconception and lack of knowledge leads to lengthy/expensive design and permit process,misconception and lack of knowledge leads to lengthy/expensive design and permit process,matched,correct_id,False,17,20260701_023829,no
generalist_phi4_17_b10,phi4,generalist_phi4,generalist,10,10,uncertain regulatory roadmap,uncertain regulatory roadmap,matched,correct_id,False,17,20260701_023829,no
normative_phi4_17_b1,phi4,normative_phi4,normative,1,1,"power losses, quality and safety issues","power losses, quality and safety issues",matched,correct_id,False,17,20260701_023829,no
normative_phi4_17_b3,phi4,normative_phi4,normative,3,2,lack of use-cases in which DC is advantageous,lack of use-cases in which DC is advantageous,matched,corrected_from_label,False,17,20260701_023829,no
normative_phi4_17_b4,phi4,normative_phi4,normative,4,4,"uncertain utility interaction (net metering, utility ownership, and agreed standards)","uncertain utility interaction (net metering, utility ownership, and agreed standards)",matched,correct_id,False,17,20260701_023829,no
normative_phi4_17_b5,phi4,normative_phi4,normative,5,5,lack of pilot projects,lack of pilot projects,matched,correct_id,False,17,20260701_023829,no
normative_phi4_17_b10,phi4,normative_phi4,normative,10,10,uncertain regulatory roadmap,uncertain regulatory roadmap,matched,correct_id,False,17,20260701_023829,no
subject-matter_phi4_17_b1,phi4,subject-matter_phi4,subject-matter,1,1,"power losses, quality and safety issues","power losses, quality and safety issues",matched,correct_id,False,17,20260701_023829,no
subject-matter_phi4_17_b3,phi4,subject-matter_phi4,subject-matter,3,3,lack of use-cases in which DC is advantageous,lack of use-cases in which DC is advantageous,matched,correct_id,False,17,20260701_023829,no
subject-matter_phi4_17_b4,phi4,subject-matter_phi4,subject-matter,4,4,"uncertain utility interaction (net metering, utility ownership, and agreed standards)","uncertain utility interaction (net metering, utility ownership, and agreed standards)",matched,correct_id,False,17,20260701_023829,no
subject-matter_phi4_17_b8,phi4,subject-matter_phi4,subject-matter,8,8,misconception and lack of knowledge leads to lengthy/expensive design and permit process,misconception and lack of knowledge leads to lengthy/expensive design and permit process,matched,correct_id,False,17,20260701_023829,no
subject-matter_phi4_17_b10,phi4,subject-matter_phi4,subject-matter,10,10,uncertain regulatory roadmap,uncertain regulatory roadmap,matched,correct_id,False,17,20260701_023829,no
generalist_llama_18_b3,llama,generalist_llama,generalist,3,1,lack of use-cases in which DC is advantageous,Lack of use-cases in which DC is advantageous,matched,corrected_from_label,False,18,20260701_025221,no
generalist_llama_18_b7,llama,generalist_llama,generalist,7,2,incompatibility of DC systems components,Incompatibility of DC systems components,matched,corrected_from_label,False,18,20260701_025221,no
generalist_llama_18_b1,llama,generalist_llama,generalist,1,3,"power losses, quality and safety issues","Power losses, quality and safety issues",matched,corrected_from_label,False,18,20260701_025221,no
generalist_llama_18_b4,llama,generalist_llama,generalist,4,4,"uncertain utility interaction (net metering, utility ownership, and agreed standards)","Uncertain utility interaction (net metering, utility ownership, and agreed standards)",matched,correct_id,False,18,20260701_025221,no
generalist_llama_18_b11,llama,generalist_llama,generalist,11,5,high costs of DC solutions,High costs of DC solutions,matched,corrected_from_label,False,18,20260701_025221,no
normative_llama_18_b1,llama,normative_llama,normative,1,1,"power losses, quality and safety issues","power losses, quality and safety issues",matched,correct_id,False,18,20260701_025221,no
normative_llama_18_b2,llama,normative_llama,normative,2,2,reduced reliability in DC devices,reduced reliability in DC devices,matched,correct_id,False,18,20260701_025221,no
normative_llama_18_b4,llama,normative_llama,normative,4,3,"uncertain utility interaction (net metering, utility ownership, and agreed standards)","uncertain utility interaction (net metering, utility ownership, and agreed standards)",matched,corrected_from_label,False,18,20260701_025221,no
normative_llama_18_b5,llama,normative_llama,normative,5,4,lack of pilot projects,lack of pilot projects,matched,corrected_from_label,False,18,20260701_025221,no
normative_llama_18_b6,llama,normative_llama,normative,6,5,public perception of DC and readiness to 'champion' installations from DC projects,public perception of DC and readiness to 'champion' installations from DC projects,matched,corrected_from_label,False,18,20260701_025221,no
subject-matter_llama_18_b1,llama,subject-matter_llama,subject-matter,1,1,"power losses, quality and safety issues","Power losses, quality, and safety issues",matched,correct_id,False,18,20260701_025221,no
subject-matter_llama_18_b2,llama,subject-matter_llama,subject-matter,2,2,reduced reliability in DC devices,Reduced reliability in DC devices,matched,correct_id,False,18,20260701_025221,no
subject-matter_llama_18_b3,llama,subject-matter_llama,subject-matter,3,3,lack of use-cases in which DC is advantageous,Lack of use-cases in which DC is advantageous,matched,correct_id,False,18,20260701_025221,no
subject-matter_llama_18_b4,llama,subject-matter_llama,subject-matter,4,4,"uncertain utility interaction (net metering, utility ownership, and agreed standards)","Uncertain utility interaction (net metering, utility ownership, and agreed standards)",matched,correct_id,False,18,20260701_025221,no
subject-matter_llama_18_b5,llama,subject-matter_llama,subject-matter,5,5,lack of pilot projects,Lack of pilot projects,matched,correct_id,False,18,20260701_025221,no
generalist_mistral_18_b1,mistral,generalist_mistral,generalist,1,1,"power losses, quality and safety issues","Power losses, quality, and safety issues",matched,correct_id,False,18,20260701_025221,no
generalist_mistral_18_b2,mistral,generalist_mistral,generalist,2,2,reduced reliability in DC devices,Reduced reliability in DC devices,matched,correct_id,False,18,20260701_025221,no
generalist_mistral_18_b4,mistral,generalist_mistral,generalist,4,3,"uncertain utility interaction (net metering, utility ownership, and agreed standards)","Uncertain utility interaction (net metering, utility ownership, and agreed standards)",matched,corrected_from_label,False,18,20260701_025221,no
generalist_mistral_18_b5,mistral,generalist_mistral,generalist,5,4,lack of pilot projects,Lack of pilot projects,matched,corrected_from_label,False,18,20260701_025221,no
generalist_mistral_18_b7,mistral,generalist_mistral,generalist,7,5,incompatibility of DC systems components,Incompatibility of DC systems components,matched,corrected_from_label,False,18,20260701_025221,no
normative_mistral_18_b1,mistral,normative_mistral,normative,1,1,"power losses, quality and safety issues","power losses, quality and safety issues",matched,correct_id,False,18,20260701_025221,no
normative_mistral_18_b2,mistral,normative_mistral,normative,2,2,reduced reliability in DC devices,reduced reliability in DC devices,matched,correct_id,False,18,20260701_025221,no
normative_mistral_18_b3,mistral,normative_mistral,normative,3,3,lack of use-cases in which DC is advantageous,lack of use-cases in which DC is advantageous,matched,correct_id,False,18,20260701_025221,no
normative_mistral_18_b4,mistral,normative_mistral,normative,4,4,"uncertain utility interaction (net metering, utility ownership, and agreed standards)","uncertain utility interaction (net metering, utility ownership, and agreed standards)",matched,correct_id,False,18,20260701_025221,no
normative_mistral_18_b5,mistral,normative_mistral,normative,5,5,lack of pilot projects,lack of pilot projects,matched,correct_id,False,18,20260701_025221,no
subject-matter_mistral_18_b1,mistral,subject-matter_mistral,subject-matter,1,1,"power losses, quality and safety issues","Power losses, quality, and safety issues",matched,correct_id,False,18,20260701_025221,no
subject-matter_mistral_18_b2,mistral,subject-matter_mistral,subject-matter,2,2,reduced reliability in DC devices,Reduced reliability in DC devices,matched,correct_id,False,18,20260701_025221,no
subject-matter_mistral_18_b3,mistral,subject-matter_mistral,subject-matter,3,3,lack of use-cases in which DC is advantageous,Lack of use-cases in which DC is advantageous,matched,correct_id,False,18,20260701_025221,no
subject-matter_mistral_18_b4,mistral,subject-matter_mistral,subject-matter,4,4,"uncertain utility interaction (net metering, utility ownership, and agreed standards)","Uncertain utility interaction (net metering, utility ownership, and agreed standards)",matched,correct_id,False,18,20260701_025221,no
subject-matter_mistral_18_b5,mistral,subject-matter_mistral,subject-matter,5,5,lack of pilot projects,Lack of pilot projects,matched,correct_id,False,18,20260701_025221,no
generalist_gemma3_18_b1,gemma3,generalist_gemma3,generalist,1,1,"power losses, quality and safety issues","power losses, quality and safety issues",matched,correct_id,False,18,20260701_025221,no
generalist_gemma3_18_b5,gemma3,generalist_gemma3,generalist,5,2,lack of pilot projects,lack of pilot projects,matched,corrected_from_label,False,18,20260701_025221,no
generalist_gemma3_18_b6,gemma3,generalist_gemma3,generalist,6,3,public perception of DC and readiness to 'champion' installations from DC projects,public perception of DC and readiness to 'champion' installations from DC projects,matched,corrected_from_label,False,18,20260701_025221,no
generalist_gemma3_18_b8,gemma3,generalist_gemma3,generalist,8,4,misconception and lack of knowledge leads to lengthy/expensive design and permit process,misconception and lack of knowledge leads to lengthy/expensive design and permit process,matched,corrected_from_label,False,18,20260701_025221,no
generalist_gemma3_18_b10,gemma3,generalist_gemma3,generalist,10,5,uncertain regulatory roadmap,uncertain regulatory roadmap,matched,corrected_from_label,False,18,20260701_025221,no
normative_gemma3_18_b1,gemma3,normative_gemma3,normative,1,1,"power losses, quality and safety issues","power losses, quality and safety issues",matched,correct_id,False,18,20260701_025221,no
normative_gemma3_18_b4,gemma3,normative_gemma3,normative,4,4,"uncertain utility interaction (net metering, utility ownership, and agreed standards)","uncertain utility interaction (net metering, utility ownership, and agreed standards)",matched,correct_id,False,18,20260701_025221,no
normative_gemma3_18_b7,gemma3,normative_gemma3,normative,7,7,incompatibility of DC systems components,incompatibility of DC systems components,matched,correct_id,False,18,20260701_025221,no
normative_gemma3_18_b8,gemma3,normative_gemma3,normative,8,8,misconception and lack of knowledge leads to lengthy/expensive design and permit process,misconception and lack of knowledge leads to lengthy/expensive design and permit process,matched,correct_id,False,18,20260701_025221,no
normative_gemma3_18_b11,gemma3,normative_gemma3,normative,11,11,high costs of DC solutions,high costs of DC solutions,matched,correct_id,False,18,20260701_025221,no
subject-matter_gemma3_18_b1,gemma3,subject-matter_gemma3,subject-matter,1,1,"power losses, quality and safety issues","power losses, quality and safety issues",matched,correct_id,False,18,20260701_025221,no
subject-matter_gemma3_18_b3,gemma3,subject-matter_gemma3,subject-matter,3,2,lack of use-cases in which DC is advantageous,lack of use-cases in which DC is advantageous,matched,corrected_from_label,False,18,20260701_025221,no
subject-matter_gemma3_18_b4,gemma3,subject-matter_gemma3,subject-matter,4,3,"uncertain utility interaction (net metering, utility ownership, and agreed standards)","uncertain utility interaction (net metering, utility ownership, and agreed standards)",matched,corrected_from_label,False,18,20260701_025221,no
subject-matter_gemma3_18_b8,gemma3,subject-matter_gemma3,subject-matter,8,4,misconception and lack of knowledge leads to lengthy/expensive design and permit process,misconception and lack of knowledge leads to lengthy/expensive design and permit process,matched,corrected_from_label,False,18,20260701_025221,no
subject-matter_gemma3_18_b10,gemma3,subject-matter_gemma3,subject-matter,10,5,uncertain regulatory roadmap,uncertain regulatory roadmap,matched,corrected_from_label,False,18,20260701_025221,no
generalist_phi4_18_b1,phi4,generalist_phi4,generalist,1,1,"power losses, quality and safety issues","power losses, quality and safety issues",matched,correct_id,False,18,20260701_025221,no
generalist_phi4_18_b4,phi4,generalist_phi4,generalist,4,4,"uncertain utility interaction (net metering, utility ownership, and agreed standards)","uncertain utility interaction (net metering, utility ownership, and agreed standards)",matched,correct_id,False,18,20260701_025221,no
generalist_phi4_18_b5,phi4,generalist_phi4,generalist,5,5,lack of pilot projects,lack of pilot projects,matched,correct_id,False,18,20260701_025221,no
generalist_phi4_18_b9,phi4,generalist_phi4,generalist,9,9,lack of enough trained personnel in DC systems,lack of enough trained personnel in DC systems,matched,correct_id,False,18,20260701_025221,no
generalist_phi4_18_b10,phi4,generalist_phi4,generalist,10,10,uncertain regulatory roadmap,uncertain regulatory roadmap,matched,correct_id,False,18,20260701_025221,no
normative_phi4_18_b1,phi4,normative_phi4,normative,1,1,"power losses, quality and safety issues","power losses, quality and safety issues",matched,correct_id,False,18,20260701_025221,no
normative_phi4_18_b4,phi4,normative_phi4,normative,4,4,"uncertain utility interaction (net metering, utility ownership, and agreed standards)","uncertain utility interaction (net metering, utility ownership, and agreed standards)",matched,correct_id,False,18,20260701_025221,no
normative_phi4_18_b5,phi4,normative_phi4,normative,5,5,lack of pilot projects,lack of pilot projects,matched,correct_id,False,18,20260701_025221,no
normative_phi4_18_b9,phi4,normative_phi4,normative,9,9,lack of enough trained personnel in DC systems,lack of enough trained personnel in DC systems,matched,correct_id,False,18,20260701_025221,no
normative_phi4_18_b10,phi4,normative_phi4,normative,10,10,uncertain regulatory roadmap,uncertain regulatory roadmap,matched,correct_id,False,18,20260701_025221,no
subject-matter_phi4_18_b1,phi4,subject-matter_phi4,subject-matter,1,1,"power losses, quality and safety issues","power losses, quality and safety issues",matched,correct_id,False,18,20260701_025221,no
subject-matter_phi4_18_b3,phi4,subject-matter_phi4,subject-matter,3,3,lack of use-cases in which DC is advantageous,lack of use-cases in which DC is advantageous,matched,correct_id,False,18,20260701_025221,no
subject-matter_phi4_18_b4,phi4,subject-matter_phi4,subject-matter,4,4,"uncertain utility interaction (net metering, utility ownership, and agreed standards)","uncertain utility interaction (net metering, utility ownership, and agreed standards)",matched,correct_id,False,18,20260701_025221,no
subject-matter_phi4_18_b5,phi4,subject-matter_phi4,subject-matter,5,5,lack of pilot projects,lack of pilot projects,matched,correct_id,False,18,20260701_025221,no
subject-matter_phi4_18_b10,phi4,subject-matter_phi4,subject-matter,10,10,uncertain regulatory roadmap,uncertain regulatory roadmap,matched,correct_id,False,18,20260701_025221,no
generalist_llama_19_b1,llama,generalist_llama,generalist,1,1,"power losses, quality and safety issues","Power losses, quality, and safety issues",matched,correct_id,False,19,20260701_081528,no
generalist_llama_19_b2,llama,generalist_llama,generalist,2,2,reduced reliability in DC devices,Reduced reliability in DC devices,matched,correct_id,False,19,20260701_081528,no
generalist_llama_19_b3,llama,generalist_llama,generalist,3,3,lack of use-cases in which DC is advantageous,Lack of use-cases in which DC is advantageous,matched,correct_id,False,19,20260701_081528,no
generalist_llama_19_b4,llama,generalist_llama,generalist,4,4,"uncertain utility interaction (net metering, utility ownership, and agreed standards)","Uncertain utility interaction (net metering, utility ownership, and agreed standards)",matched,correct_id,False,19,20260701_081528,no
generalist_llama_19_b5,llama,generalist_llama,generalist,5,5,lack of pilot projects,Lack of pilot projects,matched,correct_id,False,19,20260701_081528,no
normative_llama_19_b1,llama,normative_llama,normative,1,1,"power losses, quality and safety issues","power losses, quality and safety issues",matched,correct_id,False,19,20260701_081528,no
normative_llama_19_b2,llama,normative_llama,normative,2,2,reduced reliability in DC devices,reduced reliability in DC devices,matched,correct_id,False,19,20260701_081528,no
normative_llama_19_b4,llama,normative_llama,normative,4,3,"uncertain utility interaction (net metering, utility ownership, and agreed standards)","uncertain utility interaction (net metering, utility ownership, and agreed standards)",matched,corrected_from_label,False,19,20260701_081528,no
normative_llama_19_b5,llama,normative_llama,normative,5,4,lack of pilot projects,lack of pilot projects,matched,corrected_from_label,False,19,20260701_081528,no
normative_llama_19_b6,llama,normative_llama,normative,6,5,public perception of DC and readiness to 'champion' installations from DC projects,public perception of DC and readiness to 'champion' installations from DC projects,matched,corrected_from_label,False,19,20260701_081528,no
subject-matter_llama_19_b1,llama,subject-matter_llama,subject-matter,1,1,"power losses, quality and safety issues","Power losses, quality, and safety issues",matched,correct_id,False,19,20260701_081528,no
subject-matter_llama_19_b3,llama,subject-matter_llama,subject-matter,3,2,lack of use-cases in which DC is advantageous,Lack of use-cases in which DC is advantageous,matched,corrected_from_label,False,19,20260701_081528,no
subject-matter_llama_19_b4,llama,subject-matter_llama,subject-matter,4,3,"uncertain utility interaction (net metering, utility ownership, and agreed standards)","Uncertain utility interaction (net metering, utility ownership, and agreed standards)",matched,corrected_from_label,False,19,20260701_081528,no
subject-matter_llama_19_b5,llama,subject-matter_llama,subject-matter,5,4,lack of pilot projects,Lack of pilot projects,matched,corrected_from_label,False,19,20260701_081528,no
subject-matter_llama_19_b6,llama,subject-matter_llama,subject-matter,6,5,public perception of DC and readiness to 'champion' installations from DC projects,Public perception of DC and readiness to 'champion' installations from DC projects,matched,corrected_from_label,False,19,20260701_081528,no
generalist_mistral_19_b1,mistral,generalist_mistral,generalist,1,1,"power losses, quality and safety issues","power losses, quality, and safety issues",matched,correct_id,False,19,20260701_081528,no
generalist_mistral_19_b2,mistral,generalist_mistral,generalist,2,2,reduced reliability in DC devices,reduced reliability in DC devices,matched,correct_id,False,19,20260701_081528,no
generalist_mistral_19_b4,mistral,generalist_mistral,generalist,4,3,"uncertain utility interaction (net metering, utility ownership, and agreed standards)","uncertain utility interaction (net metering, utility ownership, and agreed standards)",matched,corrected_from_label,False,19,20260701_081528,no
generalist_mistral_19_b5,mistral,generalist_mistral,generalist,5,4,lack of pilot projects,lack of pilot projects,matched,corrected_from_label,False,19,20260701_081528,no
generalist_mistral_19_b9,mistral,generalist_mistral,generalist,9,5,lack of enough trained personnel in DC systems,lack of enough trained personnel in DC systems,matched,corrected_from_label,False,19,20260701_081528,no
normative_mistral_19_b1,mistral,normative_mistral,normative,1,1,"power losses, quality and safety issues","power losses, quality, and safety issues",matched,correct_id,False,19,20260701_081528,no
normative_mistral_19_b2,mistral,normative_mistral,normative,2,2,reduced reliability in DC devices,reduced reliability in DC devices,matched,correct_id,False,19,20260701_081528,no
normative_mistral_19_b3,mistral,normative_mistral,normative,3,3,lack of use-cases in which DC is advantageous,lack of use-cases in which DC is advantageous,matched,correct_id,False,19,20260701_081528,no
normative_mistral_19_b4,mistral,normative_mistral,normative,4,4,"uncertain utility interaction (net metering, utility ownership, and agreed standards)","uncertain utility interaction (net metering, utility ownership, and agreed standards)",matched,correct_id,False,19,20260701_081528,no
normative_mistral_19_b5,mistral,normative_mistral,normative,5,5,lack of pilot projects,lack of pilot projects,matched,correct_id,False,19,20260701_081528,no
subject-matter_mistral_19_b1,mistral,subject-matter_mistral,subject-matter,1,1,"power losses, quality and safety issues","power losses, quality and safety issues",matched,correct_id,False,19,20260701_081528,no
subject-matter_mistral_19_b2,mistral,subject-matter_mistral,subject-matter,2,2,reduced reliability in DC devices,reduced reliability in DC devices,matched,correct_id,False,19,20260701_081528,no
subject-matter_mistral_19_b3,mistral,subject-matter_mistral,subject-matter,3,3,lack of use-cases in which DC is advantageous,lack of use-cases in which DC is advantageous,matched,correct_id,False,19,20260701_081528,no
subject-matter_mistral_19_b4,mistral,subject-matter_mistral,subject-matter,4,4,"uncertain utility interaction (net metering, utility ownership, and agreed standards)","uncertain utility interaction (net metering, utility ownership, and agreed standards)",matched,correct_id,False,19,20260701_081528,no
subject-matter_mistral_19_b5,mistral,subject-matter_mistral,subject-matter,5,5,lack of pilot projects,lack of pilot projects,matched,correct_id,False,19,20260701_081528,no
generalist_gemma3_19_b1,gemma3,generalist_gemma3,generalist,1,1,"power losses, quality and safety issues","power losses, quality and safety issues",matched,correct_id,False,19,20260701_081528,no
generalist_gemma3_19_b3,gemma3,generalist_gemma3,generalist,3,2,lack of use-cases in which DC is advantageous,lack of use-cases in which DC is advantageous,matched,corrected_from_label,False,19,20260701_081528,no
generalist_gemma3_19_b4,gemma3,generalist_gemma3,generalist,4,3,"uncertain utility interaction (net metering, utility ownership, and agreed standards)","uncertain utility interaction (net metering, utility ownership, and agreed standards)",matched,corrected_from_label,False,19,20260701_081528,no
generalist_gemma3_19_b8,gemma3,generalist_gemma3,generalist,8,4,misconception and lack of knowledge leads to lengthy/expensive design and permit process,misconception and lack of knowledge leads to lengthy/expensive design and permit process,matched,corrected_from_label,False,19,20260701_081528,no
generalist_gemma3_19_b10,gemma3,generalist_gemma3,generalist,10,5,uncertain regulatory roadmap,uncertain regulatory roadmap,matched,corrected_from_label,False,19,20260701_081528,no
normative_gemma3_19_b1,gemma3,normative_gemma3,normative,1,1,"power losses, quality and safety issues","power losses, quality and safety issues",matched,correct_id,False,19,20260701_081528,no
normative_gemma3_19_b5,gemma3,normative_gemma3,normative,5,2,lack of pilot projects,lack of pilot projects,matched,corrected_from_label,False,19,20260701_081528,no
normative_gemma3_19_b6,gemma3,normative_gemma3,normative,6,3,public perception of DC and readiness to 'champion' installations from DC projects,public perception of DC and readiness to 'champion' installations from DC projects,matched,corrected_from_label,False,19,20260701_081528,no
normative_gemma3_19_b10,gemma3,normative_gemma3,normative,10,4,uncertain regulatory roadmap,uncertain regulatory roadmap,matched,corrected_from_label,False,19,20260701_081528,no
normative_gemma3_19_b11,gemma3,normative_gemma3,normative,11,5,high costs of DC solutions,high costs of DC solutions,matched,corrected_from_label,False,19,20260701_081528,no
subject-matter_gemma3_19_b1,gemma3,subject-matter_gemma3,subject-matter,1,1,"power losses, quality and safety issues","power losses, quality and safety issues",matched,correct_id,False,19,20260701_081528,no
subject-matter_gemma3_19_b3,gemma3,subject-matter_gemma3,subject-matter,3,2,lack of use-cases in which DC is advantageous,lack of use-cases in which DC is advantageous,matched,corrected_from_label,False,19,20260701_081528,no
subject-matter_gemma3_19_b4,gemma3,subject-matter_gemma3,subject-matter,4,3,"uncertain utility interaction (net metering, utility ownership, and agreed standards)","uncertain utility interaction (net metering, utility ownership, and agreed standards)",matched,corrected_from_label,False,19,20260701_081528,no
subject-matter_gemma3_19_b8,gemma3,subject-matter_gemma3,subject-matter,8,4,misconception and lack of knowledge leads to lengthy/expensive design and permit process,misconception and lack of knowledge leads to lengthy/expensive design and permit process,matched,corrected_from_label,False,19,20260701_081528,no
subject-matter_gemma3_19_b10,gemma3,subject-matter_gemma3,subject-matter,10,5,uncertain regulatory roadmap,uncertain regulatory roadmap,matched,corrected_from_label,False,19,20260701_081528,no
generalist_phi4_19_b1,phi4,generalist_phi4,generalist,1,1,"power losses, quality and safety issues","power losses, quality and safety issues",matched,correct_id,False,19,20260701_081528,no
generalist_phi4_19_b4,phi4,generalist_phi4,generalist,4,4,"uncertain utility interaction (net metering, utility ownership, and agreed standards)","uncertain utility interaction (net metering, utility ownership, and agreed standards)",matched,correct_id,False,19,20260701_081528,no
generalist_phi4_19_b5,phi4,generalist_phi4,generalist,5,5,lack of pilot projects,lack of pilot projects,matched,correct_id,False,19,20260701_081528,no
generalist_phi4_19_b9,phi4,generalist_phi4,generalist,9,9,lack of enough trained personnel in DC systems,lack of enough trained personnel in DC systems,matched,correct_id,False,19,20260701_081528,no
generalist_phi4_19_b10,phi4,generalist_phi4,generalist,10,10,uncertain regulatory roadmap,uncertain regulatory roadmap,matched,correct_id,False,19,20260701_081528,no
normative_phi4_19_b1,phi4,normative_phi4,normative,1,1,"power losses, quality and safety issues","power losses, quality and safety issues",matched,correct_id,False,19,20260701_081528,no
normative_phi4_19_b2,phi4,normative_phi4,normative,2,2,reduced reliability in DC devices,reduced reliability in DC devices,matched,correct_id,False,19,20260701_081528,no
normative_phi4_19_b3,phi4,normative_phi4,normative,3,3,lack of use-cases in which DC is advantageous,lack of use-cases in which DC is advantageous,matched,correct_id,False,19,20260701_081528,no
normative_phi4_19_b4,phi4,normative_phi4,normative,4,4,"uncertain utility interaction (net metering, utility ownership, and agreed standards)","uncertain utility interaction (net metering, utility ownership, and agreed standards)",matched,correct_id,False,19,20260701_081528,no
normative_phi4_19_b5,phi4,normative_phi4,normative,5,5,lack of pilot projects,lack of pilot projects,matched,correct_id,False,19,20260701_081528,no
subject-matter_phi4_19_b1,phi4,subject-matter_phi4,subject-matter,1,1,"power losses, quality and safety issues","power losses, quality and safety issues",matched,correct_id,False,19,20260701_081528,no
subject-matter_phi4_19_b4,phi4,subject-matter_phi4,subject-matter,4,4,"uncertain utility interaction (net metering, utility ownership, and agreed standards)","uncertain utility interaction (net metering, utility ownership, and agreed standards)",matched,correct_id,False,19,20260701_081528,no
subject-matter_phi4_19_b5,phi4,subject-matter_phi4,subject-matter,5,5,lack of pilot projects,lack of pilot projects,matched,correct_id,False,19,20260701_081528,no
subject-matter_phi4_19_b8,phi4,subject-matter_phi4,subject-matter,8,8,misconception and lack of knowledge leads to lengthy/expensive design and permit process,misconception and lack of knowledge leads to lengthy/expensive design and permit process,matched,correct_id,False,19,20260701_081528,no
subject-matter_phi4_19_b10,phi4,subject-matter_phi4,subject-matter,10,10,uncertain regulatory roadmap,uncertain regulatory roadmap,matched,correct_id,False,19,20260701_081528,no
generalist_llama_20_b1,llama,generalist_llama,generalist,1,1,"power losses, quality and safety issues","Power losses, quality, and safety issues",matched,correct_id,False,20,20260701_081724,no
generalist_llama_20_b2,llama,generalist_llama,generalist,2,2,reduced reliability in DC devices,Reduced reliability in DC devices,matched,correct_id,False,20,20260701_081724,no
generalist_llama_20_b3,llama,generalist_llama,generalist,3,3,lack of use-cases in which DC is advantageous,Lack of use-cases in which DC is advantageous,matched,correct_id,False,20,20260701_081724,no
generalist_llama_20_b4,llama,generalist_llama,generalist,4,4,"uncertain utility interaction (net metering, utility ownership, and agreed standards)","Uncertain utility interaction (net metering, utility ownership, and agreed standards)",matched,correct_id,False,20,20260701_081724,no
generalist_llama_20_b5,llama,generalist_llama,generalist,5,5,lack of pilot projects,Lack of pilot projects,matched,correct_id,False,20,20260701_081724,no
normative_llama_20_b11,llama,normative_llama,normative,11,1,high costs of DC solutions,High costs of DC solutions,matched,corrected_from_label,False,20,20260701_081724,no
normative_llama_20_b1,llama,normative_llama,normative,1,2,"power losses, quality and safety issues","Power losses, quality, and safety issues",matched,corrected_from_label,False,20,20260701_081724,no
normative_llama_20_b3,llama,normative_llama,normative,3,3,lack of use-cases in which DC is advantageous,Lack of use-cases in which DC is advantageous,matched,correct_id,False,20,20260701_081724,no
normative_llama_20_b4,llama,normative_llama,normative,4,4,"uncertain utility interaction (net metering, utility ownership, and agreed standards)","Uncertain utility interaction (net metering, utility ownership, and agreed standards)",matched,correct_id,False,20,20260701_081724,no
normative_llama_20_b7,llama,normative_llama,normative,7,5,incompatibility of DC systems components,Incompatibility of DC systems components,matched,corrected_from_label,False,20,20260701_081724,no
subject-matter_llama_20_b1,llama,subject-matter_llama,subject-matter,1,1,"power losses, quality and safety issues","Power losses, quality, and safety issues",matched,correct_id,False,20,20260701_081724,no
subject-matter_llama_20_b4,llama,subject-matter_llama,subject-matter,4,2,"uncertain utility interaction (net metering, utility ownership, and agreed standards)","Uncertain utility interaction (net metering, utility ownership, and agreed standards)",matched,corrected_from_label,False,20,20260701_081724,no
subject-matter_llama_20_b3,llama,subject-matter_llama,subject-matter,3,3,lack of use-cases in which DC is advantageous,Lack of use-cases in which DC is advantageous,matched,correct_id,False,20,20260701_081724,no
subject-matter_llama_20_b7,llama,subject-matter_llama,subject-matter,7,4,incompatibility of DC systems components,Incompatibility of DC systems components,matched,corrected_from_label,False,20,20260701_081724,no
subject-matter_llama_20_b8,llama,subject-matter_llama,subject-matter,8,5,misconception and lack of knowledge leads to lengthy/expensive design and permit process,Misconception and lack of knowledge leads to lengthy/expensive design and permit process,matched,corrected_from_label,False,20,20260701_081724,no
generalist_mistral_20_b1,mistral,generalist_mistral,generalist,1,1,"power losses, quality and safety issues","Power losses, quality, and safety issues",matched,correct_id,False,20,20260701_081724,no
generalist_mistral_20_b2,mistral,generalist_mistral,generalist,2,2,reduced reliability in DC devices,Reduced reliability in DC devices,matched,correct_id,False,20,20260701_081724,no
generalist_mistral_20_b3,mistral,generalist_mistral,generalist,3,3,lack of use-cases in which DC is advantageous,Lack of use-cases in which DC is advantageous,matched,correct_id,False,20,20260701_081724,no
generalist_mistral_20_b4,mistral,generalist_mistral,generalist,4,4,"uncertain utility interaction (net metering, utility ownership, and agreed standards)","Uncertain utility interaction (net metering, utility ownership, and agreed standards)",matched,correct_id,False,20,20260701_081724,no
generalist_mistral_20_b5,mistral,generalist_mistral,generalist,5,5,lack of pilot projects,Lack of pilot projects,matched,correct_id,False,20,20260701_081724,no
normative_mistral_20_b1,mistral,normative_mistral,normative,1,1,"power losses, quality and safety issues","power losses, quality, and safety issues",matched,correct_id,False,20,20260701_081724,no
normative_mistral_20_b2,mistral,normative_mistral,normative,2,2,reduced reliability in DC devices,reduced reliability in DC devices,matched,correct_id,False,20,20260701_081724,no
normative_mistral_20_b3,mistral,normative_mistral,normative,3,3,lack of use-cases in which DC is advantageous,lack of use-cases in which DC is advantageous,matched,correct_id,False,20,20260701_081724,no
normative_mistral_20_b4,mistral,normative_mistral,normative,4,4,"uncertain utility interaction (net metering, utility ownership, and agreed standards)","uncertain utility interaction (net metering, utility ownership, and agreed standards)",matched,correct_id,False,20,20260701_081724,no
normative_mistral_20_b5,mistral,normative_mistral,normative,5,5,lack of pilot projects,lack of pilot projects,matched,correct_id,False,20,20260701_081724,no
subject-matter_mistral_20_b1,mistral,subject-matter_mistral,subject-matter,1,1,"power losses, quality and safety issues","power losses, quality, and safety issues",matched,correct_id,False,20,20260701_081724,no
subject-matter_mistral_20_b2,mistral,subject-matter_mistral,subject-matter,2,2,reduced reliability in DC devices,reduced reliability in DC devices,matched,correct_id,False,20,20260701_081724,no
subject-matter_mistral_20_b3,mistral,subject-matter_mistral,subject-matter,3,3,lack of use-cases in which DC is advantageous,lack of use-cases in which DC is advantageous,matched,correct_id,False,20,20260701_081724,no
subject-matter_mistral_20_b4,mistral,subject-matter_mistral,subject-matter,4,4,"uncertain utility interaction (net metering, utility ownership, and agreed standards)","uncertain utility interaction (net metering, utility ownership, and agreed standards)",matched,correct_id,False,20,20260701_081724,no
subject-matter_mistral_20_b5,mistral,subject-matter_mistral,subject-matter,5,5,lack of pilot projects,lack of pilot projects,matched,correct_id,False,20,20260701_081724,no
generalist_gemma3_20_b1,gemma3,generalist_gemma3,generalist,1,1,"power losses, quality and safety issues","power losses, quality and safety issues",matched,correct_id,False,20,20260701_081724,no
generalist_gemma3_20_b5,gemma3,generalist_gemma3,generalist,5,2,lack of pilot projects,lack of pilot projects,matched,corrected_from_label,False,20,20260701_081724,no
generalist_gemma3_20_b6,gemma3,generalist_gemma3,generalist,6,3,public perception of DC and readiness to 'champion' installations from DC projects,public perception of DC and readiness to 'champion' installations from DC projects,matched,corrected_from_label,False,20,20260701_081724,no
generalist_gemma3_20_b8,gemma3,generalist_gemma3,generalist,8,4,misconception and lack of knowledge leads to lengthy/expensive design and permit process,misconception and lack of knowledge leads to lengthy/expensive design and permit process,matched,corrected_from_label,False,20,20260701_081724,no
generalist_gemma3_20_b10,gemma3,generalist_gemma3,generalist,10,5,uncertain regulatory roadmap,uncertain regulatory roadmap,matched,corrected_from_label,False,20,20260701_081724,no
normative_gemma3_20_b1,gemma3,normative_gemma3,normative,1,1,"power losses, quality and safety issues","power losses, quality and safety issues",matched,correct_id,False,20,20260701_081724,no
normative_gemma3_20_b4,gemma3,normative_gemma3,normative,4,2,"uncertain utility interaction (net metering, utility ownership, and agreed standards)","uncertain utility interaction (net metering, utility ownership, and agreed standards)",matched,corrected_from_label,False,20,20260701_081724,no
normative_gemma3_20_b5,gemma3,normative_gemma3,normative,5,3,lack of pilot projects,lack of pilot projects,matched,corrected_from_label,False,20,20260701_081724,no
normative_gemma3_20_b8,gemma3,normative_gemma3,normative,8,4,misconception and lack of knowledge leads to lengthy/expensive design and permit process,misconception and lack of knowledge leads to lengthy/expensive design and permit process,matched,corrected_from_label,False,20,20260701_081724,no
normative_gemma3_20_b10,gemma3,normative_gemma3,normative,10,5,uncertain regulatory roadmap,uncertain regulatory roadmap,matched,corrected_from_label,False,20,20260701_081724,no
subject-matter_gemma3_20_b1,gemma3,subject-matter_gemma3,subject-matter,1,1,"power losses, quality and safety issues","power losses, quality and safety issues",matched,correct_id,False,20,20260701_081724,no
subject-matter_gemma3_20_b5,gemma3,subject-matter_gemma3,subject-matter,5,2,lack of pilot projects,lack of pilot projects,matched,corrected_from_label,False,20,20260701_081724,no
subject-matter_gemma3_20_b4,gemma3,subject-matter_gemma3,subject-matter,4,3,"uncertain utility interaction (net metering, utility ownership, and agreed standards)","uncertain utility interaction (net metering, utility ownership, and agreed standards)",matched,corrected_from_label,False,20,20260701_081724,no
subject-matter_gemma3_20_b8,gemma3,subject-matter_gemma3,subject-matter,8,4,misconception and lack of knowledge leads to lengthy/expensive design and permit process,misconception and lack of knowledge leads to lengthy/expensive design and permit process,matched,corrected_from_label,False,20,20260701_081724,no
subject-matter_gemma3_20_b10,gemma3,subject-matter_gemma3,subject-matter,10,5,uncertain regulatory roadmap,uncertain regulatory roadmap,matched,corrected_from_label,False,20,20260701_081724,no
generalist_phi4_20_b1,phi4,generalist_phi4,generalist,1,1,"power losses, quality and safety issues","power losses, quality and safety issues",matched,correct_id,False,20,20260701_081724,no
generalist_phi4_20_b3,phi4,generalist_phi4,generalist,3,3,lack of use-cases in which DC is advantageous,lack of use-cases in which DC is advantageous,matched,correct_id,False,20,20260701_081724,no
generalist_phi4_20_b4,phi4,generalist_phi4,generalist,4,4,"uncertain utility interaction (net metering, utility ownership, and agreed standards)","uncertain utility interaction (net metering, utility ownership, and agreed standards)",matched,correct_id,False,20,20260701_081724,no
generalist_phi4_20_b5,phi4,generalist_phi4,generalist,5,5,lack of pilot projects,lack of pilot projects,matched,correct_id,False,20,20260701_081724,no
generalist_phi4_20_b10,phi4,generalist_phi4,generalist,10,10,uncertain regulatory roadmap,uncertain regulatory roadmap,matched,correct_id,False,20,20260701_081724,no
normative_phi4_20_b1,phi4,normative_phi4,normative,1,1,"power losses, quality and safety issues","power losses, quality and safety issues",matched,correct_id,False,20,20260701_081724,no
normative_phi4_20_b3,phi4,normative_phi4,normative,3,3,lack of use-cases in which DC is advantageous,lack of use-cases in which DC is advantageous,matched,correct_id,False,20,20260701_081724,no
normative_phi4_20_b4,phi4,normative_phi4,normative,4,4,"uncertain utility interaction (net metering, utility ownership, and agreed standards)","uncertain utility interaction (net metering, utility ownership, and agreed standards)",matched,correct_id,False,20,20260701_081724,no
normative_phi4_20_b8,phi4,normative_phi4,normative,8,8,misconception and lack of knowledge leads to lengthy/expensive design and permit process,misconception and lack of knowledge leads to lengthy/expensive design and permit process,matched,correct_id,False,20,20260701_081724,no
normative_phi4_20_b10,phi4,normative_phi4,normative,10,10,uncertain regulatory roadmap,uncertain regulatory roadmap,matched,correct_id,False,20,20260701_081724,no
subject-matter_phi4_20_b1,phi4,subject-matter_phi4,subject-matter,1,1,"power losses, quality and safety issues","power losses, quality and safety issues",matched,correct_id,False,20,20260701_081724,no
subject-matter_phi4_20_b4,phi4,subject-matter_phi4,subject-matter,4,4,"uncertain utility interaction (net metering, utility ownership, and agreed standards)","uncertain utility interaction (net metering, utility ownership, and agreed standards)",matched,correct_id,False,20,20260701_081724,no
subject-matter_phi4_20_b5,phi4,subject-matter_phi4,subject-matter,5,5,lack of pilot projects,lack of pilot projects,matched,correct_id,False,20,20260701_081724,no
subject-matter_phi4_20_b10,phi4,subject-matter_phi4,subject-matter,10,10,uncertain regulatory roadmap,uncertain regulatory roadmap,matched,correct_id,False,20,20260701_081724,no
subject-matter_phi4_20_b11,phi4,subject-matter_phi4,subject-matter,11,11,high costs of DC solutions,high costs of DC solutions,matched,correct_id,False,20,20260701_081724,no
generalist_llama_21_b1,llama,generalist_llama,generalist,1,1,"power losses, quality and safety issues","power losses, quality, and safety issues",matched,correct_id,False,21,20260701_081932,no
generalist_llama_21_b2,llama,generalist_llama,generalist,2,2,reduced reliability in DC devices,reduced reliability in DC devices,matched,correct_id,False,21,20260701_081932,no
generalist_llama_21_b4,llama,generalist_llama,generalist,4,3,"uncertain utility interaction (net metering, utility ownership, and agreed standards)","uncertain utility interaction (net metering, utility ownership, and agreed standards)",matched,corrected_from_label,False,21,20260701_081932,no
generalist_llama_21_b5,llama,generalist_llama,generalist,5,4,lack of pilot projects,lack of pilot projects,matched,corrected_from_label,False,21,20260701_081932,no
generalist_llama_21_b6,llama,generalist_llama,generalist,6,5,public perception of DC and readiness to 'champion' installations from DC projects,public perception of DC and readiness to 'champion' installations from DC projects,matched,corrected_from_label,False,21,20260701_081932,no
normative_llama_21_b1,llama,normative_llama,normative,1,1,"power losses, quality and safety issues","Power losses, quality, and safety issues",matched,correct_id,False,21,20260701_081932,no
normative_llama_21_b2,llama,normative_llama,normative,2,2,reduced reliability in DC devices,Reduced reliability in DC devices,matched,correct_id,False,21,20260701_081932,no
normative_llama_21_b3,llama,normative_llama,normative,3,3,lack of use-cases in which DC is advantageous,Lack of use-cases in which DC is advantageous,matched,correct_id,False,21,20260701_081932,no
normative_llama_21_b4,llama,normative_llama,normative,4,4,"uncertain utility interaction (net metering, utility ownership, and agreed standards)","Uncertain utility interaction (net metering, utility ownership, and agreed standards)",matched,correct_id,False,21,20260701_081932,no
normative_llama_21_b5,llama,normative_llama,normative,5,5,lack of pilot projects,Lack of pilot projects,matched,correct_id,False,21,20260701_081932,no
subject-matter_llama_21_b1,llama,subject-matter_llama,subject-matter,1,1,"power losses, quality and safety issues","Power losses, quality and safety issues",matched,correct_id,False,21,20260701_081932,no
subject-matter_llama_21_b2,llama,subject-matter_llama,subject-matter,2,2,reduced reliability in DC devices,Reduced reliability in DC devices,matched,correct_id,False,21,20260701_081932,no
subject-matter_llama_21_b3,llama,subject-matter_llama,subject-matter,3,3,lack of use-cases in which DC is advantageous,Lack of use-cases in which DC is advantageous,matched,correct_id,False,21,20260701_081932,no
subject-matter_llama_21_b4,llama,subject-matter_llama,subject-matter,4,4,"uncertain utility interaction (net metering, utility ownership, and agreed standards)","Uncertain utility interaction (net metering, utility ownership, and agreed standards)",matched,correct_id,False,21,20260701_081932,no
subject-matter_llama_21_b5,llama,subject-matter_llama,subject-matter,5,5,lack of pilot projects,Lack of pilot projects,matched,correct_id,False,21,20260701_081932,no
generalist_mistral_21_b1,mistral,generalist_mistral,generalist,1,1,"power losses, quality and safety issues","power losses, quality and safety issues (#1)",matched_by_fuzzy_prefix,correct_id_fuzzy_prefix,False,21,20260701_081932,no
generalist_mistral_21_b2,mistral,generalist_mistral,generalist,2,2,reduced reliability in DC devices,reduced reliability in DC devices (#2),matched_by_fuzzy_prefix,correct_id_fuzzy_prefix,False,21,20260701_081932,no
generalist_mistral_21_b3,mistral,generalist_mistral,generalist,3,3,lack of use-cases in which DC is advantageous,lack of use-cases in which DC is advantageous (#3),matched_by_fuzzy_prefix,correct_id_fuzzy_prefix,False,21,20260701_081932,no
generalist_mistral_21_b4,mistral,generalist_mistral,generalist,4,4,"uncertain utility interaction (net metering, utility ownership, and agreed standards)","uncertain utility interaction (net metering, utility ownership, and agreed standards) (#4)",matched_by_fuzzy_prefix,correct_id_fuzzy_prefix,False,21,20260701_081932,no
generalist_mistral_21_b5,mistral,generalist_mistral,generalist,5,5,lack of pilot projects,lack of pilot projects (#5),matched_by_fuzzy_prefix,correct_id_fuzzy_prefix,False,21,20260701_081932,no
normative_mistral_21_b1,mistral,normative_mistral,normative,1,1,"power losses, quality and safety issues","power losses, quality and safety issues",matched,correct_id,False,21,20260701_081932,no
normative_mistral_21_b2,mistral,normative_mistral,normative,2,2,reduced reliability in DC devices,reduced reliability in DC devices,matched,correct_id,False,21,20260701_081932,no
normative_mistral_21_b4,mistral,normative_mistral,normative,4,3,"uncertain utility interaction (net metering, utility ownership, and agreed standards)","uncertain utility interaction (net metering, utility ownership, and agreed standards)",matched,corrected_from_label,False,21,20260701_081932,no
normative_mistral_21_b5,mistral,normative_mistral,normative,5,4,lack of pilot projects,lack of pilot projects,matched,corrected_from_label,False,21,20260701_081932,no
normative_mistral_21_b9,mistral,normative_mistral,normative,9,5,lack of enough trained personnel in DC systems,lack of enough trained personnel in DC systems,matched,corrected_from_label,False,21,20260701_081932,no
subject-matter_mistral_21_b1,mistral,subject-matter_mistral,subject-matter,1,1,"power losses, quality and safety issues","power losses, quality, and safety issues",matched,correct_id,False,21,20260701_081932,no
subject-matter_mistral_21_b2,mistral,subject-matter_mistral,subject-matter,2,2,reduced reliability in DC devices,reduced reliability in DC devices,matched,correct_id,False,21,20260701_081932,no
subject-matter_mistral_21_b3,mistral,subject-matter_mistral,subject-matter,3,3,lack of use-cases in which DC is advantageous,lack of use-cases in which DC is advantageous,matched,correct_id,False,21,20260701_081932,no
subject-matter_mistral_21_b4,mistral,subject-matter_mistral,subject-matter,4,4,"uncertain utility interaction (net metering, utility ownership, and agreed standards)","uncertain utility interaction (net metering, utility ownership, and agreed standards)",matched,correct_id,False,21,20260701_081932,no
subject-matter_mistral_21_b5,mistral,subject-matter_mistral,subject-matter,5,5,lack of pilot projects,lack of pilot projects,matched,correct_id,False,21,20260701_081932,no
generalist_gemma3_21_b1,gemma3,generalist_gemma3,generalist,1,1,"power losses, quality and safety issues","power losses, quality and safety issues",matched,correct_id,False,21,20260701_081932,no
generalist_gemma3_21_b5,gemma3,generalist_gemma3,generalist,5,2,lack of pilot projects,lack of pilot projects,matched,corrected_from_label,False,21,20260701_081932,no
generalist_gemma3_21_b6,gemma3,generalist_gemma3,generalist,6,3,public perception of DC and readiness to 'champion' installations from DC projects,public perception of DC and readiness to 'champion' installations from DC projects,matched,corrected_from_label,False,21,20260701_081932,no
generalist_gemma3_21_b8,gemma3,generalist_gemma3,generalist,8,4,misconception and lack of knowledge leads to lengthy/expensive design and permit process,misconception and lack of knowledge leads to lengthy/expensive design and permit process,matched,corrected_from_label,False,21,20260701_081932,no
generalist_gemma3_21_b10,gemma3,generalist_gemma3,generalist,10,5,uncertain regulatory roadmap,uncertain regulatory roadmap,matched,corrected_from_label,False,21,20260701_081932,no
normative_gemma3_21_b1,gemma3,normative_gemma3,normative,1,1,"power losses, quality and safety issues","power losses, quality and safety issues",matched,correct_id,False,21,20260701_081932,no
normative_gemma3_21_b4,gemma3,normative_gemma3,normative,4,4,"uncertain utility interaction (net metering, utility ownership, and agreed standards)","uncertain utility interaction (net metering, utility ownership, and agreed standards)",matched,correct_id,False,21,20260701_081932,no
normative_gemma3_21_b7,gemma3,normative_gemma3,normative,7,7,incompatibility of DC systems components,incompatibility of DC systems components,matched,correct_id,False,21,20260701_081932,no
normative_gemma3_21_b8,gemma3,normative_gemma3,normative,8,8,misconception and lack of knowledge leads to lengthy/expensive design and permit process,misconception and lack of knowledge leads to lengthy/expensive design and permit process,matched,correct_id,False,21,20260701_081932,no
normative_gemma3_21_b11,gemma3,normative_gemma3,normative,11,11,high costs of DC solutions,high costs of DC solutions,matched,correct_id,False,21,20260701_081932,no
subject-matter_gemma3_21_b1,gemma3,subject-matter_gemma3,subject-matter,1,1,"power losses, quality and safety issues","power losses, quality and safety issues",matched,correct_id,False,21,20260701_081932,no
subject-matter_gemma3_21_b3,gemma3,subject-matter_gemma3,subject-matter,3,2,lack of use-cases in which DC is advantageous,lack of use-cases in which DC is advantageous,matched,corrected_from_label,False,21,20260701_081932,no
subject-matter_gemma3_21_b4,gemma3,subject-matter_gemma3,subject-matter,4,3,"uncertain utility interaction (net metering, utility ownership, and agreed standards)","uncertain utility interaction (net metering, utility ownership, and agreed standards)",matched,corrected_from_label,False,21,20260701_081932,no
subject-matter_gemma3_21_b8,gemma3,subject-matter_gemma3,subject-matter,8,4,misconception and lack of knowledge leads to lengthy/expensive design and permit process,misconception and lack of knowledge leads to lengthy/expensive design and permit process,matched,corrected_from_label,False,21,20260701_081932,no
subject-matter_gemma3_21_b10,gemma3,subject-matter_gemma3,subject-matter,10,5,uncertain regulatory roadmap,uncertain regulatory roadmap,matched,corrected_from_label,False,21,20260701_081932,no
generalist_phi4_21_b1,phi4,generalist_phi4,generalist,1,1,"power losses, quality and safety issues","power losses, quality and safety issues",matched,correct_id,False,21,20260701_081932,no
generalist_phi4_21_b2,phi4,generalist_phi4,generalist,2,2,reduced reliability in DC devices,reduced reliability in DC devices,matched,correct_id,False,21,20260701_081932,no
generalist_phi4_21_b3,phi4,generalist_phi4,generalist,3,3,lack of use-cases in which DC is advantageous,lack of use-cases in which DC is advantageous,matched,correct_id,False,21,20260701_081932,no
generalist_phi4_21_b4,phi4,generalist_phi4,generalist,4,4,"uncertain utility interaction (net metering, utility ownership, and agreed standards)","uncertain utility interaction (net metering, utility ownership, and agreed standards)",matched,correct_id,False,21,20260701_081932,no
generalist_phi4_21_b5,phi4,generalist_phi4,generalist,5,5,lack of pilot projects,lack of pilot projects,matched,correct_id,False,21,20260701_081932,no
normative_phi4_21_b1,phi4,normative_phi4,normative,1,1,"power losses, quality and safety issues","power losses, quality and safety issues",matched,correct_id,False,21,20260701_081932,no
normative_phi4_21_b2,phi4,normative_phi4,normative,2,2,reduced reliability in DC devices,reduced reliability in DC devices,matched,correct_id,False,21,20260701_081932,no
normative_phi4_21_b3,phi4,normative_phi4,normative,3,3,lack of use-cases in which DC is advantageous,lack of use-cases in which DC is advantageous,matched,correct_id,False,21,20260701_081932,no
normative_phi4_21_b4,phi4,normative_phi4,normative,4,4,"uncertain utility interaction (net metering, utility ownership, and agreed standards)","uncertain utility interaction (net metering, utility ownership, and agreed standards)",matched,correct_id,False,21,20260701_081932,no
normative_phi4_21_b5,phi4,normative_phi4,normative,5,5,lack of pilot projects,lack of pilot projects,matched,correct_id,False,21,20260701_081932,no
subject-matter_phi4_21_b1,phi4,subject-matter_phi4,subject-matter,1,1,"power losses, quality and safety issues","power losses, quality and safety issues",matched,correct_id,False,21,20260701_081932,no
subject-matter_phi4_21_b3,phi4,subject-matter_phi4,subject-matter,3,3,lack of use-cases in which DC is advantageous,lack of use-cases in which DC is advantageous,matched,correct_id,False,21,20260701_081932,no
subject-matter_phi4_21_b4,phi4,subject-matter_phi4,subject-matter,4,4,"uncertain utility interaction (net metering, utility ownership, and agreed standards)","uncertain utility interaction (net metering, utility ownership, and agreed standards)",matched,correct_id,False,21,20260701_081932,no
subject-matter_phi4_21_b5,phi4,subject-matter_phi4,subject-matter,5,5,lack of pilot projects,lack of pilot projects,matched,correct_id,False,21,20260701_081932,no
subject-matter_phi4_21_b10,phi4,subject-matter_phi4,subject-matter,10,10,uncertain regulatory roadmap,uncertain regulatory roadmap,matched,correct_id,False,21,20260701_081932,no
generalist_llama_22_b5,llama,generalist_llama,generalist,5,5,lack of pilot projects,Lack of pilot projects,matched,correct_id,False,22,20260701_082134,no
generalist_llama_22_b7,llama,generalist_llama,generalist,7,7,incompatibility of DC systems components,Incompatibility of DC systems components,matched,correct_id,False,22,20260701_082134,no
generalist_llama_22_b8,llama,generalist_llama,generalist,8,8,misconception and lack of knowledge leads to lengthy/expensive design and permit process,Misconception and lack of knowledge leads to lengthy/expensive design and permit process,matched,correct_id,False,22,20260701_082134,no
generalist_llama_22_b9,llama,generalist_llama,generalist,9,9,lack of enough trained personnel in DC systems,Lack of enough trained personnel in DC systems,matched,correct_id,False,22,20260701_082134,no
generalist_llama_22_b10,llama,generalist_llama,generalist,10,10,uncertain regulatory roadmap,Uncertain regulatory roadmap,matched,correct_id,False,22,20260701_082134,no
normative_llama_22_b1,llama,normative_llama,normative,1,1,"power losses, quality and safety issues","Power losses, quality, and safety issues",matched,correct_id,False,22,20260701_082134,no
normative_llama_22_b2,llama,normative_llama,normative,2,2,reduced reliability in DC devices,Reduced reliability in DC devices,matched,correct_id,False,22,20260701_082134,no
normative_llama_22_b3,llama,normative_llama,normative,3,3,lack of use-cases in which DC is advantageous,Lack of use-cases in which DC is advantageous,matched,correct_id,False,22,20260701_082134,no
normative_llama_22_b4,llama,normative_llama,normative,4,4,"uncertain utility interaction (net metering, utility ownership, and agreed standards)","Uncertain utility interaction (net metering, utility ownership, and agreed standards)",matched,correct_id,False,22,20260701_082134,no
normative_llama_22_b5,llama,normative_llama,normative,5,5,lack of pilot projects,Lack of pilot projects,matched,correct_id,False,22,20260701_082134,no
subject-matter_llama_22_b1,llama,subject-matter_llama,subject-matter,1,1,"power losses, quality and safety issues","Power losses, quality, and safety issues",matched,correct_id,False,22,20260701_082134,no
subject-matter_llama_22_b2,llama,subject-matter_llama,subject-matter,2,2,reduced reliability in DC devices,Reduced reliability in DC devices,matched,correct_id,False,22,20260701_082134,no
subject-matter_llama_22_b3,llama,subject-matter_llama,subject-matter,3,3,lack of use-cases in which DC is advantageous,Lack of use-cases in which DC is advantageous,matched,correct_id,False,22,20260701_082134,no
subject-matter_llama_22_b4,llama,subject-matter_llama,subject-matter,4,4,"uncertain utility interaction (net metering, utility ownership, and agreed standards)","Uncertain utility interaction (net metering, utility ownership, and agreed standards)",matched,correct_id,False,22,20260701_082134,no
subject-matter_llama_22_b5,llama,subject-matter_llama,subject-matter,5,5,lack of pilot projects,Lack of pilot projects,matched,correct_id,False,22,20260701_082134,no
generalist_mistral_22_b1,mistral,generalist_mistral,generalist,1,1,"power losses, quality and safety issues","Power losses, quality, and safety issues",matched,correct_id,False,22,20260701_082134,no
generalist_mistral_22_b2,mistral,generalist_mistral,generalist,2,2,reduced reliability in DC devices,Reduced reliability in DC devices,matched,correct_id,False,22,20260701_082134,no
generalist_mistral_22_b3,mistral,generalist_mistral,generalist,3,3,lack of use-cases in which DC is advantageous,Lack of use-cases in which DC is advantageous,matched,correct_id,False,22,20260701_082134,no
generalist_mistral_22_b4,mistral,generalist_mistral,generalist,4,4,"uncertain utility interaction (net metering, utility ownership, and agreed standards)","Uncertain utility interaction (net metering, utility ownership, and agreed standards)",matched,correct_id,False,22,20260701_082134,no
generalist_mistral_22_b5,mistral,generalist_mistral,generalist,5,5,lack of pilot projects,Lack of pilot projects,matched,correct_id,False,22,20260701_082134,no
normative_mistral_22_b1,mistral,normative_mistral,normative,1,1,"power losses, quality and safety issues","power losses, quality and safety issues",matched,correct_id,False,22,20260701_082134,no
normative_mistral_22_b2,mistral,normative_mistral,normative,2,2,reduced reliability in DC devices,reduced reliability in DC devices,matched,correct_id,False,22,20260701_082134,no
normative_mistral_22_b4,mistral,normative_mistral,normative,4,3,"uncertain utility interaction (net metering, utility ownership, and agreed standards)","uncertain utility interaction (net metering, utility ownership, and agreed standards)",matched,corrected_from_label,False,22,20260701_082134,no
normative_mistral_22_b5,mistral,normative_mistral,normative,5,4,lack of pilot projects,lack of pilot projects,matched,corrected_from_label,False,22,20260701_082134,no
normative_mistral_22_b11,mistral,normative_mistral,normative,11,5,high costs of DC solutions,high costs of DC solutions,matched,corrected_from_label,False,22,20260701_082134,no
subject-matter_mistral_22_b1,mistral,subject-matter_mistral,subject-matter,1,1,"power losses, quality and safety issues","Power losses, quality, and safety issues",matched,correct_id,False,22,20260701_082134,no
subject-matter_mistral_22_b2,mistral,subject-matter_mistral,subject-matter,2,2,reduced reliability in DC devices,Reduced reliability in DC devices,matched,correct_id,False,22,20260701_082134,no
subject-matter_mistral_22_b3,mistral,subject-matter_mistral,subject-matter,3,3,lack of use-cases in which DC is advantageous,Lack of use-cases in which DC is advantageous,matched,correct_id,False,22,20260701_082134,no
subject-matter_mistral_22_b4,mistral,subject-matter_mistral,subject-matter,4,4,"uncertain utility interaction (net metering, utility ownership, and agreed standards)","Uncertain utility interaction (net metering, utility ownership, and agreed standards)",matched,correct_id,False,22,20260701_082134,no
subject-matter_mistral_22_b5,mistral,subject-matter_mistral,subject-matter,5,5,lack of pilot projects,Lack of pilot projects,matched,correct_id,False,22,20260701_082134,no
generalist_gemma3_22_b1,gemma3,generalist_gemma3,generalist,1,1,"power losses, quality and safety issues","power losses, quality and safety issues",matched,correct_id,False,22,20260701_082134,no
generalist_gemma3_22_b3,gemma3,generalist_gemma3,generalist,3,2,lack of use-cases in which DC is advantageous,lack of use-cases in which DC is advantageous,matched,corrected_from_label,False,22,20260701_082134,no
generalist_gemma3_22_b4,gemma3,generalist_gemma3,generalist,4,3,"uncertain utility interaction (net metering, utility ownership, and agreed standards)","uncertain utility interaction (net metering, utility ownership, and agreed standards)",matched,corrected_from_label,False,22,20260701_082134,no
generalist_gemma3_22_b8,gemma3,generalist_gemma3,generalist,8,4,misconception and lack of knowledge leads to lengthy/expensive design and permit process,misconception and lack of knowledge leads to lengthy/expensive design and permit process,matched,corrected_from_label,False,22,20260701_082134,no
generalist_gemma3_22_b10,gemma3,generalist_gemma3,generalist,10,5,uncertain regulatory roadmap,uncertain regulatory roadmap,matched,corrected_from_label,False,22,20260701_082134,no
normative_gemma3_22_b1,gemma3,normative_gemma3,normative,1,1,"power losses, quality and safety issues","power losses, quality and safety issues",matched,correct_id,False,22,20260701_082134,no
normative_gemma3_22_b4,gemma3,normative_gemma3,normative,4,2,"uncertain utility interaction (net metering, utility ownership, and agreed standards)","uncertain utility interaction (net metering, utility ownership, and agreed standards)",matched,corrected_from_label,False,22,20260701_082134,no
normative_gemma3_22_b5,gemma3,normative_gemma3,normative,5,3,lack of pilot projects,lack of pilot projects,matched,corrected_from_label,False,22,20260701_082134,no
normative_gemma3_22_b8,gemma3,normative_gemma3,normative,8,4,misconception and lack of knowledge leads to lengthy/expensive design and permit process,misconception and lack of knowledge leads to lengthy/expensive design and permit process,matched,corrected_from_label,False,22,20260701_082134,no
normative_gemma3_22_b10,gemma3,normative_gemma3,normative,10,5,uncertain regulatory roadmap,uncertain regulatory roadmap,matched,corrected_from_label,False,22,20260701_082134,no
subject-matter_gemma3_22_b1,gemma3,subject-matter_gemma3,subject-matter,1,1,"power losses, quality and safety issues","power losses, quality and safety issues",matched,correct_id,False,22,20260701_082134,no
subject-matter_gemma3_22_b3,gemma3,subject-matter_gemma3,subject-matter,3,2,lack of use-cases in which DC is advantageous,lack of use-cases in which DC is advantageous,matched,corrected_from_label,False,22,20260701_082134,no
subject-matter_gemma3_22_b4,gemma3,subject-matter_gemma3,subject-matter,4,3,"uncertain utility interaction (net metering, utility ownership, and agreed standards)","uncertain utility interaction (net metering, utility ownership, and agreed standards)",matched,corrected_from_label,False,22,20260701_082134,no
subject-matter_gemma3_22_b8,gemma3,subject-matter_gemma3,subject-matter,8,4,misconception and lack of knowledge leads to lengthy/expensive design and permit process,misconception and lack of knowledge leads to lengthy/expensive design and permit process,matched,corrected_from_label,False,22,20260701_082134,no
subject-matter_gemma3_22_b10,gemma3,subject-matter_gemma3,subject-matter,10,5,uncertain regulatory roadmap,uncertain regulatory roadmap,matched,corrected_from_label,False,22,20260701_082134,no
generalist_phi4_22_b1,phi4,generalist_phi4,generalist,1,1,"power losses, quality and safety issues","power losses, quality and safety issues",matched,correct_id,False,22,20260701_082134,no
generalist_phi4_22_b2,phi4,generalist_phi4,generalist,2,2,reduced reliability in DC devices,reduced reliability in DC devices,matched,correct_id,False,22,20260701_082134,no
generalist_phi4_22_b4,phi4,generalist_phi4,generalist,4,3,"uncertain utility interaction (net metering, utility ownership, and agreed standards)","uncertain utility interaction (net metering, utility ownership, and agreed standards)",matched,corrected_from_label,False,22,20260701_082134,no
generalist_phi4_22_b5,phi4,generalist_phi4,generalist,5,4,lack of pilot projects,lack of pilot projects,matched,corrected_from_label,False,22,20260701_082134,no
generalist_phi4_22_b11,phi4,generalist_phi4,generalist,11,5,high costs of DC solutions,high costs of DC solutions,matched,corrected_from_label,False,22,20260701_082134,no
normative_phi4_22_b1,phi4,normative_phi4,normative,1,1,"power losses, quality and safety issues","power losses, quality and safety issues",matched,correct_id,False,22,20260701_082134,no
normative_phi4_22_b3,phi4,normative_phi4,normative,3,3,lack of use-cases in which DC is advantageous,lack of use-cases in which DC is advantageous,matched,correct_id,False,22,20260701_082134,no
normative_phi4_22_b4,phi4,normative_phi4,normative,4,4,"uncertain utility interaction (net metering, utility ownership, and agreed standards)","uncertain utility interaction (net metering, utility ownership, and agreed standards)",matched,correct_id,False,22,20260701_082134,no
normative_phi4_22_b5,phi4,normative_phi4,normative,5,5,lack of pilot projects,lack of pilot projects,matched,correct_id,False,22,20260701_082134,no
normative_phi4_22_b10,phi4,normative_phi4,normative,10,10,uncertain regulatory roadmap,uncertain regulatory roadmap,matched,correct_id,False,22,20260701_082134,no
subject-matter_phi4_22_b1,phi4,subject-matter_phi4,subject-matter,1,1,"power losses, quality and safety issues","power losses, quality and safety issues",matched,correct_id,False,22,20260701_082134,no
subject-matter_phi4_22_b2,phi4,subject-matter_phi4,subject-matter,2,2,reduced reliability in DC devices,reduced reliability in DC devices,matched,correct_id,False,22,20260701_082134,no
subject-matter_phi4_22_b4,phi4,subject-matter_phi4,subject-matter,4,4,"uncertain utility interaction (net metering, utility ownership, and agreed standards)","uncertain utility interaction (net metering, utility ownership, and agreed standards)",matched,correct_id,False,22,20260701_082134,no
subject-matter_phi4_22_b5,phi4,subject-matter_phi4,subject-matter,5,5,lack of pilot projects,lack of pilot projects,matched,correct_id,False,22,20260701_082134,no
subject-matter_phi4_22_b9,phi4,subject-matter_phi4,subject-matter,9,9,lack of enough trained personnel in DC systems,lack of enough trained personnel in DC systems,matched,correct_id,False,22,20260701_082134,no
generalist_llama_23_b1,llama,generalist_llama,generalist,1,1,"power losses, quality and safety issues","Power losses, quality, and safety issues",matched,correct_id,False,23,20260701_234929,no
generalist_llama_23_b2,llama,generalist_llama,generalist,2,2,reduced reliability in DC devices,Reduced reliability in DC devices,matched,correct_id,False,23,20260701_234929,no
generalist_llama_23_b3,llama,generalist_llama,generalist,3,3,lack of use-cases in which DC is advantageous,Lack of use-cases in which DC is advantageous,matched,correct_id,False,23,20260701_234929,no
generalist_llama_23_b4,llama,generalist_llama,generalist,4,4,"uncertain utility interaction (net metering, utility ownership, and agreed standards)","Uncertain utility interaction (net metering, utility ownership, and agreed standards)",matched,correct_id,False,23,20260701_234929,no
generalist_llama_23_b5,llama,generalist_llama,generalist,5,5,lack of pilot projects,Lack of pilot projects,matched,correct_id,False,23,20260701_234929,no
normative_llama_23_b5,llama,normative_llama,normative,5,5,lack of pilot projects,lack of pilot projects,matched,correct_id,False,23,20260701_234929,no
normative_llama_23_b6,llama,normative_llama,normative,6,6,public perception of DC and readiness to 'champion' installations from DC projects,public perception of DC and readiness to 'champion' installations from DC projects,matched,correct_id,False,23,20260701_234929,no
normative_llama_23_b7,llama,normative_llama,normative,7,7,incompatibility of DC systems components,incompatibility of DC systems components,matched,correct_id,False,23,20260701_234929,no
normative_llama_23_b8,llama,normative_llama,normative,8,8,misconception and lack of knowledge leads to lengthy/expensive design and permit process,misconception and lack of knowledge leads to lengthy/expensive design and permit process,matched,correct_id,False,23,20260701_234929,no
normative_llama_23_b9,llama,normative_llama,normative,9,9,lack of enough trained personnel in DC systems,lack of enough trained personnel in DC systems,matched,correct_id,False,23,20260701_234929,no
subject-matter_llama_23_b1,llama,subject-matter_llama,subject-matter,1,5,"power losses, quality and safety issues","power losses, quality and safety issues",matched,corrected_from_label,False,23,20260701_234929,no
subject-matter_llama_23_b6,llama,subject-matter_llama,subject-matter,6,6,public perception of DC and readiness to 'champion' installations from DC projects,public perception of DC and readiness to 'champion' installations from DC projects,matched,correct_id,False,23,20260701_234929,no
subject-matter_llama_23_b7,llama,subject-matter_llama,subject-matter,7,7,incompatibility of DC systems components,incompatibility of DC systems components,matched,correct_id,False,23,20260701_234929,no
subject-matter_llama_23_b8,llama,subject-matter_llama,subject-matter,8,8,misconception and lack of knowledge leads to lengthy/expensive design and permit process,misconception and lack of knowledge leads to lengthy/expensive design and permit process,matched,correct_id,False,23,20260701_234929,no
subject-matter_llama_23_b9,llama,subject-matter_llama,subject-matter,9,9,lack of enough trained personnel in DC systems,lack of enough trained personnel in DC systems,matched,correct_id,False,23,20260701_234929,no
generalist_mistral_23_b1,mistral,generalist_mistral,generalist,1,1,"power losses, quality and safety issues","Power losses, quality, and safety issues",matched,correct_id,False,23,20260701_234929,no
generalist_mistral_23_b2,mistral,generalist_mistral,generalist,2,2,reduced reliability in DC devices,Reduced reliability in DC devices,matched,correct_id,False,23,20260701_234929,no
generalist_mistral_23_b3,mistral,generalist_mistral,generalist,3,3,lack of use-cases in which DC is advantageous,Lack of use-cases in which DC is advantageous,matched,correct_id,False,23,20260701_234929,no
generalist_mistral_23_b4,mistral,generalist_mistral,generalist,4,4,"uncertain utility interaction (net metering, utility ownership, and agreed standards)","Uncertain utility interaction (net metering, utility ownership, and agreed standards)",matched,correct_id,False,23,20260701_234929,no
generalist_mistral_23_b5,mistral,generalist_mistral,generalist,5,5,lack of pilot projects,Lack of pilot projects,matched,correct_id,False,23,20260701_234929,no
normative_mistral_23_b1,mistral,normative_mistral,normative,1,1,"power losses, quality and safety issues","power losses, quality, and safety issues",matched,correct_id,False,23,20260701_234929,no
normative_mistral_23_b2,mistral,normative_mistral,normative,2,2,reduced reliability in DC devices,reduced reliability in DC devices,matched,correct_id,False,23,20260701_234929,no
normative_mistral_23_b3,mistral,normative_mistral,normative,3,3,lack of use-cases in which DC is advantageous,lack of use-cases in which DC is advantageous,matched,correct_id,False,23,20260701_234929,no
normative_mistral_23_b4,mistral,normative_mistral,normative,4,4,"uncertain utility interaction (net metering, utility ownership, and agreed standards)","uncertain utility interaction (net metering, utility ownership, and agreed standards)",matched,correct_id,False,23,20260701_234929,no
normative_mistral_23_b5,mistral,normative_mistral,normative,5,5,lack of pilot projects,lack of pilot projects,matched,correct_id,False,23,20260701_234929,no
subject-matter_mistral_23_b1,mistral,subject-matter_mistral,subject-matter,1,1,"power losses, quality and safety issues","power losses, quality and safety issues",matched,correct_id,False,23,20260701_234929,no
subject-matter_mistral_23_b2,mistral,subject-matter_mistral,subject-matter,2,2,reduced reliability in DC devices,reduced reliability in DC devices,matched,correct_id,False,23,20260701_234929,no
subject-matter_mistral_23_b4,mistral,subject-matter_mistral,subject-matter,4,3,"uncertain utility interaction (net metering, utility ownership, and agreed standards)","uncertain utility interaction (net metering, utility ownership, and agreed standards)",matched,corrected_from_label,False,23,20260701_234929,no
subject-matter_mistral_23_b5,mistral,subject-matter_mistral,subject-matter,5,4,lack of pilot projects,lack of pilot projects,matched,corrected_from_label,False,23,20260701_234929,no
subject-matter_mistral_23_b7,mistral,subject-matter_mistral,subject-matter,7,5,incompatibility of DC systems components,incompatibility of DC systems components,matched,corrected_from_label,False,23,20260701_234929,no
generalist_gemma3_23_b1,gemma3,generalist_gemma3,generalist,1,1,"power losses, quality and safety issues","power losses, quality and safety issues",matched,correct_id,False,23,20260701_234929,no
generalist_gemma3_23_b3,gemma3,generalist_gemma3,generalist,3,3,lack of use-cases in which DC is advantageous,lack of use-cases in which DC is advantageous,matched,correct_id,False,23,20260701_234929,no
generalist_gemma3_23_b4,gemma3,generalist_gemma3,generalist,4,4,"uncertain utility interaction (net metering, utility ownership, and agreed standards)","uncertain utility interaction (net metering, utility ownership, and agreed standards)",matched,correct_id,False,23,20260701_234929,no
generalist_gemma3_23_b8,gemma3,generalist_gemma3,generalist,8,8,misconception and lack of knowledge leads to lengthy/expensive design and permit process,misconception and lack of knowledge leads to lengthy/expensive design and permit process,matched,correct_id,False,23,20260701_234929,no
generalist_gemma3_23_b11,gemma3,generalist_gemma3,generalist,11,11,high costs of DC solutions,high costs of DC solutions,matched,correct_id,False,23,20260701_234929,no
normative_gemma3_23_b1,gemma3,normative_gemma3,normative,1,1,"power losses, quality and safety issues","power losses, quality and safety issues",matched,correct_id,False,23,20260701_234929,no
normative_gemma3_23_b5,gemma3,normative_gemma3,normative,5,2,lack of pilot projects,lack of pilot projects,matched,corrected_from_label,False,23,20260701_234929,no
normative_gemma3_23_b6,gemma3,normative_gemma3,normative,6,3,public perception of DC and readiness to 'champion' installations from DC projects,public perception of DC and readiness to 'champion' installations from DC projects,matched,corrected_from_label,False,23,20260701_234929,no
normative_gemma3_23_b8,gemma3,normative_gemma3,normative,8,4,misconception and lack of knowledge leads to lengthy/expensive design and permit process,misconception and lack of knowledge leads to lengthy/expensive design and permit process,matched,corrected_from_label,False,23,20260701_234929,no
normative_gemma3_23_b10,gemma3,normative_gemma3,normative,10,5,uncertain regulatory roadmap,uncertain regulatory roadmap,matched,corrected_from_label,False,23,20260701_234929,no
subject-matter_gemma3_23_b1,gemma3,subject-matter_gemma3,subject-matter,1,1,"power losses, quality and safety issues","power losses, quality and safety issues",matched,correct_id,False,23,20260701_234929,no
subject-matter_gemma3_23_b5,gemma3,subject-matter_gemma3,subject-matter,5,2,lack of pilot projects,lack of pilot projects,matched,corrected_from_label,False,23,20260701_234929,no
subject-matter_gemma3_23_b6,gemma3,subject-matter_gemma3,subject-matter,6,3,public perception of DC and readiness to 'champion' installations from DC projects,public perception of DC and readiness to 'champion' installations from DC projects,matched,corrected_from_label,False,23,20260701_234929,no
subject-matter_gemma3_23_b8,gemma3,subject-matter_gemma3,subject-matter,8,4,misconception and lack of knowledge leads to lengthy/expensive design and permit process,misconception and lack of knowledge leads to lengthy/expensive design and permit process,matched,corrected_from_label,False,23,20260701_234929,no
subject-matter_gemma3_23_b10,gemma3,subject-matter_gemma3,subject-matter,10,5,uncertain regulatory roadmap,uncertain regulatory roadmap,matched,corrected_from_label,False,23,20260701_234929,no
generalist_phi4_23_b1,phi4,generalist_phi4,generalist,1,1,"power losses, quality and safety issues","power losses, quality and safety issues",matched,correct_id,False,23,20260701_234929,no
generalist_phi4_23_b3,phi4,generalist_phi4,generalist,3,3,lack of use-cases in which DC is advantageous,lack of use-cases in which DC is advantageous,matched,correct_id,False,23,20260701_234929,no
generalist_phi4_23_b4,phi4,generalist_phi4,generalist,4,4,"uncertain utility interaction (net metering, utility ownership, and agreed standards)","uncertain utility interaction (net metering, utility ownership, and agreed standards)",matched,correct_id,False,23,20260701_234929,no
generalist_phi4_23_b5,phi4,generalist_phi4,generalist,5,5,lack of pilot projects,lack of pilot projects,matched,correct_id,False,23,20260701_234929,no
generalist_phi4_23_b10,phi4,generalist_phi4,generalist,10,10,uncertain regulatory roadmap,uncertain regulatory roadmap,matched,correct_id,False,23,20260701_234929,no
normative_phi4_23_b1,phi4,normative_phi4,normative,1,1,"power losses, quality and safety issues","power losses, quality and safety issues",matched,correct_id,False,23,20260701_234929,no
normative_phi4_23_b4,phi4,normative_phi4,normative,4,4,"uncertain utility interaction (net metering, utility ownership, and agreed standards)","uncertain utility interaction (net metering, utility ownership, and agreed standards)",matched,correct_id,False,23,20260701_234929,no
normative_phi4_23_b5,phi4,normative_phi4,normative,5,5,lack of pilot projects,lack of pilot projects,matched,correct_id,False,23,20260701_234929,no
normative_phi4_23_b8,phi4,normative_phi4,normative,8,8,misconception and lack of knowledge leads to lengthy/expensive design and permit process,misconception and lack of knowledge leads to lengthy/expensive design and permit process,matched,correct_id,False,23,20260701_234929,no
normative_phi4_23_b10,phi4,normative_phi4,normative,10,10,uncertain regulatory roadmap,uncertain regulatory roadmap,matched,correct_id,False,23,20260701_234929,no
subject-matter_phi4_23_b1,phi4,subject-matter_phi4,subject-matter,1,1,"power losses, quality and safety issues","power losses, quality and safety issues",matched,correct_id,False,23,20260701_234929,no
subject-matter_phi4_23_b2,phi4,subject-matter_phi4,subject-matter,2,2,reduced reliability in DC devices,reduced reliability in DC devices,matched,correct_id,False,23,20260701_234929,no
subject-matter_phi4_23_b4,phi4,subject-matter_phi4,subject-matter,4,4,"uncertain utility interaction (net metering, utility ownership, and agreed standards)","uncertain utility interaction (net metering, utility ownership, and agreed standards)",matched,correct_id,False,23,20260701_234929,no
subject-matter_phi4_23_b5,phi4,subject-matter_phi4,subject-matter,5,5,lack of pilot projects,lack of pilot projects,matched,correct_id,False,23,20260701_234929,no
subject-matter_phi4_23_b10,phi4,subject-matter_phi4,subject-matter,10,10,uncertain regulatory roadmap,uncertain regulatory roadmap,matched,correct_id,False,23,20260701_234929,no
generalist_llama_24_b1,llama,generalist_llama,generalist,1,1,"power losses, quality and safety issues","Power losses, quality, and safety issues",matched,correct_id,False,24,20260701_235129,no
generalist_llama_24_b3,llama,generalist_llama,generalist,3,2,lack of use-cases in which DC is advantageous,Lack of use-cases in which DC is advantageous,matched,corrected_from_label,False,24,20260701_235129,no
generalist_llama_24_b4,llama,generalist_llama,generalist,4,3,"uncertain utility interaction (net metering, utility ownership, and agreed standards)","Uncertain utility interaction (net metering, utility ownership, and agreed standards)",matched,corrected_from_label,False,24,20260701_235129,no
generalist_llama_24_b5,llama,generalist_llama,generalist,5,4,lack of pilot projects,Lack of pilot projects,matched,corrected_from_label,False,24,20260701_235129,no
generalist_llama_24_b6,llama,generalist_llama,generalist,6,5,public perception of DC and readiness to 'champion' installations from DC projects,Public perception of DC and readiness to 'champion' installations from DC projects,matched,corrected_from_label,False,24,20260701_235129,no
normative_llama_24_b1,llama,normative_llama,normative,1,1,"power losses, quality and safety issues","power losses, quality and safety issues",matched,correct_id,False,24,20260701_235129,no
normative_llama_24_b2,llama,normative_llama,normative,2,2,reduced reliability in DC devices,reduced reliability in DC devices,matched,correct_id,False,24,20260701_235129,no
normative_llama_24_b3,llama,normative_llama,normative,3,3,lack of use-cases in which DC is advantageous,lack of use-cases in which DC is advantageous,matched,correct_id,False,24,20260701_235129,no
normative_llama_24_b4,llama,normative_llama,normative,4,4,"uncertain utility interaction (net metering, utility ownership, and agreed standards)","uncertain utility interaction (net metering, utility ownership, and agreed standards)",matched,correct_id,False,24,20260701_235129,no
normative_llama_24_b5,llama,normative_llama,normative,5,5,lack of pilot projects,lack of pilot projects,matched,correct_id,False,24,20260701_235129,no
subject-matter_llama_24_b5,llama,subject-matter_llama,subject-matter,5,5,lack of pilot projects,Lack of pilot projects,matched,correct_id,False,24,20260701_235129,no
subject-matter_llama_24_b6,llama,subject-matter_llama,subject-matter,6,6,public perception of DC and readiness to 'champion' installations from DC projects,Public perception of DC and readiness to 'champion' installations from DC projects,matched,correct_id,False,24,20260701_235129,no
subject-matter_llama_24_b7,llama,subject-matter_llama,subject-matter,7,7,incompatibility of DC systems components,Incompatibility of DC systems components,matched,correct_id,False,24,20260701_235129,no
subject-matter_llama_24_b8,llama,subject-matter_llama,subject-matter,8,8,misconception and lack of knowledge leads to lengthy/expensive design and permit process,Misconception and lack of knowledge leads to lengthy/expensive design and permit process,matched,correct_id,False,24,20260701_235129,no
subject-matter_llama_24_b9,llama,subject-matter_llama,subject-matter,9,9,lack of enough trained personnel in DC systems,Lack of enough trained personnel in DC systems,matched,correct_id,False,24,20260701_235129,no
generalist_mistral_24_b1,mistral,generalist_mistral,generalist,1,1,"power losses, quality and safety issues","power losses, quality, and safety issues (Barrier 1)",matched_by_fuzzy_prefix,correct_id_fuzzy_prefix,False,24,20260701_235129,no
generalist_mistral_24_b2,mistral,generalist_mistral,generalist,2,2,reduced reliability in DC devices,reduced reliability in DC devices (Barrier 2),matched_by_fuzzy_prefix,correct_id_fuzzy_prefix,False,24,20260701_235129,no
generalist_mistral_24_b3,mistral,generalist_mistral,generalist,3,3,lack of use-cases in which DC is advantageous,lack of use-cases in which DC is advantageous (Barrier 3),matched_by_fuzzy_prefix,correct_id_fuzzy_prefix,False,24,20260701_235129,no
generalist_mistral_24_b4,mistral,generalist_mistral,generalist,4,4,"uncertain utility interaction (net metering, utility ownership, and agreed standards)","uncertain utility interaction (net metering, utility ownership, and agreed standards) (Barrier 4)",matched_by_fuzzy_prefix,correct_id_fuzzy_prefix,False,24,20260701_235129,no
generalist_mistral_24_b5,mistral,generalist_mistral,generalist,5,5,lack of pilot projects,lack of pilot projects (Barrier 9),matched_by_fuzzy_prefix,correct_id_fuzzy_prefix,False,24,20260701_235129,no
normative_mistral_24_b1,mistral,normative_mistral,normative,1,1,"power losses, quality and safety issues","power losses, quality and safety issues",matched,correct_id,False,24,20260701_235129,no
normative_mistral_24_b2,mistral,normative_mistral,normative,2,2,reduced reliability in DC devices,reduced reliability in DC devices,matched,correct_id,False,24,20260701_235129,no
normative_mistral_24_b3,mistral,normative_mistral,normative,3,3,lack of use-cases in which DC is advantageous,lack of use-cases in which DC is advantageous,matched,correct_id,False,24,20260701_235129,no
normative_mistral_24_b4,mistral,normative_mistral,normative,4,4,"uncertain utility interaction (net metering, utility ownership, and agreed standards)","uncertain utility interaction (net metering, utility ownership, and agreed standards)",matched,correct_id,False,24,20260701_235129,no
normative_mistral_24_b11,mistral,normative_mistral,normative,11,5,high costs of DC solutions,high costs of DC solutions,matched,corrected_from_label,False,24,20260701_235129,no
subject-matter_mistral_24_b1,mistral,subject-matter_mistral,subject-matter,1,1,"power losses, quality and safety issues","power losses, quality and safety issues",matched,correct_id,False,24,20260701_235129,no
subject-matter_mistral_24_b2,mistral,subject-matter_mistral,subject-matter,2,2,reduced reliability in DC devices,reduced reliability in DC devices,matched,correct_id,False,24,20260701_235129,no
subject-matter_mistral_24_b3,mistral,subject-matter_mistral,subject-matter,3,3,lack of use-cases in which DC is advantageous,lack of use-cases in which DC is advantageous,matched,correct_id,False,24,20260701_235129,no
subject-matter_mistral_24_b4,mistral,subject-matter_mistral,subject-matter,4,4,"uncertain utility interaction (net metering, utility ownership, and agreed standards)","uncertain utility interaction (net metering, utility ownership, and agreed standards)",matched,correct_id,False,24,20260701_235129,no
subject-matter_mistral_24_b11,mistral,subject-matter_mistral,subject-matter,11,5,high costs of DC solutions,high costs of DC solutions,matched,corrected_from_label,False,24,20260701_235129,no
generalist_gemma3_24_b1,gemma3,generalist_gemma3,generalist,1,1,"power losses, quality and safety issues","power losses, quality and safety issues",matched,correct_id,False,24,20260701_235129,no
generalist_gemma3_24_b3,gemma3,generalist_gemma3,generalist,3,2,lack of use-cases in which DC is advantageous,lack of use-cases in which DC is advantageous,matched,corrected_from_label,False,24,20260701_235129,no
generalist_gemma3_24_b4,gemma3,generalist_gemma3,generalist,4,3,"uncertain utility interaction (net metering, utility ownership, and agreed standards)","uncertain utility interaction (net metering, utility ownership, and agreed standards)",matched,corrected_from_label,False,24,20260701_235129,no
generalist_gemma3_24_b8,gemma3,generalist_gemma3,generalist,8,4,misconception and lack of knowledge leads to lengthy/expensive design and permit process,misconception and lack of knowledge leads to lengthy/expensive design and permit process,matched,corrected_from_label,False,24,20260701_235129,no
generalist_gemma3_24_b11,gemma3,generalist_gemma3,generalist,11,5,high costs of DC solutions,high costs of DC solutions,matched,corrected_from_label,False,24,20260701_235129,no
normative_gemma3_24_b1,gemma3,normative_gemma3,normative,1,1,"power losses, quality and safety issues","power losses, quality and safety issues",matched,correct_id,False,24,20260701_235129,no
normative_gemma3_24_b4,gemma3,normative_gemma3,normative,4,4,"uncertain utility interaction (net metering, utility ownership, and agreed standards)","uncertain utility interaction (net metering, utility ownership, and agreed standards)",matched,correct_id,False,24,20260701_235129,no
normative_gemma3_24_b7,gemma3,normative_gemma3,normative,7,7,incompatibility of DC systems components,incompatibility of DC systems components,matched,correct_id,False,24,20260701_235129,no
normative_gemma3_24_b8,gemma3,normative_gemma3,normative,8,8,misconception and lack of knowledge leads to lengthy/expensive design and permit process,misconception and lack of knowledge leads to lengthy/expensive design and permit process,matched,correct_id,False,24,20260701_235129,no
normative_gemma3_24_b11,gemma3,normative_gemma3,normative,11,11,high costs of DC solutions,high costs of DC solutions,matched,correct_id,False,24,20260701_235129,no
subject-matter_gemma3_24_b1,gemma3,subject-matter_gemma3,subject-matter,1,1,"power losses, quality and safety issues","power losses, quality and safety issues",matched,correct_id,False,24,20260701_235129,no
subject-matter_gemma3_24_b4,gemma3,subject-matter_gemma3,subject-matter,4,2,"uncertain utility interaction (net metering, utility ownership, and agreed standards)","uncertain utility interaction (net metering, utility ownership, and agreed standards)",matched,corrected_from_label,False,24,20260701_235129,no
subject-matter_gemma3_24_b8,gemma3,subject-matter_gemma3,subject-matter,8,3,misconception and lack of knowledge leads to lengthy/expensive design and permit process,misconception and lack of knowledge leads to lengthy/expensive design and permit process,matched,corrected_from_label,False,24,20260701_235129,no
subject-matter_gemma3_24_b10,gemma3,subject-matter_gemma3,subject-matter,10,4,uncertain regulatory roadmap,uncertain regulatory roadmap,matched,corrected_from_label,False,24,20260701_235129,no
subject-matter_gemma3_24_b11,gemma3,subject-matter_gemma3,subject-matter,11,5,high costs of DC solutions,high costs of DC solutions,matched,corrected_from_label,False,24,20260701_235129,no
generalist_phi4_24_b1,phi4,generalist_phi4,generalist,1,1,"power losses, quality and safety issues","power losses, quality and safety issues",matched,correct_id,False,24,20260701_235129,no
generalist_phi4_24_b2,phi4,generalist_phi4,generalist,2,2,reduced reliability in DC devices,reduced reliability in DC devices,matched,correct_id,False,24,20260701_235129,no
generalist_phi4_24_b3,phi4,generalist_phi4,generalist,3,3,lack of use-cases in which DC is advantageous,lack of use-cases in which DC is advantageous,matched,correct_id,False,24,20260701_235129,no
generalist_phi4_24_b4,phi4,generalist_phi4,generalist,4,4,"uncertain utility interaction (net metering, utility ownership, and agreed standards)","uncertain utility interaction (net metering, utility ownership, and agreed standards)",matched,correct_id,False,24,20260701_235129,no
generalist_phi4_24_b5,phi4,generalist_phi4,generalist,5,5,lack of pilot projects,lack of pilot projects,matched,correct_id,False,24,20260701_235129,no
normative_phi4_24_b1,phi4,normative_phi4,normative,1,1,"power losses, quality and safety issues","power losses, quality and safety issues",matched,correct_id,False,24,20260701_235129,no
normative_phi4_24_b3,phi4,normative_phi4,normative,3,3,lack of use-cases in which DC is advantageous,lack of use-cases in which DC is advantageous,matched,correct_id,False,24,20260701_235129,no
normative_phi4_24_b4,phi4,normative_phi4,normative,4,4,"uncertain utility interaction (net metering, utility ownership, and agreed standards)","uncertain utility interaction (net metering, utility ownership, and agreed standards)",matched,correct_id,False,24,20260701_235129,no
normative_phi4_24_b5,phi4,normative_phi4,normative,5,5,lack of pilot projects,lack of pilot projects,matched,correct_id,False,24,20260701_235129,no
normative_phi4_24_b10,phi4,normative_phi4,normative,10,10,uncertain regulatory roadmap,uncertain regulatory roadmap,matched,correct_id,False,24,20260701_235129,no
subject-matter_phi4_24_b1,phi4,subject-matter_phi4,subject-matter,1,1,"power losses, quality and safety issues","power losses, quality and safety issues",matched,correct_id,False,24,20260701_235129,no
subject-matter_phi4_24_b4,phi4,subject-matter_phi4,subject-matter,4,2,"uncertain utility interaction (net metering, utility ownership, and agreed standards)","uncertain utility interaction (net metering, utility ownership, and agreed standards)",matched,corrected_from_label,False,24,20260701_235129,no
subject-matter_phi4_24_b5,phi4,subject-matter_phi4,subject-matter,5,3,lack of pilot projects,lack of pilot projects,matched,corrected_from_label,False,24,20260701_235129,no
subject-matter_phi4_24_b8,phi4,subject-matter_phi4,subject-matter,8,4,misconception and lack of knowledge leads to lengthy/expensive design and permit process,misconception and lack of knowledge leads to lengthy/expensive design and permit process,matched,corrected_from_label,False,24,20260701_235129,no
subject-matter_phi4_24_b11,phi4,subject-matter_phi4,subject-matter,11,5,high costs of DC solutions,high costs of DC solutions,matched,corrected_from_label,False,24,20260701_235129,no
generalist_llama_25_b1,llama,generalist_llama,generalist,1,1,"power losses, quality and safety issues","Power losses, quality, and safety issues",matched,correct_id,False,25,20260701_235329,no
generalist_llama_25_b2,llama,generalist_llama,generalist,2,2,reduced reliability in DC devices,Reduced reliability in DC devices,matched,correct_id,False,25,20260701_235329,no
generalist_llama_25_b3,llama,generalist_llama,generalist,3,3,lack of use-cases in which DC is advantageous,Lack of use-cases where DC is advantageous,matched_by_fuzzy_prefix,correct_id_fuzzy_prefix,False,25,20260701_235329,no
generalist_llama_25_b4,llama,generalist_llama,generalist,4,4,"uncertain utility interaction (net metering, utility ownership, and agreed standards)","Uncertain utility interaction (net metering, utility ownership, and agreed standards)",matched,correct_id,False,25,20260701_235329,no
generalist_llama_25_b5,llama,generalist_llama,generalist,5,5,lack of pilot projects,Lack of pilot projects,matched,correct_id,False,25,20260701_235329,no
normative_llama_25_b1,llama,normative_llama,normative,1,1,"power losses, quality and safety issues","power losses, quality and safety issues",matched,correct_id,False,25,20260701_235329,no
normative_llama_25_b2,llama,normative_llama,normative,2,2,reduced reliability in DC devices,reduced reliability in DC devices,matched,correct_id,False,25,20260701_235329,no
normative_llama_25_b3,llama,normative_llama,normative,3,3,lack of use-cases in which DC is advantageous,lack of use-cases in which DC is advantageous,matched,correct_id,False,25,20260701_235329,no
normative_llama_25_b4,llama,normative_llama,normative,4,4,"uncertain utility interaction (net metering, utility ownership, and agreed standards)","uncertain utility interaction (net metering, utility ownership, and agreed standards)",matched,correct_id,False,25,20260701_235329,no
normative_llama_25_b5,llama,normative_llama,normative,5,5,lack of pilot projects,lack of pilot projects,matched,correct_id,False,25,20260701_235329,no
subject-matter_llama_25_b1,llama,subject-matter_llama,subject-matter,1,1,"power losses, quality and safety issues","power losses, quality and safety issues",matched,correct_id,False,25,20260701_235329,no
subject-matter_llama_25_b2,llama,subject-matter_llama,subject-matter,2,2,reduced reliability in DC devices,reduced reliability in DC devices,matched,correct_id,False,25,20260701_235329,no
subject-matter_llama_25_b4,llama,subject-matter_llama,subject-matter,4,3,"uncertain utility interaction (net metering, utility ownership, and agreed standards)","uncertain utility interaction (net metering, utility ownership, and agreed standards)",matched,corrected_from_label,False,25,20260701_235329,no
subject-matter_llama_25_b3,llama,subject-matter_llama,subject-matter,3,4,lack of use-cases in which DC is advantageous,lack of use-cases in which DC is advantageous,matched,corrected_from_label,False,25,20260701_235329,no
subject-matter_llama_25_b7,llama,subject-matter_llama,subject-matter,7,5,incompatibility of DC systems components,incompatibility of DC systems components,matched,corrected_from_label,False,25,20260701_235329,no
generalist_mistral_25_b1,mistral,generalist_mistral,generalist,1,1,"power losses, quality and safety issues","Power losses, quality, and safety issues (Barrier 1)",matched_by_fuzzy_prefix,correct_id_fuzzy_prefix,False,25,20260701_235329,no
generalist_mistral_25_b2,mistral,generalist_mistral,generalist,2,2,reduced reliability in DC devices,Reduced reliability in DC devices (Barrier 2),matched_by_fuzzy_prefix,correct_id_fuzzy_prefix,False,25,20260701_235329,no
generalist_mistral_25_b3,mistral,generalist_mistral,generalist,3,3,lack of use-cases in which DC is advantageous,Lack of use-cases in which DC is advantageous (Barrier 3),matched_by_fuzzy_prefix,correct_id_fuzzy_prefix,False,25,20260701_235329,no
generalist_mistral_25_b4,mistral,generalist_mistral,generalist,4,4,"uncertain utility interaction (net metering, utility ownership, and agreed standards)","Uncertain utility interaction (net metering, utility ownership, and agreed standards) (Barrier 4)",matched_by_fuzzy_prefix,correct_id_fuzzy_prefix,False,25,20260701_235329,no
generalist_mistral_25_b5,mistral,generalist_mistral,generalist,5,5,lack of pilot projects,Lack of pilot projects (Barrier 5),matched_by_fuzzy_prefix,correct_id_fuzzy_prefix,False,25,20260701_235329,no
normative_mistral_25_b1,mistral,normative_mistral,normative,1,1,"power losses, quality and safety issues","power losses, quality and safety issues",matched,correct_id,False,25,20260701_235329,no
normative_mistral_25_b2,mistral,normative_mistral,normative,2,2,reduced reliability in DC devices,reduced reliability in DC devices,matched,correct_id,False,25,20260701_235329,no
normative_mistral_25_b3,mistral,normative_mistral,normative,3,3,lack of use-cases in which DC is advantageous,lack of use-cases in which DC is advantageous,matched,correct_id,False,25,20260701_235329,no
normative_mistral_25_b4,mistral,normative_mistral,normative,4,4,"uncertain utility interaction (net metering, utility ownership, and agreed standards)","uncertain utility interaction (net metering, utility ownership, and agreed standards)",matched,correct_id,False,25,20260701_235329,no
normative_mistral_25_b5,mistral,normative_mistral,normative,5,5,lack of pilot projects,lack of pilot projects,matched,correct_id,False,25,20260701_235329,no
subject-matter_mistral_25_b1,mistral,subject-matter_mistral,subject-matter,1,1,"power losses, quality and safety issues","power losses, quality and safety issues",matched,correct_id,False,25,20260701_235329,no
subject-matter_mistral_25_b2,mistral,subject-matter_mistral,subject-matter,2,2,reduced reliability in DC devices,reduced reliability in DC devices,matched,correct_id,False,25,20260701_235329,no
subject-matter_mistral_25_b4,mistral,subject-matter_mistral,subject-matter,4,3,"uncertain utility interaction (net metering, utility ownership, and agreed standards)","uncertain utility interaction (net metering, utility ownership, and agreed standards)",matched,corrected_from_label,False,25,20260701_235329,no
subject-matter_mistral_25_b5,mistral,subject-matter_mistral,subject-matter,5,4,lack of pilot projects,lack of pilot projects,matched,corrected_from_label,False,25,20260701_235329,no
subject-matter_mistral_25_b9,mistral,subject-matter_mistral,subject-matter,9,5,lack of enough trained personnel in DC systems,lack of enough trained personnel in DC systems,matched,corrected_from_label,False,25,20260701_235329,no
generalist_gemma3_25_b1,gemma3,generalist_gemma3,generalist,1,1,"power losses, quality and safety issues","power losses, quality and safety issues",matched,correct_id,False,25,20260701_235329,no
generalist_gemma3_25_b3,gemma3,generalist_gemma3,generalist,3,3,lack of use-cases in which DC is advantageous,lack of use-cases in which DC is advantageous,matched,correct_id,False,25,20260701_235329,no
generalist_gemma3_25_b4,gemma3,generalist_gemma3,generalist,4,4,"uncertain utility interaction (net metering, utility ownership, and agreed standards)","uncertain utility interaction (net metering, utility ownership, and agreed standards)",matched,correct_id,False,25,20260701_235329,no
generalist_gemma3_25_b8,gemma3,generalist_gemma3,generalist,8,8,misconception and lack of knowledge leads to lengthy/expensive design and permit process,misconception and lack of knowledge leads to lengthy/expensive design and permit process,matched,correct_id,False,25,20260701_235329,no
generalist_gemma3_25_b11,gemma3,generalist_gemma3,generalist,11,11,high costs of DC solutions,high costs of DC solutions,matched,correct_id,False,25,20260701_235329,no
normative_gemma3_25_b1,gemma3,normative_gemma3,normative,1,1,"power losses, quality and safety issues","power losses, quality and safety issues",matched,correct_id,False,25,20260701_235329,no
normative_gemma3_25_b4,gemma3,normative_gemma3,normative,4,4,"uncertain utility interaction (net metering, utility ownership, and agreed standards)","uncertain utility interaction (net metering, utility ownership, and agreed standards)",matched,correct_id,False,25,20260701_235329,no
normative_gemma3_25_b7,gemma3,normative_gemma3,normative,7,7,incompatibility of DC systems components,incompatibility of DC systems components,matched,correct_id,False,25,20260701_235329,no
normative_gemma3_25_b8,gemma3,normative_gemma3,normative,8,8,misconception and lack of knowledge leads to lengthy/expensive design and permit process,misconception and lack of knowledge leads to lengthy/expensive design and permit process,matched,correct_id,False,25,20260701_235329,no
normative_gemma3_25_b11,gemma3,normative_gemma3,normative,11,11,high costs of DC solutions,high costs of DC solutions,matched,correct_id,False,25,20260701_235329,no
subject-matter_gemma3_25_b1,gemma3,subject-matter_gemma3,subject-matter,1,1,"power losses, quality and safety issues","power losses, quality and safety issues",matched,correct_id,False,25,20260701_235329,no
subject-matter_gemma3_25_b5,gemma3,subject-matter_gemma3,subject-matter,5,2,lack of pilot projects,lack of pilot projects,matched,corrected_from_label,False,25,20260701_235329,no
subject-matter_gemma3_25_b4,gemma3,subject-matter_gemma3,subject-matter,4,3,"uncertain utility interaction (net metering, utility ownership, and agreed standards)","uncertain utility interaction (net metering, utility ownership, and agreed standards)",matched,corrected_from_label,False,25,20260701_235329,no
subject-matter_gemma3_25_b8,gemma3,subject-matter_gemma3,subject-matter,8,4,misconception and lack of knowledge leads to lengthy/expensive design and permit process,misconception and lack of knowledge leads to lengthy/expensive design and permit process,matched,corrected_from_label,False,25,20260701_235329,no
subject-matter_gemma3_25_b10,gemma3,subject-matter_gemma3,subject-matter,10,5,uncertain regulatory roadmap,uncertain regulatory roadmap,matched,corrected_from_label,False,25,20260701_235329,no
generalist_phi4_25_b1,phi4,generalist_phi4,generalist,1,1,"power losses, quality and safety issues","power losses, quality and safety issues",matched,correct_id,False,25,20260701_235329,no
generalist_phi4_25_b3,phi4,generalist_phi4,generalist,3,3,lack of use-cases in which DC is advantageous,lack of use-cases in which DC is advantageous,matched,correct_id,False,25,20260701_235329,no
generalist_phi4_25_b4,phi4,generalist_phi4,generalist,4,4,"uncertain utility interaction (net metering, utility ownership, and agreed standards)","uncertain utility interaction (net metering, utility ownership, and agreed standards)",matched,correct_id,False,25,20260701_235329,no
generalist_phi4_25_b5,phi4,generalist_phi4,generalist,5,5,lack of pilot projects,lack of pilot projects,matched,correct_id,False,25,20260701_235329,no
generalist_phi4_25_b10,phi4,generalist_phi4,generalist,10,10,uncertain regulatory roadmap,uncertain regulatory roadmap,matched,correct_id,False,25,20260701_235329,no
normative_phi4_25_b1,phi4,normative_phi4,normative,1,1,"power losses, quality and safety issues","power losses, quality and safety issues",matched,correct_id,False,25,20260701_235329,no
normative_phi4_25_b3,phi4,normative_phi4,normative,3,3,lack of use-cases in which DC is advantageous,lack of use-cases in which DC is advantageous,matched,correct_id,False,25,20260701_235329,no
normative_phi4_25_b4,phi4,normative_phi4,normative,4,4,"uncertain utility interaction (net metering, utility ownership, and agreed standards)","uncertain utility interaction (net metering, utility ownership, and agreed standards)",matched,correct_id,False,25,20260701_235329,no
normative_phi4_25_b9,phi4,normative_phi4,normative,9,9,lack of enough trained personnel in DC systems,lack of enough trained personnel in DC systems,matched,correct_id,False,25,20260701_235329,no
normative_phi4_25_b10,phi4,normative_phi4,normative,10,10,uncertain regulatory roadmap,uncertain regulatory roadmap,matched,correct_id,False,25,20260701_235329,no
subject-matter_phi4_25_b1,phi4,subject-matter_phi4,subject-matter,1,1,"power losses, quality and safety issues","power losses, quality and safety issues",matched,correct_id,False,25,20260701_235329,no
subject-matter_phi4_25_b2,phi4,subject-matter_phi4,subject-matter,2,2,reduced reliability in DC devices,reduced reliability in DC devices,matched,correct_id,False,25,20260701_235329,no
subject-matter_phi4_25_b3,phi4,subject-matter_phi4,subject-matter,3,3,lack of use-cases in which DC is advantageous,lack of use-cases in which DC is advantageous,matched,correct_id,False,25,20260701_235329,no
subject-matter_phi4_25_b4,phi4,subject-matter_phi4,subject-matter,4,4,"uncertain utility interaction (net metering, utility ownership, and agreed standards)","uncertain utility interaction (net metering, utility ownership, and agreed standards)",matched,correct_id,False,25,20260701_235329,no
subject-matter_phi4_25_b10,phi4,subject-matter_phi4,subject-matter,10,5,uncertain regulatory roadmap,uncertain regulatory roadmap,matched,corrected_from_label,False,25,20260701_235329,no
generalist_llama_26_b1,llama,generalist_llama,generalist,1,1,"power losses, quality and safety issues","Power losses, quality, and safety issues",matched,correct_id,False,26,20260701_235535,no
generalist_llama_26_b2,llama,generalist_llama,generalist,2,2,reduced reliability in DC devices,Reduced reliability in DC devices,matched,correct_id,False,26,20260701_235535,no
generalist_llama_26_b3,llama,generalist_llama,generalist,3,3,lack of use-cases in which DC is advantageous,Lack of use-cases where DC is advantageous,matched_by_fuzzy_prefix,correct_id_fuzzy_prefix,False,26,20260701_235535,no
generalist_llama_26_b4,llama,generalist_llama,generalist,4,4,"uncertain utility interaction (net metering, utility ownership, and agreed standards)","Uncertain utility interaction (net metering, utility ownership, and agreed standards)",matched,correct_id,False,26,20260701_235535,no
generalist_llama_26_b5,llama,generalist_llama,generalist,5,5,lack of pilot projects,Lack of pilot projects,matched,correct_id,False,26,20260701_235535,no
normative_llama_26_b1,llama,normative_llama,normative,1,1,"power losses, quality and safety issues","Power losses, quality, and safety issues",matched,correct_id,False,26,20260701_235535,no
normative_llama_26_b2,llama,normative_llama,normative,2,2,reduced reliability in DC devices,Reduced reliability in DC devices,matched,correct_id,False,26,20260701_235535,no
normative_llama_26_b3,llama,normative_llama,normative,3,3,lack of use-cases in which DC is advantageous,Lack of use-cases in which DC is advantageous,matched,correct_id,False,26,20260701_235535,no
normative_llama_26_b4,llama,normative_llama,normative,4,4,"uncertain utility interaction (net metering, utility ownership, and agreed standards)","Uncertain utility interaction (net metering, utility ownership, and agreed standards)",matched,correct_id,False,26,20260701_235535,no
normative_llama_26_b5,llama,normative_llama,normative,5,5,lack of pilot projects,Lack of pilot projects,matched,correct_id,False,26,20260701_235535,no
subject-matter_llama_26_b1,llama,subject-matter_llama,subject-matter,1,1,"power losses, quality and safety issues","Power losses, quality, and safety issues",matched,correct_id,False,26,20260701_235535,no
subject-matter_llama_26_b2,llama,subject-matter_llama,subject-matter,2,2,reduced reliability in DC devices,Reduced reliability in DC devices,matched,correct_id,False,26,20260701_235535,no
subject-matter_llama_26_b3,llama,subject-matter_llama,subject-matter,3,3,lack of use-cases in which DC is advantageous,Lack of use-cases in which DC is advantageous,matched,correct_id,False,26,20260701_235535,no
subject-matter_llama_26_b4,llama,subject-matter_llama,subject-matter,4,4,"uncertain utility interaction (net metering, utility ownership, and agreed standards)","Uncertain utility interaction (net metering, utility ownership, and agreed standards)",matched,correct_id,False,26,20260701_235535,no
subject-matter_llama_26_b5,llama,subject-matter_llama,subject-matter,5,5,lack of pilot projects,Lack of pilot projects,matched,correct_id,False,26,20260701_235535,no
generalist_mistral_26_b1,mistral,generalist_mistral,generalist,1,1,"power losses, quality and safety issues","power losses, quality and safety issues",matched,correct_id,False,26,20260701_235535,no
generalist_mistral_26_b2,mistral,generalist_mistral,generalist,2,2,reduced reliability in DC devices,reduced reliability in DC devices,matched,correct_id,False,26,20260701_235535,no
generalist_mistral_26_b3,mistral,generalist_mistral,generalist,3,3,lack of use-cases in which DC is advantageous,lack of use-cases in which DC is advantageous,matched,correct_id,False,26,20260701_235535,no
generalist_mistral_26_b4,mistral,generalist_mistral,generalist,4,4,"uncertain utility interaction (net metering, utility ownership, and agreed standards)","uncertain utility interaction (net metering, utility ownership, and agreed standards)",matched,correct_id,False,26,20260701_235535,no
generalist_mistral_26_b5,mistral,generalist_mistral,generalist,5,5,lack of pilot projects,lack of pilot projects,matched,correct_id,False,26,20260701_235535,no
normative_mistral_26_b1,mistral,normative_mistral,normative,1,1,"power losses, quality and safety issues","power losses, quality and safety issues",matched,correct_id,False,26,20260701_235535,no
normative_mistral_26_b2,mistral,normative_mistral,normative,2,2,reduced reliability in DC devices,reduced reliability in DC devices,matched,correct_id,False,26,20260701_235535,no
normative_mistral_26_b3,mistral,normative_mistral,normative,3,3,lack of use-cases in which DC is advantageous,lack of use-cases in which DC is advantageous,matched,correct_id,False,26,20260701_235535,no
normative_mistral_26_b4,mistral,normative_mistral,normative,4,4,"uncertain utility interaction (net metering, utility ownership, and agreed standards)","uncertain utility interaction (net metering, utility ownership, and agreed standards)",matched,correct_id,False,26,20260701_235535,no
normative_mistral_26_b5,mistral,normative_mistral,normative,5,5,lack of pilot projects,lack of pilot projects,matched,correct_id,False,26,20260701_235535,no
subject-matter_mistral_26_b1,mistral,subject-matter_mistral,subject-matter,1,1,"power losses, quality and safety issues","power losses, quality, and safety issues (Barrier 1)",matched_by_fuzzy_prefix,correct_id_fuzzy_prefix,False,26,20260701_235535,no
subject-matter_mistral_26_b2,mistral,subject-matter_mistral,subject-matter,2,2,reduced reliability in DC devices,reduced reliability in DC devices (Barrier 2),matched_by_fuzzy_prefix,correct_id_fuzzy_prefix,False,26,20260701_235535,no
subject-matter_mistral_26_b3,mistral,subject-matter_mistral,subject-matter,3,3,lack of use-cases in which DC is advantageous,lack of use-cases in which DC is advantageous (Barrier 3),matched_by_fuzzy_prefix,correct_id_fuzzy_prefix,False,26,20260701_235535,no
subject-matter_mistral_26_b4,mistral,subject-matter_mistral,subject-matter,4,4,"uncertain utility interaction (net metering, utility ownership, and agreed standards)","uncertain utility interaction (net metering, utility ownership, and agreed standards) (Barrier 4)",matched_by_fuzzy_prefix,correct_id_fuzzy_prefix,False,26,20260701_235535,no
subject-matter_mistral_26_b5,mistral,subject-matter_mistral,subject-matter,5,5,lack of pilot projects,lack of pilot projects (Barrier 5),matched_by_fuzzy_prefix,correct_id_fuzzy_prefix,False,26,20260701_235535,no
generalist_gemma3_26_b1,gemma3,generalist_gemma3,generalist,1,1,"power losses, quality and safety issues","power losses, quality and safety issues",matched,correct_id,False,26,20260701_235535,no
generalist_gemma3_26_b5,gemma3,generalist_gemma3,generalist,5,2,lack of pilot projects,lack of pilot projects,matched,corrected_from_label,False,26,20260701_235535,no
generalist_gemma3_26_b6,gemma3,generalist_gemma3,generalist,6,3,public perception of DC and readiness to 'champion' installations from DC projects,public perception of DC and readiness to 'champion' installations from DC projects,matched,corrected_from_label,False,26,20260701_235535,no
generalist_gemma3_26_b8,gemma3,generalist_gemma3,generalist,8,4,misconception and lack of knowledge leads to lengthy/expensive design and permit process,misconception and lack of knowledge leads to lengthy/expensive design and permit process,matched,corrected_from_label,False,26,20260701_235535,no
generalist_gemma3_26_b10,gemma3,generalist_gemma3,generalist,10,5,uncertain regulatory roadmap,uncertain regulatory roadmap,matched,corrected_from_label,False,26,20260701_235535,no
normative_gemma3_26_b1,gemma3,normative_gemma3,normative,1,1,"power losses, quality and safety issues","power losses, quality and safety issues",matched,correct_id,False,26,20260701_235535,no
normative_gemma3_26_b4,gemma3,normative_gemma3,normative,4,4,"uncertain utility interaction (net metering, utility ownership, and agreed standards)","uncertain utility interaction (net metering, utility ownership, and agreed standards)",matched,correct_id,False,26,20260701_235535,no
normative_gemma3_26_b7,gemma3,normative_gemma3,normative,7,7,incompatibility of DC systems components,incompatibility of DC systems components,matched,correct_id,False,26,20260701_235535,no
normative_gemma3_26_b8,gemma3,normative_gemma3,normative,8,8,misconception and lack of knowledge leads to lengthy/expensive design and permit process,misconception and lack of knowledge leads to lengthy/expensive design and permit process,matched,correct_id,False,26,20260701_235535,no
normative_gemma3_26_b11,gemma3,normative_gemma3,normative,11,11,high costs of DC solutions,high costs of DC solutions,matched,correct_id,False,26,20260701_235535,no
subject-matter_gemma3_26_b1,gemma3,subject-matter_gemma3,subject-matter,1,1,"power losses, quality and safety issues","power losses, quality and safety issues",matched,correct_id,False,26,20260701_235535,no
subject-matter_gemma3_26_b3,gemma3,subject-matter_gemma3,subject-matter,3,2,lack of use-cases in which DC is advantageous,lack of use-cases in which DC is advantageous,matched,corrected_from_label,False,26,20260701_235535,no
subject-matter_gemma3_26_b4,gemma3,subject-matter_gemma3,subject-matter,4,3,"uncertain utility interaction (net metering, utility ownership, and agreed standards)","uncertain utility interaction (net metering, utility ownership, and agreed standards)",matched,corrected_from_label,False,26,20260701_235535,no
subject-matter_gemma3_26_b8,gemma3,subject-matter_gemma3,subject-matter,8,4,misconception and lack of knowledge leads to lengthy/expensive design and permit process,misconception and lack of knowledge leads to lengthy/expensive design and permit process,matched,corrected_from_label,False,26,20260701_235535,no
subject-matter_gemma3_26_b10,gemma3,subject-matter_gemma3,subject-matter,10,5,uncertain regulatory roadmap,uncertain regulatory roadmap,matched,corrected_from_label,False,26,20260701_235535,no
generalist_phi4_26_b1,phi4,generalist_phi4,generalist,1,1,"power losses, quality and safety issues","power losses, quality and safety issues",matched,correct_id,False,26,20260701_235535,no
generalist_phi4_26_b4,phi4,generalist_phi4,generalist,4,4,"uncertain utility interaction (net metering, utility ownership, and agreed standards)","uncertain utility interaction (net metering, utility ownership, and agreed standards)",matched,correct_id,False,26,20260701_235535,no
generalist_phi4_26_b5,phi4,generalist_phi4,generalist,5,5,lack of pilot projects,lack of pilot projects,matched,correct_id,False,26,20260701_235535,no
generalist_phi4_26_b10,phi4,generalist_phi4,generalist,10,10,uncertain regulatory roadmap,uncertain regulatory roadmap,matched,correct_id,False,26,20260701_235535,no
generalist_phi4_26_b11,phi4,generalist_phi4,generalist,11,11,high costs of DC solutions,high costs of DC solutions,matched,correct_id,False,26,20260701_235535,no
normative_phi4_26_b1,phi4,normative_phi4,normative,1,1,"power losses, quality and safety issues","power losses, quality and safety issues",matched,correct_id,False,26,20260701_235535,no
normative_phi4_26_b4,phi4,normative_phi4,normative,4,4,"uncertain utility interaction (net metering, utility ownership, and agreed standards)","uncertain utility interaction (net metering, utility ownership, and agreed standards)",matched,correct_id,False,26,20260701_235535,no
normative_phi4_26_b6,phi4,normative_phi4,normative,6,6,public perception of DC and readiness to 'champion' installations from DC projects,public perception of DC and readiness to 'champion' installations from DC projects,matched,correct_id,False,26,20260701_235535,no
normative_phi4_26_b8,phi4,normative_phi4,normative,8,8,misconception and lack of knowledge leads to lengthy/expensive design and permit process,misconception and lack of knowledge leads to lengthy/expensive design and permit process,matched,correct_id,False,26,20260701_235535,no
normative_phi4_26_b10,phi4,normative_phi4,normative,10,10,uncertain regulatory roadmap,uncertain regulatory roadmap,matched,correct_id,False,26,20260701_235535,no
subject-matter_phi4_26_b1,phi4,subject-matter_phi4,subject-matter,1,1,"power losses, quality and safety issues","power losses, quality and safety issues",matched,correct_id,False,26,20260701_235535,no
subject-matter_phi4_26_b3,phi4,subject-matter_phi4,subject-matter,3,3,lack of use-cases in which DC is advantageous,lack of use-cases in which DC is advantageous,matched,correct_id,False,26,20260701_235535,no
subject-matter_phi4_26_b4,phi4,subject-matter_phi4,subject-matter,4,4,"uncertain utility interaction (net metering, utility ownership, and agreed standards)","uncertain utility interaction (net metering, utility ownership, and agreed standards)",matched,correct_id,False,26,20260701_235535,no
subject-matter_phi4_26_b5,phi4,subject-matter_phi4,subject-matter,5,5,lack of pilot projects,lack of pilot projects,matched,correct_id,False,26,20260701_235535,no
subject-matter_phi4_26_b10,phi4,subject-matter_phi4,subject-matter,10,10,uncertain regulatory roadmap,uncertain regulatory roadmap,matched,correct_id,False,26,20260701_235535,no
generalist_llama_27_b1,llama,generalist_llama,generalist,1,1,"power losses, quality and safety issues","Power losses, quality, and safety issues",matched,correct_id,False,27,20260701_235743,no
generalist_llama_27_b2,llama,generalist_llama,generalist,2,2,reduced reliability in DC devices,Reduced reliability in DC devices,matched,correct_id,False,27,20260701_235743,no
generalist_llama_27_b3,llama,generalist_llama,generalist,3,3,lack of use-cases in which DC is advantageous,Lack of use-cases where DC is advantageous,matched_by_fuzzy_prefix,correct_id_fuzzy_prefix,False,27,20260701_235743,no
generalist_llama_27_b4,llama,generalist_llama,generalist,4,4,"uncertain utility interaction (net metering, utility ownership, and agreed standards)","Uncertain utility interaction (net metering, utility ownership, and agreed standards)",matched,correct_id,False,27,20260701_235743,no
generalist_llama_27_b5,llama,generalist_llama,generalist,5,5,lack of pilot projects,Lack of pilot projects,matched,correct_id,False,27,20260701_235743,no
normative_llama_27_b1,llama,normative_llama,normative,1,1,"power losses, quality and safety issues","Power losses, quality and safety issues",matched,correct_id,False,27,20260701_235743,no
normative_llama_27_b2,llama,normative_llama,normative,2,2,reduced reliability in DC devices,Reduced reliability in DC devices,matched,correct_id,False,27,20260701_235743,no
normative_llama_27_b3,llama,normative_llama,normative,3,3,lack of use-cases in which DC is advantageous,Lack of use-cases in which DC is advantageous,matched,correct_id,False,27,20260701_235743,no
normative_llama_27_b4,llama,normative_llama,normative,4,4,"uncertain utility interaction (net metering, utility ownership, and agreed standards)","Uncertain utility interaction (net metering, utility ownership, and agreed standards)",matched,correct_id,False,27,20260701_235743,no
normative_llama_27_b5,llama,normative_llama,normative,5,5,lack of pilot projects,Lack of pilot projects,matched,correct_id,False,27,20260701_235743,no
subject-matter_llama_27_b1,llama,subject-matter_llama,subject-matter,1,1,"power losses, quality and safety issues","Power losses, quality, and safety issues",matched,correct_id,False,27,20260701_235743,no
subject-matter_llama_27_b2,llama,subject-matter_llama,subject-matter,2,2,reduced reliability in DC devices,Reduced reliability in DC devices,matched,correct_id,False,27,20260701_235743,no
subject-matter_llama_27_b3,llama,subject-matter_llama,subject-matter,3,3,lack of use-cases in which DC is advantageous,Lack of use-cases in which DC is advantageous,matched,correct_id,False,27,20260701_235743,no
subject-matter_llama_27_b4,llama,subject-matter_llama,subject-matter,4,4,"uncertain utility interaction (net metering, utility ownership, and agreed standards)","Uncertain utility interaction (net metering, utility ownership, and agreed standards)",matched,correct_id,False,27,20260701_235743,no
subject-matter_llama_27_b5,llama,subject-matter_llama,subject-matter,5,5,lack of pilot projects,Lack of pilot projects,matched,correct_id,False,27,20260701_235743,no
generalist_mistral_27_b1,mistral,generalist_mistral,generalist,1,1,"power losses, quality and safety issues","Power losses, quality, and safety issues",matched,correct_id,False,27,20260701_235743,no
generalist_mistral_27_b2,mistral,generalist_mistral,generalist,2,2,reduced reliability in DC devices,Reduced reliability in DC devices,matched,correct_id,False,27,20260701_235743,no
generalist_mistral_27_b3,mistral,generalist_mistral,generalist,3,3,lack of use-cases in which DC is advantageous,Lack of use-cases in which DC is advantageous,matched,correct_id,False,27,20260701_235743,no
generalist_mistral_27_b4,mistral,generalist_mistral,generalist,4,4,"uncertain utility interaction (net metering, utility ownership, and agreed standards)","Uncertain utility interaction (net metering, utility ownership, and agreed standards)",matched,correct_id,False,27,20260701_235743,no
generalist_mistral_27_b5,mistral,generalist_mistral,generalist,5,5,lack of pilot projects,Lack of pilot projects,matched,correct_id,False,27,20260701_235743,no
normative_mistral_27_b1,mistral,normative_mistral,normative,1,1,"power losses, quality and safety issues","power losses, quality and safety issues",matched,correct_id,False,27,20260701_235743,no
normative_mistral_27_b2,mistral,normative_mistral,normative,2,2,reduced reliability in DC devices,reduced reliability in DC devices,matched,correct_id,False,27,20260701_235743,no
normative_mistral_27_b4,mistral,normative_mistral,normative,4,3,"uncertain utility interaction (net metering, utility ownership, and agreed standards)","uncertain utility interaction (net metering, utility ownership, and agreed standards)",matched,corrected_from_label,False,27,20260701_235743,no
normative_mistral_27_b5,mistral,normative_mistral,normative,5,4,lack of pilot projects,lack of pilot projects,matched,corrected_from_label,False,27,20260701_235743,no
normative_mistral_27_b6,mistral,normative_mistral,normative,6,5,public perception of DC and readiness to 'champion' installations from DC projects,public perception of DC and readiness to 'champion' installations from DC projects,matched,corrected_from_label,False,27,20260701_235743,no
subject-matter_mistral_27_b1,mistral,subject-matter_mistral,subject-matter,1,1,"power losses, quality and safety issues","power losses, quality, and safety issues",matched,correct_id,False,27,20260701_235743,no
subject-matter_mistral_27_b2,mistral,subject-matter_mistral,subject-matter,2,2,reduced reliability in DC devices,reduced reliability in DC devices,matched,correct_id,False,27,20260701_235743,no
subject-matter_mistral_27_b4,mistral,subject-matter_mistral,subject-matter,4,3,"uncertain utility interaction (net metering, utility ownership, and agreed standards)","uncertain utility interaction (net metering, utility ownership, and agreed standards)",matched,corrected_from_label,False,27,20260701_235743,no
subject-matter_mistral_27_b5,mistral,subject-matter_mistral,subject-matter,5,4,lack of pilot projects,lack of pilot projects,matched,corrected_from_label,False,27,20260701_235743,no
subject-matter_mistral_27_b11,mistral,subject-matter_mistral,subject-matter,11,5,high costs of DC solutions,high costs of DC solutions,matched,corrected_from_label,False,27,20260701_235743,no
generalist_gemma3_27_b1,gemma3,generalist_gemma3,generalist,1,1,"power losses, quality and safety issues","power losses, quality and safety issues",matched,correct_id,False,27,20260701_235743,no
generalist_gemma3_27_b5,gemma3,generalist_gemma3,generalist,5,2,lack of pilot projects,lack of pilot projects,matched,corrected_from_label,False,27,20260701_235743,no
generalist_gemma3_27_b6,gemma3,generalist_gemma3,generalist,6,3,public perception of DC and readiness to 'champion' installations from DC projects,public perception of DC and readiness to 'champion' installations from DC projects,matched,corrected_from_label,False,27,20260701_235743,no
generalist_gemma3_27_b8,gemma3,generalist_gemma3,generalist,8,4,misconception and lack of knowledge leads to lengthy/expensive design and permit process,misconception and lack of knowledge leads to lengthy/expensive design and permit process,matched,corrected_from_label,False,27,20260701_235743,no
generalist_gemma3_27_b10,gemma3,generalist_gemma3,generalist,10,5,uncertain regulatory roadmap,uncertain regulatory roadmap,matched,corrected_from_label,False,27,20260701_235743,no
normative_gemma3_27_b1,gemma3,normative_gemma3,normative,1,1,"power losses, quality and safety issues","power losses, quality and safety issues",matched,correct_id,False,27,20260701_235743,no
normative_gemma3_27_b4,gemma3,normative_gemma3,normative,4,4,"uncertain utility interaction (net metering, utility ownership, and agreed standards)","uncertain utility interaction (net metering, utility ownership, and agreed standards)",matched,correct_id,False,27,20260701_235743,no
normative_gemma3_27_b7,gemma3,normative_gemma3,normative,7,7,incompatibility of DC systems components,incompatibility of DC systems components,matched,correct_id,False,27,20260701_235743,no
normative_gemma3_27_b8,gemma3,normative_gemma3,normative,8,8,misconception and lack of knowledge leads to lengthy/expensive design and permit process,misconception and lack of knowledge leads to lengthy/expensive design and permit process,matched,correct_id,False,27,20260701_235743,no
normative_gemma3_27_b11,gemma3,normative_gemma3,normative,11,11,high costs of DC solutions,high costs of DC solutions,matched,correct_id,False,27,20260701_235743,no
subject-matter_gemma3_27_b1,gemma3,subject-matter_gemma3,subject-matter,1,1,"power losses, quality and safety issues","power losses, quality and safety issues",matched,correct_id,False,27,20260701_235743,no
subject-matter_gemma3_27_b3,gemma3,subject-matter_gemma3,subject-matter,3,2,lack of use-cases in which DC is advantageous,lack of use-cases in which DC is advantageous,matched,corrected_from_label,False,27,20260701_235743,no
subject-matter_gemma3_27_b4,gemma3,subject-matter_gemma3,subject-matter,4,3,"uncertain utility interaction (net metering, utility ownership, and agreed standards)","uncertain utility interaction (net metering, utility ownership, and agreed standards)",matched,corrected_from_label,False,27,20260701_235743,no
subject-matter_gemma3_27_b8,gemma3,subject-matter_gemma3,subject-matter,8,4,misconception and lack of knowledge leads to lengthy/expensive design and permit process,misconception and lack of knowledge leads to lengthy/expensive design and permit process,matched,corrected_from_label,False,27,20260701_235743,no
subject-matter_gemma3_27_b10,gemma3,subject-matter_gemma3,subject-matter,10,5,uncertain regulatory roadmap,uncertain regulatory roadmap,matched,corrected_from_label,False,27,20260701_235743,no
generalist_phi4_27_b1,phi4,generalist_phi4,generalist,1,1,"power losses, quality and safety issues","power losses, quality and safety issues",matched,correct_id,False,27,20260701_235743,no
generalist_phi4_27_b3,phi4,generalist_phi4,generalist,3,3,lack of use-cases in which DC is advantageous,lack of use-cases in which DC is advantageous,matched,correct_id,False,27,20260701_235743,no
generalist_phi4_27_b4,phi4,generalist_phi4,generalist,4,4,"uncertain utility interaction (net metering, utility ownership, and agreed standards)","uncertain utility interaction (net metering, utility ownership, and agreed standards)",matched,correct_id,False,27,20260701_235743,no
generalist_phi4_27_b5,phi4,generalist_phi4,generalist,5,5,lack of pilot projects,lack of pilot projects,matched,correct_id,False,27,20260701_235743,no
generalist_phi4_27_b10,phi4,generalist_phi4,generalist,10,10,uncertain regulatory roadmap,uncertain regulatory roadmap,matched,correct_id,False,27,20260701_235743,no
normative_phi4_27_b1,phi4,normative_phi4,normative,1,1,"power losses, quality and safety issues","power losses, quality and safety issues",matched,correct_id,False,27,20260701_235743,no
normative_phi4_27_b2,phi4,normative_phi4,normative,2,2,reduced reliability in DC devices,reduced reliability in DC devices,matched,correct_id,False,27,20260701_235743,no
normative_phi4_27_b3,phi4,normative_phi4,normative,3,3,lack of use-cases in which DC is advantageous,lack of use-cases in which DC is advantageous,matched,correct_id,False,27,20260701_235743,no
normative_phi4_27_b4,phi4,normative_phi4,normative,4,4,"uncertain utility interaction (net metering, utility ownership, and agreed standards)","uncertain utility interaction (net metering, utility ownership, and agreed standards)",matched,correct_id,False,27,20260701_235743,no
normative_phi4_27_b5,phi4,normative_phi4,normative,5,5,lack of pilot projects,lack of pilot projects,matched,correct_id,False,27,20260701_235743,no
subject-matter_phi4_27_b1,phi4,subject-matter_phi4,subject-matter,1,1,"power losses, quality and safety issues","power losses, quality and safety issues",matched,correct_id,False,27,20260701_235743,no
subject-matter_phi4_27_b3,phi4,subject-matter_phi4,subject-matter,3,3,lack of use-cases in which DC is advantageous,lack of use-cases in which DC is advantageous,matched,correct_id,False,27,20260701_235743,no
subject-matter_phi4_27_b4,phi4,subject-matter_phi4,subject-matter,4,4,"uncertain utility interaction (net metering, utility ownership, and agreed standards)","uncertain utility interaction (net metering, utility ownership, and agreed standards)",matched,correct_id,False,27,20260701_235743,no
subject-matter_phi4_27_b5,phi4,subject-matter_phi4,subject-matter,5,5,lack of pilot projects,lack of pilot projects,matched,correct_id,False,27,20260701_235743,no
subject-matter_phi4_27_b10,phi4,subject-matter_phi4,subject-matter,10,10,uncertain regulatory roadmap,uncertain regulatory roadmap,matched,correct_id,False,27,20260701_235743,no
generalist_llama_28_b1,llama,generalist_llama,generalist,1,1,"power losses, quality and safety issues","Power losses, quality, and safety issues",matched,correct_id,False,28,20260701_235943,no
generalist_llama_28_b3,llama,generalist_llama,generalist,3,2,lack of use-cases in which DC is advantageous,Lack of use-cases in which DC is advantageous,matched,corrected_from_label,False,28,20260701_235943,no
generalist_llama_28_b4,llama,generalist_llama,generalist,4,3,"uncertain utility interaction (net metering, utility ownership, and agreed standards)","Uncertain utility interaction (net metering, utility ownership, and agreed standards)",matched,corrected_from_label,False,28,20260701_235943,no
generalist_llama_28_b7,llama,generalist_llama,generalist,7,4,incompatibility of DC systems components,Incompatibility of DC systems components,matched,corrected_from_label,False,28,20260701_235943,no
generalist_llama_28_b11,llama,generalist_llama,generalist,11,5,high costs of DC solutions,High costs of DC solutions,matched,corrected_from_label,False,28,20260701_235943,no
normative_llama_28_b1,llama,normative_llama,normative,1,1,"power losses, quality and safety issues","Power losses, quality and safety issues",matched,correct_id,False,28,20260701_235943,no
normative_llama_28_b2,llama,normative_llama,normative,2,2,reduced reliability in DC devices,Reduced reliability in DC devices,matched,correct_id,False,28,20260701_235943,no
normative_llama_28_b3,llama,normative_llama,normative,3,3,lack of use-cases in which DC is advantageous,Lack of use-cases in which DC is advantageous,matched,correct_id,False,28,20260701_235943,no
normative_llama_28_b4,llama,normative_llama,normative,4,4,"uncertain utility interaction (net metering, utility ownership, and agreed standards)","Uncertain utility interaction (net metering, utility ownership, and agreed standards)",matched,correct_id,False,28,20260701_235943,no
normative_llama_28_b5,llama,normative_llama,normative,5,5,lack of pilot projects,Lack of pilot projects,matched,correct_id,False,28,20260701_235943,no
subject-matter_llama_28_b1,llama,subject-matter_llama,subject-matter,1,1,"power losses, quality and safety issues","Power losses, quality, and safety issues",matched,correct_id,False,28,20260701_235943,no
subject-matter_llama_28_b2,llama,subject-matter_llama,subject-matter,2,2,reduced reliability in DC devices,Reduced reliability in DC devices,matched,correct_id,False,28,20260701_235943,no
subject-matter_llama_28_b3,llama,subject-matter_llama,subject-matter,3,3,lack of use-cases in which DC is advantageous,Lack of use-cases in which DC is advantageous,matched,correct_id,False,28,20260701_235943,no
subject-matter_llama_28_b4,llama,subject-matter_llama,subject-matter,4,4,"uncertain utility interaction (net metering, utility ownership, and agreed standards)","Uncertain utility interaction (net metering, utility ownership, and agreed standards)",matched,correct_id,False,28,20260701_235943,no
subject-matter_llama_28_b5,llama,subject-matter_llama,subject-matter,5,5,lack of pilot projects,Lack of pilot projects,matched,correct_id,False,28,20260701_235943,no
generalist_mistral_28_b1,mistral,generalist_mistral,generalist,1,1,"power losses, quality and safety issues","Power losses, quality, and safety issues: Addressing power quality, efficiency, and safety concerns is crucial to ensure the reliability and stability of DC grids.",matched_by_fuzzy_prefix,correct_id_fuzzy_prefix,False,28,20260701_235943,no
generalist_mistral_28_b2,mistral,generalist_mistral,generalist,2,2,reduced reliability in DC devices,Reduced reliability in DC devices: Ensuring the high availability and durability of DC components is essential for the widespread adoption of DC technologies.,matched_by_fuzzy_prefix,correct_id_fuzzy_prefix,False,28,20260701_235943,no
generalist_mistral_28_b3,mistral,generalist_mistral,generalist,3,3,lack of use-cases in which DC is advantageous,"Lack of use-cases in which DC is advantageous: Identifying applications where DC systems offer clear benefits over AC, such as reduced losses and simplified infrastructure, can help drive their adoption.",matched_by_fuzzy_prefix,correct_id_fuzzy_prefix,False,28,20260701_235943,no
generalist_mistral_28_b4,mistral,generalist_mistral,generalist,4,4,"uncertain utility interaction (net metering, utility ownership, and agreed standards)","Uncertain utility interaction (net metering, utility ownership, and agreed standards): Establishing clear guidelines for net metering, ownership structures, and standardization will be essential for the successful integration of DC grids into the existing energy infrastructure.",matched_by_fuzzy_prefix,correct_id_fuzzy_prefix,False,28,20260701_235943,no
generalist_mistral_28_b5,mistral,generalist_mistral,generalist,5,5,lack of pilot projects,Lack of pilot projects: Demonstrating the practicality and benefits of DC technologies through pilot projects can help build confidence among stakeholders and drive wider adoption.,matched_by_fuzzy_prefix,correct_id_fuzzy_prefix,False,28,20260701_235943,no
normative_mistral_28_b1,mistral,normative_mistral,normative,1,1,"power losses, quality and safety issues","power losses, quality and safety issues",matched,correct_id,False,28,20260701_235943,no
normative_mistral_28_b2,mistral,normative_mistral,normative,2,2,reduced reliability in DC devices,reduced reliability in DC devices,matched,correct_id,False,28,20260701_235943,no
normative_mistral_28_b3,mistral,normative_mistral,normative,3,3,lack of use-cases in which DC is advantageous,lack of use-cases in which DC is advantageous,matched,correct_id,False,28,20260701_235943,no
normative_mistral_28_b4,mistral,normative_mistral,normative,4,4,"uncertain utility interaction (net metering, utility ownership, and agreed standards)","uncertain utility interaction (net metering, utility ownership, and agreed standards)",matched,correct_id,False,28,20260701_235943,no
normative_mistral_28_b5,mistral,normative_mistral,normative,5,5,lack of pilot projects,lack of pilot projects,matched,correct_id,False,28,20260701_235943,no
subject-matter_mistral_28_b1,mistral,subject-matter_mistral,subject-matter,1,1,"power losses, quality and safety issues","power losses, quality, and safety issues (Barrier #1)",matched_by_fuzzy_prefix,correct_id_fuzzy_prefix,False,28,20260701_235943,no
subject-matter_mistral_28_b2,mistral,subject-matter_mistral,subject-matter,2,2,reduced reliability in DC devices,reduced reliability in DC devices (Barrier #3),matched_by_fuzzy_prefix,correct_id_fuzzy_prefix,False,28,20260701_235943,no
subject-matter_mistral_28_b4,mistral,subject-matter_mistral,subject-matter,4,3,"uncertain utility interaction (net metering, utility ownership, and agreed standards)","uncertain utility interaction (net metering, utility ownership, and agreed standards) (Barrier #4)",matched_by_fuzzy_prefix,corrected_from_fuzzy_prefix,False,28,20260701_235943,no
subject-matter_mistral_28_b5,mistral,subject-matter_mistral,subject-matter,5,4,lack of pilot projects,lack of pilot projects (Barrier #5),matched_by_fuzzy_prefix,corrected_from_fuzzy_prefix,False,28,20260701_235943,no
subject-matter_mistral_28_b7,mistral,subject-matter_mistral,subject-matter,7,5,incompatibility of DC systems components,incompatibility of DC systems components (Barrier #7),matched_by_fuzzy_prefix,corrected_from_fuzzy_prefix,False,28,20260701_235943,no
generalist_gemma3_28_b1,gemma3,generalist_gemma3,generalist,1,1,"power losses, quality and safety issues","power losses, quality and safety issues",matched,correct_id,False,28,20260701_235943,no
generalist_gemma3_28_b3,gemma3,generalist_gemma3,generalist,3,2,lack of use-cases in which DC is advantageous,lack of use-cases in which DC is advantageous,matched,corrected_from_label,False,28,20260701_235943,no
generalist_gemma3_28_b4,gemma3,generalist_gemma3,generalist,4,3,"uncertain utility interaction (net metering, utility ownership, and agreed standards)","uncertain utility interaction (net metering, utility ownership, and agreed standards)",matched,corrected_from_label,False,28,20260701_235943,no
generalist_gemma3_28_b8,gemma3,generalist_gemma3,generalist,8,4,misconception and lack of knowledge leads to lengthy/expensive design and permit process,misconception and lack of knowledge leads to lengthy/expensive design and permit process,matched,corrected_from_label,False,28,20260701_235943,no
generalist_gemma3_28_b11,gemma3,generalist_gemma3,generalist,11,5,high costs of DC solutions,high costs of DC solutions,matched,corrected_from_label,False,28,20260701_235943,no
normative_gemma3_28_b1,gemma3,normative_gemma3,normative,1,1,"power losses, quality and safety issues","power losses, quality and safety issues",matched,correct_id,False,28,20260701_235943,no
normative_gemma3_28_b5,gemma3,normative_gemma3,normative,5,2,lack of pilot projects,lack of pilot projects,matched,corrected_from_label,False,28,20260701_235943,no
normative_gemma3_28_b4,gemma3,normative_gemma3,normative,4,3,"uncertain utility interaction (net metering, utility ownership, and agreed standards)","uncertain utility interaction (net metering, utility ownership, and agreed standards)",matched,corrected_from_label,False,28,20260701_235943,no
normative_gemma3_28_b8,gemma3,normative_gemma3,normative,8,4,misconception and lack of knowledge leads to lengthy/expensive design and permit process,misconception and lack of knowledge leads to lengthy/expensive design and permit process,matched,corrected_from_label,False,28,20260701_235943,no
normative_gemma3_28_b10,gemma3,normative_gemma3,normative,10,5,uncertain regulatory roadmap,uncertain regulatory roadmap,matched,corrected_from_label,False,28,20260701_235943,no
subject-matter_gemma3_28_b1,gemma3,subject-matter_gemma3,subject-matter,1,1,"power losses, quality and safety issues","power losses, quality and safety issues",matched,correct_id,False,28,20260701_235943,no
subject-matter_gemma3_28_b5,gemma3,subject-matter_gemma3,subject-matter,5,2,lack of pilot projects,lack of pilot projects,matched,corrected_from_label,False,28,20260701_235943,no
subject-matter_gemma3_28_b6,gemma3,subject-matter_gemma3,subject-matter,6,3,public perception of DC and readiness to 'champion' installations from DC projects,public perception of DC and readiness to 'champion' installations from DC projects,matched,corrected_from_label,False,28,20260701_235943,no
subject-matter_gemma3_28_b8,gemma3,subject-matter_gemma3,subject-matter,8,4,misconception and lack of knowledge leads to lengthy/expensive design and permit process,misconception and lack of knowledge leads to lengthy/expensive design and permit process,matched,corrected_from_label,False,28,20260701_235943,no
subject-matter_gemma3_28_b10,gemma3,subject-matter_gemma3,subject-matter,10,5,uncertain regulatory roadmap,uncertain regulatory roadmap,matched,corrected_from_label,False,28,20260701_235943,no
generalist_phi4_28_b1,phi4,generalist_phi4,generalist,1,1,"power losses, quality and safety issues","power losses, quality and safety issues",matched,correct_id,False,28,20260701_235943,no
generalist_phi4_28_b3,phi4,generalist_phi4,generalist,3,3,lack of use-cases in which DC is advantageous,lack of use-cases in which DC is advantageous,matched,correct_id,False,28,20260701_235943,no
generalist_phi4_28_b4,phi4,generalist_phi4,generalist,4,4,"uncertain utility interaction (net metering, utility ownership, and agreed standards)","uncertain utility interaction (net metering, utility ownership, and agreed standards)",matched,correct_id,False,28,20260701_235943,no
generalist_phi4_28_b5,phi4,generalist_phi4,generalist,5,5,lack of pilot projects,lack of pilot projects,matched,correct_id,False,28,20260701_235943,no
generalist_phi4_28_b10,phi4,generalist_phi4,generalist,10,10,uncertain regulatory roadmap,uncertain regulatory roadmap,matched,correct_id,False,28,20260701_235943,no
normative_phi4_28_b1,phi4,normative_phi4,normative,1,1,"power losses, quality and safety issues","power losses, quality and safety issues",matched,correct_id,False,28,20260701_235943,no
normative_phi4_28_b3,phi4,normative_phi4,normative,3,3,lack of use-cases in which DC is advantageous,lack of use-cases in which DC is advantageous,matched,correct_id,False,28,20260701_235943,no
normative_phi4_28_b4,phi4,normative_phi4,normative,4,4,"uncertain utility interaction (net metering, utility ownership, and agreed standards)","uncertain utility interaction (net metering, utility ownership, and agreed standards)",matched,correct_id,False,28,20260701_235943,no
normative_phi4_28_b5,phi4,normative_phi4,normative,5,5,lack of pilot projects,lack of pilot projects,matched,correct_id,False,28,20260701_235943,no
normative_phi4_28_b10,phi4,normative_phi4,normative,10,10,uncertain regulatory roadmap,uncertain regulatory roadmap,matched,correct_id,False,28,20260701_235943,no
subject-matter_phi4_28_b1,phi4,subject-matter_phi4,subject-matter,1,1,"power losses, quality and safety issues","power losses, quality and safety issues",matched,correct_id,False,28,20260701_235943,no
subject-matter_phi4_28_b4,phi4,subject-matter_phi4,subject-matter,4,2,"uncertain utility interaction (net metering, utility ownership, and agreed standards)","uncertain utility interaction (net metering, utility ownership, and agreed standards)",matched,corrected_from_label,False,28,20260701_235943,no
subject-matter_phi4_28_b5,phi4,subject-matter_phi4,subject-matter,5,3,lack of pilot projects,lack of pilot projects,matched,corrected_from_label,False,28,20260701_235943,no
subject-matter_phi4_28_b6,phi4,subject-matter_phi4,subject-matter,6,4,public perception of DC and readiness to 'champion' installations from DC projects,public perception of DC and readiness to 'champion' installations from DC projects,matched,corrected_from_label,False,28,20260701_235943,no
subject-matter_phi4_28_b10,phi4,subject-matter_phi4,subject-matter,10,5,uncertain regulatory roadmap,uncertain regulatory roadmap,matched,corrected_from_label,False,28,20260701_235943,no
generalist_llama_29_b1,llama,generalist_llama,generalist,1,1,"power losses, quality and safety issues","Power losses, quality, and safety issues",matched,correct_id,False,29,20260702_000150,no
generalist_llama_29_b3,llama,generalist_llama,generalist,3,2,lack of use-cases in which DC is advantageous,Lack of use-cases where DC is advantageous,matched_by_fuzzy_prefix,corrected_from_fuzzy_prefix,False,29,20260702_000150,no
generalist_llama_29_b4,llama,generalist_llama,generalist,4,3,"uncertain utility interaction (net metering, utility ownership, and agreed standards)","Uncertain utility interaction (net metering, utility ownership, and agreed standards)",matched,corrected_from_label,False,29,20260702_000150,no
generalist_llama_29_b7,llama,generalist_llama,generalist,7,4,incompatibility of DC systems components,Incompatibility of DC systems components,matched,corrected_from_label,False,29,20260702_000150,no
generalist_llama_29_b8,llama,generalist_llama,generalist,8,5,misconception and lack of knowledge leads to lengthy/expensive design and permit process,Misconceptions and lack of knowledge leading to lengthy/expensive design and permit process,matched_by_fuzzy_prefix,corrected_from_fuzzy_prefix,False,29,20260702_000150,no
normative_llama_29_b6,llama,normative_llama,normative,6,5,public perception of DC and readiness to 'champion' installations from DC projects,public perception of DC and readiness to 'champion' installations from DC projects,matched,corrected_from_label,False,29,20260702_000150,no
normative_llama_29_b7,llama,normative_llama,normative,7,7,incompatibility of DC systems components,incompatibility of DC systems components,matched,correct_id,False,29,20260702_000150,no
normative_llama_29_b9,llama,normative_llama,normative,9,9,lack of enough trained personnel in DC systems,lack of enough trained personnel in DC systems,matched,correct_id,False,29,20260702_000150,no
normative_llama_29_b10,llama,normative_llama,normative,10,10,uncertain regulatory roadmap,uncertain regulatory roadmap,matched,correct_id,False,29,20260702_000150,no
normative_llama_29_b11,llama,normative_llama,normative,11,11,high costs of DC solutions,high costs of DC solutions,matched,correct_id,False,29,20260702_000150,no
subject-matter_llama_29_b1,llama,subject-matter_llama,subject-matter,1,1,"power losses, quality and safety issues","Power losses, quality, and safety issues",matched,correct_id,False,29,20260702_000150,no
subject-matter_llama_29_b2,llama,subject-matter_llama,subject-matter,2,2,reduced reliability in DC devices,Reduced reliability in DC devices,matched,correct_id,False,29,20260702_000150,no
subject-matter_llama_29_b4,llama,subject-matter_llama,subject-matter,4,3,"uncertain utility interaction (net metering, utility ownership, and agreed standards)","Uncertain utility interaction (net metering, utility ownership, and agreed standards)",matched,corrected_from_label,False,29,20260702_000150,no
subject-matter_llama_29_b3,llama,subject-matter_llama,subject-matter,3,4,lack of use-cases in which DC is advantageous,Lack of use-cases in which DC is advantageous,matched,corrected_from_label,False,29,20260702_000150,no
subject-matter_llama_29_b6,llama,subject-matter_llama,subject-matter,6,5,public perception of DC and readiness to 'champion' installations from DC projects,Public perception of DC and readiness to 'champion' installations from DC projects,matched,corrected_from_label,False,29,20260702_000150,no
generalist_mistral_29_b1,mistral,generalist_mistral,generalist,1,1,"power losses, quality and safety issues","power losses, quality and safety issues",matched,correct_id,False,29,20260702_000150,no
generalist_mistral_29_b2,mistral,generalist_mistral,generalist,2,2,reduced reliability in DC devices,reduced reliability in DC devices,matched,correct_id,False,29,20260702_000150,no
generalist_mistral_29_b4,mistral,generalist_mistral,generalist,4,3,"uncertain utility interaction (net metering, utility ownership, and agreed standards)","uncertain utility interaction (net metering, utility ownership, and agreed standards)",matched,corrected_from_label,False,29,20260702_000150,no
generalist_mistral_29_b5,mistral,generalist_mistral,generalist,5,4,lack of pilot projects,lack of pilot projects,matched,corrected_from_label,False,29,20260702_000150,no
generalist_mistral_29_b9,mistral,generalist_mistral,generalist,9,5,lack of enough trained personnel in DC systems,lack of enough trained personnel in DC systems,matched,corrected_from_label,False,29,20260702_000150,no
normative_mistral_29_b1,mistral,normative_mistral,normative,1,1,"power losses, quality and safety issues","power losses, quality and safety issues",matched,correct_id,False,29,20260702_000150,no
normative_mistral_29_b2,mistral,normative_mistral,normative,2,2,reduced reliability in DC devices,reduced reliability in DC devices,matched,correct_id,False,29,20260702_000150,no
normative_mistral_29_b4,mistral,normative_mistral,normative,4,3,"uncertain utility interaction (net metering, utility ownership, and agreed standards)","uncertain utility interaction (net metering, utility ownership, and agreed standards)",matched,corrected_from_label,False,29,20260702_000150,no
normative_mistral_29_b5,mistral,normative_mistral,normative,5,4,lack of pilot projects,lack of pilot projects,matched,corrected_from_label,False,29,20260702_000150,no
normative_mistral_29_b6,mistral,normative_mistral,normative,6,5,public perception of DC and readiness to 'champion' installations from DC projects,public perception of DC and readiness to 'champion' installations from DC projects,matched,corrected_from_label,False,29,20260702_000150,no
subject-matter_mistral_29_b1,mistral,subject-matter_mistral,subject-matter,1,1,"power losses, quality and safety issues","power losses, quality and safety issues",matched,correct_id,False,29,20260702_000150,no
subject-matter_mistral_29_b2,mistral,subject-matter_mistral,subject-matter,2,2,reduced reliability in DC devices,reduced reliability in DC devices,matched,correct_id,False,29,20260702_000150,no
subject-matter_mistral_29_b4,mistral,subject-matter_mistral,subject-matter,4,3,"uncertain utility interaction (net metering, utility ownership, and agreed standards)","uncertain utility interaction (net metering, utility ownership, and agreed standards)",matched,corrected_from_label,False,29,20260702_000150,no
subject-matter_mistral_29_b5,mistral,subject-matter_mistral,subject-matter,5,4,lack of pilot projects,lack of pilot projects,matched,corrected_from_label,False,29,20260702_000150,no
subject-matter_mistral_29_b10,mistral,subject-matter_mistral,subject-matter,10,5,uncertain regulatory roadmap,uncertain regulatory roadmap,matched,corrected_from_label,False,29,20260702_000150,no
generalist_gemma3_29_b1,gemma3,generalist_gemma3,generalist,1,1,"power losses, quality and safety issues","power losses, quality and safety issues",matched,correct_id,False,29,20260702_000150,no
generalist_gemma3_29_b5,gemma3,generalist_gemma3,generalist,5,2,lack of pilot projects,lack of pilot projects,matched,corrected_from_label,False,29,20260702_000150,no
generalist_gemma3_29_b6,gemma3,generalist_gemma3,generalist,6,3,public perception of DC and readiness to 'champion' installations from DC projects,public perception of DC and readiness to 'champion' installations from DC projects,matched,corrected_from_label,False,29,20260702_000150,no
generalist_gemma3_29_b8,gemma3,generalist_gemma3,generalist,8,4,misconception and lack of knowledge leads to lengthy/expensive design and permit process,misconception and lack of knowledge leads to lengthy/expensive design and permit process,matched,corrected_from_label,False,29,20260702_000150,no
generalist_gemma3_29_b10,gemma3,generalist_gemma3,generalist,10,5,uncertain regulatory roadmap,uncertain regulatory roadmap,matched,corrected_from_label,False,29,20260702_000150,no
normative_gemma3_29_b1,gemma3,normative_gemma3,normative,1,1,"power losses, quality and safety issues","power losses, quality and safety issues",matched,correct_id,False,29,20260702_000150,no
normative_gemma3_29_b4,gemma3,normative_gemma3,normative,4,4,"uncertain utility interaction (net metering, utility ownership, and agreed standards)","uncertain utility interaction (net metering, utility ownership, and agreed standards)",matched,correct_id,False,29,20260702_000150,no
normative_gemma3_29_b7,gemma3,normative_gemma3,normative,7,7,incompatibility of DC systems components,incompatibility of DC systems components,matched,correct_id,False,29,20260702_000150,no
normative_gemma3_29_b8,gemma3,normative_gemma3,normative,8,8,misconception and lack of knowledge leads to lengthy/expensive design and permit process,misconception and lack of knowledge leads to lengthy/expensive design and permit process,matched,correct_id,False,29,20260702_000150,no
normative_gemma3_29_b11,gemma3,normative_gemma3,normative,11,11,high costs of DC solutions,high costs of DC solutions,matched,correct_id,False,29,20260702_000150,no
subject-matter_gemma3_29_b1,gemma3,subject-matter_gemma3,subject-matter,1,1,"power losses, quality and safety issues","power losses, quality and safety issues",matched,correct_id,False,29,20260702_000150,no
subject-matter_gemma3_29_b3,gemma3,subject-matter_gemma3,subject-matter,3,2,lack of use-cases in which DC is advantageous,lack of use-cases in which DC is advantageous,matched,corrected_from_label,False,29,20260702_000150,no
subject-matter_gemma3_29_b4,gemma3,subject-matter_gemma3,subject-matter,4,3,"uncertain utility interaction (net metering, utility ownership, and agreed standards)","uncertain utility interaction (net metering, utility ownership, and agreed standards)",matched,corrected_from_label,False,29,20260702_000150,no
subject-matter_gemma3_29_b8,gemma3,subject-matter_gemma3,subject-matter,8,4,misconception and lack of knowledge leads to lengthy/expensive design and permit process,misconception and lack of knowledge leads to lengthy/expensive design and permit process,matched,corrected_from_label,False,29,20260702_000150,no
subject-matter_gemma3_29_b10,gemma3,subject-matter_gemma3,subject-matter,10,5,uncertain regulatory roadmap,uncertain regulatory roadmap,matched,corrected_from_label,False,29,20260702_000150,no
generalist_phi4_29_b1,phi4,generalist_phi4,generalist,1,1,"power losses, quality and safety issues","power losses, quality and safety issues",matched,correct_id,False,29,20260702_000150,no
generalist_phi4_29_b3,phi4,generalist_phi4,generalist,3,2,lack of use-cases in which DC is advantageous,lack of use-cases in which DC is advantageous,matched,corrected_from_label,False,29,20260702_000150,no
generalist_phi4_29_b4,phi4,generalist_phi4,generalist,4,4,"uncertain utility interaction (net metering, utility ownership, and agreed standards)","uncertain utility interaction (net metering, utility ownership, and agreed standards)",matched,correct_id,False,29,20260702_000150,no
generalist_phi4_29_b5,phi4,generalist_phi4,generalist,5,5,lack of pilot projects,lack of pilot projects,matched,correct_id,False,29,20260702_000150,no
generalist_phi4_29_b10,phi4,generalist_phi4,generalist,10,10,uncertain regulatory roadmap,uncertain regulatory roadmap,matched,correct_id,False,29,20260702_000150,no
normative_phi4_29_b1,phi4,normative_phi4,normative,1,1,"power losses, quality and safety issues","power losses, quality and safety issues",matched,correct_id,False,29,20260702_000150,no
normative_phi4_29_b4,phi4,normative_phi4,normative,4,4,"uncertain utility interaction (net metering, utility ownership, and agreed standards)","uncertain utility interaction (net metering, utility ownership, and agreed standards)",matched,correct_id,False,29,20260702_000150,no
normative_phi4_29_b5,phi4,normative_phi4,normative,5,5,lack of pilot projects,lack of pilot projects,matched,correct_id,False,29,20260702_000150,no
normative_phi4_29_b9,phi4,normative_phi4,normative,9,9,lack of enough trained personnel in DC systems,lack of enough trained personnel in DC systems,matched,correct_id,False,29,20260702_000150,no
normative_phi4_29_b10,phi4,normative_phi4,normative,10,10,uncertain regulatory roadmap,uncertain regulatory roadmap,matched,correct_id,False,29,20260702_000150,no
subject-matter_phi4_29_b1,phi4,subject-matter_phi4,subject-matter,1,1,"power losses, quality and safety issues","power losses, quality and safety issues",matched,correct_id,False,29,20260702_000150,no
subject-matter_phi4_29_b3,phi4,subject-matter_phi4,subject-matter,3,2,lack of use-cases in which DC is advantageous,lack of use-cases in which DC is advantageous,matched,corrected_from_label,False,29,20260702_000150,no
subject-matter_phi4_29_b4,phi4,subject-matter_phi4,subject-matter,4,4,"uncertain utility interaction (net metering, utility ownership, and agreed standards)","uncertain utility interaction (net metering, utility ownership, and agreed standards)",matched,correct_id,False,29,20260702_000150,no
subject-matter_phi4_29_b5,phi4,subject-matter_phi4,subject-matter,5,5,lack of pilot projects,lack of pilot projects,matched,correct_id,False,29,20260702_000150,no
subject-matter_phi4_29_b10,phi4,subject-matter_phi4,subject-matter,10,10,uncertain regulatory roadmap,uncertain regulatory roadmap,matched,correct_id,False,29,20260702_000150,no
generalist_llama_30_b1,llama,generalist_llama,generalist,1,1,"power losses, quality and safety issues","Power losses, quality, and safety issues",matched,correct_id,False,30,20260702_000344,no
generalist_llama_30_b2,llama,generalist_llama,generalist,2,2,reduced reliability in DC devices,Reduced reliability in DC devices,matched,correct_id,False,30,20260702_000344,no
generalist_llama_30_b3,llama,generalist_llama,generalist,3,3,lack of use-cases in which DC is advantageous,Lack of use-cases in which DC is advantageous,matched,correct_id,False,30,20260702_000344,no
generalist_llama_30_b4,llama,generalist_llama,generalist,4,4,"uncertain utility interaction (net metering, utility ownership, and agreed standards)","Uncertain utility interaction (net metering, utility ownership, and agreed standards)",matched,correct_id,False,30,20260702_000344,no
generalist_llama_30_b5,llama,generalist_llama,generalist,5,5,lack of pilot projects,Lack of pilot projects,matched,correct_id,False,30,20260702_000344,no
normative_llama_30_b1,llama,normative_llama,normative,1,1,"power losses, quality and safety issues","power losses, quality and safety issues",matched,correct_id,False,30,20260702_000344,no
normative_llama_30_b2,llama,normative_llama,normative,2,2,reduced reliability in DC devices,reduced reliability in DC devices,matched,correct_id,False,30,20260702_000344,no
normative_llama_30_b4,llama,normative_llama,normative,4,3,"uncertain utility interaction (net metering, utility ownership, and agreed standards)","uncertain utility interaction (net metering, utility ownership, and agreed standards)",matched,corrected_from_label,False,30,20260702_000344,no
normative_llama_30_b5,llama,normative_llama,normative,5,4,lack of pilot projects,lack of pilot projects,matched,corrected_from_label,False,30,20260702_000344,no
normative_llama_30_b6,llama,normative_llama,normative,6,5,public perception of DC and readiness to 'champion' installations from DC projects,public perception of DC and readiness to 'champion' installations from DC projects,matched,corrected_from_label,False,30,20260702_000344,no
subject-matter_llama_30_b7,llama,subject-matter_llama,subject-matter,7,1,incompatibility of DC systems components,Incompatibility of DC systems components,matched,corrected_from_label,False,30,20260702_000344,no
subject-matter_llama_30_b11,llama,subject-matter_llama,subject-matter,11,2,high costs of DC solutions,High costs of DC solutions,matched,corrected_from_label,False,30,20260702_000344,no
subject-matter_llama_30_b3,llama,subject-matter_llama,subject-matter,3,3,lack of use-cases in which DC is advantageous,Lack of use-cases in which DC is advantageous,matched,correct_id,False,30,20260702_000344,no
subject-matter_llama_30_b4,llama,subject-matter_llama,subject-matter,4,4,"uncertain utility interaction (net metering, utility ownership, and agreed standards)","Uncertain utility interaction (net metering, utility ownership, and agreed standards)",matched,correct_id,False,30,20260702_000344,no
subject-matter_llama_30_b5,llama,subject-matter_llama,subject-matter,5,5,lack of pilot projects,Lack of pilot projects,matched,correct_id,False,30,20260702_000344,no
generalist_mistral_30_b1,mistral,generalist_mistral,generalist,1,1,"power losses, quality and safety issues","power losses, quality, and safety issues",matched,correct_id,False,30,20260702_000344,no
generalist_mistral_30_b2,mistral,generalist_mistral,generalist,2,2,reduced reliability in DC devices,reduced reliability in DC devices,matched,correct_id,False,30,20260702_000344,no
generalist_mistral_30_b3,mistral,generalist_mistral,generalist,3,3,lack of use-cases in which DC is advantageous,lack of use-cases in which DC is advantageous,matched,correct_id,False,30,20260702_000344,no
generalist_mistral_30_b4,mistral,generalist_mistral,generalist,4,4,"uncertain utility interaction (net metering, utility ownership, and agreed standards)","uncertain utility interaction (net metering, utility ownership, and agreed standards)",matched,correct_id,False,30,20260702_000344,no
generalist_mistral_30_b5,mistral,generalist_mistral,generalist,5,5,lack of pilot projects,lack of pilot projects,matched,correct_id,False,30,20260702_000344,no
normative_mistral_30_b1,mistral,normative_mistral,normative,1,1,"power losses, quality and safety issues","power losses, quality and safety issues",matched,correct_id,False,30,20260702_000344,no
normative_mistral_30_b2,mistral,normative_mistral,normative,2,2,reduced reliability in DC devices,reduced reliability in DC devices,matched,correct_id,False,30,20260702_000344,no
normative_mistral_30_b3,mistral,normative_mistral,normative,3,3,lack of use-cases in which DC is advantageous,lack of use-cases in which DC is advantageous,matched,correct_id,False,30,20260702_000344,no
normative_mistral_30_b4,mistral,normative_mistral,normative,4,4,"uncertain utility interaction (net metering, utility ownership, and agreed standards)","uncertain utility interaction (net metering, utility ownership, and agreed standards)",matched,correct_id,False,30,20260702_000344,no
normative_mistral_30_b5,mistral,normative_mistral,normative,5,5,lack of pilot projects,lack of pilot projects,matched,correct_id,False,30,20260702_000344,no
subject-matter_mistral_30_b1,mistral,subject-matter_mistral,subject-matter,1,1,"power losses, quality and safety issues","Power losses, quality, and safety issues (Barrier 1)",matched_by_fuzzy_prefix,correct_id_fuzzy_prefix,False,30,20260702_000344,no
subject-matter_mistral_30_b2,mistral,subject-matter_mistral,subject-matter,2,2,reduced reliability in DC devices,Reduced reliability in DC devices (Barrier 2),matched_by_fuzzy_prefix,correct_id_fuzzy_prefix,False,30,20260702_000344,no
subject-matter_mistral_30_b3,mistral,subject-matter_mistral,subject-matter,3,3,lack of use-cases in which DC is advantageous,Lack of use-cases in which DC is advantageous (Barrier 3),matched_by_fuzzy_prefix,correct_id_fuzzy_prefix,False,30,20260702_000344,no
subject-matter_mistral_30_b4,mistral,subject-matter_mistral,subject-matter,4,4,"uncertain utility interaction (net metering, utility ownership, and agreed standards)","Uncertain utility interaction (net metering, utility ownership, and agreed standards) (Barrier 4)",matched_by_fuzzy_prefix,correct_id_fuzzy_prefix,False,30,20260702_000344,no
subject-matter_mistral_30_b5,mistral,subject-matter_mistral,subject-matter,5,5,lack of pilot projects,Lack of pilot projects (Barrier 5),matched_by_fuzzy_prefix,correct_id_fuzzy_prefix,False,30,20260702_000344,no
generalist_gemma3_30_b1,gemma3,generalist_gemma3,generalist,1,1,"power losses, quality and safety issues","power losses, quality and safety issues",matched,correct_id,False,30,20260702_000344,no
generalist_gemma3_30_b3,gemma3,generalist_gemma3,generalist,3,2,lack of use-cases in which DC is advantageous,lack of use-cases in which DC is advantageous,matched,corrected_from_label,False,30,20260702_000344,no
generalist_gemma3_30_b4,gemma3,generalist_gemma3,generalist,4,3,"uncertain utility interaction (net metering, utility ownership, and agreed standards)","uncertain utility interaction (net metering, utility ownership, and agreed standards)",matched,corrected_from_label,False,30,20260702_000344,no
generalist_gemma3_30_b8,gemma3,generalist_gemma3,generalist,8,4,misconception and lack of knowledge leads to lengthy/expensive design and permit process,misconception and lack of knowledge leads to lengthy/expensive design and permit process,matched,corrected_from_label,False,30,20260702_000344,no
generalist_gemma3_30_b11,gemma3,generalist_gemma3,generalist,11,5,high costs of DC solutions,high costs of DC solutions,matched,corrected_from_label,False,30,20260702_000344,no
normative_gemma3_30_b1,gemma3,normative_gemma3,normative,1,1,"power losses, quality and safety issues","power losses, quality and safety issues",matched,correct_id,False,30,20260702_000344,no
normative_gemma3_30_b4,gemma3,normative_gemma3,normative,4,4,"uncertain utility interaction (net metering, utility ownership, and agreed standards)","uncertain utility interaction (net metering, utility ownership, and agreed standards)",matched,correct_id,False,30,20260702_000344,no
normative_gemma3_30_b7,gemma3,normative_gemma3,normative,7,7,incompatibility of DC systems components,incompatibility of DC systems components,matched,correct_id,False,30,20260702_000344,no
normative_gemma3_30_b8,gemma3,normative_gemma3,normative,8,8,misconception and lack of knowledge leads to lengthy/expensive design and permit process,misconception and lack of knowledge leads to lengthy/expensive design and permit process,matched,correct_id,False,30,20260702_000344,no
normative_gemma3_30_b11,gemma3,normative_gemma3,normative,11,11,high costs of DC solutions,high costs of DC solutions,matched,correct_id,False,30,20260702_000344,no
subject-matter_gemma3_30_b1,gemma3,subject-matter_gemma3,subject-matter,1,1,"power losses, quality and safety issues","power losses, quality and safety issues",matched,correct_id,False,30,20260702_000344,no
subject-matter_gemma3_30_b3,gemma3,subject-matter_gemma3,subject-matter,3,2,lack of use-cases in which DC is advantageous,lack of use-cases in which DC is advantageous,matched,corrected_from_label,False,30,20260702_000344,no
subject-matter_gemma3_30_b4,gemma3,subject-matter_gemma3,subject-matter,4,3,"uncertain utility interaction (net metering, utility ownership, and agreed standards)","uncertain utility interaction (net metering, utility ownership, and agreed standards)",matched,corrected_from_label,False,30,20260702_000344,no
subject-matter_gemma3_30_b8,gemma3,subject-matter_gemma3,subject-matter,8,4,misconception and lack of knowledge leads to lengthy/expensive design and permit process,misconception and lack of knowledge leads to lengthy/expensive design and permit process,matched,corrected_from_label,False,30,20260702_000344,no
subject-matter_gemma3_30_b10,gemma3,subject-matter_gemma3,subject-matter,10,5,uncertain regulatory roadmap,uncertain regulatory roadmap,matched,corrected_from_label,False,30,20260702_000344,no
generalist_phi4_30_b1,phi4,generalist_phi4,generalist,1,1,"power losses, quality and safety issues","power losses, quality and safety issues",matched,correct_id,False,30,20260702_000344,no
generalist_phi4_30_b3,phi4,generalist_phi4,generalist,3,3,lack of use-cases in which DC is advantageous,lack of use-cases in which DC is advantageous,matched,correct_id,False,30,20260702_000344,no
generalist_phi4_30_b4,phi4,generalist_phi4,generalist,4,4,"uncertain utility interaction (net metering, utility ownership, and agreed standards)","uncertain utility interaction (net metering, utility ownership, and agreed standards)",matched,correct_id,False,30,20260702_000344,no
generalist_phi4_30_b5,phi4,generalist_phi4,generalist,5,5,lack of pilot projects,lack of pilot projects,matched,correct_id,False,30,20260702_000344,no
generalist_phi4_30_b10,phi4,generalist_phi4,generalist,10,10,uncertain regulatory roadmap,uncertain regulatory roadmap,matched,correct_id,False,30,20260702_000344,no
normative_phi4_30_b1,phi4,normative_phi4,normative,1,1,"power losses, quality and safety issues","power losses, quality and safety issues",matched,correct_id,False,30,20260702_000344,no
normative_phi4_30_b2,phi4,normative_phi4,normative,2,2,reduced reliability in DC devices,reduced reliability in DC devices,matched,correct_id,False,30,20260702_000344,no
normative_phi4_30_b3,phi4,normative_phi4,normative,3,3,lack of use-cases in which DC is advantageous,lack of use-cases in which DC is advantageous,matched,correct_id,False,30,20260702_000344,no
normative_phi4_30_b4,phi4,normative_phi4,normative,4,4,"uncertain utility interaction (net metering, utility ownership, and agreed standards)","uncertain utility interaction (net metering, utility ownership, and agreed standards)",matched,correct_id,False,30,20260702_000344,no
normative_phi4_30_b9,phi4,normative_phi4,normative,9,5,lack of enough trained personnel in DC systems,lack of enough trained personnel in DC systems,matched,corrected_from_label,False,30,20260702_000344,no
subject-matter_phi4_30_b1,phi4,subject-matter_phi4,subject-matter,1,1,"power losses, quality and safety issues","power losses, quality and safety issues",matched,correct_id,False,30,20260702_000344,no
subject-matter_phi4_30_b2,phi4,subject-matter_phi4,subject-matter,2,2,reduced reliability in DC devices,reduced reliability in DC devices,matched,correct_id,False,30,20260702_000344,no
subject-matter_phi4_30_b4,phi4,subject-matter_phi4,subject-matter,4,4,"uncertain utility interaction (net metering, utility ownership, and agreed standards)","uncertain utility interaction (net metering, utility ownership, and agreed standards)",matched,correct_id,False,30,20260702_000344,no
subject-matter_phi4_30_b5,phi4,subject-matter_phi4,subject-matter,5,5,lack of pilot projects,lack of pilot projects,matched,correct_id,False,30,20260702_000344,no
subject-matter_phi4_30_b10,phi4,subject-matter_phi4,subject-matter,10,10,uncertain regulatory roadmap,uncertain regulatory roadmap,matched,correct_id,False,30,20260702_000344,no
generalist_llama_31_b1,llama,generalist_llama,generalist,1,1,"power losses, quality and safety issues","Power losses, quality and safety issues",matched,correct_id,False,31,20260702_000549,no
generalist_llama_31_b2,llama,generalist_llama,generalist,2,2,reduced reliability in DC devices,Reduced reliability in DC devices,matched,correct_id,False,31,20260702_000549,no
generalist_llama_31_b3,llama,generalist_llama,generalist,3,3,lack of use-cases in which DC is advantageous,Lack of use-cases in which DC is advantageous,matched,correct_id,False,31,20260702_000549,no
generalist_llama_31_b4,llama,generalist_llama,generalist,4,4,"uncertain utility interaction (net metering, utility ownership, and agreed standards)","Uncertain utility interaction (net metering, utility ownership, and agreed standards)",matched,correct_id,False,31,20260702_000549,no
generalist_llama_31_b5,llama,generalist_llama,generalist,5,5,lack of pilot projects,Lack of pilot projects,matched,correct_id,False,31,20260702_000549,no
normative_llama_31_b1,llama,normative_llama,normative,1,5,"power losses, quality and safety issues","power losses, quality and safety issues",matched,corrected_from_label,False,31,20260702_000549,no
normative_llama_31_b2,llama,normative_llama,normative,2,2,reduced reliability in DC devices,reduced reliability in DC devices,matched,correct_id,False,31,20260702_000549,no
normative_llama_31_b7,llama,normative_llama,normative,7,7,incompatibility of DC systems components,incompatibility of DC systems components,matched,correct_id,False,31,20260702_000549,no
normative_llama_31_b9,llama,normative_llama,normative,9,9,lack of enough trained personnel in DC systems,lack of enough trained personnel in DC systems,matched,correct_id,False,31,20260702_000549,no
normative_llama_31_b10,llama,normative_llama,normative,10,10,uncertain regulatory roadmap,uncertain regulatory roadmap,matched,correct_id,False,31,20260702_000549,no
subject-matter_llama_31_b1,llama,subject-matter_llama,subject-matter,1,1,"power losses, quality and safety issues","Power losses, quality and safety issues",matched,correct_id,False,31,20260702_000549,no
subject-matter_llama_31_b2,llama,subject-matter_llama,subject-matter,2,2,reduced reliability in DC devices,Reduced reliability in DC devices,matched,correct_id,False,31,20260702_000549,no
subject-matter_llama_31_b3,llama,subject-matter_llama,subject-matter,3,3,lack of use-cases in which DC is advantageous,Lack of use-cases in which DC is advantageous,matched,correct_id,False,31,20260702_000549,no
subject-matter_llama_31_b4,llama,subject-matter_llama,subject-matter,4,4,"uncertain utility interaction (net metering, utility ownership, and agreed standards)","Uncertain utility interaction (net metering, utility ownership, and agreed standards)",matched,correct_id,False,31,20260702_000549,no
subject-matter_llama_31_b5,llama,subject-matter_llama,subject-matter,5,5,lack of pilot projects,Lack of pilot projects,matched,correct_id,False,31,20260702_000549,no
generalist_mistral_31_b1,mistral,generalist_mistral,generalist,1,1,"power losses, quality and safety issues","Power losses, quality, and safety issues",matched,correct_id,False,31,20260702_000549,no
generalist_mistral_31_b2,mistral,generalist_mistral,generalist,2,2,reduced reliability in DC devices,Reduced reliability in DC devices,matched,correct_id,False,31,20260702_000549,no
generalist_mistral_31_b3,mistral,generalist_mistral,generalist,3,3,lack of use-cases in which DC is advantageous,Lack of use-cases in which DC is advantageous,matched,correct_id,False,31,20260702_000549,no
generalist_mistral_31_b4,mistral,generalist_mistral,generalist,4,4,"uncertain utility interaction (net metering, utility ownership, and agreed standards)","Uncertain utility interaction (net metering, utility ownership, and agreed standards)",matched,correct_id,False,31,20260702_000549,no
generalist_mistral_31_b5,mistral,generalist_mistral,generalist,5,5,lack of pilot projects,Lack of pilot projects,matched,correct_id,False,31,20260702_000549,no
normative_mistral_31_b1,mistral,normative_mistral,normative,1,1,"power losses, quality and safety issues","power losses, quality and safety issues",matched,correct_id,False,31,20260702_000549,no
normative_mistral_31_b2,mistral,normative_mistral,normative,2,2,reduced reliability in DC devices,reduced reliability in DC devices,matched,correct_id,False,31,20260702_000549,no
normative_mistral_31_b4,mistral,normative_mistral,normative,4,3,"uncertain utility interaction (net metering, utility ownership, and agreed standards)","uncertain utility interaction (net metering, utility ownership, and agreed standards)",matched,corrected_from_label,False,31,20260702_000549,no
normative_mistral_31_b5,mistral,normative_mistral,normative,5,4,lack of pilot projects,lack of pilot projects,matched,corrected_from_label,False,31,20260702_000549,no
normative_mistral_31_b11,mistral,normative_mistral,normative,11,5,high costs of DC solutions,high costs of DC solutions,matched,corrected_from_label,False,31,20260702_000549,no
subject-matter_mistral_31_b1,mistral,subject-matter_mistral,subject-matter,1,1,"power losses, quality and safety issues","Power losses, quality, and safety issues",matched,correct_id,False,31,20260702_000549,no
subject-matter_mistral_31_b2,mistral,subject-matter_mistral,subject-matter,2,2,reduced reliability in DC devices,Reduced reliability in DC devices,matched,correct_id,False,31,20260702_000549,no
subject-matter_mistral_31_b3,mistral,subject-matter_mistral,subject-matter,3,3,lack of use-cases in which DC is advantageous,Lack of use-cases in which DC is advantageous,matched,correct_id,False,31,20260702_000549,no
subject-matter_mistral_31_b4,mistral,subject-matter_mistral,subject-matter,4,4,"uncertain utility interaction (net metering, utility ownership, and agreed standards)","Uncertain utility interaction (net metering, utility ownership, and agreed standards)",matched,correct_id,False,31,20260702_000549,no
subject-matter_mistral_31_b5,mistral,subject-matter_mistral,subject-matter,5,5,lack of pilot projects,Lack of pilot projects,matched,correct_id,False,31,20260702_000549,no
generalist_gemma3_31_b1,gemma3,generalist_gemma3,generalist,1,1,"power losses, quality and safety issues","power losses, quality and safety issues",matched,correct_id,False,31,20260702_000549,no
generalist_gemma3_31_b5,gemma3,generalist_gemma3,generalist,5,2,lack of pilot projects,lack of pilot projects,matched,corrected_from_label,False,31,20260702_000549,no
generalist_gemma3_31_b6,gemma3,generalist_gemma3,generalist,6,3,public perception of DC and readiness to 'champion' installations from DC projects,public perception of DC and readiness to 'champion' installations from DC projects,matched,corrected_from_label,False,31,20260702_000549,no
generalist_gemma3_31_b8,gemma3,generalist_gemma3,generalist,8,4,misconception and lack of knowledge leads to lengthy/expensive design and permit process,misconception and lack of knowledge leads to lengthy/expensive design and permit process,matched,corrected_from_label,False,31,20260702_000549,no
generalist_gemma3_31_b10,gemma3,generalist_gemma3,generalist,10,5,uncertain regulatory roadmap,uncertain regulatory roadmap,matched,corrected_from_label,False,31,20260702_000549,no
normative_gemma3_31_b1,gemma3,normative_gemma3,normative,1,1,"power losses, quality and safety issues","power losses, quality and safety issues",matched,correct_id,False,31,20260702_000549,no
normative_gemma3_31_b4,gemma3,normative_gemma3,normative,4,4,"uncertain utility interaction (net metering, utility ownership, and agreed standards)","uncertain utility interaction (net metering, utility ownership, and agreed standards)",matched,correct_id,False,31,20260702_000549,no
normative_gemma3_31_b7,gemma3,normative_gemma3,normative,7,7,incompatibility of DC systems components,incompatibility of DC systems components,matched,correct_id,False,31,20260702_000549,no
normative_gemma3_31_b8,gemma3,normative_gemma3,normative,8,8,misconception and lack of knowledge leads to lengthy/expensive design and permit process,misconception and lack of knowledge leads to lengthy/expensive design and permit process,matched,correct_id,False,31,20260702_000549,no
normative_gemma3_31_b11,gemma3,normative_gemma3,normative,11,11,high costs of DC solutions,high costs of DC solutions,matched,correct_id,False,31,20260702_000549,no
subject-matter_gemma3_31_b1,gemma3,subject-matter_gemma3,subject-matter,1,1,"power losses, quality and safety issues","power losses, quality and safety issues",matched,correct_id,False,31,20260702_000549,no
subject-matter_gemma3_31_b5,gemma3,subject-matter_gemma3,subject-matter,5,2,lack of pilot projects,lack of pilot projects,matched,corrected_from_label,False,31,20260702_000549,no
subject-matter_gemma3_31_b4,gemma3,subject-matter_gemma3,subject-matter,4,3,"uncertain utility interaction (net metering, utility ownership, and agreed standards)","uncertain utility interaction (net metering, utility ownership, and agreed standards)",matched,corrected_from_label,False,31,20260702_000549,no
subject-matter_gemma3_31_b8,gemma3,subject-matter_gemma3,subject-matter,8,4,misconception and lack of knowledge leads to lengthy/expensive design and permit process,misconception and lack of knowledge leads to lengthy/expensive design and permit process,matched,corrected_from_label,False,31,20260702_000549,no
subject-matter_gemma3_31_b10,gemma3,subject-matter_gemma3,subject-matter,10,5,uncertain regulatory roadmap,uncertain regulatory roadmap,matched,corrected_from_label,False,31,20260702_000549,no
generalist_phi4_31_b1,phi4,generalist_phi4,generalist,1,1,"power losses, quality and safety issues","power losses, quality and safety issues",matched,correct_id,False,31,20260702_000549,no
generalist_phi4_31_b3,phi4,generalist_phi4,generalist,3,2,lack of use-cases in which DC is advantageous,lack of use-cases in which DC is advantageous,matched,corrected_from_label,False,31,20260702_000549,no
generalist_phi4_31_b4,phi4,generalist_phi4,generalist,4,4,"uncertain utility interaction (net metering, utility ownership, and agreed standards)","uncertain utility interaction (net metering, utility ownership, and agreed standards)",matched,correct_id,False,31,20260702_000549,no
generalist_phi4_31_b5,phi4,generalist_phi4,generalist,5,5,lack of pilot projects,lack of pilot projects,matched,correct_id,False,31,20260702_000549,no
generalist_phi4_31_b10,phi4,generalist_phi4,generalist,10,10,uncertain regulatory roadmap,uncertain regulatory roadmap,matched,correct_id,False,31,20260702_000549,no
normative_phi4_31_b1,phi4,normative_phi4,normative,1,1,"power losses, quality and safety issues","power losses, quality and safety issues",matched,correct_id,False,31,20260702_000549,no
normative_phi4_31_b3,phi4,normative_phi4,normative,3,3,lack of use-cases in which DC is advantageous,lack of use-cases in which DC is advantageous,matched,correct_id,False,31,20260702_000549,no
normative_phi4_31_b4,phi4,normative_phi4,normative,4,4,"uncertain utility interaction (net metering, utility ownership, and agreed standards)","uncertain utility interaction (net metering, utility ownership, and agreed standards)",matched,correct_id,False,31,20260702_000549,no
normative_phi4_31_b5,phi4,normative_phi4,normative,5,5,lack of pilot projects,lack of pilot projects,matched,correct_id,False,31,20260702_000549,no
normative_phi4_31_b10,phi4,normative_phi4,normative,10,10,uncertain regulatory roadmap,uncertain regulatory roadmap,matched,correct_id,False,31,20260702_000549,no
subject-matter_phi4_31_b1,phi4,subject-matter_phi4,subject-matter,1,1,"power losses, quality and safety issues","power losses, quality and safety issues",matched,correct_id,False,31,20260702_000549,no
subject-matter_phi4_31_b4,phi4,subject-matter_phi4,subject-matter,4,4,"uncertain utility interaction (net metering, utility ownership, and agreed standards)","uncertain utility interaction (net metering, utility ownership, and agreed standards)",matched,correct_id,False,31,20260702_000549,no
subject-matter_phi4_31_b5,phi4,subject-matter_phi4,subject-matter,5,5,lack of pilot projects,lack of pilot projects,matched,correct_id,False,31,20260702_000549,no
subject-matter_phi4_31_b10,phi4,subject-matter_phi4,subject-matter,10,10,uncertain regulatory roadmap,uncertain regulatory roadmap,matched,correct_id,False,31,20260702_000549,no
subject-matter_phi4_31_b11,phi4,subject-matter_phi4,subject-matter,11,11,high costs of DC solutions,high costs of DC solutions,matched,correct_id,False,31,20260702_000549,no
generalist_llama_32_b1,llama,generalist_llama,generalist,1,1,"power losses, quality and safety issues","Power losses, quality and safety issues",matched,correct_id,False,32,20260702_000749,no
generalist_llama_32_b2,llama,generalist_llama,generalist,2,2,reduced reliability in DC devices,Reduced reliability in DC devices,matched,correct_id,False,32,20260702_000749,no
generalist_llama_32_b3,llama,generalist_llama,generalist,3,3,lack of use-cases in which DC is advantageous,Lack of use-cases in which DC is advantageous,matched,correct_id,False,32,20260702_000749,no
generalist_llama_32_b4,llama,generalist_llama,generalist,4,4,"uncertain utility interaction (net metering, utility ownership, and agreed standards)","Uncertain utility interaction (net metering, utility ownership, and agreed standards)",matched,correct_id,False,32,20260702_000749,no
generalist_llama_32_b5,llama,generalist_llama,generalist,5,5,lack of pilot projects,Lack of pilot projects,matched,correct_id,False,32,20260702_000749,no
normative_llama_32_b1,llama,normative_llama,normative,1,5,"power losses, quality and safety issues","power losses, quality and safety issues",matched,corrected_from_label,False,32,20260702_000749,no
normative_llama_32_b6,llama,normative_llama,normative,6,6,public perception of DC and readiness to 'champion' installations from DC projects,public perception of DC and readiness to 'champion' installations from DC projects,matched,correct_id,False,32,20260702_000749,no
normative_llama_32_b7,llama,normative_llama,normative,7,7,incompatibility of DC systems components,incompatibility of DC systems components,matched,correct_id,False,32,20260702_000749,no
normative_llama_32_b8,llama,normative_llama,normative,8,8,misconception and lack of knowledge leads to lengthy/expensive design and permit process,misconception and lack of knowledge leads to lengthy/expensive design and permit process,matched,correct_id,False,32,20260702_000749,no
normative_llama_32_b9,llama,normative_llama,normative,9,9,lack of enough trained personnel in DC systems,lack of enough trained personnel in DC systems,matched,correct_id,False,32,20260702_000749,no
subject-matter_llama_32_b1,llama,subject-matter_llama,subject-matter,1,1,"power losses, quality and safety issues","Power losses, quality and safety issues",matched,correct_id,False,32,20260702_000749,no
subject-matter_llama_32_b2,llama,subject-matter_llama,subject-matter,2,2,reduced reliability in DC devices,Reduced reliability in DC devices,matched,correct_id,False,32,20260702_000749,no
subject-matter_llama_32_b3,llama,subject-matter_llama,subject-matter,3,3,lack of use-cases in which DC is advantageous,Lack of use-cases in which DC is advantageous,matched,correct_id,False,32,20260702_000749,no
subject-matter_llama_32_b4,llama,subject-matter_llama,subject-matter,4,4,"uncertain utility interaction (net metering, utility ownership, and agreed standards)","Uncertain utility interaction (net metering, utility ownership, and agreed standards)",matched,correct_id,False,32,20260702_000749,no
subject-matter_llama_32_b5,llama,subject-matter_llama,subject-matter,5,5,lack of pilot projects,Lack of pilot projects,matched,correct_id,False,32,20260702_000749,no
generalist_mistral_32_b1,mistral,generalist_mistral,generalist,1,1,"power losses, quality and safety issues","Power losses, quality, and safety issues",matched,correct_id,False,32,20260702_000749,no
generalist_mistral_32_b2,mistral,generalist_mistral,generalist,2,2,reduced reliability in DC devices,Reduced reliability in DC devices,matched,correct_id,False,32,20260702_000749,no
generalist_mistral_32_b3,mistral,generalist_mistral,generalist,3,3,lack of use-cases in which DC is advantageous,Lack of use-cases in which DC is advantageous,matched,correct_id,False,32,20260702_000749,no
generalist_mistral_32_b4,mistral,generalist_mistral,generalist,4,4,"uncertain utility interaction (net metering, utility ownership, and agreed standards)","Uncertain utility interaction (net metering, utility ownership, and agreed standards)",matched,correct_id,False,32,20260702_000749,no
generalist_mistral_32_b5,mistral,generalist_mistral,generalist,5,5,lack of pilot projects,Lack of pilot projects,matched,correct_id,False,32,20260702_000749,no
normative_mistral_32_b1,mistral,normative_mistral,normative,1,1,"power losses, quality and safety issues","power losses, quality and safety issues",matched,correct_id,False,32,20260702_000749,no
normative_mistral_32_b2,mistral,normative_mistral,normative,2,2,reduced reliability in DC devices,reduced reliability in DC devices,matched,correct_id,False,32,20260702_000749,no
normative_mistral_32_b4,mistral,normative_mistral,normative,4,3,"uncertain utility interaction (net metering, utility ownership, and agreed standards)","uncertain utility interaction (net metering, utility ownership, and agreed standards)",matched,corrected_from_label,False,32,20260702_000749,no
normative_mistral_32_b5,mistral,normative_mistral,normative,5,4,lack of pilot projects,lack of pilot projects,matched,corrected_from_label,False,32,20260702_000749,no
normative_mistral_32_b11,mistral,normative_mistral,normative,11,5,high costs of DC solutions,high costs of DC solutions,matched,corrected_from_label,False,32,20260702_000749,no
subject-matter_mistral_32_b1,mistral,subject-matter_mistral,subject-matter,1,1,"power losses, quality and safety issues","Power losses, quality, and safety issues",matched,correct_id,False,32,20260702_000749,no
subject-matter_mistral_32_b2,mistral,subject-matter_mistral,subject-matter,2,2,reduced reliability in DC devices,Reduced reliability in DC devices,matched,correct_id,False,32,20260702_000749,no
subject-matter_mistral_32_b4,mistral,subject-matter_mistral,subject-matter,4,3,"uncertain utility interaction (net metering, utility ownership, and agreed standards)","Uncertain utility interaction (net metering, utility ownership, and agreed standards)",matched,corrected_from_label,False,32,20260702_000749,no
subject-matter_mistral_32_b5,mistral,subject-matter_mistral,subject-matter,5,4,lack of pilot projects,Lack of pilot projects,matched,corrected_from_label,False,32,20260702_000749,no
subject-matter_mistral_32_b10,mistral,subject-matter_mistral,subject-matter,10,5,uncertain regulatory roadmap,Uncertain regulatory roadmap,matched,corrected_from_label,False,32,20260702_000749,no
generalist_gemma3_32_b1,gemma3,generalist_gemma3,generalist,1,1,"power losses, quality and safety issues","power losses, quality and safety issues",matched,correct_id,False,32,20260702_000749,no
generalist_gemma3_32_b5,gemma3,generalist_gemma3,generalist,5,2,lack of pilot projects,lack of pilot projects,matched,corrected_from_label,False,32,20260702_000749,no
generalist_gemma3_32_b6,gemma3,generalist_gemma3,generalist,6,3,public perception of DC and readiness to 'champion' installations from DC projects,public perception of DC and readiness to 'champion' installations from DC projects,matched,corrected_from_label,False,32,20260702_000749,no
generalist_gemma3_32_b8,gemma3,generalist_gemma3,generalist,8,4,misconception and lack of knowledge leads to lengthy/expensive design and permit process,misconception and lack of knowledge leads to lengthy/expensive design and permit process,matched,corrected_from_label,False,32,20260702_000749,no
generalist_gemma3_32_b10,gemma3,generalist_gemma3,generalist,10,5,uncertain regulatory roadmap,uncertain regulatory roadmap,matched,corrected_from_label,False,32,20260702_000749,no
normative_gemma3_32_b1,gemma3,normative_gemma3,normative,1,1,"power losses, quality and safety issues","power losses, quality and safety issues",matched,correct_id,False,32,20260702_000749,no
normative_gemma3_32_b4,gemma3,normative_gemma3,normative,4,4,"uncertain utility interaction (net metering, utility ownership, and agreed standards)","uncertain utility interaction (net metering, utility ownership, and agreed standards)",matched,correct_id,False,32,20260702_000749,no
normative_gemma3_32_b7,gemma3,normative_gemma3,normative,7,7,incompatibility of DC systems components,incompatibility of DC systems components,matched,correct_id,False,32,20260702_000749,no
normative_gemma3_32_b8,gemma3,normative_gemma3,normative,8,8,misconception and lack of knowledge leads to lengthy/expensive design and permit process,misconception and lack of knowledge leads to lengthy/expensive design and permit process,matched,correct_id,False,32,20260702_000749,no
normative_gemma3_32_b11,gemma3,normative_gemma3,normative,11,11,high costs of DC solutions,high costs of DC solutions,matched,correct_id,False,32,20260702_000749,no
subject-matter_gemma3_32_b1,gemma3,subject-matter_gemma3,subject-matter,1,1,"power losses, quality and safety issues","power losses, quality and safety issues",matched,correct_id,False,32,20260702_000749,no
subject-matter_gemma3_32_b5,gemma3,subject-matter_gemma3,subject-matter,5,2,lack of pilot projects,lack of pilot projects,matched,corrected_from_label,False,32,20260702_000749,no
subject-matter_gemma3_32_b6,gemma3,subject-matter_gemma3,subject-matter,6,3,public perception of DC and readiness to 'champion' installations from DC projects,public perception of DC and readiness to 'champion' installations from DC projects,matched,corrected_from_label,False,32,20260702_000749,no
subject-matter_gemma3_32_b8,gemma3,subject-matter_gemma3,subject-matter,8,4,misconception and lack of knowledge leads to lengthy/expensive design and permit process,misconception and lack of knowledge leads to lengthy/expensive design and permit process,matched,corrected_from_label,False,32,20260702_000749,no
subject-matter_gemma3_32_b10,gemma3,subject-matter_gemma3,subject-matter,10,5,uncertain regulatory roadmap,uncertain regulatory roadmap,matched,corrected_from_label,False,32,20260702_000749,no
generalist_phi4_32_b1,phi4,generalist_phi4,generalist,1,1,"power losses, quality and safety issues","power losses, quality and safety issues",matched,correct_id,False,32,20260702_000749,no
generalist_phi4_32_b3,phi4,generalist_phi4,generalist,3,3,lack of use-cases in which DC is advantageous,lack of use-cases in which DC is advantageous,matched,correct_id,False,32,20260702_000749,no
generalist_phi4_32_b4,phi4,generalist_phi4,generalist,4,4,"uncertain utility interaction (net metering, utility ownership, and agreed standards)","uncertain utility interaction (net metering, utility ownership, and agreed standards)",matched,correct_id,False,32,20260702_000749,no
generalist_phi4_32_b5,phi4,generalist_phi4,generalist,5,5,lack of pilot projects,lack of pilot projects,matched,correct_id,False,32,20260702_000749,no
generalist_phi4_32_b10,phi4,generalist_phi4,generalist,10,10,uncertain regulatory roadmap,uncertain regulatory roadmap,matched,correct_id,False,32,20260702_000749,no
normative_phi4_32_b1,phi4,normative_phi4,normative,1,1,"power losses, quality and safety issues","power losses, quality and safety issues",matched,correct_id,False,32,20260702_000749,no
normative_phi4_32_b2,phi4,normative_phi4,normative,2,2,reduced reliability in DC devices,reduced reliability in DC devices,matched,correct_id,False,32,20260702_000749,no
normative_phi4_32_b3,phi4,normative_phi4,normative,3,3,lack of use-cases in which DC is advantageous,lack of use-cases in which DC is advantageous,matched,correct_id,False,32,20260702_000749,no
normative_phi4_32_b4,phi4,normative_phi4,normative,4,4,"uncertain utility interaction (net metering, utility ownership, and agreed standards)","uncertain utility interaction (net metering, utility ownership, and agreed standards)",matched,correct_id,False,32,20260702_000749,no
normative_phi4_32_b5,phi4,normative_phi4,normative,5,5,lack of pilot projects,lack of pilot projects,matched,correct_id,False,32,20260702_000749,no
subject-matter_phi4_32_b1,phi4,subject-matter_phi4,subject-matter,1,1,"power losses, quality and safety issues","power losses, quality and safety issues",matched,correct_id,False,32,20260702_000749,no
subject-matter_phi4_32_b3,phi4,subject-matter_phi4,subject-matter,3,3,lack of use-cases in which DC is advantageous,lack of use-cases in which DC is advantageous,matched,correct_id,False,32,20260702_000749,no
subject-matter_phi4_32_b4,phi4,subject-matter_phi4,subject-matter,4,4,"uncertain utility interaction (net metering, utility ownership, and agreed standards)","uncertain utility interaction (net metering, utility ownership, and agreed standards)",matched,correct_id,False,32,20260702_000749,no
subject-matter_phi4_32_b5,phi4,subject-matter_phi4,subject-matter,5,5,lack of pilot projects,lack of pilot projects,matched,correct_id,False,32,20260702_000749,no
subject-matter_phi4_32_b10,phi4,subject-matter_phi4,subject-matter,10,10,uncertain regulatory roadmap,uncertain regulatory roadmap,matched,correct_id,False,32,20260702_000749,no
generalist_llama_33_b1,llama,generalist_llama,generalist,1,1,"power losses, quality and safety issues","Power losses, quality, and safety issues",matched,correct_id,False,33,20260702_000951,no
generalist_llama_33_b2,llama,generalist_llama,generalist,2,2,reduced reliability in DC devices,Reduced reliability in DC devices,matched,correct_id,False,33,20260702_000951,no
generalist_llama_33_b3,llama,generalist_llama,generalist,3,3,lack of use-cases in which DC is advantageous,Lack of use-cases in which DC is advantageous,matched,correct_id,False,33,20260702_000951,no
generalist_llama_33_b4,llama,generalist_llama,generalist,4,4,"uncertain utility interaction (net metering, utility ownership, and agreed standards)","Uncertain utility interaction (net metering, utility ownership, and agreed standards)",matched,correct_id,False,33,20260702_000951,no
generalist_llama_33_b5,llama,generalist_llama,generalist,5,5,lack of pilot projects,Lack of pilot projects,matched,correct_id,False,33,20260702_000951,no
normative_llama_33_b1,llama,normative_llama,normative,1,1,"power losses, quality and safety issues","power losses, quality and safety issues",matched,correct_id,False,33,20260702_000951,no
normative_llama_33_b2,llama,normative_llama,normative,2,2,reduced reliability in DC devices,reduced reliability in DC devices,matched,correct_id,False,33,20260702_000951,no
normative_llama_33_b3,llama,normative_llama,normative,3,3,lack of use-cases in which DC is advantageous,lack of use-cases in which DC is advantageous,matched,correct_id,False,33,20260702_000951,no
normative_llama_33_b4,llama,normative_llama,normative,4,4,"uncertain utility interaction (net metering, utility ownership, and agreed standards)","uncertain utility interaction (net metering, utility ownership, and agreed standards)",matched,correct_id,False,33,20260702_000951,no
normative_llama_33_b5,llama,normative_llama,normative,5,5,lack of pilot projects,lack of pilot projects,matched,correct_id,False,33,20260702_000951,no
subject-matter_llama_33_b1,llama,subject-matter_llama,subject-matter,1,1,"power losses, quality and safety issues","Power losses, quality, and safety issues",matched,correct_id,False,33,20260702_000951,no
subject-matter_llama_33_b4,llama,subject-matter_llama,subject-matter,4,2,"uncertain utility interaction (net metering, utility ownership, and agreed standards)","Uncertain utility interaction (net metering, utility ownership, and agreed standards)",matched,corrected_from_label,False,33,20260702_000951,no
subject-matter_llama_33_b3,llama,subject-matter_llama,subject-matter,3,3,lack of use-cases in which DC is advantageous,Lack of use-cases in which DC is advantageous,matched,correct_id,False,33,20260702_000951,no
subject-matter_llama_33_b7,llama,subject-matter_llama,subject-matter,7,4,incompatibility of DC systems components,Incompatibility of DC systems components,matched,corrected_from_label,False,33,20260702_000951,no
subject-matter_llama_33_b8,llama,subject-matter_llama,subject-matter,8,5,misconception and lack of knowledge leads to lengthy/expensive design and permit process,Misconception and lack of knowledge leads to lengthy/expensive design and permit process,matched,corrected_from_label,False,33,20260702_000951,no
generalist_mistral_33_b1,mistral,generalist_mistral,generalist,1,1,"power losses, quality and safety issues","power losses, quality and safety issues (#1)",matched_by_fuzzy_prefix,correct_id_fuzzy_prefix,False,33,20260702_000951,no
generalist_mistral_33_b2,mistral,generalist_mistral,generalist,2,2,reduced reliability in DC devices,reduced reliability in DC devices (#2),matched_by_fuzzy_prefix,correct_id_fuzzy_prefix,False,33,20260702_000951,no
generalist_mistral_33_b4,mistral,generalist_mistral,generalist,4,3,"uncertain utility interaction (net metering, utility ownership, and agreed standards)","uncertain utility interaction (net metering, utility ownership, and agreed standards) (#4)",matched_by_fuzzy_prefix,corrected_from_fuzzy_prefix,False,33,20260702_000951,no
generalist_mistral_33_b5,mistral,generalist_mistral,generalist,5,4,lack of pilot projects,lack of pilot projects (#5),matched_by_fuzzy_prefix,corrected_from_fuzzy_prefix,False,33,20260702_000951,no
generalist_mistral_33_b11,mistral,generalist_mistral,generalist,11,5,high costs of DC solutions,high costs of DC solutions (#10),matched_by_fuzzy_prefix,corrected_from_fuzzy_prefix,False,33,20260702_000951,no
normative_mistral_33_b1,mistral,normative_mistral,normative,1,1,"power losses, quality and safety issues","power losses, quality, and safety issues",matched,correct_id,False,33,20260702_000951,no
normative_mistral_33_b2,mistral,normative_mistral,normative,2,2,reduced reliability in DC devices,reduced reliability in DC devices,matched,correct_id,False,33,20260702_000951,no
normative_mistral_33_b4,mistral,normative_mistral,normative,4,3,"uncertain utility interaction (net metering, utility ownership, and agreed standards)","uncertain utility interaction (net metering, utility ownership, and agreed standards)",matched,corrected_from_label,False,33,20260702_000951,no
normative_mistral_33_b5,mistral,normative_mistral,normative,5,4,lack of pilot projects,lack of pilot projects,matched,corrected_from_label,False,33,20260702_000951,no
normative_mistral_33_b11,mistral,normative_mistral,normative,11,5,high costs of DC solutions,high costs of DC solutions,matched,corrected_from_label,False,33,20260702_000951,no
subject-matter_mistral_33_b1,mistral,subject-matter_mistral,subject-matter,1,1,"power losses, quality and safety issues","power losses, quality and safety issues",matched,correct_id,False,33,20260702_000951,no
subject-matter_mistral_33_b2,mistral,subject-matter_mistral,subject-matter,2,2,reduced reliability in DC devices,reduced reliability in DC devices,matched,correct_id,False,33,20260702_000951,no
subject-matter_mistral_33_b4,mistral,subject-matter_mistral,subject-matter,4,3,"uncertain utility interaction (net metering, utility ownership, and agreed standards)","uncertain utility interaction (net metering, utility ownership, and agreed standards)",matched,corrected_from_label,False,33,20260702_000951,no
subject-matter_mistral_33_b5,mistral,subject-matter_mistral,subject-matter,5,4,lack of pilot projects,lack of pilot projects,matched,corrected_from_label,False,33,20260702_000951,no
subject-matter_mistral_33_b7,mistral,subject-matter_mistral,subject-matter,7,5,incompatibility of DC systems components,incompatibility of DC systems components,matched,corrected_from_label,False,33,20260702_000951,no
generalist_gemma3_33_b1,gemma3,generalist_gemma3,generalist,1,1,"power losses, quality and safety issues","power losses, quality and safety issues",matched,correct_id,False,33,20260702_000951,no
generalist_gemma3_33_b5,gemma3,generalist_gemma3,generalist,5,2,lack of pilot projects,lack of pilot projects,matched,corrected_from_label,False,33,20260702_000951,no
generalist_gemma3_33_b6,gemma3,generalist_gemma3,generalist,6,3,public perception of DC and readiness to 'champion' installations from DC projects,public perception of DC and readiness to 'champion' installations from DC projects,matched,corrected_from_label,False,33,20260702_000951,no
generalist_gemma3_33_b8,gemma3,generalist_gemma3,generalist,8,4,misconception and lack of knowledge leads to lengthy/expensive design and permit process,misconception and lack of knowledge leads to lengthy/expensive design and permit process,matched,corrected_from_label,False,33,20260702_000951,no
generalist_gemma3_33_b10,gemma3,generalist_gemma3,generalist,10,5,uncertain regulatory roadmap,uncertain regulatory roadmap,matched,corrected_from_label,False,33,20260702_000951,no
normative_gemma3_33_b1,gemma3,normative_gemma3,normative,1,1,"power losses, quality and safety issues","power losses, quality and safety issues",matched,correct_id,False,33,20260702_000951,no
normative_gemma3_33_b4,gemma3,normative_gemma3,normative,4,4,"uncertain utility interaction (net metering, utility ownership, and agreed standards)","uncertain utility interaction (net metering, utility ownership, and agreed standards)",matched,correct_id,False,33,20260702_000951,no
normative_gemma3_33_b7,gemma3,normative_gemma3,normative,7,7,incompatibility of DC systems components,incompatibility of DC systems components,matched,correct_id,False,33,20260702_000951,no
normative_gemma3_33_b8,gemma3,normative_gemma3,normative,8,8,misconception and lack of knowledge leads to lengthy/expensive design and permit process,misconception and lack of knowledge leads to lengthy/expensive design and permit process,matched,correct_id,False,33,20260702_000951,no
normative_gemma3_33_b11,gemma3,normative_gemma3,normative,11,11,high costs of DC solutions,high costs of DC solutions,matched,correct_id,False,33,20260702_000951,no
subject-matter_gemma3_33_b1,gemma3,subject-matter_gemma3,subject-matter,1,1,"power losses, quality and safety issues","power losses, quality and safety issues",matched,correct_id,False,33,20260702_000951,no
subject-matter_gemma3_33_b4,gemma3,subject-matter_gemma3,subject-matter,4,4,"uncertain utility interaction (net metering, utility ownership, and agreed standards)","uncertain utility interaction (net metering, utility ownership, and agreed standards)",matched,correct_id,False,33,20260702_000951,no
subject-matter_gemma3_33_b7,gemma3,subject-matter_gemma3,subject-matter,7,7,incompatibility of DC systems components,incompatibility of DC systems components,matched,correct_id,False,33,20260702_000951,no
subject-matter_gemma3_33_b8,gemma3,subject-matter_gemma3,subject-matter,8,8,misconception and lack of knowledge leads to lengthy/expensive design and permit process,misconception and lack of knowledge leads to lengthy/expensive design and permit process,matched,correct_id,False,33,20260702_000951,no
subject-matter_gemma3_33_b11,gemma3,subject-matter_gemma3,subject-matter,11,11,high costs of DC solutions,high costs of DC solutions,matched,correct_id,False,33,20260702_000951,no
generalist_phi4_33_b1,phi4,generalist_phi4,generalist,1,1,"power losses, quality and safety issues","power losses, quality and safety issues",matched,correct_id,False,33,20260702_000951,no
generalist_phi4_33_b3,phi4,generalist_phi4,generalist,3,3,lack of use-cases in which DC is advantageous,lack of use-cases in which DC is advantageous,matched,correct_id,False,33,20260702_000951,no
generalist_phi4_33_b4,phi4,generalist_phi4,generalist,4,4,"uncertain utility interaction (net metering, utility ownership, and agreed standards)","uncertain utility interaction (net metering, utility ownership, and agreed standards)",matched,correct_id,False,33,20260702_000951,no
generalist_phi4_33_b5,phi4,generalist_phi4,generalist,5,5,lack of pilot projects,lack of pilot projects,matched,correct_id,False,33,20260702_000951,no
generalist_phi4_33_b10,phi4,generalist_phi4,generalist,10,10,uncertain regulatory roadmap,uncertain regulatory roadmap,matched,correct_id,False,33,20260702_000951,no
normative_phi4_33_b1,phi4,normative_phi4,normative,1,1,"power losses, quality and safety issues","power losses, quality and safety issues",matched,correct_id,False,33,20260702_000951,no
normative_phi4_33_b3,phi4,normative_phi4,normative,3,3,lack of use-cases in which DC is advantageous,lack of use-cases in which DC is advantageous,matched,correct_id,False,33,20260702_000951,no
normative_phi4_33_b4,phi4,normative_phi4,normative,4,4,"uncertain utility interaction (net metering, utility ownership, and agreed standards)","uncertain utility interaction (net metering, utility ownership, and agreed standards)",matched,correct_id,False,33,20260702_000951,no
normative_phi4_33_b8,phi4,normative_phi4,normative,8,8,misconception and lack of knowledge leads to lengthy/expensive design and permit process,misconception and lack of knowledge leads to lengthy/expensive design and permit process,matched,correct_id,False,33,20260702_000951,no
normative_phi4_33_b10,phi4,normative_phi4,normative,10,10,uncertain regulatory roadmap,uncertain regulatory roadmap,matched,correct_id,False,33,20260702_000951,no
subject-matter_phi4_33_b1,phi4,subject-matter_phi4,subject-matter,1,1,"power losses, quality and safety issues","power losses, quality and safety issues",matched,correct_id,False,33,20260702_000951,no
subject-matter_phi4_33_b2,phi4,subject-matter_phi4,subject-matter,2,2,reduced reliability in DC devices,reduced reliability in DC devices,matched,correct_id,False,33,20260702_000951,no
subject-matter_phi4_33_b3,phi4,subject-matter_phi4,subject-matter,3,3,lack of use-cases in which DC is advantageous,lack of use-cases in which DC is advantageous,matched,correct_id,False,33,20260702_000951,no
subject-matter_phi4_33_b4,phi4,subject-matter_phi4,subject-matter,4,4,"uncertain utility interaction (net metering, utility ownership, and agreed standards)","uncertain utility interaction (net metering, utility ownership, and agreed standards)",matched,correct_id,False,33,20260702_000951,no
subject-matter_phi4_33_b5,phi4,subject-matter_phi4,subject-matter,5,5,lack of pilot projects,lack of pilot projects,matched,correct_id,False,33,20260702_000951,no
generalist_llama_34_b1,llama,generalist_llama,generalist,1,1,"power losses, quality and safety issues","Power losses, quality, and safety issues",matched,correct_id,False,34,20260702_001158,no
generalist_llama_34_b2,llama,generalist_llama,generalist,2,2,reduced reliability in DC devices,Reduced reliability in DC devices,matched,correct_id,False,34,20260702_001158,no
generalist_llama_34_b3,llama,generalist_llama,generalist,3,3,lack of use-cases in which DC is advantageous,Lack of use-cases in which DC is advantageous,matched,correct_id,False,34,20260702_001158,no
generalist_llama_34_b4,llama,generalist_llama,generalist,4,4,"uncertain utility interaction (net metering, utility ownership, and agreed standards)","Uncertain utility interaction (net metering, utility ownership, and agreed standards)",matched,correct_id,False,34,20260702_001158,no
generalist_llama_34_b5,llama,generalist_llama,generalist,5,5,lack of pilot projects,Lack of pilot projects,matched,correct_id,False,34,20260702_001158,no
normative_llama_34_b1,llama,normative_llama,normative,1,1,"power losses, quality and safety issues","power losses, quality and safety issues",matched,correct_id,False,34,20260702_001158,no
normative_llama_34_b2,llama,normative_llama,normative,2,2,reduced reliability in DC devices,reduced reliability in DC devices,matched,correct_id,False,34,20260702_001158,no
normative_llama_34_b4,llama,normative_llama,normative,4,3,"uncertain utility interaction (net metering, utility ownership, and agreed standards)","uncertain utility interaction (net metering, utility ownership, and agreed standards)",matched,corrected_from_label,False,34,20260702_001158,no
normative_llama_34_b3,llama,normative_llama,normative,3,4,lack of use-cases in which DC is advantageous,lack of use-cases in which DC is advantageous,matched,corrected_from_label,False,34,20260702_001158,no
normative_llama_34_b6,llama,normative_llama,normative,6,5,public perception of DC and readiness to 'champion' installations from DC projects,public perception of DC and readiness to 'champion' installations from DC projects,matched,corrected_from_label,False,34,20260702_001158,no
subject-matter_llama_34_b3,llama,subject-matter_llama,subject-matter,3,1,lack of use-cases in which DC is advantageous,Lack of use-cases in which DC is advantageous,matched,corrected_from_label,False,34,20260702_001158,no
subject-matter_llama_34_b4,llama,subject-matter_llama,subject-matter,4,2,"uncertain utility interaction (net metering, utility ownership, and agreed standards)","Uncertain utility interaction (net metering, utility ownership, and agreed standards)",matched,corrected_from_label,False,34,20260702_001158,no
subject-matter_llama_34_b6,llama,subject-matter_llama,subject-matter,6,3,public perception of DC and readiness to 'champion' installations from DC projects,Public perception of DC and readiness to 'champion' installations from DC projects,matched,corrected_from_label,False,34,20260702_001158,no
subject-matter_llama_34_b7,llama,subject-matter_llama,subject-matter,7,4,incompatibility of DC systems components,Incompatibility of DC systems components,matched,corrected_from_label,False,34,20260702_001158,no
subject-matter_llama_34_b9,llama,subject-matter_llama,subject-matter,9,5,lack of enough trained personnel in DC systems,Lack of enough trained personnel in DC systems,matched,corrected_from_label,False,34,20260702_001158,no
generalist_mistral_34_b1,mistral,generalist_mistral,generalist,1,1,"power losses, quality and safety issues","Power losses, quality, and safety issues: The concern over power losses and quality in DC systems is a significant barrier due to the potential impact on efficiency and reliability. Ensuring safe operations is also crucial for widespread adoption.",matched_by_fuzzy_prefix,correct_id_fuzzy_prefix,False,34,20260702_001158,no
generalist_mistral_34_b2,mistral,generalist_mistral,generalist,2,2,reduced reliability in DC devices,"Reduced reliability in DC devices: Reliability is a key factor in any technology's success, and if DC devices are perceived as less reliable than their AC counterparts, it could hinder the growth of DC systems.",matched_by_fuzzy_prefix,correct_id_fuzzy_prefix,False,34,20260702_001158,no
generalist_mistral_34_b3,mistral,generalist_mistral,generalist,3,3,lack of use-cases in which DC is advantageous,Lack of use-cases in which DC is advantageous: Demonstrating clear benefits over AC technologies will be essential for convincing users to adopt DC solutions. Identifying and promoting successful use cases can help address this barrier.,matched_by_fuzzy_prefix,correct_id_fuzzy_prefix,False,34,20260702_001158,no
generalist_mistral_34_b4,mistral,generalist_mistral,generalist,4,4,"uncertain utility interaction (net metering, utility ownership, and agreed standards)","Uncertain utility interaction (net metering, utility ownership, and agreed standards): Establishing clear guidelines for utility companies regarding net metering, ownership rights, and standardization is necessary to ensure a smooth transition towards widespread DC adoption.",matched_by_fuzzy_prefix,correct_id_fuzzy_prefix,False,34,20260702_001158,no
generalist_mistral_34_b5,mistral,generalist_mistral,generalist,5,5,lack of pilot projects,Lack of pilot projects: Real-world examples of successful DC implementations can help build confidence in the technology and showcase its potential benefits. Increasing the number of pilot projects will be crucial for overcoming this barrier.,matched_by_fuzzy_prefix,correct_id_fuzzy_prefix,False,34,20260702_001158,no
normative_mistral_34_b1,mistral,normative_mistral,normative,1,1,"power losses, quality and safety issues","power losses, quality and safety issues",matched,correct_id,False,34,20260702_001158,no
normative_mistral_34_b2,mistral,normative_mistral,normative,2,2,reduced reliability in DC devices,reduced reliability in DC devices,matched,correct_id,False,34,20260702_001158,no
normative_mistral_34_b4,mistral,normative_mistral,normative,4,3,"uncertain utility interaction (net metering, utility ownership, and agreed standards)","uncertain utility interaction (net metering, utility ownership, and agreed standards)",matched,corrected_from_label,False,34,20260702_001158,no
normative_mistral_34_b5,mistral,normative_mistral,normative,5,4,lack of pilot projects,lack of pilot projects,matched,corrected_from_label,False,34,20260702_001158,no
normative_mistral_34_b9,mistral,normative_mistral,normative,9,5,lack of enough trained personnel in DC systems,lack of enough trained personnel in DC systems,matched,corrected_from_label,False,34,20260702_001158,no
subject-matter_mistral_34_b1,mistral,subject-matter_mistral,subject-matter,1,1,"power losses, quality and safety issues","power losses, quality and safety issues",matched,correct_id,False,34,20260702_001158,no
subject-matter_mistral_34_b2,mistral,subject-matter_mistral,subject-matter,2,2,reduced reliability in DC devices,reduced reliability in DC devices,matched,correct_id,False,34,20260702_001158,no
subject-matter_mistral_34_b3,mistral,subject-matter_mistral,subject-matter,3,3,lack of use-cases in which DC is advantageous,lack of use-cases in which DC is advantageous,matched,correct_id,False,34,20260702_001158,no
subject-matter_mistral_34_b4,mistral,subject-matter_mistral,subject-matter,4,4,"uncertain utility interaction (net metering, utility ownership, and agreed standards)","uncertain utility interaction (net metering, utility ownership, and agreed standards)",matched,correct_id,False,34,20260702_001158,no
subject-matter_mistral_34_b5,mistral,subject-matter_mistral,subject-matter,5,5,lack of pilot projects,lack of pilot projects,matched,correct_id,False,34,20260702_001158,no
generalist_gemma3_34_b1,gemma3,generalist_gemma3,generalist,1,1,"power losses, quality and safety issues","power losses, quality and safety issues",matched,correct_id,False,34,20260702_001158,no
generalist_gemma3_34_b5,gemma3,generalist_gemma3,generalist,5,2,lack of pilot projects,lack of pilot projects,matched,corrected_from_label,False,34,20260702_001158,no
generalist_gemma3_34_b6,gemma3,generalist_gemma3,generalist,6,3,public perception of DC and readiness to 'champion' installations from DC projects,public perception of DC and readiness to 'champion' installations from DC projects,matched,corrected_from_label,False,34,20260702_001158,no
generalist_gemma3_34_b8,gemma3,generalist_gemma3,generalist,8,4,misconception and lack of knowledge leads to lengthy/expensive design and permit process,misconception and lack of knowledge leads to lengthy/expensive design and permit process,matched,corrected_from_label,False,34,20260702_001158,no
generalist_gemma3_34_b10,gemma3,generalist_gemma3,generalist,10,5,uncertain regulatory roadmap,uncertain regulatory roadmap,matched,corrected_from_label,False,34,20260702_001158,no
normative_gemma3_34_b1,gemma3,normative_gemma3,normative,1,1,"power losses, quality and safety issues","power losses, quality and safety issues",matched,correct_id,False,34,20260702_001158,no
normative_gemma3_34_b4,gemma3,normative_gemma3,normative,4,4,"uncertain utility interaction (net metering, utility ownership, and agreed standards)","uncertain utility interaction (net metering, utility ownership, and agreed standards)",matched,correct_id,False,34,20260702_001158,no
normative_gemma3_34_b7,gemma3,normative_gemma3,normative,7,7,incompatibility of DC systems components,incompatibility of DC systems components,matched,correct_id,False,34,20260702_001158,no
normative_gemma3_34_b8,gemma3,normative_gemma3,normative,8,8,misconception and lack of knowledge leads to lengthy/expensive design and permit process,misconception and lack of knowledge leads to lengthy/expensive design and permit process,matched,correct_id,False,34,20260702_001158,no
normative_gemma3_34_b11,gemma3,normative_gemma3,normative,11,11,high costs of DC solutions,high costs of DC solutions,matched,correct_id,False,34,20260702_001158,no
subject-matter_gemma3_34_b1,gemma3,subject-matter_gemma3,subject-matter,1,1,"power losses, quality and safety issues","power losses, quality and safety issues",matched,correct_id,False,34,20260702_001158,no
subject-matter_gemma3_34_b4,gemma3,subject-matter_gemma3,subject-matter,4,2,"uncertain utility interaction (net metering, utility ownership, and agreed standards)","uncertain utility interaction (net metering, utility ownership, and agreed standards)",matched,corrected_from_label,False,34,20260702_001158,no
subject-matter_gemma3_34_b5,gemma3,subject-matter_gemma3,subject-matter,5,3,lack of pilot projects,lack of pilot projects,matched,corrected_from_label,False,34,20260702_001158,no
subject-matter_gemma3_34_b8,gemma3,subject-matter_gemma3,subject-matter,8,4,misconception and lack of knowledge leads to lengthy/expensive design and permit process,misconception and lack of knowledge leads to lengthy/expensive design and permit process,matched,corrected_from_label,False,34,20260702_001158,no
subject-matter_gemma3_34_b10,gemma3,subject-matter_gemma3,subject-matter,10,5,uncertain regulatory roadmap,uncertain regulatory roadmap,matched,corrected_from_label,False,34,20260702_001158,no
generalist_phi4_34_b1,phi4,generalist_phi4,generalist,1,1,"power losses, quality and safety issues","power losses, quality and safety issues",matched,correct_id,False,34,20260702_001158,no
generalist_phi4_34_b3,phi4,generalist_phi4,generalist,3,3,lack of use-cases in which DC is advantageous,lack of use-cases in which DC is advantageous,matched,correct_id,False,34,20260702_001158,no
generalist_phi4_34_b4,phi4,generalist_phi4,generalist,4,4,"uncertain utility interaction (net metering, utility ownership, and agreed standards)","uncertain utility interaction (net metering, utility ownership, and agreed standards)",matched,correct_id,False,34,20260702_001158,no
generalist_phi4_34_b5,phi4,generalist_phi4,generalist,5,5,lack of pilot projects,lack of pilot projects,matched,correct_id,False,34,20260702_001158,no
generalist_phi4_34_b10,phi4,generalist_phi4,generalist,10,10,uncertain regulatory roadmap,uncertain regulatory roadmap,matched,correct_id,False,34,20260702_001158,no
normative_phi4_34_b1,phi4,normative_phi4,normative,1,1,"power losses, quality and safety issues","power losses, quality and safety issues",matched,correct_id,False,34,20260702_001158,no
normative_phi4_34_b2,phi4,normative_phi4,normative,2,2,reduced reliability in DC devices,reduced reliability in DC devices,matched,correct_id,False,34,20260702_001158,no
normative_phi4_34_b4,phi4,normative_phi4,normative,4,4,"uncertain utility interaction (net metering, utility ownership, and agreed standards)","uncertain utility interaction (net metering, utility ownership, and agreed standards)",matched,correct_id,False,34,20260702_001158,no
normative_phi4_34_b5,phi4,normative_phi4,normative,5,5,lack of pilot projects,lack of pilot projects,matched,correct_id,False,34,20260702_001158,no
normative_phi4_34_b10,phi4,normative_phi4,normative,10,10,uncertain regulatory roadmap,uncertain regulatory roadmap,matched,correct_id,False,34,20260702_001158,no
subject-matter_phi4_34_b1,phi4,subject-matter_phi4,subject-matter,1,1,"power losses, quality and safety issues","power losses, quality and safety issues",matched,correct_id,False,34,20260702_001158,no
subject-matter_phi4_34_b2,phi4,subject-matter_phi4,subject-matter,2,2,reduced reliability in DC devices,reduced reliability in DC devices,matched,correct_id,False,34,20260702_001158,no
subject-matter_phi4_34_b3,phi4,subject-matter_phi4,subject-matter,3,3,lack of use-cases in which DC is advantageous,lack of use-cases in which DC is advantageous,matched,correct_id,False,34,20260702_001158,no
subject-matter_phi4_34_b4,phi4,subject-matter_phi4,subject-matter,4,4,"uncertain utility interaction (net metering, utility ownership, and agreed standards)","uncertain utility interaction (net metering, utility ownership, and agreed standards)",matched,correct_id,False,34,20260702_001158,no
subject-matter_phi4_34_b5,phi4,subject-matter_phi4,subject-matter,5,5,lack of pilot projects,lack of pilot projects,matched,correct_id,False,34,20260702_001158,no
generalist_llama_35_b1,llama,generalist_llama,generalist,1,1,"power losses, quality and safety issues","Power losses, quality, and safety issues",matched,correct_id,False,35,20260702_001400,no
generalist_llama_35_b2,llama,generalist_llama,generalist,2,2,reduced reliability in DC devices,Reduced reliability in DC devices,matched,correct_id,False,35,20260702_001400,no
generalist_llama_35_b3,llama,generalist_llama,generalist,3,3,lack of use-cases in which DC is advantageous,Lack of use-cases in which DC is advantageous,matched,correct_id,False,35,20260702_001400,no
generalist_llama_35_b4,llama,generalist_llama,generalist,4,4,"uncertain utility interaction (net metering, utility ownership, and agreed standards)","Uncertain utility interaction (net metering, utility ownership, and agreed standards)",matched,correct_id,False,35,20260702_001400,no
generalist_llama_35_b5,llama,generalist_llama,generalist,5,5,lack of pilot projects,Lack of pilot projects,matched,correct_id,False,35,20260702_001400,no
normative_llama_35_b1,llama,normative_llama,normative,1,1,"power losses, quality and safety issues","Power losses, quality, and safety issues",matched,correct_id,False,35,20260702_001400,no
normative_llama_35_b2,llama,normative_llama,normative,2,2,reduced reliability in DC devices,Reduced reliability in DC devices,matched,correct_id,False,35,20260702_001400,no
normative_llama_35_b3,llama,normative_llama,normative,3,3,lack of use-cases in which DC is advantageous,Lack of use-cases in which DC is advantageous,matched,correct_id,False,35,20260702_001400,no
normative_llama_35_b4,llama,normative_llama,normative,4,4,"uncertain utility interaction (net metering, utility ownership, and agreed standards)","Uncertain utility interaction (net metering, utility ownership, and agreed standards)",matched,correct_id,False,35,20260702_001400,no
normative_llama_35_b5,llama,normative_llama,normative,5,5,lack of pilot projects,Lack of pilot projects,matched,correct_id,False,35,20260702_001400,no
subject-matter_llama_35_b1,llama,subject-matter_llama,subject-matter,1,1,"power losses, quality and safety issues","Power losses, quality, and safety issues",matched,correct_id,False,35,20260702_001400,no
subject-matter_llama_35_b3,llama,subject-matter_llama,subject-matter,3,2,lack of use-cases in which DC is advantageous,Lack of use-cases in which DC is advantageous,matched,corrected_from_label,False,35,20260702_001400,no
subject-matter_llama_35_b4,llama,subject-matter_llama,subject-matter,4,3,"uncertain utility interaction (net metering, utility ownership, and agreed standards)","Uncertain utility interaction (net metering, utility ownership, and agreed standards)",matched,corrected_from_label,False,35,20260702_001400,no
subject-matter_llama_35_b7,llama,subject-matter_llama,subject-matter,7,4,incompatibility of DC systems components,Incompatibility of DC systems components,matched,corrected_from_label,False,35,20260702_001400,no
subject-matter_llama_35_b8,llama,subject-matter_llama,subject-matter,8,5,misconception and lack of knowledge leads to lengthy/expensive design and permit process,Misconception and lack of knowledge leads to lengthy/expensive design and permit process,matched,corrected_from_label,False,35,20260702_001400,no
generalist_mistral_35_b1,mistral,generalist_mistral,generalist,1,1,"power losses, quality and safety issues","Power losses, quality, and safety issues",matched,correct_id,False,35,20260702_001400,no
generalist_mistral_35_b2,mistral,generalist_mistral,generalist,2,2,reduced reliability in DC devices,Reduced reliability in DC devices,matched,correct_id,False,35,20260702_001400,no
generalist_mistral_35_b3,mistral,generalist_mistral,generalist,3,3,lack of use-cases in which DC is advantageous,Lack of use-cases in which DC is advantageous,matched,correct_id,False,35,20260702_001400,no
generalist_mistral_35_b4,mistral,generalist_mistral,generalist,4,4,"uncertain utility interaction (net metering, utility ownership, and agreed standards)","Uncertain utility interaction (net metering, utility ownership, and agreed standards)",matched,correct_id,False,35,20260702_001400,no
generalist_mistral_35_b5,mistral,generalist_mistral,generalist,5,5,lack of pilot projects,Lack of pilot projects,matched,correct_id,False,35,20260702_001400,no
normative_mistral_35_b1,mistral,normative_mistral,normative,1,1,"power losses, quality and safety issues","power losses, quality and safety issues",matched,correct_id,False,35,20260702_001400,no
normative_mistral_35_b2,mistral,normative_mistral,normative,2,2,reduced reliability in DC devices,reduced reliability in DC devices,matched,correct_id,False,35,20260702_001400,no
normative_mistral_35_b4,mistral,normative_mistral,normative,4,3,"uncertain utility interaction (net metering, utility ownership, and agreed standards)","uncertain utility interaction (net metering, utility ownership, and agreed standards)",matched,corrected_from_label,False,35,20260702_001400,no
normative_mistral_35_b5,mistral,normative_mistral,normative,5,4,lack of pilot projects,lack of pilot projects,matched,corrected_from_label,False,35,20260702_001400,no
normative_mistral_35_b6,mistral,normative_mistral,normative,6,5,public perception of DC and readiness to 'champion' installations from DC projects,public perception of DC and readiness to 'champion' installations from DC projects,matched,corrected_from_label,False,35,20260702_001400,no
subject-matter_mistral_35_b1,mistral,subject-matter_mistral,subject-matter,1,1,"power losses, quality and safety issues","power losses, quality and safety issues",matched,correct_id,False,35,20260702_001400,no
subject-matter_mistral_35_b2,mistral,subject-matter_mistral,subject-matter,2,2,reduced reliability in DC devices,reduced reliability in DC devices,matched,correct_id,False,35,20260702_001400,no
subject-matter_mistral_35_b4,mistral,subject-matter_mistral,subject-matter,4,3,"uncertain utility interaction (net metering, utility ownership, and agreed standards)","uncertain utility interaction (net metering, utility ownership, and agreed standards)",matched,corrected_from_label,False,35,20260702_001400,no
subject-matter_mistral_35_b5,mistral,subject-matter_mistral,subject-matter,5,4,lack of pilot projects,lack of pilot projects,matched,corrected_from_label,False,35,20260702_001400,no
subject-matter_mistral_35_b7,mistral,subject-matter_mistral,subject-matter,7,5,incompatibility of DC systems components,incompatibility of DC systems components,matched,corrected_from_label,False,35,20260702_001400,no
generalist_gemma3_35_b1,gemma3,generalist_gemma3,generalist,1,1,"power losses, quality and safety issues","power losses, quality and safety issues",matched,correct_id,False,35,20260702_001400,no
generalist_gemma3_35_b5,gemma3,generalist_gemma3,generalist,5,2,lack of pilot projects,lack of pilot projects,matched,corrected_from_label,False,35,20260702_001400,no
generalist_gemma3_35_b6,gemma3,generalist_gemma3,generalist,6,3,public perception of DC and readiness to 'champion' installations from DC projects,public perception of DC and readiness to 'champion' installations from DC projects,matched,corrected_from_label,False,35,20260702_001400,no
generalist_gemma3_35_b8,gemma3,generalist_gemma3,generalist,8,4,misconception and lack of knowledge leads to lengthy/expensive design and permit process,misconception and lack of knowledge leads to lengthy/expensive design and permit process,matched,corrected_from_label,False,35,20260702_001400,no
generalist_gemma3_35_b10,gemma3,generalist_gemma3,generalist,10,5,uncertain regulatory roadmap,uncertain regulatory roadmap,matched,corrected_from_label,False,35,20260702_001400,no
normative_gemma3_35_b1,gemma3,normative_gemma3,normative,1,1,"power losses, quality and safety issues","power losses, quality and safety issues",matched,correct_id,False,35,20260702_001400,no
normative_gemma3_35_b5,gemma3,normative_gemma3,normative,5,2,lack of pilot projects,lack of pilot projects,matched,corrected_from_label,False,35,20260702_001400,no
normative_gemma3_35_b6,gemma3,normative_gemma3,normative,6,3,public perception of DC and readiness to 'champion' installations from DC projects,public perception of DC and readiness to 'champion' installations from DC projects,matched,corrected_from_label,False,35,20260702_001400,no
normative_gemma3_35_b8,gemma3,normative_gemma3,normative,8,4,misconception and lack of knowledge leads to lengthy/expensive design and permit process,misconception and lack of knowledge leads to lengthy/expensive design and permit process,matched,corrected_from_label,False,35,20260702_001400,no
normative_gemma3_35_b10,gemma3,normative_gemma3,normative,10,5,uncertain regulatory roadmap,uncertain regulatory roadmap,matched,corrected_from_label,False,35,20260702_001400,no
subject-matter_gemma3_35_b1,gemma3,subject-matter_gemma3,subject-matter,1,1,"power losses, quality and safety issues","power losses, quality and safety issues",matched,correct_id,False,35,20260702_001400,no
subject-matter_gemma3_35_b4,gemma3,subject-matter_gemma3,subject-matter,4,4,"uncertain utility interaction (net metering, utility ownership, and agreed standards)","uncertain utility interaction (net metering, utility ownership, and agreed standards)",matched,correct_id,False,35,20260702_001400,no
subject-matter_gemma3_35_b7,gemma3,subject-matter_gemma3,subject-matter,7,7,incompatibility of DC systems components,incompatibility of DC systems components,matched,correct_id,False,35,20260702_001400,no
subject-matter_gemma3_35_b8,gemma3,subject-matter_gemma3,subject-matter,8,8,misconception and lack of knowledge leads to lengthy/expensive design and permit process,misconception and lack of knowledge leads to lengthy/expensive design and permit process,matched,correct_id,False,35,20260702_001400,no
subject-matter_gemma3_35_b11,gemma3,subject-matter_gemma3,subject-matter,11,11,high costs of DC solutions,high costs of DC solutions,matched,correct_id,False,35,20260702_001400,no
generalist_phi4_35_b1,phi4,generalist_phi4,generalist,1,1,"power losses, quality and safety issues","power losses, quality and safety issues",matched,correct_id,False,35,20260702_001400,no
generalist_phi4_35_b3,phi4,generalist_phi4,generalist,3,3,lack of use-cases in which DC is advantageous,lack of use-cases in which DC is advantageous,matched,correct_id,False,35,20260702_001400,no
generalist_phi4_35_b4,phi4,generalist_phi4,generalist,4,4,"uncertain utility interaction (net metering, utility ownership, and agreed standards)","uncertain utility interaction (net metering, utility ownership, and agreed standards)",matched,correct_id,False,35,20260702_001400,no
generalist_phi4_35_b5,phi4,generalist_phi4,generalist,5,5,lack of pilot projects,lack of pilot projects,matched,correct_id,False,35,20260702_001400,no
generalist_phi4_35_b10,phi4,generalist_phi4,generalist,10,10,uncertain regulatory roadmap,uncertain regulatory roadmap,matched,correct_id,False,35,20260702_001400,no
normative_phi4_35_b1,phi4,normative_phi4,normative,1,1,"power losses, quality and safety issues","power losses, quality and safety issues",matched,correct_id,False,35,20260702_001400,no
normative_phi4_35_b3,phi4,normative_phi4,normative,3,2,lack of use-cases in which DC is advantageous,lack of use-cases in which DC is advantageous,matched,corrected_from_label,False,35,20260702_001400,no
normative_phi4_35_b4,phi4,normative_phi4,normative,4,4,"uncertain utility interaction (net metering, utility ownership, and agreed standards)","uncertain utility interaction (net metering, utility ownership, and agreed standards)",matched,correct_id,False,35,20260702_001400,no
normative_phi4_35_b5,phi4,normative_phi4,normative,5,5,lack of pilot projects,lack of pilot projects,matched,correct_id,False,35,20260702_001400,no
normative_phi4_35_b10,phi4,normative_phi4,normative,10,10,uncertain regulatory roadmap,uncertain regulatory roadmap,matched,correct_id,False,35,20260702_001400,no
subject-matter_phi4_35_b1,phi4,subject-matter_phi4,subject-matter,1,1,"power losses, quality and safety issues","power losses, quality and safety issues",matched,correct_id,False,35,20260702_001400,no
subject-matter_phi4_35_b3,phi4,subject-matter_phi4,subject-matter,3,3,lack of use-cases in which DC is advantageous,lack of use-cases in which DC is advantageous,matched,correct_id,False,35,20260702_001400,no
subject-matter_phi4_35_b4,phi4,subject-matter_phi4,subject-matter,4,4,"uncertain utility interaction (net metering, utility ownership, and agreed standards)","uncertain utility interaction (net metering, utility ownership, and agreed standards)",matched,correct_id,False,35,20260702_001400,no
subject-matter_phi4_35_b5,phi4,subject-matter_phi4,subject-matter,5,5,lack of pilot projects,lack of pilot projects,matched,correct_id,False,35,20260702_001400,no
subject-matter_phi4_35_b10,phi4,subject-matter_phi4,subject-matter,10,10,uncertain regulatory roadmap,uncertain regulatory roadmap,matched,correct_id,False,35,20260702_001400,no
generalist_llama_36_b1,llama,generalist_llama,generalist,1,1,"power losses, quality and safety issues","Power losses, quality, and safety issues",matched,correct_id,False,36,20260702_001608,no
generalist_llama_36_b2,llama,generalist_llama,generalist,2,2,reduced reliability in DC devices,Reduced reliability in DC devices,matched,correct_id,False,36,20260702_001608,no
generalist_llama_36_b3,llama,generalist_llama,generalist,3,3,lack of use-cases in which DC is advantageous,Lack of use-cases in which DC is advantageous,matched,correct_id,False,36,20260702_001608,no
generalist_llama_36_b4,llama,generalist_llama,generalist,4,4,"uncertain utility interaction (net metering, utility ownership, and agreed standards)","Uncertain utility interaction (net metering, utility ownership, and agreed standards)",matched,correct_id,False,36,20260702_001608,no
generalist_llama_36_b5,llama,generalist_llama,generalist,5,5,lack of pilot projects,Lack of pilot projects,matched,correct_id,False,36,20260702_001608,no
normative_llama_36_b1,llama,normative_llama,normative,1,1,"power losses, quality and safety issues","Power losses, quality, and safety issues",matched,correct_id,False,36,20260702_001608,no
normative_llama_36_b2,llama,normative_llama,normative,2,2,reduced reliability in DC devices,Reduced reliability in DC devices,matched,correct_id,False,36,20260702_001608,no
normative_llama_36_b3,llama,normative_llama,normative,3,3,lack of use-cases in which DC is advantageous,Lack of use-cases where DC is advantageous,matched_by_fuzzy_prefix,correct_id_fuzzy_prefix,False,36,20260702_001608,no
normative_llama_36_b4,llama,normative_llama,normative,4,4,"uncertain utility interaction (net metering, utility ownership, and agreed standards)","Uncertainty in utility interaction (net metering, ownership, and agreed standards)",matched_by_fuzzy_prefix,correct_id_fuzzy_prefix,False,36,20260702_001608,no
normative_llama_36_b5,llama,normative_llama,normative,5,5,lack of pilot projects,Lack of pilot projects,matched,correct_id,False,36,20260702_001608,no
subject-matter_llama_36_b1,llama,subject-matter_llama,subject-matter,1,1,"power losses, quality and safety issues","Power losses, quality, and safety issues",matched,correct_id,False,36,20260702_001608,no
subject-matter_llama_36_b2,llama,subject-matter_llama,subject-matter,2,2,reduced reliability in DC devices,Reduced reliability in DC devices,matched,correct_id,False,36,20260702_001608,no
subject-matter_llama_36_b3,llama,subject-matter_llama,subject-matter,3,3,lack of use-cases in which DC is advantageous,Lack of use-cases in which DC is advantageous,matched,correct_id,False,36,20260702_001608,no
subject-matter_llama_36_b4,llama,subject-matter_llama,subject-matter,4,4,"uncertain utility interaction (net metering, utility ownership, and agreed standards)","Uncertain utility interaction (net metering, utility ownership, and agreed standards)",matched,correct_id,False,36,20260702_001608,no
subject-matter_llama_36_b5,llama,subject-matter_llama,subject-matter,5,5,lack of pilot projects,Lack of pilot projects,matched,correct_id,False,36,20260702_001608,no
generalist_mistral_36_b1,mistral,generalist_mistral,generalist,1,1,"power losses, quality and safety issues","Power losses, quality, and safety issues",matched,correct_id,False,36,20260702_001608,no
generalist_mistral_36_b2,mistral,generalist_mistral,generalist,2,2,reduced reliability in DC devices,Reduced reliability in DC devices,matched,correct_id,False,36,20260702_001608,no
generalist_mistral_36_b3,mistral,generalist_mistral,generalist,3,3,lack of use-cases in which DC is advantageous,Lack of use-cases in which DC is advantageous,matched,correct_id,False,36,20260702_001608,no
generalist_mistral_36_b4,mistral,generalist_mistral,generalist,4,4,"uncertain utility interaction (net metering, utility ownership, and agreed standards)","Uncertain utility interaction (net metering, utility ownership, and agreed standards)",matched,correct_id,False,36,20260702_001608,no
generalist_mistral_36_b5,mistral,generalist_mistral,generalist,5,5,lack of pilot projects,Lack of pilot projects,matched,correct_id,False,36,20260702_001608,no
normative_mistral_36_b1,mistral,normative_mistral,normative,1,1,"power losses, quality and safety issues","power losses, quality and safety issues (Barrier 1)",matched_by_fuzzy_prefix,correct_id_fuzzy_prefix,False,36,20260702_001608,no
normative_mistral_36_b2,mistral,normative_mistral,normative,2,2,reduced reliability in DC devices,reduced reliability in DC devices (Barrier 2),matched_by_fuzzy_prefix,correct_id_fuzzy_prefix,False,36,20260702_001608,no
normative_mistral_36_b4,mistral,normative_mistral,normative,4,3,"uncertain utility interaction (net metering, utility ownership, and agreed standards)","uncertain utility interaction (net metering, utility ownership, and agreed standards) (Barrier 4)",matched_by_fuzzy_prefix,corrected_from_fuzzy_prefix,False,36,20260702_001608,no
normative_mistral_36_b5,mistral,normative_mistral,normative,5,4,lack of pilot projects,lack of pilot projects (Barrier 5),matched_by_fuzzy_prefix,corrected_from_fuzzy_prefix,False,36,20260702_001608,no
normative_mistral_36_b11,mistral,normative_mistral,normative,11,5,high costs of DC solutions,high costs of DC solutions (Barrier 10),matched_by_fuzzy_prefix,corrected_from_fuzzy_prefix,False,36,20260702_001608,no
subject-matter_mistral_36_b1,mistral,subject-matter_mistral,subject-matter,1,1,"power losses, quality and safety issues","power losses, quality and safety issues",matched,correct_id,False,36,20260702_001608,no
subject-matter_mistral_36_b2,mistral,subject-matter_mistral,subject-matter,2,2,reduced reliability in DC devices,reduced reliability in DC devices,matched,correct_id,False,36,20260702_001608,no
subject-matter_mistral_36_b3,mistral,subject-matter_mistral,subject-matter,3,3,lack of use-cases in which DC is advantageous,lack of use-cases in which DC is advantageous,matched,correct_id,False,36,20260702_001608,no
subject-matter_mistral_36_b4,mistral,subject-matter_mistral,subject-matter,4,4,"uncertain utility interaction (net metering, utility ownership, and agreed standards)","uncertain utility interaction (net metering, utility ownership, and agreed standards)",matched,correct_id,False,36,20260702_001608,no
subject-matter_mistral_36_b5,mistral,subject-matter_mistral,subject-matter,5,5,lack of pilot projects,lack of pilot projects,matched,correct_id,False,36,20260702_001608,no
generalist_gemma3_36_b1,gemma3,generalist_gemma3,generalist,1,1,"power losses, quality and safety issues","power losses, quality and safety issues",matched,correct_id,False,36,20260702_001608,no
generalist_gemma3_36_b5,gemma3,generalist_gemma3,generalist,5,2,lack of pilot projects,lack of pilot projects,matched,corrected_from_label,False,36,20260702_001608,no
generalist_gemma3_36_b6,gemma3,generalist_gemma3,generalist,6,3,public perception of DC and readiness to 'champion' installations from DC projects,public perception of DC and readiness to 'champion' installations from DC projects,matched,corrected_from_label,False,36,20260702_001608,no
generalist_gemma3_36_b8,gemma3,generalist_gemma3,generalist,8,4,misconception and lack of knowledge leads to lengthy/expensive design and permit process,misconception and lack of knowledge leads to lengthy/expensive design and permit process,matched,corrected_from_label,False,36,20260702_001608,no
generalist_gemma3_36_b10,gemma3,generalist_gemma3,generalist,10,5,uncertain regulatory roadmap,uncertain regulatory roadmap,matched,corrected_from_label,False,36,20260702_001608,no
normative_gemma3_36_b1,gemma3,normative_gemma3,normative,1,1,"power losses, quality and safety issues","power losses, quality and safety issues",matched,correct_id,False,36,20260702_001608,no
normative_gemma3_36_b4,gemma3,normative_gemma3,normative,4,4,"uncertain utility interaction (net metering, utility ownership, and agreed standards)","uncertain utility interaction (net metering, utility ownership, and agreed standards)",matched,correct_id,False,36,20260702_001608,no
normative_gemma3_36_b7,gemma3,normative_gemma3,normative,7,7,incompatibility of DC systems components,incompatibility of DC systems components,matched,correct_id,False,36,20260702_001608,no
normative_gemma3_36_b8,gemma3,normative_gemma3,normative,8,8,misconception and lack of knowledge leads to lengthy/expensive design and permit process,misconception and lack of knowledge leads to lengthy/expensive design and permit process,matched,correct_id,False,36,20260702_001608,no
normative_gemma3_36_b11,gemma3,normative_gemma3,normative,11,11,high costs of DC solutions,high costs of DC solutions,matched,correct_id,False,36,20260702_001608,no
subject-matter_gemma3_36_b1,gemma3,subject-matter_gemma3,subject-matter,1,1,"power losses, quality and safety issues","power losses, quality and safety issues",matched,correct_id,False,36,20260702_001608,no
subject-matter_gemma3_36_b5,gemma3,subject-matter_gemma3,subject-matter,5,2,lack of pilot projects,lack of pilot projects,matched,corrected_from_label,False,36,20260702_001608,no
subject-matter_gemma3_36_b4,gemma3,subject-matter_gemma3,subject-matter,4,3,"uncertain utility interaction (net metering, utility ownership, and agreed standards)","uncertain utility interaction (net metering, utility ownership, and agreed standards)",matched,corrected_from_label,False,36,20260702_001608,no
subject-matter_gemma3_36_b8,gemma3,subject-matter_gemma3,subject-matter,8,4,misconception and lack of knowledge leads to lengthy/expensive design and permit process,misconception and lack of knowledge leads to lengthy/expensive design and permit process,matched,corrected_from_label,False,36,20260702_001608,no
subject-matter_gemma3_36_b10,gemma3,subject-matter_gemma3,subject-matter,10,5,uncertain regulatory roadmap,uncertain regulatory roadmap,matched,corrected_from_label,False,36,20260702_001608,no
generalist_phi4_36_b1,phi4,generalist_phi4,generalist,1,1,"power losses, quality and safety issues","power losses, quality and safety issues",matched,correct_id,False,36,20260702_001608,no
generalist_phi4_36_b3,phi4,generalist_phi4,generalist,3,3,lack of use-cases in which DC is advantageous,lack of use-cases in which DC is advantageous,matched,correct_id,False,36,20260702_001608,no
generalist_phi4_36_b4,phi4,generalist_phi4,generalist,4,4,"uncertain utility interaction (net metering, utility ownership, and agreed standards)","uncertain utility interaction (net metering, utility ownership, and agreed standards)",matched,correct_id,False,36,20260702_001608,no
generalist_phi4_36_b5,phi4,generalist_phi4,generalist,5,5,lack of pilot projects,lack of pilot projects,matched,correct_id,False,36,20260702_001608,no
generalist_phi4_36_b10,phi4,generalist_phi4,generalist,10,10,uncertain regulatory roadmap,uncertain regulatory roadmap,matched,correct_id,False,36,20260702_001608,no
normative_phi4_36_b1,phi4,normative_phi4,normative,1,1,"power losses, quality and safety issues","power losses, quality and safety issues",matched,correct_id,False,36,20260702_001608,no
normative_phi4_36_b3,phi4,normative_phi4,normative,3,3,lack of use-cases in which DC is advantageous,lack of use-cases in which DC is advantageous,matched,correct_id,False,36,20260702_001608,no
normative_phi4_36_b4,phi4,normative_phi4,normative,4,4,"uncertain utility interaction (net metering, utility ownership, and agreed standards)","uncertain utility interaction (net metering, utility ownership, and agreed standards)",matched,correct_id,False,36,20260702_001608,no
normative_phi4_36_b5,phi4,normative_phi4,normative,5,5,lack of pilot projects,lack of pilot projects,matched,correct_id,False,36,20260702_001608,no
normative_phi4_36_b10,phi4,normative_phi4,normative,10,10,uncertain regulatory roadmap,uncertain regulatory roadmap,matched,correct_id,False,36,20260702_001608,no
subject-matter_phi4_36_b1,phi4,subject-matter_phi4,subject-matter,1,1,"power losses, quality and safety issues","power losses, quality and safety issues",matched,correct_id,False,36,20260702_001608,no
subject-matter_phi4_36_b2,phi4,subject-matter_phi4,subject-matter,2,2,reduced reliability in DC devices,reduced reliability in DC devices,matched,correct_id,False,36,20260702_001608,no
subject-matter_phi4_36_b4,phi4,subject-matter_phi4,subject-matter,4,4,"uncertain utility interaction (net metering, utility ownership, and agreed standards)","uncertain utility interaction (net metering, utility ownership, and agreed standards)",matched,correct_id,False,36,20260702_001608,no
subject-matter_phi4_36_b5,phi4,subject-matter_phi4,subject-matter,5,5,lack of pilot projects,lack of pilot projects,matched,correct_id,False,36,20260702_001608,no
subject-matter_phi4_36_b10,phi4,subject-matter_phi4,subject-matter,10,10,uncertain regulatory roadmap,uncertain regulatory roadmap,matched,correct_id,False,36,20260702_001608,no
generalist_llama_37_b1,llama,generalist_llama,generalist,1,1,"power losses, quality and safety issues","Power losses, quality, and safety issues",matched,correct_id,False,37,20260702_002018,no
generalist_llama_37_b2,llama,generalist_llama,generalist,2,2,reduced reliability in DC devices,Reduced reliability in DC devices,matched,correct_id,False,37,20260702_002018,no
generalist_llama_37_b3,llama,generalist_llama,generalist,3,3,lack of use-cases in which DC is advantageous,Lack of use-cases in which DC is advantageous,matched,correct_id,False,37,20260702_002018,no
generalist_llama_37_b4,llama,generalist_llama,generalist,4,4,"uncertain utility interaction (net metering, utility ownership, and agreed standards)","Uncertain utility interaction (net metering, utility ownership, and agreed standards)",matched,correct_id,False,37,20260702_002018,no
generalist_llama_37_b5,llama,generalist_llama,generalist,5,5,lack of pilot projects,Lack of pilot projects,matched,correct_id,False,37,20260702_002018,no
normative_llama_37_b1,llama,normative_llama,normative,1,5,"power losses, quality and safety issues","power losses, quality and safety issues",matched,corrected_from_label,False,37,20260702_002018,no
normative_llama_37_b6,llama,normative_llama,normative,6,6,public perception of DC and readiness to 'champion' installations from DC projects,public perception of DC and readiness to 'champion' installations from DC projects,matched,correct_id,False,37,20260702_002018,no
normative_llama_37_b7,llama,normative_llama,normative,7,7,incompatibility of DC systems components,incompatibility of DC systems components,matched,correct_id,False,37,20260702_002018,no
normative_llama_37_b8,llama,normative_llama,normative,8,8,misconception and lack of knowledge leads to lengthy/expensive design and permit process,misconception and lack of knowledge leads to lengthy/expensive design and permit process,matched,correct_id,False,37,20260702_002018,no
normative_llama_37_b9,llama,normative_llama,normative,9,9,lack of enough trained personnel in DC systems,lack of enough trained personnel in DC systems,matched,correct_id,False,37,20260702_002018,no
subject-matter_llama_37_b1,llama,subject-matter_llama,subject-matter,1,1,"power losses, quality and safety issues","Power losses, quality, and safety issues",matched,correct_id,False,37,20260702_002018,no
subject-matter_llama_37_b3,llama,subject-matter_llama,subject-matter,3,2,lack of use-cases in which DC is advantageous,Lack of use-cases in which DC is advantageous,matched,corrected_from_label,False,37,20260702_002018,no
subject-matter_llama_37_b4,llama,subject-matter_llama,subject-matter,4,3,"uncertain utility interaction (net metering, utility ownership, and agreed standards)","Uncertain utility interaction (net metering, utility ownership, and agreed standards)",matched,corrected_from_label,False,37,20260702_002018,no
subject-matter_llama_37_b11,llama,subject-matter_llama,subject-matter,11,4,high costs of DC solutions,High costs of DC solutions,matched,corrected_from_label,False,37,20260702_002018,no
subject-matter_llama_37_b7,llama,subject-matter_llama,subject-matter,7,5,incompatibility of DC systems components,Incompatibility of DC systems components,matched,corrected_from_label,False,37,20260702_002018,no
generalist_mistral_37_b1,mistral,generalist_mistral,generalist,1,1,"power losses, quality and safety issues","power losses, quality and safety issues",matched,correct_id,False,37,20260702_002018,no
generalist_mistral_37_b2,mistral,generalist_mistral,generalist,2,2,reduced reliability in DC devices,reduced reliability in DC devices,matched,correct_id,False,37,20260702_002018,no
generalist_mistral_37_b3,mistral,generalist_mistral,generalist,3,3,lack of use-cases in which DC is advantageous,lack of use-cases in which DC is advantageous,matched,correct_id,False,37,20260702_002018,no
generalist_mistral_37_b4,mistral,generalist_mistral,generalist,4,4,"uncertain utility interaction (net metering, utility ownership, and agreed standards)","uncertain utility interaction (net metering, utility ownership, and agreed standards)",matched,correct_id,False,37,20260702_002018,no
generalist_mistral_37_b5,mistral,generalist_mistral,generalist,5,5,lack of pilot projects,lack of pilot projects,matched,correct_id,False,37,20260702_002018,no
normative_mistral_37_b1,mistral,normative_mistral,normative,1,1,"power losses, quality and safety issues","power losses, quality and safety issues",matched,correct_id,False,37,20260702_002018,no
normative_mistral_37_b2,mistral,normative_mistral,normative,2,2,reduced reliability in DC devices,reduced reliability in DC devices,matched,correct_id,False,37,20260702_002018,no
normative_mistral_37_b4,mistral,normative_mistral,normative,4,3,"uncertain utility interaction (net metering, utility ownership, and agreed standards)","uncertain utility interaction (net metering, utility ownership, and agreed standards)",matched,corrected_from_label,False,37,20260702_002018,no
normative_mistral_37_b5,mistral,normative_mistral,normative,5,4,lack of pilot projects,lack of pilot projects,matched,corrected_from_label,False,37,20260702_002018,no
normative_mistral_37_b7,mistral,normative_mistral,normative,7,5,incompatibility of DC systems components,incompatibility of DC systems components,matched,corrected_from_label,False,37,20260702_002018,no
subject-matter_mistral_37_b1,mistral,subject-matter_mistral,subject-matter,1,1,"power losses, quality and safety issues","power losses, quality, and safety issues",matched,correct_id,False,37,20260702_002018,no
subject-matter_mistral_37_b2,mistral,subject-matter_mistral,subject-matter,2,2,reduced reliability in DC devices,reduced reliability in DC devices,matched,correct_id,False,37,20260702_002018,no
subject-matter_mistral_37_b3,mistral,subject-matter_mistral,subject-matter,3,3,lack of use-cases in which DC is advantageous,lack of use-cases in which DC is advantageous,matched,correct_id,False,37,20260702_002018,no
subject-matter_mistral_37_b4,mistral,subject-matter_mistral,subject-matter,4,4,"uncertain utility interaction (net metering, utility ownership, and agreed standards)","uncertain utility interaction (net metering, utility ownership, and agreed standards)",matched,correct_id,False,37,20260702_002018,no
subject-matter_mistral_37_b11,mistral,subject-matter_mistral,subject-matter,11,5,high costs of DC solutions,high costs of DC solutions,matched,corrected_from_label,False,37,20260702_002018,no
generalist_gemma3_37_b1,gemma3,generalist_gemma3,generalist,1,1,"power losses, quality and safety issues","power losses, quality and safety issues",matched,correct_id,False,37,20260702_002018,no
generalist_gemma3_37_b5,gemma3,generalist_gemma3,generalist,5,2,lack of pilot projects,lack of pilot projects,matched,corrected_from_label,False,37,20260702_002018,no
generalist_gemma3_37_b6,gemma3,generalist_gemma3,generalist,6,3,public perception of DC and readiness to 'champion' installations from DC projects,public perception of DC and readiness to 'champion' installations from DC projects,matched,corrected_from_label,False,37,20260702_002018,no
generalist_gemma3_37_b8,gemma3,generalist_gemma3,generalist,8,4,misconception and lack of knowledge leads to lengthy/expensive design and permit process,misconception and lack of knowledge leads to lengthy/expensive design and permit process,matched,corrected_from_label,False,37,20260702_002018,no
generalist_gemma3_37_b10,gemma3,generalist_gemma3,generalist,10,5,uncertain regulatory roadmap,uncertain regulatory roadmap,matched,corrected_from_label,False,37,20260702_002018,no
normative_gemma3_37_b1,gemma3,normative_gemma3,normative,1,1,"power losses, quality and safety issues","power losses, quality and safety issues",matched,correct_id,False,37,20260702_002018,no
normative_gemma3_37_b4,gemma3,normative_gemma3,normative,4,2,"uncertain utility interaction (net metering, utility ownership, and agreed standards)","uncertain utility interaction (net metering, utility ownership, and agreed standards)",matched,corrected_from_label,False,37,20260702_002018,no
normative_gemma3_37_b5,gemma3,normative_gemma3,normative,5,3,lack of pilot projects,lack of pilot projects,matched,corrected_from_label,False,37,20260702_002018,no
normative_gemma3_37_b8,gemma3,normative_gemma3,normative,8,4,misconception and lack of knowledge leads to lengthy/expensive design and permit process,misconception and lack of knowledge leads to lengthy/expensive design and permit process,matched,corrected_from_label,False,37,20260702_002018,no
normative_gemma3_37_b10,gemma3,normative_gemma3,normative,10,5,uncertain regulatory roadmap,uncertain regulatory roadmap,matched,corrected_from_label,False,37,20260702_002018,no
subject-matter_gemma3_37_b1,gemma3,subject-matter_gemma3,subject-matter,1,1,"power losses, quality and safety issues","power losses, quality and safety issues",matched,correct_id,False,37,20260702_002018,no
subject-matter_gemma3_37_b4,gemma3,subject-matter_gemma3,subject-matter,4,2,"uncertain utility interaction (net metering, utility ownership, and agreed standards)","uncertain utility interaction (net metering, utility ownership, and agreed standards)",matched,corrected_from_label,False,37,20260702_002018,no
subject-matter_gemma3_37_b8,gemma3,subject-matter_gemma3,subject-matter,8,3,misconception and lack of knowledge leads to lengthy/expensive design and permit process,misconception and lack of knowledge leads to lengthy/expensive design and permit process,matched,corrected_from_label,False,37,20260702_002018,no
subject-matter_gemma3_37_b9,gemma3,subject-matter_gemma3,subject-matter,9,4,lack of enough trained personnel in DC systems,lack of enough trained personnel in DC systems,matched,corrected_from_label,False,37,20260702_002018,no
subject-matter_gemma3_37_b10,gemma3,subject-matter_gemma3,subject-matter,10,5,uncertain regulatory roadmap,uncertain regulatory roadmap,matched,corrected_from_label,False,37,20260702_002018,no
generalist_phi4_37_b1,phi4,generalist_phi4,generalist,1,1,"power losses, quality and safety issues","power losses, quality and safety issues",matched,correct_id,False,37,20260702_002018,no
generalist_phi4_37_b2,phi4,generalist_phi4,generalist,2,2,reduced reliability in DC devices,reduced reliability in DC devices,matched,correct_id,False,37,20260702_002018,no
generalist_phi4_37_b3,phi4,generalist_phi4,generalist,3,3,lack of use-cases in which DC is advantageous,lack of use-cases in which DC is advantageous,matched,correct_id,False,37,20260702_002018,no
generalist_phi4_37_b4,phi4,generalist_phi4,generalist,4,4,"uncertain utility interaction (net metering, utility ownership, and agreed standards)","uncertain utility interaction (net metering, utility ownership, and agreed standards)",matched,correct_id,False,37,20260702_002018,no
generalist_phi4_37_b5,phi4,generalist_phi4,generalist,5,5,lack of pilot projects,lack of pilot projects,matched,correct_id,False,37,20260702_002018,no
normative_phi4_37_b1,phi4,normative_phi4,normative,1,1,"power losses, quality and safety issues","power losses, quality and safety issues",matched,correct_id,False,37,20260702_002018,no
normative_phi4_37_b3,phi4,normative_phi4,normative,3,3,lack of use-cases in which DC is advantageous,lack of use-cases in which DC is advantageous,matched,correct_id,False,37,20260702_002018,no
normative_phi4_37_b4,phi4,normative_phi4,normative,4,4,"uncertain utility interaction (net metering, utility ownership, and agreed standards)","uncertain utility interaction (net metering, utility ownership, and agreed standards)",matched,correct_id,False,37,20260702_002018,no
normative_phi4_37_b5,phi4,normative_phi4,normative,5,5,lack of pilot projects,lack of pilot projects,matched,correct_id,False,37,20260702_002018,no
normative_phi4_37_b10,phi4,normative_phi4,normative,10,10,uncertain regulatory roadmap,uncertain regulatory roadmap,matched,correct_id,False,37,20260702_002018,no
subject-matter_phi4_37_b1,phi4,subject-matter_phi4,subject-matter,1,1,"power losses, quality and safety issues","power losses, quality and safety issues",matched,correct_id,False,37,20260702_002018,no
subject-matter_phi4_37_b4,phi4,subject-matter_phi4,subject-matter,4,4,"uncertain utility interaction (net metering, utility ownership, and agreed standards)","uncertain utility interaction (net metering, utility ownership, and agreed standards)",matched,correct_id,False,37,20260702_002018,no
subject-matter_phi4_37_b5,phi4,subject-matter_phi4,subject-matter,5,5,lack of pilot projects,lack of pilot projects,matched,correct_id,False,37,20260702_002018,no
subject-matter_phi4_37_b10,phi4,subject-matter_phi4,subject-matter,10,10,uncertain regulatory roadmap,uncertain regulatory roadmap,matched,correct_id,False,37,20260702_002018,no
subject-matter_phi4_37_b11,phi4,subject-matter_phi4,subject-matter,11,11,high costs of DC solutions,high costs of DC solutions,matched,correct_id,False,37,20260702_002018,no
generalist_llama_38_b1,llama,generalist_llama,generalist,1,1,"power losses, quality and safety issues","Power losses, quality, and safety issues",matched,correct_id,False,38,20260702_002644,no
generalist_llama_38_b2,llama,generalist_llama,generalist,2,2,reduced reliability in DC devices,Reduced reliability in DC devices,matched,correct_id,False,38,20260702_002644,no
generalist_llama_38_b3,llama,generalist_llama,generalist,3,3,lack of use-cases in which DC is advantageous,Lack of use-cases in which DC is advantageous,matched,correct_id,False,38,20260702_002644,no
generalist_llama_38_b4,llama,generalist_llama,generalist,4,4,"uncertain utility interaction (net metering, utility ownership, and agreed standards)","Uncertain utility interaction (net metering, utility ownership, and agreed standards)",matched,correct_id,False,38,20260702_002644,no
generalist_llama_38_b5,llama,generalist_llama,generalist,5,5,lack of pilot projects,Lack of pilot projects,matched,correct_id,False,38,20260702_002644,no
normative_llama_38_b1,llama,normative_llama,normative,1,1,"power losses, quality and safety issues","power losses, quality and safety issues",matched,correct_id,False,38,20260702_002644,no
normative_llama_38_b2,llama,normative_llama,normative,2,2,reduced reliability in DC devices,reduced reliability in DC devices,matched,correct_id,False,38,20260702_002644,no
normative_llama_38_b3,llama,normative_llama,normative,3,3,lack of use-cases in which DC is advantageous,lack of use-cases in which DC is advantageous,matched,correct_id,False,38,20260702_002644,no
normative_llama_38_b4,llama,normative_llama,normative,4,4,"uncertain utility interaction (net metering, utility ownership, and agreed standards)","uncertain utility interaction (net metering, utility ownership, and agreed standards)",matched,correct_id,False,38,20260702_002644,no
normative_llama_38_b5,llama,normative_llama,normative,5,5,lack of pilot projects,lack of pilot projects,matched,correct_id,False,38,20260702_002644,no
subject-matter_llama_38_b1,llama,subject-matter_llama,subject-matter,1,1,"power losses, quality and safety issues","Power losses, quality, and safety issues",matched,correct_id,False,38,20260702_002644,no
subject-matter_llama_38_b2,llama,subject-matter_llama,subject-matter,2,2,reduced reliability in DC devices,Reduced reliability in DC devices,matched,correct_id,False,38,20260702_002644,no
subject-matter_llama_38_b3,llama,subject-matter_llama,subject-matter,3,3,lack of use-cases in which DC is advantageous,Lack of use-cases in which DC is advantageous,matched,correct_id,False,38,20260702_002644,no
subject-matter_llama_38_b4,llama,subject-matter_llama,subject-matter,4,4,"uncertain utility interaction (net metering, utility ownership, and agreed standards)","Uncertain utility interaction (net metering, utility ownership, and agreed standards)",matched,correct_id,False,38,20260702_002644,no
subject-matter_llama_38_b5,llama,subject-matter_llama,subject-matter,5,5,lack of pilot projects,Lack of pilot projects,matched,correct_id,False,38,20260702_002644,no
generalist_mistral_38_b1,mistral,generalist_mistral,generalist,1,1,"power losses, quality and safety issues","power losses, quality, and safety issues",matched,correct_id,False,38,20260702_002644,no
generalist_mistral_38_b2,mistral,generalist_mistral,generalist,2,2,reduced reliability in DC devices,reduced reliability in DC devices,matched,correct_id,False,38,20260702_002644,no
generalist_mistral_38_b3,mistral,generalist_mistral,generalist,3,3,lack of use-cases in which DC is advantageous,lack of use-cases in which DC is advantageous,matched,correct_id,False,38,20260702_002644,no
generalist_mistral_38_b4,mistral,generalist_mistral,generalist,4,4,"uncertain utility interaction (net metering, utility ownership, and agreed standards)","uncertain utility interaction (net metering, utility ownership, and agreed standards)",matched,correct_id,False,38,20260702_002644,no
generalist_mistral_38_b5,mistral,generalist_mistral,generalist,5,5,lack of pilot projects,lack of pilot projects,matched,correct_id,False,38,20260702_002644,no
normative_mistral_38_b1,mistral,normative_mistral,normative,1,1,"power losses, quality and safety issues","Power losses, quality, and safety issues",matched,correct_id,False,38,20260702_002644,no
normative_mistral_38_b2,mistral,normative_mistral,normative,2,2,reduced reliability in DC devices,Reduced reliability in DC devices,matched,correct_id,False,38,20260702_002644,no
normative_mistral_38_b3,mistral,normative_mistral,normative,3,3,lack of use-cases in which DC is advantageous,Lack of use-cases in which DC is advantageous,matched,correct_id,False,38,20260702_002644,no
normative_mistral_38_b4,mistral,normative_mistral,normative,4,4,"uncertain utility interaction (net metering, utility ownership, and agreed standards)","Uncertain utility interaction (net metering, utility ownership, and agreed standards)",matched,correct_id,False,38,20260702_002644,no
normative_mistral_38_b5,mistral,normative_mistral,normative,5,5,lack of pilot projects,Lack of pilot projects,matched,correct_id,False,38,20260702_002644,no
subject-matter_mistral_38_b1,mistral,subject-matter_mistral,subject-matter,1,1,"power losses, quality and safety issues","power losses, quality and safety issues",matched,correct_id,False,38,20260702_002644,no
subject-matter_mistral_38_b2,mistral,subject-matter_mistral,subject-matter,2,2,reduced reliability in DC devices,reduced reliability in DC devices,matched,correct_id,False,38,20260702_002644,no
subject-matter_mistral_38_b4,mistral,subject-matter_mistral,subject-matter,4,3,"uncertain utility interaction (net metering, utility ownership, and agreed standards)","uncertain utility interaction (net metering, utility ownership, and agreed standards)",matched,corrected_from_label,False,38,20260702_002644,no
subject-matter_mistral_38_b5,mistral,subject-matter_mistral,subject-matter,5,4,lack of pilot projects,lack of pilot projects,matched,corrected_from_label,False,38,20260702_002644,no
subject-matter_mistral_38_b6,mistral,subject-matter_mistral,subject-matter,6,5,public perception of DC and readiness to 'champion' installations from DC projects,public perception of DC and readiness to 'champion' installations from DC projects,matched,corrected_from_label,False,38,20260702_002644,no
generalist_gemma3_38_b1,gemma3,generalist_gemma3,generalist,1,1,"power losses, quality and safety issues","power losses, quality and safety issues",matched,correct_id,False,38,20260702_002644,no
generalist_gemma3_38_b5,gemma3,generalist_gemma3,generalist,5,2,lack of pilot projects,lack of pilot projects,matched,corrected_from_label,False,38,20260702_002644,no
generalist_gemma3_38_b4,gemma3,generalist_gemma3,generalist,4,3,"uncertain utility interaction (net metering, utility ownership, and agreed standards)","uncertain utility interaction (net metering, utility ownership, and agreed standards)",matched,corrected_from_label,False,38,20260702_002644,no
generalist_gemma3_38_b8,gemma3,generalist_gemma3,generalist,8,4,misconception and lack of knowledge leads to lengthy/expensive design and permit process,misconception and lack of knowledge leads to lengthy/expensive design and permit process,matched,corrected_from_label,False,38,20260702_002644,no
generalist_gemma3_38_b10,gemma3,generalist_gemma3,generalist,10,5,uncertain regulatory roadmap,uncertain regulatory roadmap,matched,corrected_from_label,False,38,20260702_002644,no
normative_gemma3_38_b1,gemma3,normative_gemma3,normative,1,1,"power losses, quality and safety issues","power losses, quality and safety issues",matched,correct_id,False,38,20260702_002644,no
normative_gemma3_38_b4,gemma3,normative_gemma3,normative,4,4,"uncertain utility interaction (net metering, utility ownership, and agreed standards)","uncertain utility interaction (net metering, utility ownership, and agreed standards)",matched,correct_id,False,38,20260702_002644,no
normative_gemma3_38_b7,gemma3,normative_gemma3,normative,7,7,incompatibility of DC systems components,incompatibility of DC systems components,matched,correct_id,False,38,20260702_002644,no
normative_gemma3_38_b8,gemma3,normative_gemma3,normative,8,8,misconception and lack of knowledge leads to lengthy/expensive design and permit process,misconception and lack of knowledge leads to lengthy/expensive design and permit process,matched,correct_id,False,38,20260702_002644,no
normative_gemma3_38_b11,gemma3,normative_gemma3,normative,11,11,high costs of DC solutions,high costs of DC solutions,matched,correct_id,False,38,20260702_002644,no
subject-matter_gemma3_38_b1,gemma3,subject-matter_gemma3,subject-matter,1,1,"power losses, quality and safety issues","power losses, quality and safety issues",matched,correct_id,False,38,20260702_002644,no
subject-matter_gemma3_38_b4,gemma3,subject-matter_gemma3,subject-matter,4,4,"uncertain utility interaction (net metering, utility ownership, and agreed standards)","uncertain utility interaction (net metering, utility ownership, and agreed standards)",matched,correct_id,False,38,20260702_002644,no
subject-matter_gemma3_38_b7,gemma3,subject-matter_gemma3,subject-matter,7,7,incompatibility of DC systems components,incompatibility of DC systems components,matched,correct_id,False,38,20260702_002644,no
subject-matter_gemma3_38_b8,gemma3,subject-matter_gemma3,subject-matter,8,8,misconception and lack of knowledge leads to lengthy/expensive design and permit process,misconception and lack of knowledge leads to lengthy/expensive design and permit process,matched,correct_id,False,38,20260702_002644,no
subject-matter_gemma3_38_b11,gemma3,subject-matter_gemma3,subject-matter,11,11,high costs of DC solutions,high costs of DC solutions,matched,correct_id,False,38,20260702_002644,no
generalist_phi4_38_b1,phi4,generalist_phi4,generalist,1,1,"power losses, quality and safety issues","power losses, quality and safety issues",matched,correct_id,False,38,20260702_002644,no
generalist_phi4_38_b4,phi4,generalist_phi4,generalist,4,4,"uncertain utility interaction (net metering, utility ownership, and agreed standards)","uncertain utility interaction (net metering, utility ownership, and agreed standards)",matched,correct_id,False,38,20260702_002644,no
generalist_phi4_38_b5,phi4,generalist_phi4,generalist,5,5,lack of pilot projects,lack of pilot projects,matched,correct_id,False,38,20260702_002644,no
generalist_phi4_38_b9,phi4,generalist_phi4,generalist,9,9,lack of enough trained personnel in DC systems,lack of enough trained personnel in DC systems,matched,correct_id,False,38,20260702_002644,no
generalist_phi4_38_b10,phi4,generalist_phi4,generalist,10,10,uncertain regulatory roadmap,uncertain regulatory roadmap,matched,correct_id,False,38,20260702_002644,no
normative_phi4_38_b1,phi4,normative_phi4,normative,1,1,"power losses, quality and safety issues","power losses, quality and safety issues",matched,correct_id,False,38,20260702_002644,no
normative_phi4_38_b3,phi4,normative_phi4,normative,3,3,lack of use-cases in which DC is advantageous,lack of use-cases in which DC is advantageous,matched,correct_id,False,38,20260702_002644,no
normative_phi4_38_b4,phi4,normative_phi4,normative,4,4,"uncertain utility interaction (net metering, utility ownership, and agreed standards)","uncertain utility interaction (net metering, utility ownership, and agreed standards)",matched,correct_id,False,38,20260702_002644,no
normative_phi4_38_b5,phi4,normative_phi4,normative,5,5,lack of pilot projects,lack of pilot projects,matched,correct_id,False,38,20260702_002644,no
normative_phi4_38_b10,phi4,normative_phi4,normative,10,10,uncertain regulatory roadmap,uncertain regulatory roadmap,matched,correct_id,False,38,20260702_002644,no
subject-matter_phi4_38_b1,phi4,subject-matter_phi4,subject-matter,1,1,"power losses, quality and safety issues","power losses, quality and safety issues",matched,correct_id,False,38,20260702_002644,no
subject-matter_phi4_38_b3,phi4,subject-matter_phi4,subject-matter,3,2,lack of use-cases in which DC is advantageous,lack of use-cases in which DC is advantageous,matched,corrected_from_label,False,38,20260702_002644,no
subject-matter_phi4_38_b4,phi4,subject-matter_phi4,subject-matter,4,4,"uncertain utility interaction (net metering, utility ownership, and agreed standards)","uncertain utility interaction (net metering, utility ownership, and agreed standards)",matched,correct_id,False,38,20260702_002644,no
subject-matter_phi4_38_b5,phi4,subject-matter_phi4,subject-matter,5,5,lack of pilot projects,lack of pilot projects,matched,correct_id,False,38,20260702_002644,no
subject-matter_phi4_38_b10,phi4,subject-matter_phi4,subject-matter,10,10,uncertain regulatory roadmap,uncertain regulatory roadmap,matched,correct_id,False,38,20260702_002644,no
generalist_llama_39_b3,llama,generalist_llama,generalist,3,1,lack of use-cases in which DC is advantageous,Lack of use-cases in which DC is advantageous,matched,corrected_from_label,False,39,20260702_002849,no
generalist_llama_39_b4,llama,generalist_llama,generalist,4,2,"uncertain utility interaction (net metering, utility ownership, and agreed standards)","Uncertain utility interaction (net metering, utility ownership, and agreed standards)",matched,corrected_from_label,False,39,20260702_002849,no
generalist_llama_39_b11,llama,generalist_llama,generalist,11,3,high costs of DC solutions,High costs of DC solutions,matched,corrected_from_label,False,39,20260702_002849,no
generalist_llama_39_b7,llama,generalist_llama,generalist,7,4,incompatibility of DC systems components,Incompatibility of DC systems components,matched,corrected_from_label,False,39,20260702_002849,no
generalist_llama_39_b8,llama,generalist_llama,generalist,8,5,misconception and lack of knowledge leads to lengthy/expensive design and permit process,Misconception and lack of knowledge leads to lengthy/expensive design and permit process,matched,corrected_from_label,False,39,20260702_002849,no
normative_llama_39_b1,llama,normative_llama,normative,1,1,"power losses, quality and safety issues","Power losses, quality, and safety issues",matched,correct_id,False,39,20260702_002849,no
normative_llama_39_b2,llama,normative_llama,normative,2,2,reduced reliability in DC devices,Reduced reliability in DC devices,matched,correct_id,False,39,20260702_002849,no
normative_llama_39_b3,llama,normative_llama,normative,3,3,lack of use-cases in which DC is advantageous,Lack of use-cases in which DC is advantageous,matched,correct_id,False,39,20260702_002849,no
normative_llama_39_b4,llama,normative_llama,normative,4,4,"uncertain utility interaction (net metering, utility ownership, and agreed standards)","Uncertain utility interaction (net metering, utility ownership, and agreed standards)",matched,correct_id,False,39,20260702_002849,no
normative_llama_39_b5,llama,normative_llama,normative,5,5,lack of pilot projects,Lack of pilot projects,matched,correct_id,False,39,20260702_002849,no
subject-matter_llama_39_b1,llama,subject-matter_llama,subject-matter,1,1,"power losses, quality and safety issues","Power losses, quality, and safety issues",matched,correct_id,False,39,20260702_002849,no
subject-matter_llama_39_b2,llama,subject-matter_llama,subject-matter,2,2,reduced reliability in DC devices,Reduced reliability in DC devices,matched,correct_id,False,39,20260702_002849,no
subject-matter_llama_39_b3,llama,subject-matter_llama,subject-matter,3,3,lack of use-cases in which DC is advantageous,Lack of use-cases in which DC is advantageous,matched,correct_id,False,39,20260702_002849,no
subject-matter_llama_39_b4,llama,subject-matter_llama,subject-matter,4,4,"uncertain utility interaction (net metering, utility ownership, and agreed standards)","Uncertain utility interaction (net metering, utility ownership, and agreed standards)",matched,correct_id,False,39,20260702_002849,no
subject-matter_llama_39_b5,llama,subject-matter_llama,subject-matter,5,5,lack of pilot projects,Lack of pilot projects,matched,correct_id,False,39,20260702_002849,no
generalist_mistral_39_b1,mistral,generalist_mistral,generalist,1,1,"power losses, quality and safety issues","power losses, quality, and safety issues",matched,correct_id,False,39,20260702_002849,no
generalist_mistral_39_b2,mistral,generalist_mistral,generalist,2,2,reduced reliability in DC devices,reduced reliability in DC devices,matched,correct_id,False,39,20260702_002849,no
generalist_mistral_39_b3,mistral,generalist_mistral,generalist,3,3,lack of use-cases in which DC is advantageous,lack of use-cases in which DC is advantageous,matched,correct_id,False,39,20260702_002849,no
generalist_mistral_39_b4,mistral,generalist_mistral,generalist,4,4,"uncertain utility interaction (net metering, utility ownership, and agreed standards)","uncertain utility interaction (net metering, utility ownership, and agreed standards)",matched,correct_id,False,39,20260702_002849,no
generalist_mistral_39_b5,mistral,generalist_mistral,generalist,5,5,lack of pilot projects,lack of pilot projects,matched,correct_id,False,39,20260702_002849,no
normative_mistral_39_b1,mistral,normative_mistral,normative,1,1,"power losses, quality and safety issues","power losses, quality and safety issues",matched,correct_id,False,39,20260702_002849,no
normative_mistral_39_b2,mistral,normative_mistral,normative,2,2,reduced reliability in DC devices,reduced reliability in DC devices,matched,correct_id,False,39,20260702_002849,no
normative_mistral_39_b4,mistral,normative_mistral,normative,4,3,"uncertain utility interaction (net metering, utility ownership, and agreed standards)","uncertain utility interaction (net metering, utility ownership, and agreed standards)",matched,corrected_from_label,False,39,20260702_002849,no
normative_mistral_39_b5,mistral,normative_mistral,normative,5,4,lack of pilot projects,lack of pilot projects,matched,corrected_from_label,False,39,20260702_002849,no
normative_mistral_39_b11,mistral,normative_mistral,normative,11,5,high costs of DC solutions,high costs of DC solutions,matched,corrected_from_label,False,39,20260702_002849,no
subject-matter_mistral_39_b1,mistral,subject-matter_mistral,subject-matter,1,1,"power losses, quality and safety issues","power losses, quality, and safety issues (1)",matched_by_fuzzy_prefix,correct_id_fuzzy_prefix,False,39,20260702_002849,no
subject-matter_mistral_39_b2,mistral,subject-matter_mistral,subject-matter,2,2,reduced reliability in DC devices,reduced reliability in DC devices (2),matched_by_fuzzy_prefix,correct_id_fuzzy_prefix,False,39,20260702_002849,no
subject-matter_mistral_39_b3,mistral,subject-matter_mistral,subject-matter,3,3,lack of use-cases in which DC is advantageous,lack of use-cases in which DC is advantageous (3),matched_by_fuzzy_prefix,correct_id_fuzzy_prefix,False,39,20260702_002849,no
subject-matter_mistral_39_b4,mistral,subject-matter_mistral,subject-matter,4,4,"uncertain utility interaction (net metering, utility ownership, and agreed standards)","uncertain utility interaction (net metering, utility ownership, and agreed standards) (4)",matched_by_fuzzy_prefix,correct_id_fuzzy_prefix,False,39,20260702_002849,no
subject-matter_mistral_39_b5,mistral,subject-matter_mistral,subject-matter,5,5,lack of pilot projects,lack of pilot projects (5),matched_by_fuzzy_prefix,correct_id_fuzzy_prefix,False,39,20260702_002849,no
generalist_gemma3_39_b1,gemma3,generalist_gemma3,generalist,1,1,"power losses, quality and safety issues","power losses, quality and safety issues",matched,correct_id,False,39,20260702_002849,no
generalist_gemma3_39_b3,gemma3,generalist_gemma3,generalist,3,2,lack of use-cases in which DC is advantageous,lack of use-cases in which DC is advantageous,matched,corrected_from_label,False,39,20260702_002849,no
generalist_gemma3_39_b4,gemma3,generalist_gemma3,generalist,4,3,"uncertain utility interaction (net metering, utility ownership, and agreed standards)","uncertain utility interaction (net metering, utility ownership, and agreed standards)",matched,corrected_from_label,False,39,20260702_002849,no
generalist_gemma3_39_b8,gemma3,generalist_gemma3,generalist,8,4,misconception and lack of knowledge leads to lengthy/expensive design and permit process,misconception and lack of knowledge leads to lengthy/expensive design and permit process,matched,corrected_from_label,False,39,20260702_002849,no
generalist_gemma3_39_b10,gemma3,generalist_gemma3,generalist,10,5,uncertain regulatory roadmap,uncertain regulatory roadmap,matched,corrected_from_label,False,39,20260702_002849,no
normative_gemma3_39_b1,gemma3,normative_gemma3,normative,1,1,"power losses, quality and safety issues","power losses, quality and safety issues",matched,correct_id,False,39,20260702_002849,no
normative_gemma3_39_b4,gemma3,normative_gemma3,normative,4,4,"uncertain utility interaction (net metering, utility ownership, and agreed standards)","uncertain utility interaction (net metering, utility ownership, and agreed standards)",matched,correct_id,False,39,20260702_002849,no
normative_gemma3_39_b7,gemma3,normative_gemma3,normative,7,7,incompatibility of DC systems components,incompatibility of DC systems components,matched,correct_id,False,39,20260702_002849,no
normative_gemma3_39_b8,gemma3,normative_gemma3,normative,8,8,misconception and lack of knowledge leads to lengthy/expensive design and permit process,misconception and lack of knowledge leads to lengthy/expensive design and permit process,matched,correct_id,False,39,20260702_002849,no
normative_gemma3_39_b11,gemma3,normative_gemma3,normative,11,11,high costs of DC solutions,high costs of DC solutions,matched,correct_id,False,39,20260702_002849,no
subject-matter_gemma3_39_b1,gemma3,subject-matter_gemma3,subject-matter,1,1,"power losses, quality and safety issues","power losses, quality and safety issues",matched,correct_id,False,39,20260702_002849,no
subject-matter_gemma3_39_b5,gemma3,subject-matter_gemma3,subject-matter,5,2,lack of pilot projects,lack of pilot projects,matched,corrected_from_label,False,39,20260702_002849,no
subject-matter_gemma3_39_b4,gemma3,subject-matter_gemma3,subject-matter,4,3,"uncertain utility interaction (net metering, utility ownership, and agreed standards)","uncertain utility interaction (net metering, utility ownership, and agreed standards)",matched,corrected_from_label,False,39,20260702_002849,no
subject-matter_gemma3_39_b8,gemma3,subject-matter_gemma3,subject-matter,8,4,misconception and lack of knowledge leads to lengthy/expensive design and permit process,misconception and lack of knowledge leads to lengthy/expensive design and permit process,matched,corrected_from_label,False,39,20260702_002849,no
subject-matter_gemma3_39_b10,gemma3,subject-matter_gemma3,subject-matter,10,5,uncertain regulatory roadmap,uncertain regulatory roadmap,matched,corrected_from_label,False,39,20260702_002849,no
generalist_phi4_39_b1,phi4,generalist_phi4,generalist,1,1,"power losses, quality and safety issues","power losses, quality and safety issues",matched,correct_id,False,39,20260702_002849,no
generalist_phi4_39_b3,phi4,generalist_phi4,generalist,3,3,lack of use-cases in which DC is advantageous,lack of use-cases in which DC is advantageous,matched,correct_id,False,39,20260702_002849,no
generalist_phi4_39_b4,phi4,generalist_phi4,generalist,4,4,"uncertain utility interaction (net metering, utility ownership, and agreed standards)","uncertain utility interaction (net metering, utility ownership, and agreed standards)",matched,correct_id,False,39,20260702_002849,no
generalist_phi4_39_b5,phi4,generalist_phi4,generalist,5,5,lack of pilot projects,lack of pilot projects,matched,correct_id,False,39,20260702_002849,no
generalist_phi4_39_b10,phi4,generalist_phi4,generalist,10,10,uncertain regulatory roadmap,uncertain regulatory roadmap,matched,correct_id,False,39,20260702_002849,no
normative_phi4_39_b1,phi4,normative_phi4,normative,1,1,"power losses, quality and safety issues","power losses, quality and safety issues",matched,correct_id,False,39,20260702_002849,no
normative_phi4_39_b2,phi4,normative_phi4,normative,2,2,reduced reliability in DC devices,reduced reliability in DC devices,matched,correct_id,False,39,20260702_002849,no
normative_phi4_39_b3,phi4,normative_phi4,normative,3,3,lack of use-cases in which DC is advantageous,lack of use-cases in which DC is advantageous,matched,correct_id,False,39,20260702_002849,no
normative_phi4_39_b4,phi4,normative_phi4,normative,4,4,"uncertain utility interaction (net metering, utility ownership, and agreed standards)","uncertain utility interaction (net metering, utility ownership, and agreed standards)",matched,correct_id,False,39,20260702_002849,no
normative_phi4_39_b11,phi4,normative_phi4,normative,11,5,high costs of DC solutions,high costs of DC solutions,matched,corrected_from_label,False,39,20260702_002849,no
subject-matter_phi4_39_b1,phi4,subject-matter_phi4,subject-matter,1,1,"power losses, quality and safety issues","power losses, quality and safety issues",matched,correct_id,False,39,20260702_002849,no
subject-matter_phi4_39_b2,phi4,subject-matter_phi4,subject-matter,2,2,reduced reliability in DC devices,reduced reliability in DC devices,matched,correct_id,False,39,20260702_002849,no
subject-matter_phi4_39_b3,phi4,subject-matter_phi4,subject-matter,3,3,lack of use-cases in which DC is advantageous,lack of use-cases in which DC is advantageous,matched,correct_id,False,39,20260702_002849,no
subject-matter_phi4_39_b4,phi4,subject-matter_phi4,subject-matter,4,4,"uncertain utility interaction (net metering, utility ownership, and agreed standards)","uncertain utility interaction (net metering, utility ownership, and agreed standards)",matched,correct_id,False,39,20260702_002849,no
subject-matter_phi4_39_b11,phi4,subject-matter_phi4,subject-matter,11,5,high costs of DC solutions,high costs of DC solutions,matched,corrected_from_label,False,39,20260702_002849,no
generalist_llama_40_b1,llama,generalist_llama,generalist,1,1,"power losses, quality and safety issues","Power losses, quality, and safety issues",matched,correct_id,False,40,20260702_003046,no
generalist_llama_40_b3,llama,generalist_llama,generalist,3,2,lack of use-cases in which DC is advantageous,Lack of use-cases in which DC is advantageous,matched,corrected_from_label,False,40,20260702_003046,no
generalist_llama_40_b4,llama,generalist_llama,generalist,4,3,"uncertain utility interaction (net metering, utility ownership, and agreed standards)","Uncertain utility interaction (net metering, utility ownership, and agreed standards)",matched,corrected_from_label,False,40,20260702_003046,no
generalist_llama_40_b7,llama,generalist_llama,generalist,7,4,incompatibility of DC systems components,Incompatibility of DC systems components,matched,corrected_from_label,False,40,20260702_003046,no
generalist_llama_40_b8,llama,generalist_llama,generalist,8,5,misconception and lack of knowledge leads to lengthy/expensive design and permit process,Misconception and lack of knowledge leads to lengthy/expensive design and permit process,matched,corrected_from_label,False,40,20260702_003046,no
normative_llama_40_b1,llama,normative_llama,normative,1,1,"power losses, quality and safety issues","Power losses, quality, and safety issues",matched,correct_id,False,40,20260702_003046,no
normative_llama_40_b2,llama,normative_llama,normative,2,2,reduced reliability in DC devices,Reduced reliability in DC devices,matched,correct_id,False,40,20260702_003046,no
normative_llama_40_b3,llama,normative_llama,normative,3,3,lack of use-cases in which DC is advantageous,Lack of use-cases in which DC is advantageous,matched,correct_id,False,40,20260702_003046,no
normative_llama_40_b4,llama,normative_llama,normative,4,4,"uncertain utility interaction (net metering, utility ownership, and agreed standards)","Uncertain utility interaction (net metering, utility ownership, and agreed standards)",matched,correct_id,False,40,20260702_003046,no
normative_llama_40_b5,llama,normative_llama,normative,5,5,lack of pilot projects,Lack of pilot projects,matched,correct_id,False,40,20260702_003046,no
subject-matter_llama_40_b1,llama,subject-matter_llama,subject-matter,1,1,"power losses, quality and safety issues","power losses, quality and safety issues",matched,correct_id,False,40,20260702_003046,no
subject-matter_llama_40_b2,llama,subject-matter_llama,subject-matter,2,2,reduced reliability in DC devices,reduced reliability in DC devices,matched,correct_id,False,40,20260702_003046,no
subject-matter_llama_40_b3,llama,subject-matter_llama,subject-matter,3,3,lack of use-cases in which DC is advantageous,lack of use-cases in which DC is advantageous,matched,correct_id,False,40,20260702_003046,no
subject-matter_llama_40_b4,llama,subject-matter_llama,subject-matter,4,4,"uncertain utility interaction (net metering, utility ownership, and agreed standards)","uncertain utility interaction (net metering, utility ownership, and agreed standards)",matched,correct_id,False,40,20260702_003046,no
subject-matter_llama_40_b11,llama,subject-matter_llama,subject-matter,11,5,high costs of DC solutions,high costs of DC solutions,matched,corrected_from_label,False,40,20260702_003046,no
generalist_mistral_40_b1,mistral,generalist_mistral,generalist,1,1,"power losses, quality and safety issues","Power losses, quality, and safety issues: The conversion between AC and DC can lead to power loss and potential safety hazards. Addressing these concerns is crucial for ensuring the efficient and safe operation of DC systems.",matched_by_fuzzy_prefix,correct_id_fuzzy_prefix,False,40,20260702_003046,no
generalist_mistral_40_b2,mistral,generalist_mistral,generalist,2,2,reduced reliability in DC devices,"Reduced reliability in DC devices: Some DC components may have lower reliability compared to their AC counterparts, which could increase maintenance costs and decrease system uptime. Improving the reliability of DC devices will be essential for widespread adoption.",matched_by_fuzzy_prefix,correct_id_fuzzy_prefix,False,40,20260702_003046,no
generalist_mistral_40_b3,mistral,generalist_mistral,generalist,3,3,lack of use-cases in which DC is advantageous,Lack of use-cases in which DC is advantageous: Demonstrating the benefits of using DC over AC in specific applications is crucial to encourage its adoption. Identifying and showcasing successful applications can help build momentum for wider implementation.,matched_by_fuzzy_prefix,correct_id_fuzzy_prefix,False,40,20260702_003046,no
generalist_mistral_40_b4,mistral,generalist_mistral,generalist,4,4,"uncertain utility interaction (net metering, utility ownership, and agreed standards)","Uncertain utility interaction (net metering, utility ownership, and agreed standards): Clear guidelines and regulations regarding net metering, utility ownership, and standards are necessary to ensure a smooth transition to DC systems and to facilitate grid integration.",matched_by_fuzzy_prefix,correct_id_fuzzy_prefix,False,40,20260702_003046,no
generalist_mistral_40_b5,mistral,generalist_mistral,generalist,5,5,lack of pilot projects,"Lack of pilot projects: Real-world demonstrations of DC technologies can help build confidence and address any technical or operational uncertainties. The development of pilot projects is essential for gathering data on performance, cost-effectiveness, and overall feasibility.",matched_by_fuzzy_prefix,correct_id_fuzzy_prefix,False,40,20260702_003046,no
normative_mistral_40_b1,mistral,normative_mistral,normative,1,1,"power losses, quality and safety issues","power losses, quality and safety issues",matched,correct_id,False,40,20260702_003046,no
normative_mistral_40_b2,mistral,normative_mistral,normative,2,2,reduced reliability in DC devices,reduced reliability in DC devices,matched,correct_id,False,40,20260702_003046,no
normative_mistral_40_b4,mistral,normative_mistral,normative,4,3,"uncertain utility interaction (net metering, utility ownership, and agreed standards)","uncertain utility interaction (net metering, utility ownership, and agreed standards)",matched,corrected_from_label,False,40,20260702_003046,no
normative_mistral_40_b5,mistral,normative_mistral,normative,5,4,lack of pilot projects,lack of pilot projects,matched,corrected_from_label,False,40,20260702_003046,no
normative_mistral_40_b6,mistral,normative_mistral,normative,6,5,public perception of DC and readiness to 'champion' installations from DC projects,public perception of DC and readiness to 'champion' installations from DC projects,matched,corrected_from_label,False,40,20260702_003046,no
subject-matter_mistral_40_b1,mistral,subject-matter_mistral,subject-matter,1,1,"power losses, quality and safety issues","power losses, quality, and safety issues",matched,correct_id,False,40,20260702_003046,no
subject-matter_mistral_40_b2,mistral,subject-matter_mistral,subject-matter,2,2,reduced reliability in DC devices,reduced reliability in DC devices,matched,correct_id,False,40,20260702_003046,no
subject-matter_mistral_40_b3,mistral,subject-matter_mistral,subject-matter,3,3,lack of use-cases in which DC is advantageous,lack of use-cases in which DC is advantageous,matched,correct_id,False,40,20260702_003046,no
subject-matter_mistral_40_b4,mistral,subject-matter_mistral,subject-matter,4,4,"uncertain utility interaction (net metering, utility ownership, and agreed standards)","uncertain utility interaction (net metering, utility ownership, and agreed standards)",matched,correct_id,False,40,20260702_003046,no
subject-matter_mistral_40_b5,mistral,subject-matter_mistral,subject-matter,5,5,lack of pilot projects,lack of pilot projects,matched,correct_id,False,40,20260702_003046,no
generalist_gemma3_40_b1,gemma3,generalist_gemma3,generalist,1,1,"power losses, quality and safety issues","power losses, quality and safety issues",matched,correct_id,False,40,20260702_003046,no
generalist_gemma3_40_b5,gemma3,generalist_gemma3,generalist,5,2,lack of pilot projects,lack of pilot projects,matched,corrected_from_label,False,40,20260702_003046,no
generalist_gemma3_40_b6,gemma3,generalist_gemma3,generalist,6,3,public perception of DC and readiness to 'champion' installations from DC projects,public perception of DC and readiness to 'champion' installations from DC projects,matched,corrected_from_label,False,40,20260702_003046,no
generalist_gemma3_40_b8,gemma3,generalist_gemma3,generalist,8,4,misconception and lack of knowledge leads to lengthy/expensive design and permit process,misconception and lack of knowledge leads to lengthy/expensive design and permit process,matched,corrected_from_label,False,40,20260702_003046,no
generalist_gemma3_40_b10,gemma3,generalist_gemma3,generalist,10,5,uncertain regulatory roadmap,uncertain regulatory roadmap,matched,corrected_from_label,False,40,20260702_003046,no
normative_gemma3_40_b1,gemma3,normative_gemma3,normative,1,1,"power losses, quality and safety issues","power losses, quality and safety issues",matched,correct_id,False,40,20260702_003046,no
normative_gemma3_40_b4,gemma3,normative_gemma3,normative,4,4,"uncertain utility interaction (net metering, utility ownership, and agreed standards)","uncertain utility interaction (net metering, utility ownership, and agreed standards)",matched,correct_id,False,40,20260702_003046,no
normative_gemma3_40_b7,gemma3,normative_gemma3,normative,7,7,incompatibility of DC systems components,incompatibility of DC systems components,matched,correct_id,False,40,20260702_003046,no
normative_gemma3_40_b8,gemma3,normative_gemma3,normative,8,8,misconception and lack of knowledge leads to lengthy/expensive design and permit process,misconception and lack of knowledge leads to lengthy/expensive design and permit process,matched,correct_id,False,40,20260702_003046,no
normative_gemma3_40_b11,gemma3,normative_gemma3,normative,11,11,high costs of DC solutions,high costs of DC solutions,matched,correct_id,False,40,20260702_003046,no
subject-matter_gemma3_40_b1,gemma3,subject-matter_gemma3,subject-matter,1,1,"power losses, quality and safety issues","power losses, quality and safety issues",matched,correct_id,False,40,20260702_003046,no
subject-matter_gemma3_40_b4,gemma3,subject-matter_gemma3,subject-matter,4,2,"uncertain utility interaction (net metering, utility ownership, and agreed standards)","uncertain utility interaction (net metering, utility ownership, and agreed standards)",matched,corrected_from_label,False,40,20260702_003046,no
subject-matter_gemma3_40_b5,gemma3,subject-matter_gemma3,subject-matter,5,3,lack of pilot projects,lack of pilot projects,matched,corrected_from_label,False,40,20260702_003046,no
subject-matter_gemma3_40_b8,gemma3,subject-matter_gemma3,subject-matter,8,4,misconception and lack of knowledge leads to lengthy/expensive design and permit process,misconception and lack of knowledge leads to lengthy/expensive design and permit process,matched,corrected_from_label,False,40,20260702_003046,no
subject-matter_gemma3_40_b10,gemma3,subject-matter_gemma3,subject-matter,10,5,uncertain regulatory roadmap,uncertain regulatory roadmap,matched,corrected_from_label,False,40,20260702_003046,no
generalist_phi4_40_b1,phi4,generalist_phi4,generalist,1,1,"power losses, quality and safety issues","power losses, quality and safety issues",matched,correct_id,False,40,20260702_003046,no
generalist_phi4_40_b2,phi4,generalist_phi4,generalist,2,2,reduced reliability in DC devices,reduced reliability in DC devices,matched,correct_id,False,40,20260702_003046,no
generalist_phi4_40_b3,phi4,generalist_phi4,generalist,3,3,lack of use-cases in which DC is advantageous,lack of use-cases in which DC is advantageous,matched,correct_id,False,40,20260702_003046,no
generalist_phi4_40_b4,phi4,generalist_phi4,generalist,4,4,"uncertain utility interaction (net metering, utility ownership, and agreed standards)","uncertain utility interaction (net metering, utility ownership, and agreed standards)",matched,correct_id,False,40,20260702_003046,no
generalist_phi4_40_b10,phi4,generalist_phi4,generalist,10,5,uncertain regulatory roadmap,uncertain regulatory roadmap,matched,corrected_from_label,False,40,20260702_003046,no
normative_phi4_40_b1,phi4,normative_phi4,normative,1,1,"power losses, quality and safety issues","power losses, quality and safety issues",matched,correct_id,False,40,20260702_003046,no
normative_phi4_40_b4,phi4,normative_phi4,normative,4,4,"uncertain utility interaction (net metering, utility ownership, and agreed standards)","uncertain utility interaction (net metering, utility ownership, and agreed standards)",matched,correct_id,False,40,20260702_003046,no
normative_phi4_40_b5,phi4,normative_phi4,normative,5,5,lack of pilot projects,lack of pilot projects,matched,correct_id,False,40,20260702_003046,no
normative_phi4_40_b10,phi4,normative_phi4,normative,10,10,uncertain regulatory roadmap,uncertain regulatory roadmap,matched,correct_id,False,40,20260702_003046,no
normative_phi4_40_b11,phi4,normative_phi4,normative,11,11,high costs of DC solutions,high costs of DC solutions,matched,correct_id,False,40,20260702_003046,no
subject-matter_phi4_40_b1,phi4,subject-matter_phi4,subject-matter,1,1,"power losses, quality and safety issues","power losses, quality and safety issues",matched,correct_id,False,40,20260702_003046,no
subject-matter_phi4_40_b3,phi4,subject-matter_phi4,subject-matter,3,2,lack of use-cases in which DC is advantageous,lack of use-cases in which DC is advantageous,matched,corrected_from_label,False,40,20260702_003046,no
subject-matter_phi4_40_b4,phi4,subject-matter_phi4,subject-matter,4,3,"uncertain utility interaction (net metering, utility ownership, and agreed standards)","uncertain utility interaction (net metering, utility ownership, and agreed standards)",matched,corrected_from_label,False,40,20260702_003046,no
subject-matter_phi4_40_b5,phi4,subject-matter_phi4,subject-matter,5,4,lack of pilot projects,lack of pilot projects,matched,corrected_from_label,False,40,20260702_003046,no
subject-matter_phi4_40_b10,phi4,subject-matter_phi4,subject-matter,10,5,uncertain regulatory roadmap,uncertain regulatory roadmap,matched,corrected_from_label,False,40,20260702_003046,no
generalist_llama_41_b1,llama,generalist_llama,generalist,1,1,"power losses, quality and safety issues","power losses, quality, and safety issues",matched,correct_id,False,41,20260702_003249,no
generalist_llama_41_b2,llama,generalist_llama,generalist,2,2,reduced reliability in DC devices,reduced reliability in DC devices,matched,correct_id,False,41,20260702_003249,no
generalist_llama_41_b4,llama,generalist_llama,generalist,4,3,"uncertain utility interaction (net metering, utility ownership, and agreed standards)","uncertainty in utility interaction (net metering, ownership, and agreed standards)",matched_by_fuzzy_prefix,corrected_from_fuzzy_prefix,False,41,20260702_003249,no
generalist_llama_41_b5,llama,generalist_llama,generalist,5,4,lack of pilot projects,lack of pilot projects,matched,corrected_from_label,False,41,20260702_003249,no
generalist_llama_41_b6,llama,generalist_llama,generalist,6,5,public perception of DC and readiness to 'champion' installations from DC projects,public perception of DC and readiness to 'champion' installations from DC projects,matched,corrected_from_label,False,41,20260702_003249,no
normative_llama_41_b1,llama,normative_llama,normative,1,1,"power losses, quality and safety issues","power losses, quality and safety issues",matched,correct_id,False,41,20260702_003249,no
normative_llama_41_b2,llama,normative_llama,normative,2,2,reduced reliability in DC devices,reduced reliability in DC devices,matched,correct_id,False,41,20260702_003249,no
normative_llama_41_b3,llama,normative_llama,normative,3,3,lack of use-cases in which DC is advantageous,lack of use-cases in which DC is advantageous,matched,correct_id,False,41,20260702_003249,no
normative_llama_41_b4,llama,normative_llama,normative,4,4,"uncertain utility interaction (net metering, utility ownership, and agreed standards)","uncertain utility interaction (net metering, utility ownership, and agreed standards)",matched,correct_id,False,41,20260702_003249,no
normative_llama_41_b5,llama,normative_llama,normative,5,5,lack of pilot projects,lack of pilot projects,matched,correct_id,False,41,20260702_003249,no
subject-matter_llama_41_b1,llama,subject-matter_llama,subject-matter,1,1,"power losses, quality and safety issues","Power losses, quality, and safety issues",matched,correct_id,False,41,20260702_003249,no
subject-matter_llama_41_b2,llama,subject-matter_llama,subject-matter,2,2,reduced reliability in DC devices,Reduced reliability in DC devices,matched,correct_id,False,41,20260702_003249,no
subject-matter_llama_41_b3,llama,subject-matter_llama,subject-matter,3,3,lack of use-cases in which DC is advantageous,Lack of use-cases in which DC is advantageous,matched,correct_id,False,41,20260702_003249,no
subject-matter_llama_41_b4,llama,subject-matter_llama,subject-matter,4,4,"uncertain utility interaction (net metering, utility ownership, and agreed standards)","Uncertain utility interaction (net metering, utility ownership, and agreed standards)",matched,correct_id,False,41,20260702_003249,no
subject-matter_llama_41_b5,llama,subject-matter_llama,subject-matter,5,5,lack of pilot projects,Lack of pilot projects,matched,correct_id,False,41,20260702_003249,no
generalist_mistral_41_b1,mistral,generalist_mistral,generalist,1,1,"power losses, quality and safety issues","power losses, quality and safety issues",matched,correct_id,False,41,20260702_003249,no
generalist_mistral_41_b2,mistral,generalist_mistral,generalist,2,2,reduced reliability in DC devices,reduced reliability in DC devices,matched,correct_id,False,41,20260702_003249,no
generalist_mistral_41_b4,mistral,generalist_mistral,generalist,4,3,"uncertain utility interaction (net metering, utility ownership, and agreed standards)","uncertain utility interaction (net metering, utility ownership, and agreed standards)",matched,corrected_from_label,False,41,20260702_003249,no
generalist_mistral_41_b5,mistral,generalist_mistral,generalist,5,4,lack of pilot projects,lack of pilot projects,matched,corrected_from_label,False,41,20260702_003249,no
generalist_mistral_41_b6,mistral,generalist_mistral,generalist,6,5,public perception of DC and readiness to 'champion' installations from DC projects,public perception of DC and readiness to 'champion' installations from DC projects,matched,corrected_from_label,False,41,20260702_003249,no
normative_mistral_41_b1,mistral,normative_mistral,normative,1,1,"power losses, quality and safety issues","power losses, quality and safety issues (Barrier 1)",matched_by_fuzzy_prefix,correct_id_fuzzy_prefix,False,41,20260702_003249,no
normative_mistral_41_b2,mistral,normative_mistral,normative,2,2,reduced reliability in DC devices,reduced reliability in DC devices (Barrier 2),matched_by_fuzzy_prefix,correct_id_fuzzy_prefix,False,41,20260702_003249,no
normative_mistral_41_b3,mistral,normative_mistral,normative,3,3,lack of use-cases in which DC is advantageous,lack of use-cases in which DC is advantageous (Barrier 3),matched_by_fuzzy_prefix,correct_id_fuzzy_prefix,False,41,20260702_003249,no
normative_mistral_41_b4,mistral,normative_mistral,normative,4,4,"uncertain utility interaction (net metering, utility ownership, and agreed standards)","uncertain utility interaction (net metering, utility ownership, and agreed standards) (Barrier 4)",matched_by_fuzzy_prefix,correct_id_fuzzy_prefix,False,41,20260702_003249,no
normative_mistral_41_b5,mistral,normative_mistral,normative,5,5,lack of pilot projects,lack of pilot projects (Barrier 5),matched_by_fuzzy_prefix,correct_id_fuzzy_prefix,False,41,20260702_003249,no
subject-matter_mistral_41_b1,mistral,subject-matter_mistral,subject-matter,1,1,"power losses, quality and safety issues","power losses, quality and safety issues (Barrier 1)",matched_by_fuzzy_prefix,correct_id_fuzzy_prefix,False,41,20260702_003249,no
subject-matter_mistral_41_b2,mistral,subject-matter_mistral,subject-matter,2,2,reduced reliability in DC devices,reduced reliability in DC devices (Barrier 2),matched_by_fuzzy_prefix,correct_id_fuzzy_prefix,False,41,20260702_003249,no
subject-matter_mistral_41_b3,mistral,subject-matter_mistral,subject-matter,3,3,lack of use-cases in which DC is advantageous,lack of use-cases in which DC is advantageous (Barrier 3),matched_by_fuzzy_prefix,correct_id_fuzzy_prefix,False,41,20260702_003249,no
subject-matter_mistral_41_b4,mistral,subject-matter_mistral,subject-matter,4,4,"uncertain utility interaction (net metering, utility ownership, and agreed standards)","uncertain utility interaction (net metering, utility ownership, and agreed standards) (Barrier 4)",matched_by_fuzzy_prefix,correct_id_fuzzy_prefix,False,41,20260702_003249,no
subject-matter_mistral_41_b5,mistral,subject-matter_mistral,subject-matter,5,5,lack of pilot projects,lack of pilot projects (Barrier 5),matched_by_fuzzy_prefix,correct_id_fuzzy_prefix,False,41,20260702_003249,no
generalist_gemma3_41_b1,gemma3,generalist_gemma3,generalist,1,1,"power losses, quality and safety issues","power losses, quality and safety issues",matched,correct_id,False,41,20260702_003249,no
generalist_gemma3_41_b5,gemma3,generalist_gemma3,generalist,5,2,lack of pilot projects,lack of pilot projects,matched,corrected_from_label,False,41,20260702_003249,no
generalist_gemma3_41_b6,gemma3,generalist_gemma3,generalist,6,3,public perception of DC and readiness to 'champion' installations from DC projects,public perception of DC and readiness to 'champion' installations from DC projects,matched,corrected_from_label,False,41,20260702_003249,no
generalist_gemma3_41_b8,gemma3,generalist_gemma3,generalist,8,4,misconception and lack of knowledge leads to lengthy/expensive design and permit process,misconception and lack of knowledge leads to lengthy/expensive design and permit process,matched,corrected_from_label,False,41,20260702_003249,no
generalist_gemma3_41_b10,gemma3,generalist_gemma3,generalist,10,5,uncertain regulatory roadmap,uncertain regulatory roadmap,matched,corrected_from_label,False,41,20260702_003249,no
normative_gemma3_41_b1,gemma3,normative_gemma3,normative,1,1,"power losses, quality and safety issues","power losses, quality and safety issues",matched,correct_id,False,41,20260702_003249,no
normative_gemma3_41_b5,gemma3,normative_gemma3,normative,5,2,lack of pilot projects,lack of pilot projects,matched,corrected_from_label,False,41,20260702_003249,no
normative_gemma3_41_b6,gemma3,normative_gemma3,normative,6,3,public perception of DC and readiness to 'champion' installations from DC projects,public perception of DC and readiness to 'champion' installations from DC projects,matched,corrected_from_label,False,41,20260702_003249,no
normative_gemma3_41_b8,gemma3,normative_gemma3,normative,8,4,misconception and lack of knowledge leads to lengthy/expensive design and permit process,misconception and lack of knowledge leads to lengthy/expensive design and permit process,matched,corrected_from_label,False,41,20260702_003249,no
normative_gemma3_41_b10,gemma3,normative_gemma3,normative,10,5,uncertain regulatory roadmap,uncertain regulatory roadmap,matched,corrected_from_label,False,41,20260702_003249,no
subject-matter_gemma3_41_b1,gemma3,subject-matter_gemma3,subject-matter,1,1,"power losses, quality and safety issues","power losses, quality and safety issues",matched,correct_id,False,41,20260702_003249,no
subject-matter_gemma3_41_b5,gemma3,subject-matter_gemma3,subject-matter,5,2,lack of pilot projects,lack of pilot projects,matched,corrected_from_label,False,41,20260702_003249,no
subject-matter_gemma3_41_b4,gemma3,subject-matter_gemma3,subject-matter,4,3,"uncertain utility interaction (net metering, utility ownership, and agreed standards)","uncertain utility interaction (net metering, utility ownership, and agreed standards)",matched,corrected_from_label,False,41,20260702_003249,no
subject-matter_gemma3_41_b8,gemma3,subject-matter_gemma3,subject-matter,8,4,misconception and lack of knowledge leads to lengthy/expensive design and permit process,misconception and lack of knowledge leads to lengthy/expensive design and permit process,matched,corrected_from_label,False,41,20260702_003249,no
subject-matter_gemma3_41_b10,gemma3,subject-matter_gemma3,subject-matter,10,5,uncertain regulatory roadmap,uncertain regulatory roadmap,matched,corrected_from_label,False,41,20260702_003249,no
generalist_phi4_41_b1,phi4,generalist_phi4,generalist,1,1,"power losses, quality and safety issues","power losses, quality and safety issues",matched,correct_id,False,41,20260702_003249,no
generalist_phi4_41_b3,phi4,generalist_phi4,generalist,3,3,lack of use-cases in which DC is advantageous,lack of use-cases in which DC is advantageous,matched,correct_id,False,41,20260702_003249,no
generalist_phi4_41_b4,phi4,generalist_phi4,generalist,4,4,"uncertain utility interaction (net metering, utility ownership, and agreed standards)","uncertain utility interaction (net metering, utility ownership, and agreed standards)",matched,correct_id,False,41,20260702_003249,no
generalist_phi4_41_b5,phi4,generalist_phi4,generalist,5,5,lack of pilot projects,lack of pilot projects,matched,correct_id,False,41,20260702_003249,no
generalist_phi4_41_b10,phi4,generalist_phi4,generalist,10,10,uncertain regulatory roadmap,uncertain regulatory roadmap,matched,correct_id,False,41,20260702_003249,no
normative_phi4_41_b1,phi4,normative_phi4,normative,1,1,"power losses, quality and safety issues","power losses, quality and safety issues",matched,correct_id,False,41,20260702_003249,no
normative_phi4_41_b3,phi4,normative_phi4,normative,3,3,lack of use-cases in which DC is advantageous,lack of use-cases in which DC is advantageous,matched,correct_id,False,41,20260702_003249,no
normative_phi4_41_b4,phi4,normative_phi4,normative,4,4,"uncertain utility interaction (net metering, utility ownership, and agreed standards)","uncertain utility interaction (net metering, utility ownership, and agreed standards)",matched,correct_id,False,41,20260702_003249,no
normative_phi4_41_b8,phi4,normative_phi4,normative,8,8,misconception and lack of knowledge leads to lengthy/expensive design and permit process,misconception and lack of knowledge leads to lengthy/expensive design and permit process,matched,correct_id,False,41,20260702_003249,no
normative_phi4_41_b10,phi4,normative_phi4,normative,10,10,uncertain regulatory roadmap,uncertain regulatory roadmap,matched,correct_id,False,41,20260702_003249,no
subject-matter_phi4_41_b1,phi4,subject-matter_phi4,subject-matter,1,1,"power losses, quality and safety issues","power losses, quality and safety issues",matched,correct_id,False,41,20260702_003249,no
subject-matter_phi4_41_b3,phi4,subject-matter_phi4,subject-matter,3,2,lack of use-cases in which DC is advantageous,lack of use-cases in which DC is advantageous,matched,corrected_from_label,False,41,20260702_003249,no
subject-matter_phi4_41_b4,phi4,subject-matter_phi4,subject-matter,4,4,"uncertain utility interaction (net metering, utility ownership, and agreed standards)","uncertain utility interaction (net metering, utility ownership, and agreed standards)",matched,correct_id,False,41,20260702_003249,no
subject-matter_phi4_41_b5,phi4,subject-matter_phi4,subject-matter,5,5,lack of pilot projects,lack of pilot projects,matched,correct_id,False,41,20260702_003249,no
subject-matter_phi4_41_b10,phi4,subject-matter_phi4,subject-matter,10,10,uncertain regulatory roadmap,uncertain regulatory roadmap,matched,correct_id,False,41,20260702_003249,no
generalist_llama_42_b1,llama,generalist_llama,generalist,1,5,"power losses, quality and safety issues","power losses, quality and safety issues",matched,corrected_from_label,False,42,20260702_003451,no
generalist_llama_42_b6,llama,generalist_llama,generalist,6,6,public perception of DC and readiness to 'champion' installations from DC projects,public perception of DC and readiness to 'champion' installations from DC projects,matched,correct_id,False,42,20260702_003451,no
generalist_llama_42_b7,llama,generalist_llama,generalist,7,7,incompatibility of DC systems components,incompatibility of DC systems components,matched,correct_id,False,42,20260702_003451,no
generalist_llama_42_b8,llama,generalist_llama,generalist,8,8,misconception and lack of knowledge leads to lengthy/expensive design and permit process,misconception and lack of knowledge leads to lengthy/expensive design and permit process,matched,correct_id,False,42,20260702_003451,no
generalist_llama_42_b9,llama,generalist_llama,generalist,9,9,lack of enough trained personnel in DC systems,lack of enough trained personnel in DC systems,matched,correct_id,False,42,20260702_003451,no
normative_llama_42_b2,llama,normative_llama,normative,2,2,reduced reliability in DC devices,reduced reliability in DC devices,matched,correct_id,False,42,20260702_003451,no
normative_llama_42_b3,llama,normative_llama,normative,3,3,lack of use-cases in which DC is advantageous,lack of use-cases in which DC is advantageous,matched,correct_id,False,42,20260702_003451,no
normative_llama_42_b6,llama,normative_llama,normative,6,6,public perception of DC and readiness to 'champion' installations from DC projects,public perception of DC and readiness to 'champion' installations from DC projects,matched,correct_id,False,42,20260702_003451,no
normative_llama_42_b7,llama,normative_llama,normative,7,7,incompatibility of DC systems components,incompatibility of DC systems components,matched,correct_id,False,42,20260702_003451,no
normative_llama_42_b10,llama,normative_llama,normative,10,10,uncertain regulatory roadmap,uncertain regulatory roadmap,matched,correct_id,False,42,20260702_003451,no
subject-matter_llama_42_b1,llama,subject-matter_llama,subject-matter,1,1,"power losses, quality and safety issues","power losses, quality, and safety issues",matched,correct_id,False,42,20260702_003451,no
subject-matter_llama_42_b4,llama,subject-matter_llama,subject-matter,4,2,"uncertain utility interaction (net metering, utility ownership, and agreed standards)","uncertain utility interaction (net metering, utility ownership, and agreed standards)",matched,corrected_from_label,False,42,20260702_003451,no
subject-matter_llama_42_b3,llama,subject-matter_llama,subject-matter,3,3,lack of use-cases in which DC is advantageous,lack of use-cases in which DC is advantageous,matched,correct_id,False,42,20260702_003451,no
subject-matter_llama_42_b7,llama,subject-matter_llama,subject-matter,7,4,incompatibility of DC systems components,incompatibility of DC systems components,matched,corrected_from_label,False,42,20260702_003451,no
subject-matter_llama_42_b11,llama,subject-matter_llama,subject-matter,11,5,high costs of DC solutions,high costs of DC solutions,matched,corrected_from_label,False,42,20260702_003451,no
generalist_mistral_42_b1,mistral,generalist_mistral,generalist,1,1,"power losses, quality and safety issues","Power losses, quality, and safety issues",matched,correct_id,False,42,20260702_003451,no
generalist_mistral_42_b2,mistral,generalist_mistral,generalist,2,2,reduced reliability in DC devices,Reduced reliability in DC devices,matched,correct_id,False,42,20260702_003451,no
generalist_mistral_42_b3,mistral,generalist_mistral,generalist,3,3,lack of use-cases in which DC is advantageous,Lack of use-cases in which DC is advantageous,matched,correct_id,False,42,20260702_003451,no
generalist_mistral_42_b4,mistral,generalist_mistral,generalist,4,4,"uncertain utility interaction (net metering, utility ownership, and agreed standards)","Uncertain utility interaction (net metering, utility ownership, and agreed standards)",matched,correct_id,False,42,20260702_003451,no
generalist_mistral_42_b5,mistral,generalist_mistral,generalist,5,5,lack of pilot projects,Lack of pilot projects,matched,correct_id,False,42,20260702_003451,no
normative_mistral_42_b1,mistral,normative_mistral,normative,1,1,"power losses, quality and safety issues","power losses, quality and safety issues",matched,correct_id,False,42,20260702_003451,no
normative_mistral_42_b2,mistral,normative_mistral,normative,2,2,reduced reliability in DC devices,reduced reliability in DC devices,matched,correct_id,False,42,20260702_003451,no
normative_mistral_42_b4,mistral,normative_mistral,normative,4,3,"uncertain utility interaction (net metering, utility ownership, and agreed standards)","uncertain utility interaction (net metering, utility ownership, and agreed standards)",matched,corrected_from_label,False,42,20260702_003451,no
normative_mistral_42_b5,mistral,normative_mistral,normative,5,4,lack of pilot projects,lack of pilot projects,matched,corrected_from_label,False,42,20260702_003451,no
normative_mistral_42_b6,mistral,normative_mistral,normative,6,5,public perception of DC and readiness to 'champion' installations from DC projects,public perception of DC and readiness to 'champion' installations from DC projects,matched,corrected_from_label,False,42,20260702_003451,no
subject-matter_mistral_42_b1,mistral,subject-matter_mistral,subject-matter,1,1,"power losses, quality and safety issues","power losses, quality, and safety issues",matched,correct_id,False,42,20260702_003451,no
subject-matter_mistral_42_b2,mistral,subject-matter_mistral,subject-matter,2,2,reduced reliability in DC devices,reduced reliability in DC devices,matched,correct_id,False,42,20260702_003451,no
subject-matter_mistral_42_b3,mistral,subject-matter_mistral,subject-matter,3,3,lack of use-cases in which DC is advantageous,lack of use-cases in which DC is advantageous,matched,correct_id,False,42,20260702_003451,no
subject-matter_mistral_42_b4,mistral,subject-matter_mistral,subject-matter,4,4,"uncertain utility interaction (net metering, utility ownership, and agreed standards)","uncertain utility interaction (net metering, utility ownership, and agreed standards)",matched,correct_id,False,42,20260702_003451,no
subject-matter_mistral_42_b5,mistral,subject-matter_mistral,subject-matter,5,5,lack of pilot projects,lack of pilot projects,matched,correct_id,False,42,20260702_003451,no
generalist_gemma3_42_b1,gemma3,generalist_gemma3,generalist,1,1,"power losses, quality and safety issues","power losses, quality and safety issues",matched,correct_id,False,42,20260702_003451,no
generalist_gemma3_42_b5,gemma3,generalist_gemma3,generalist,5,2,lack of pilot projects,lack of pilot projects,matched,corrected_from_label,False,42,20260702_003451,no
generalist_gemma3_42_b6,gemma3,generalist_gemma3,generalist,6,3,public perception of DC and readiness to 'champion' installations from DC projects,public perception of DC and readiness to 'champion' installations from DC projects,matched,corrected_from_label,False,42,20260702_003451,no
generalist_gemma3_42_b8,gemma3,generalist_gemma3,generalist,8,4,misconception and lack of knowledge leads to lengthy/expensive design and permit process,misconception and lack of knowledge leads to lengthy/expensive design and permit process,matched,corrected_from_label,False,42,20260702_003451,no
generalist_gemma3_42_b10,gemma3,generalist_gemma3,generalist,10,5,uncertain regulatory roadmap,uncertain regulatory roadmap,matched,corrected_from_label,False,42,20260702_003451,no
normative_gemma3_42_b1,gemma3,normative_gemma3,normative,1,1,"power losses, quality and safety issues","power losses, quality and safety issues",matched,correct_id,False,42,20260702_003451,no
normative_gemma3_42_b4,gemma3,normative_gemma3,normative,4,4,"uncertain utility interaction (net metering, utility ownership, and agreed standards)","uncertain utility interaction (net metering, utility ownership, and agreed standards)",matched,correct_id,False,42,20260702_003451,no
normative_gemma3_42_b7,gemma3,normative_gemma3,normative,7,7,incompatibility of DC systems components,incompatibility of DC systems components,matched,correct_id,False,42,20260702_003451,no
normative_gemma3_42_b8,gemma3,normative_gemma3,normative,8,8,misconception and lack of knowledge leads to lengthy/expensive design and permit process,misconception and lack of knowledge leads to lengthy/expensive design and permit process,matched,correct_id,False,42,20260702_003451,no
normative_gemma3_42_b11,gemma3,normative_gemma3,normative,11,11,high costs of DC solutions,high costs of DC solutions,matched,correct_id,False,42,20260702_003451,no
subject-matter_gemma3_42_b1,gemma3,subject-matter_gemma3,subject-matter,1,1,"power losses, quality and safety issues","power losses, quality and safety issues",matched,correct_id,False,42,20260702_003451,no
subject-matter_gemma3_42_b4,gemma3,subject-matter_gemma3,subject-matter,4,4,"uncertain utility interaction (net metering, utility ownership, and agreed standards)","uncertain utility interaction (net metering, utility ownership, and agreed standards)",matched,correct_id,False,42,20260702_003451,no
subject-matter_gemma3_42_b7,gemma3,subject-matter_gemma3,subject-matter,7,7,incompatibility of DC systems components,incompatibility of DC systems components,matched,correct_id,False,42,20260702_003451,no
subject-matter_gemma3_42_b8,gemma3,subject-matter_gemma3,subject-matter,8,8,misconception and lack of knowledge leads to lengthy/expensive design and permit process,misconception and lack of knowledge leads to lengthy/expensive design and permit process,matched,correct_id,False,42,20260702_003451,no
subject-matter_gemma3_42_b11,gemma3,subject-matter_gemma3,subject-matter,11,11,high costs of DC solutions,high costs of DC solutions,matched,correct_id,False,42,20260702_003451,no
generalist_phi4_42_b1,phi4,generalist_phi4,generalist,1,1,"power losses, quality and safety issues","power losses, quality and safety issues",matched,correct_id,False,42,20260702_003451,no
generalist_phi4_42_b3,phi4,generalist_phi4,generalist,3,3,lack of use-cases in which DC is advantageous,lack of use-cases in which DC is advantageous,matched,correct_id,False,42,20260702_003451,no
generalist_phi4_42_b4,phi4,generalist_phi4,generalist,4,4,"uncertain utility interaction (net metering, utility ownership, and agreed standards)","uncertain utility interaction (net metering, utility ownership, and agreed standards)",matched,correct_id,False,42,20260702_003451,no
generalist_phi4_42_b5,phi4,generalist_phi4,generalist,5,5,lack of pilot projects,lack of pilot projects,matched,correct_id,False,42,20260702_003451,no
generalist_phi4_42_b10,phi4,generalist_phi4,generalist,10,10,uncertain regulatory roadmap,uncertain regulatory roadmap,matched,correct_id,False,42,20260702_003451,no
normative_phi4_42_b1,phi4,normative_phi4,normative,1,1,"power losses, quality and safety issues","power losses, quality and safety issues",matched,correct_id,False,42,20260702_003451,no
normative_phi4_42_b2,phi4,normative_phi4,normative,2,2,reduced reliability in DC devices,reduced reliability in DC devices,matched,correct_id,False,42,20260702_003451,no
normative_phi4_42_b4,phi4,normative_phi4,normative,4,4,"uncertain utility interaction (net metering, utility ownership, and agreed standards)","uncertain utility interaction (net metering, utility ownership, and agreed standards)",matched,correct_id,False,42,20260702_003451,no
normative_phi4_42_b8,phi4,normative_phi4,normative,8,8,misconception and lack of knowledge leads to lengthy/expensive design and permit process,misconception and lack of knowledge leads to lengthy/expensive design and permit process,matched,correct_id,False,42,20260702_003451,no
normative_phi4_42_b10,phi4,normative_phi4,normative,10,10,uncertain regulatory roadmap,uncertain regulatory roadmap,matched,correct_id,False,42,20260702_003451,no
subject-matter_phi4_42_b1,phi4,subject-matter_phi4,subject-matter,1,1,"power losses, quality and safety issues","power losses, quality and safety issues",matched,correct_id,False,42,20260702_003451,no
subject-matter_phi4_42_b3,phi4,subject-matter_phi4,subject-matter,3,2,lack of use-cases in which DC is advantageous,lack of use-cases in which DC is advantageous,matched,corrected_from_label,False,42,20260702_003451,no
subject-matter_phi4_42_b4,phi4,subject-matter_phi4,subject-matter,4,4,"uncertain utility interaction (net metering, utility ownership, and agreed standards)","uncertain utility interaction (net metering, utility ownership, and agreed standards)",matched,correct_id,False,42,20260702_003451,no
subject-matter_phi4_42_b5,phi4,subject-matter_phi4,subject-matter,5,5,lack of pilot projects,lack of pilot projects,matched,correct_id,False,42,20260702_003451,no
subject-matter_phi4_42_b10,phi4,subject-matter_phi4,subject-matter,10,10,uncertain regulatory roadmap,uncertain regulatory roadmap,matched,correct_id,False,42,20260702_003451,no
generalist_llama_43_b1,llama,generalist_llama,generalist,1,1,"power losses, quality and safety issues","power losses, quality and safety issues",matched,correct_id,False,43,20260702_003650,no
generalist_llama_43_b2,llama,generalist_llama,generalist,2,2,reduced reliability in DC devices,reduced reliability in DC devices,matched,correct_id,False,43,20260702_003650,no
generalist_llama_43_b4,llama,generalist_llama,generalist,4,3,"uncertain utility interaction (net metering, utility ownership, and agreed standards)","uncertainty in utility interaction (net metering, utility ownership, and agreed standards)",matched_by_fuzzy_prefix,corrected_from_fuzzy_prefix,False,43,20260702_003650,no
generalist_llama_43_b5,llama,generalist_llama,generalist,5,4,lack of pilot projects,lack of pilot projects,matched,corrected_from_label,False,43,20260702_003650,no
generalist_llama_43_b6,llama,generalist_llama,generalist,6,5,public perception of DC and readiness to 'champion' installations from DC projects,public perception of DC and readiness to 'champion' installations from DC projects,matched,corrected_from_label,False,43,20260702_003650,no
normative_llama_43_b1,llama,normative_llama,normative,1,1,"power losses, quality and safety issues","Power losses, quality, and safety issues",matched,correct_id,False,43,20260702_003650,no
normative_llama_43_b3,llama,normative_llama,normative,3,2,lack of use-cases in which DC is advantageous,Lack of use-cases in which DC is advantageous,matched,corrected_from_label,False,43,20260702_003650,no
normative_llama_43_b4,llama,normative_llama,normative,4,3,"uncertain utility interaction (net metering, utility ownership, and agreed standards)","Uncertain utility interaction (net metering, utility ownership, and agreed standards)",matched,corrected_from_label,False,43,20260702_003650,no
normative_llama_43_b7,llama,normative_llama,normative,7,4,incompatibility of DC systems components,Incompatibility of DC systems components,matched,corrected_from_label,False,43,20260702_003650,no
normative_llama_43_b8,llama,normative_llama,normative,8,5,misconception and lack of knowledge leads to lengthy/expensive design and permit process,Misconceptions and lack of knowledge leads to lengthy/expensive design and permit process,matched_by_fuzzy_prefix,corrected_from_fuzzy_prefix,False,43,20260702_003650,no
subject-matter_llama_43_b1,llama,subject-matter_llama,subject-matter,1,1,"power losses, quality and safety issues","Power losses, quality and safety issues",matched,correct_id,False,43,20260702_003650,no
subject-matter_llama_43_b2,llama,subject-matter_llama,subject-matter,2,2,reduced reliability in DC devices,Reduced reliability in DC devices,matched,correct_id,False,43,20260702_003650,no
subject-matter_llama_43_b3,llama,subject-matter_llama,subject-matter,3,3,lack of use-cases in which DC is advantageous,Lack of use-cases in which DC is advantageous,matched,correct_id,False,43,20260702_003650,no
subject-matter_llama_43_b4,llama,subject-matter_llama,subject-matter,4,4,"uncertain utility interaction (net metering, utility ownership, and agreed standards)","Uncertain utility interaction (net metering, utility ownership, and agreed standards)",matched,correct_id,False,43,20260702_003650,no
subject-matter_llama_43_b5,llama,subject-matter_llama,subject-matter,5,5,lack of pilot projects,Lack of pilot projects,matched,correct_id,False,43,20260702_003650,no
generalist_mistral_43_b1,mistral,generalist_mistral,generalist,1,1,"power losses, quality and safety issues","Power losses, quality, and safety issues",matched,correct_id,False,43,20260702_003650,no
generalist_mistral_43_b2,mistral,generalist_mistral,generalist,2,2,reduced reliability in DC devices,Reduced reliability in DC devices,matched,correct_id,False,43,20260702_003650,no
generalist_mistral_43_b3,mistral,generalist_mistral,generalist,3,3,lack of use-cases in which DC is advantageous,Lack of use-cases in which DC is advantageous,matched,correct_id,False,43,20260702_003650,no
generalist_mistral_43_b4,mistral,generalist_mistral,generalist,4,4,"uncertain utility interaction (net metering, utility ownership, and agreed standards)","Uncertain utility interaction (net metering, utility ownership, and agreed standards)",matched,correct_id,False,43,20260702_003650,no
generalist_mistral_43_b5,mistral,generalist_mistral,generalist,5,5,lack of pilot projects,Lack of pilot projects,matched,correct_id,False,43,20260702_003650,no
normative_mistral_43_b1,mistral,normative_mistral,normative,1,1,"power losses, quality and safety issues","power losses, quality and safety issues",matched,correct_id,False,43,20260702_003650,no
normative_mistral_43_b2,mistral,normative_mistral,normative,2,2,reduced reliability in DC devices,reduced reliability in DC devices,matched,correct_id,False,43,20260702_003650,no
normative_mistral_43_b4,mistral,normative_mistral,normative,4,3,"uncertain utility interaction (net metering, utility ownership, and agreed standards)","uncertain utility interaction (net metering, utility ownership, and agreed standards)",matched,corrected_from_label,False,43,20260702_003650,no
normative_mistral_43_b5,mistral,normative_mistral,normative,5,4,lack of pilot projects,lack of pilot projects,matched,corrected_from_label,False,43,20260702_003650,no
normative_mistral_43_b6,mistral,normative_mistral,normative,6,5,public perception of DC and readiness to 'champion' installations from DC projects,public perception of DC and readiness to 'champion' installations from DC projects,matched,corrected_from_label,False,43,20260702_003650,no
subject-matter_mistral_43_b1,mistral,subject-matter_mistral,subject-matter,1,1,"power losses, quality and safety issues","power losses, quality, and safety issues",matched,correct_id,False,43,20260702_003650,no
subject-matter_mistral_43_b2,mistral,subject-matter_mistral,subject-matter,2,2,reduced reliability in DC devices,reduced reliability in DC devices,matched,correct_id,False,43,20260702_003650,no
subject-matter_mistral_43_b3,mistral,subject-matter_mistral,subject-matter,3,3,lack of use-cases in which DC is advantageous,lack of use-cases in which DC is advantageous,matched,correct_id,False,43,20260702_003650,no
subject-matter_mistral_43_b4,mistral,subject-matter_mistral,subject-matter,4,4,"uncertain utility interaction (net metering, utility ownership, and agreed standards)","uncertain utility interaction (net metering, utility ownership, and agreed standards)",matched,correct_id,False,43,20260702_003650,no
subject-matter_mistral_43_b5,mistral,subject-matter_mistral,subject-matter,5,5,lack of pilot projects,lack of pilot projects,matched,correct_id,False,43,20260702_003650,no
generalist_gemma3_43_b1,gemma3,generalist_gemma3,generalist,1,1,"power losses, quality and safety issues","power losses, quality and safety issues",matched,correct_id,False,43,20260702_003650,no
generalist_gemma3_43_b5,gemma3,generalist_gemma3,generalist,5,2,lack of pilot projects,lack of pilot projects,matched,corrected_from_label,False,43,20260702_003650,no
generalist_gemma3_43_b6,gemma3,generalist_gemma3,generalist,6,3,public perception of DC and readiness to 'champion' installations from DC projects,public perception of DC and readiness to 'champion' installations from DC projects,matched,corrected_from_label,False,43,20260702_003650,no
generalist_gemma3_43_b8,gemma3,generalist_gemma3,generalist,8,4,misconception and lack of knowledge leads to lengthy/expensive design and permit process,misconception and lack of knowledge leads to lengthy/expensive design and permit process,matched,corrected_from_label,False,43,20260702_003650,no
generalist_gemma3_43_b10,gemma3,generalist_gemma3,generalist,10,5,uncertain regulatory roadmap,uncertain regulatory roadmap,matched,corrected_from_label,False,43,20260702_003650,no
normative_gemma3_43_b1,gemma3,normative_gemma3,normative,1,1,"power losses, quality and safety issues","power losses, quality and safety issues",matched,correct_id,False,43,20260702_003650,no
normative_gemma3_43_b4,gemma3,normative_gemma3,normative,4,2,"uncertain utility interaction (net metering, utility ownership, and agreed standards)","uncertain utility interaction (net metering, utility ownership, and agreed standards)",matched,corrected_from_label,False,43,20260702_003650,no
normative_gemma3_43_b5,gemma3,normative_gemma3,normative,5,3,lack of pilot projects,lack of pilot projects,matched,corrected_from_label,False,43,20260702_003650,no
normative_gemma3_43_b8,gemma3,normative_gemma3,normative,8,4,misconception and lack of knowledge leads to lengthy/expensive design and permit process,misconception and lack of knowledge leads to lengthy/expensive design and permit process,matched,corrected_from_label,False,43,20260702_003650,no
normative_gemma3_43_b10,gemma3,normative_gemma3,normative,10,5,uncertain regulatory roadmap,uncertain regulatory roadmap,matched,corrected_from_label,False,43,20260702_003650,no
subject-matter_gemma3_43_b1,gemma3,subject-matter_gemma3,subject-matter,1,1,"power losses, quality and safety issues","power losses, quality and safety issues",matched,correct_id,False,43,20260702_003650,no
subject-matter_gemma3_43_b3,gemma3,subject-matter_gemma3,subject-matter,3,2,lack of use-cases in which DC is advantageous,lack of use-cases in which DC is advantageous,matched,corrected_from_label,False,43,20260702_003650,no
subject-matter_gemma3_43_b4,gemma3,subject-matter_gemma3,subject-matter,4,3,"uncertain utility interaction (net metering, utility ownership, and agreed standards)","uncertain utility interaction (net metering, utility ownership, and agreed standards)",matched,corrected_from_label,False,43,20260702_003650,no
subject-matter_gemma3_43_b8,gemma3,subject-matter_gemma3,subject-matter,8,4,misconception and lack of knowledge leads to lengthy/expensive design and permit process,misconception and lack of knowledge leads to lengthy/expensive design and permit process,matched,corrected_from_label,False,43,20260702_003650,no
subject-matter_gemma3_43_b10,gemma3,subject-matter_gemma3,subject-matter,10,5,uncertain regulatory roadmap,uncertain regulatory roadmap,matched,corrected_from_label,False,43,20260702_003650,no
generalist_phi4_43_b1,phi4,generalist_phi4,generalist,1,1,"power losses, quality and safety issues","power losses, quality and safety issues",matched,correct_id,False,43,20260702_003650,no
generalist_phi4_43_b2,phi4,generalist_phi4,generalist,2,2,reduced reliability in DC devices,reduced reliability in DC devices,matched,correct_id,False,43,20260702_003650,no
generalist_phi4_43_b4,phi4,generalist_phi4,generalist,4,3,"uncertain utility interaction (net metering, utility ownership, and agreed standards)","uncertain utility interaction (net metering, utility ownership, and agreed standards)",matched,corrected_from_label,False,43,20260702_003650,no
generalist_phi4_43_b5,phi4,generalist_phi4,generalist,5,4,lack of pilot projects,lack of pilot projects,matched,corrected_from_label,False,43,20260702_003650,no
generalist_phi4_43_b10,phi4,generalist_phi4,generalist,10,5,uncertain regulatory roadmap,uncertain regulatory roadmap,matched,corrected_from_label,False,43,20260702_003650,no
normative_phi4_43_b1,phi4,normative_phi4,normative,1,1,"power losses, quality and safety issues","power losses, quality and safety issues",matched,correct_id,False,43,20260702_003650,no
normative_phi4_43_b3,phi4,normative_phi4,normative,3,2,lack of use-cases in which DC is advantageous,lack of use-cases in which DC is advantageous,matched,corrected_from_label,False,43,20260702_003650,no
normative_phi4_43_b4,phi4,normative_phi4,normative,4,4,"uncertain utility interaction (net metering, utility ownership, and agreed standards)","uncertain utility interaction (net metering, utility ownership, and agreed standards)",matched,correct_id,False,43,20260702_003650,no
normative_phi4_43_b5,phi4,normative_phi4,normative,5,5,lack of pilot projects,lack of pilot projects,matched,correct_id,False,43,20260702_003650,no
normative_phi4_43_b10,phi4,normative_phi4,normative,10,10,uncertain regulatory roadmap,uncertain regulatory roadmap,matched,correct_id,False,43,20260702_003650,no
subject-matter_phi4_43_b1,phi4,subject-matter_phi4,subject-matter,1,1,"power losses, quality and safety issues","power losses, quality and safety issues",matched,correct_id,False,43,20260702_003650,no
subject-matter_phi4_43_b4,phi4,subject-matter_phi4,subject-matter,4,4,"uncertain utility interaction (net metering, utility ownership, and agreed standards)","uncertain utility interaction (net metering, utility ownership, and agreed standards)",matched,correct_id,False,43,20260702_003650,no
subject-matter_phi4_43_b5,phi4,subject-matter_phi4,subject-matter,5,5,lack of pilot projects,lack of pilot projects,matched,correct_id,False,43,20260702_003650,no
subject-matter_phi4_43_b8,phi4,subject-matter_phi4,subject-matter,8,8,misconception and lack of knowledge leads to lengthy/expensive design and permit process,misconception and lack of knowledge leads to lengthy/expensive design and permit process,matched,correct_id,False,43,20260702_003650,no
subject-matter_phi4_43_b10,phi4,subject-matter_phi4,subject-matter,10,10,uncertain regulatory roadmap,uncertain regulatory roadmap,matched,correct_id,False,43,20260702_003650,no
generalist_llama_44_b1,llama,generalist_llama,generalist,1,1,"power losses, quality and safety issues","Power losses, quality, and safety issues: These concerns can affect the overall efficiency and effectiveness of DC systems, potentially leading to increased costs and reduced performance.",matched_by_fuzzy_prefix,correct_id_fuzzy_prefix,False,44,20260702_003847,no
generalist_llama_44_b2,llama,generalist_llama,generalist,2,2,reduced reliability in DC devices,"Reduced reliability in DC devices: Ineffective or unreliable devices may cause issues with the stability and functionality of DC systems, posing a challenge for widespread adoption.",matched_by_fuzzy_prefix,correct_id_fuzzy_prefix,False,44,20260702_003847,no
generalist_llama_44_b3,llama,generalist_llama,generalist,3,3,lack of use-cases in which DC is advantageous,"Lack of use-cases in which DC is advantageous: Without clear examples demonstrating the benefits and advantages of using DC solutions, it can be difficult to persuade potential users to adopt these technologies.",matched_by_fuzzy_prefix,correct_id_fuzzy_prefix,False,44,20260702_003847,no
generalist_llama_44_b4,llama,generalist_llama,generalist,4,4,"uncertain utility interaction (net metering, utility ownership, and agreed standards)","Uncertainty regarding utility interaction (net metering, utility ownership, and agreed standards): Confusion about how utilities will interact with DC systems, including net metering and ownership responsibilities, may hinder the adoption of these solutions.",matched_by_fuzzy_prefix,correct_id_fuzzy_prefix,False,44,20260702_003847,no
generalist_llama_44_b5,llama,generalist_llama,generalist,5,5,lack of pilot projects,Lack of pilot projects: The absence of demonstration projects can make it difficult for potential users to understand the practical applications and benefits of using DC technologies.,matched_by_fuzzy_prefix,correct_id_fuzzy_prefix,False,44,20260702_003847,no
normative_llama_44_b1,llama,normative_llama,normative,1,1,"power losses, quality and safety issues","power losses, quality and safety issues",matched,correct_id,False,44,20260702_003847,no
normative_llama_44_b2,llama,normative_llama,normative,2,2,reduced reliability in DC devices,reduced reliability in DC devices,matched,correct_id,False,44,20260702_003847,no
normative_llama_44_b3,llama,normative_llama,normative,3,3,lack of use-cases in which DC is advantageous,lack of use-cases in which DC is advantageous,matched,correct_id,False,44,20260702_003847,no
normative_llama_44_b4,llama,normative_llama,normative,4,4,"uncertain utility interaction (net metering, utility ownership, and agreed standards)","uncertain utility interaction (net metering, utility ownership, and agreed standards)",matched,correct_id,False,44,20260702_003847,no
normative_llama_44_b5,llama,normative_llama,normative,5,5,lack of pilot projects,lack of pilot projects,matched,correct_id,False,44,20260702_003847,no
subject-matter_llama_44_b1,llama,subject-matter_llama,subject-matter,1,1,"power losses, quality and safety issues","Power losses, quality, and safety issues",matched,correct_id,False,44,20260702_003847,no
subject-matter_llama_44_b2,llama,subject-matter_llama,subject-matter,2,2,reduced reliability in DC devices,Reduced reliability in DC devices,matched,correct_id,False,44,20260702_003847,no
subject-matter_llama_44_b3,llama,subject-matter_llama,subject-matter,3,3,lack of use-cases in which DC is advantageous,Lack of use-cases where DC is advantageous,matched_by_fuzzy_prefix,correct_id_fuzzy_prefix,False,44,20260702_003847,no
subject-matter_llama_44_b4,llama,subject-matter_llama,subject-matter,4,4,"uncertain utility interaction (net metering, utility ownership, and agreed standards)","Uncertainty about utility interaction (net metering, utility ownership, and agreed standards)",matched_by_fuzzy_prefix,correct_id_fuzzy_prefix,False,44,20260702_003847,no
subject-matter_llama_44_b11,llama,subject-matter_llama,subject-matter,11,5,high costs of DC solutions,High costs of DC solutions,matched,corrected_from_label,False,44,20260702_003847,no
generalist_mistral_44_b1,mistral,generalist_mistral,generalist,1,1,"power losses, quality and safety issues","power losses, quality, and safety issues",matched,correct_id,False,44,20260702_003847,no
generalist_mistral_44_b2,mistral,generalist_mistral,generalist,2,2,reduced reliability in DC devices,reduced reliability in DC devices,matched,correct_id,False,44,20260702_003847,no
generalist_mistral_44_b3,mistral,generalist_mistral,generalist,3,3,lack of use-cases in which DC is advantageous,lack of use-cases in which DC is advantageous,matched,correct_id,False,44,20260702_003847,no
generalist_mistral_44_b4,mistral,generalist_mistral,generalist,4,4,"uncertain utility interaction (net metering, utility ownership, and agreed standards)","uncertain utility interaction (net metering, utility ownership, and agreed standards)",matched,correct_id,False,44,20260702_003847,no
generalist_mistral_44_b5,mistral,generalist_mistral,generalist,5,5,lack of pilot projects,lack of pilot projects,matched,correct_id,False,44,20260702_003847,no
normative_mistral_44_b1,mistral,normative_mistral,normative,1,1,"power losses, quality and safety issues","power losses, quality and safety issues",matched,correct_id,False,44,20260702_003847,no
normative_mistral_44_b2,mistral,normative_mistral,normative,2,2,reduced reliability in DC devices,reduced reliability in DC devices,matched,correct_id,False,44,20260702_003847,no
normative_mistral_44_b4,mistral,normative_mistral,normative,4,3,"uncertain utility interaction (net metering, utility ownership, and agreed standards)","uncertain utility interaction (net metering, utility ownership, and agreed standards)",matched,corrected_from_label,False,44,20260702_003847,no
normative_mistral_44_b5,mistral,normative_mistral,normative,5,4,lack of pilot projects,lack of pilot projects,matched,corrected_from_label,False,44,20260702_003847,no
normative_mistral_44_b7,mistral,normative_mistral,normative,7,5,incompatibility of DC systems components,incompatibility of DC systems components,matched,corrected_from_label,False,44,20260702_003847,no
subject-matter_mistral_44_b1,mistral,subject-matter_mistral,subject-matter,1,1,"power losses, quality and safety issues","power losses, quality and safety issues",matched,correct_id,False,44,20260702_003847,no
subject-matter_mistral_44_b2,mistral,subject-matter_mistral,subject-matter,2,2,reduced reliability in DC devices,reduced reliability in DC devices,matched,correct_id,False,44,20260702_003847,no
subject-matter_mistral_44_b4,mistral,subject-matter_mistral,subject-matter,4,3,"uncertain utility interaction (net metering, utility ownership, and agreed standards)","uncertain utility interaction (net metering, utility ownership, and agreed standards)",matched,corrected_from_label,False,44,20260702_003847,no
subject-matter_mistral_44_b5,mistral,subject-matter_mistral,subject-matter,5,4,lack of pilot projects,lack of pilot projects,matched,corrected_from_label,False,44,20260702_003847,no
subject-matter_mistral_44_b7,mistral,subject-matter_mistral,subject-matter,7,5,incompatibility of DC systems components,incompatibility of DC systems components,matched,corrected_from_label,False,44,20260702_003847,no
generalist_gemma3_44_b1,gemma3,generalist_gemma3,generalist,1,1,"power losses, quality and safety issues","power losses, quality and safety issues",matched,correct_id,False,44,20260702_003847,no
generalist_gemma3_44_b3,gemma3,generalist_gemma3,generalist,3,2,lack of use-cases in which DC is advantageous,lack of use-cases in which DC is advantageous,matched,corrected_from_label,False,44,20260702_003847,no
generalist_gemma3_44_b4,gemma3,generalist_gemma3,generalist,4,3,"uncertain utility interaction (net metering, utility ownership, and agreed standards)","uncertain utility interaction (net metering, utility ownership, and agreed standards)",matched,corrected_from_label,False,44,20260702_003847,no
generalist_gemma3_44_b8,gemma3,generalist_gemma3,generalist,8,4,misconception and lack of knowledge leads to lengthy/expensive design and permit process,misconception and lack of knowledge leads to lengthy/expensive design and permit process,matched,corrected_from_label,False,44,20260702_003847,no
generalist_gemma3_44_b10,gemma3,generalist_gemma3,generalist,10,5,uncertain regulatory roadmap,uncertain regulatory roadmap,matched,corrected_from_label,False,44,20260702_003847,no
normative_gemma3_44_b1,gemma3,normative_gemma3,normative,1,1,"power losses, quality and safety issues","power losses, quality and safety issues",matched,correct_id,False,44,20260702_003847,no
normative_gemma3_44_b4,gemma3,normative_gemma3,normative,4,4,"uncertain utility interaction (net metering, utility ownership, and agreed standards)","uncertain utility interaction (net metering, utility ownership, and agreed standards)",matched,correct_id,False,44,20260702_003847,no
normative_gemma3_44_b7,gemma3,normative_gemma3,normative,7,7,incompatibility of DC systems components,incompatibility of DC systems components,matched,correct_id,False,44,20260702_003847,no
normative_gemma3_44_b8,gemma3,normative_gemma3,normative,8,8,misconception and lack of knowledge leads to lengthy/expensive design and permit process,misconception and lack of knowledge leads to lengthy/expensive design and permit process,matched,correct_id,False,44,20260702_003847,no
normative_gemma3_44_b11,gemma3,normative_gemma3,normative,11,11,high costs of DC solutions,high costs of DC solutions,matched,correct_id,False,44,20260702_003847,no
subject-matter_gemma3_44_b1,gemma3,subject-matter_gemma3,subject-matter,1,1,"power losses, quality and safety issues","power losses, quality and safety issues",matched,correct_id,False,44,20260702_003847,no
subject-matter_gemma3_44_b5,gemma3,subject-matter_gemma3,subject-matter,5,2,lack of pilot projects,lack of pilot projects,matched,corrected_from_label,False,44,20260702_003847,no
subject-matter_gemma3_44_b4,gemma3,subject-matter_gemma3,subject-matter,4,3,"uncertain utility interaction (net metering, utility ownership, and agreed standards)","uncertain utility interaction (net metering, utility ownership, and agreed standards)",matched,corrected_from_label,False,44,20260702_003847,no
subject-matter_gemma3_44_b8,gemma3,subject-matter_gemma3,subject-matter,8,4,misconception and lack of knowledge leads to lengthy/expensive design and permit process,misconception and lack of knowledge leads to lengthy/expensive design and permit process,matched,corrected_from_label,False,44,20260702_003847,no
subject-matter_gemma3_44_b10,gemma3,subject-matter_gemma3,subject-matter,10,5,uncertain regulatory roadmap,uncertain regulatory roadmap,matched,corrected_from_label,False,44,20260702_003847,no
generalist_phi4_44_b1,phi4,generalist_phi4,generalist,1,1,"power losses, quality and safety issues","power losses, quality and safety issues",matched,correct_id,False,44,20260702_003847,no
generalist_phi4_44_b3,phi4,generalist_phi4,generalist,3,3,lack of use-cases in which DC is advantageous,lack of use-cases in which DC is advantageous,matched,correct_id,False,44,20260702_003847,no
generalist_phi4_44_b4,phi4,generalist_phi4,generalist,4,4,"uncertain utility interaction (net metering, utility ownership, and agreed standards)","uncertain utility interaction (net metering, utility ownership, and agreed standards)",matched,correct_id,False,44,20260702_003847,no
generalist_phi4_44_b5,phi4,generalist_phi4,generalist,5,5,lack of pilot projects,lack of pilot projects,matched,correct_id,False,44,20260702_003847,no
generalist_phi4_44_b10,phi4,generalist_phi4,generalist,10,10,uncertain regulatory roadmap,uncertain regulatory roadmap,matched,correct_id,False,44,20260702_003847,no
normative_phi4_44_b1,phi4,normative_phi4,normative,1,1,"power losses, quality and safety issues","power losses, quality and safety issues",matched,correct_id,False,44,20260702_003847,no
normative_phi4_44_b2,phi4,normative_phi4,normative,2,2,reduced reliability in DC devices,reduced reliability in DC devices,matched,correct_id,False,44,20260702_003847,no
normative_phi4_44_b3,phi4,normative_phi4,normative,3,3,lack of use-cases in which DC is advantageous,lack of use-cases in which DC is advantageous,matched,correct_id,False,44,20260702_003847,no
normative_phi4_44_b4,phi4,normative_phi4,normative,4,4,"uncertain utility interaction (net metering, utility ownership, and agreed standards)","uncertain utility interaction (net metering, utility ownership, and agreed standards)",matched,correct_id,False,44,20260702_003847,no
normative_phi4_44_b5,phi4,normative_phi4,normative,5,5,lack of pilot projects,lack of pilot projects,matched,correct_id,False,44,20260702_003847,no
subject-matter_phi4_44_b1,phi4,subject-matter_phi4,subject-matter,1,1,"power losses, quality and safety issues","power losses, quality and safety issues",matched,correct_id,False,44,20260702_003847,no
subject-matter_phi4_44_b3,phi4,subject-matter_phi4,subject-matter,3,3,lack of use-cases in which DC is advantageous,lack of use-cases in which DC is advantageous,matched,correct_id,False,44,20260702_003847,no
subject-matter_phi4_44_b4,phi4,subject-matter_phi4,subject-matter,4,4,"uncertain utility interaction (net metering, utility ownership, and agreed standards)","uncertain utility interaction (net metering, utility ownership, and agreed standards)",matched,correct_id,False,44,20260702_003847,no
subject-matter_phi4_44_b5,phi4,subject-matter_phi4,subject-matter,5,5,lack of pilot projects,lack of pilot projects,matched,correct_id,False,44,20260702_003847,no
subject-matter_phi4_44_b10,phi4,subject-matter_phi4,subject-matter,10,10,uncertain regulatory roadmap,uncertain regulatory roadmap,matched,correct_id,False,44,20260702_003847,no
generalist_llama_45_b3,llama,generalist_llama,generalist,3,1,lack of use-cases in which DC is advantageous,Lack of use-cases in which DC is advantageous,matched,corrected_from_label,False,45,20260702_004049,no
generalist_llama_45_b7,llama,generalist_llama,generalist,7,2,incompatibility of DC systems components,Incompatibility of DC systems components,matched,corrected_from_label,False,45,20260702_004049,no
generalist_llama_45_b11,llama,generalist_llama,generalist,11,3,high costs of DC solutions,High costs of DC solutions,matched,corrected_from_label,False,45,20260702_004049,no
generalist_llama_45_b4,llama,generalist_llama,generalist,4,4,"uncertain utility interaction (net metering, utility ownership, and agreed standards)","Uncertain utility interaction (net metering, utility ownership, and agreed standards)",matched,correct_id,False,45,20260702_004049,no
generalist_llama_45_b5,llama,generalist_llama,generalist,5,5,lack of pilot projects,Lack of pilot projects,matched,correct_id,False,45,20260702_004049,no
normative_llama_45_b1,llama,normative_llama,normative,1,1,"power losses, quality and safety issues","power losses, quality and safety issues",matched,correct_id,False,45,20260702_004049,no
normative_llama_45_b2,llama,normative_llama,normative,2,2,reduced reliability in DC devices,reduced reliability in DC devices,matched,correct_id,False,45,20260702_004049,no
normative_llama_45_b4,llama,normative_llama,normative,4,3,"uncertain utility interaction (net metering, utility ownership, and agreed standards)","uncertain utility interaction (net metering, utility ownership, and agreed standards)",matched,corrected_from_label,False,45,20260702_004049,no
normative_llama_45_b5,llama,normative_llama,normative,5,4,lack of pilot projects,lack of pilot projects,matched,corrected_from_label,False,45,20260702_004049,no
normative_llama_45_b6,llama,normative_llama,normative,6,5,public perception of DC and readiness to 'champion' installations from DC projects,public perception of DC and readiness to 'champion' installations from DC projects,matched,corrected_from_label,False,45,20260702_004049,no
subject-matter_llama_45_b1,llama,subject-matter_llama,subject-matter,1,1,"power losses, quality and safety issues","Power losses, quality, and safety issues",matched,correct_id,False,45,20260702_004049,no
subject-matter_llama_45_b2,llama,subject-matter_llama,subject-matter,2,2,reduced reliability in DC devices,Reduced reliability in DC devices,matched,correct_id,False,45,20260702_004049,no
subject-matter_llama_45_b3,llama,subject-matter_llama,subject-matter,3,3,lack of use-cases in which DC is advantageous,Lack of use-cases in which DC is advantageous,matched,correct_id,False,45,20260702_004049,no
subject-matter_llama_45_b4,llama,subject-matter_llama,subject-matter,4,4,"uncertain utility interaction (net metering, utility ownership, and agreed standards)","Uncertain utility interaction (net metering, utility ownership, and agreed standards)",matched,correct_id,False,45,20260702_004049,no
subject-matter_llama_45_b5,llama,subject-matter_llama,subject-matter,5,5,lack of pilot projects,Lack of pilot projects,matched,correct_id,False,45,20260702_004049,no
generalist_mistral_45_b1,mistral,generalist_mistral,generalist,1,1,"power losses, quality and safety issues","Power losses, quality, and safety issues",matched,correct_id,False,45,20260702_004049,no
generalist_mistral_45_b2,mistral,generalist_mistral,generalist,2,2,reduced reliability in DC devices,Reduced reliability in DC devices,matched,correct_id,False,45,20260702_004049,no
generalist_mistral_45_b3,mistral,generalist_mistral,generalist,3,3,lack of use-cases in which DC is advantageous,Lack of use-cases in which DC is advantageous,matched,correct_id,False,45,20260702_004049,no
generalist_mistral_45_b4,mistral,generalist_mistral,generalist,4,4,"uncertain utility interaction (net metering, utility ownership, and agreed standards)","Uncertain utility interaction (net metering, utility ownership, and agreed standards)",matched,correct_id,False,45,20260702_004049,no
generalist_mistral_45_b7,mistral,generalist_mistral,generalist,7,5,incompatibility of DC systems components,Incompatibility of DC systems components,matched,corrected_from_label,False,45,20260702_004049,no
normative_mistral_45_b1,mistral,normative_mistral,normative,1,1,"power losses, quality and safety issues","power losses, quality and safety issues",matched,correct_id,False,45,20260702_004049,no
normative_mistral_45_b2,mistral,normative_mistral,normative,2,2,reduced reliability in DC devices,reduced reliability in DC devices,matched,correct_id,False,45,20260702_004049,no
normative_mistral_45_b4,mistral,normative_mistral,normative,4,3,"uncertain utility interaction (net metering, utility ownership, and agreed standards)","uncertain utility interaction (net metering, utility ownership, and agreed standards)",matched,corrected_from_label,False,45,20260702_004049,no
normative_mistral_45_b5,mistral,normative_mistral,normative,5,4,lack of pilot projects,lack of pilot projects,matched,corrected_from_label,False,45,20260702_004049,no
normative_mistral_45_b9,mistral,normative_mistral,normative,9,5,lack of enough trained personnel in DC systems,lack of enough trained personnel in DC systems,matched,corrected_from_label,False,45,20260702_004049,no
subject-matter_mistral_45_b1,mistral,subject-matter_mistral,subject-matter,1,1,"power losses, quality and safety issues","power losses, quality and safety issues",matched,correct_id,False,45,20260702_004049,no
subject-matter_mistral_45_b2,mistral,subject-matter_mistral,subject-matter,2,2,reduced reliability in DC devices,reduced reliability in DC devices,matched,correct_id,False,45,20260702_004049,no
subject-matter_mistral_45_b4,mistral,subject-matter_mistral,subject-matter,4,3,"uncertain utility interaction (net metering, utility ownership, and agreed standards)","uncertain utility interaction (net metering, utility ownership, and agreed standards)",matched,corrected_from_label,False,45,20260702_004049,no
subject-matter_mistral_45_b5,mistral,subject-matter_mistral,subject-matter,5,4,lack of pilot projects,lack of pilot projects,matched,corrected_from_label,False,45,20260702_004049,no
subject-matter_mistral_45_b9,mistral,subject-matter_mistral,subject-matter,9,5,lack of enough trained personnel in DC systems,lack of enough trained personnel in DC systems,matched,corrected_from_label,False,45,20260702_004049,no
generalist_gemma3_45_b1,gemma3,generalist_gemma3,generalist,1,1,"power losses, quality and safety issues","power losses, quality and safety issues",matched,correct_id,False,45,20260702_004049,no
generalist_gemma3_45_b5,gemma3,generalist_gemma3,generalist,5,2,lack of pilot projects,lack of pilot projects,matched,corrected_from_label,False,45,20260702_004049,no
generalist_gemma3_45_b6,gemma3,generalist_gemma3,generalist,6,3,public perception of DC and readiness to 'champion' installations from DC projects,public perception of DC and readiness to 'champion' installations from DC projects,matched,corrected_from_label,False,45,20260702_004049,no
generalist_gemma3_45_b8,gemma3,generalist_gemma3,generalist,8,4,misconception and lack of knowledge leads to lengthy/expensive design and permit process,misconception and lack of knowledge leads to lengthy/expensive design and permit process,matched,corrected_from_label,False,45,20260702_004049,no
generalist_gemma3_45_b10,gemma3,generalist_gemma3,generalist,10,5,uncertain regulatory roadmap,uncertain regulatory roadmap,matched,corrected_from_label,False,45,20260702_004049,no
normative_gemma3_45_b1,gemma3,normative_gemma3,normative,1,1,"power losses, quality and safety issues","power losses, quality and safety issues",matched,correct_id,False,45,20260702_004049,no
normative_gemma3_45_b4,gemma3,normative_gemma3,normative,4,4,"uncertain utility interaction (net metering, utility ownership, and agreed standards)","uncertain utility interaction (net metering, utility ownership, and agreed standards)",matched,correct_id,False,45,20260702_004049,no
normative_gemma3_45_b7,gemma3,normative_gemma3,normative,7,7,incompatibility of DC systems components,incompatibility of DC systems components,matched,correct_id,False,45,20260702_004049,no
normative_gemma3_45_b8,gemma3,normative_gemma3,normative,8,8,misconception and lack of knowledge leads to lengthy/expensive design and permit process,misconception and lack of knowledge leads to lengthy/expensive design and permit process,matched,correct_id,False,45,20260702_004049,no
normative_gemma3_45_b11,gemma3,normative_gemma3,normative,11,11,high costs of DC solutions,high costs of DC solutions,matched,correct_id,False,45,20260702_004049,no
subject-matter_gemma3_45_b1,gemma3,subject-matter_gemma3,subject-matter,1,1,"power losses, quality and safety issues","power losses, quality and safety issues",matched,correct_id,False,45,20260702_004049,no
subject-matter_gemma3_45_b5,gemma3,subject-matter_gemma3,subject-matter,5,2,lack of pilot projects,lack of pilot projects,matched,corrected_from_label,False,45,20260702_004049,no
subject-matter_gemma3_45_b4,gemma3,subject-matter_gemma3,subject-matter,4,3,"uncertain utility interaction (net metering, utility ownership, and agreed standards)","uncertain utility interaction (net metering, utility ownership, and agreed standards)",matched,corrected_from_label,False,45,20260702_004049,no
subject-matter_gemma3_45_b8,gemma3,subject-matter_gemma3,subject-matter,8,4,misconception and lack of knowledge leads to lengthy/expensive design and permit process,misconception and lack of knowledge leads to lengthy/expensive design and permit process,matched,corrected_from_label,False,45,20260702_004049,no
subject-matter_gemma3_45_b10,gemma3,subject-matter_gemma3,subject-matter,10,5,uncertain regulatory roadmap,uncertain regulatory roadmap,matched,corrected_from_label,False,45,20260702_004049,no
generalist_phi4_45_b1,phi4,generalist_phi4,generalist,1,1,"power losses, quality and safety issues","power losses, quality and safety issues",matched,correct_id,False,45,20260702_004049,no
generalist_phi4_45_b3,phi4,generalist_phi4,generalist,3,2,lack of use-cases in which DC is advantageous,lack of use-cases in which DC is advantageous,matched,corrected_from_label,False,45,20260702_004049,no
generalist_phi4_45_b4,phi4,generalist_phi4,generalist,4,4,"uncertain utility interaction (net metering, utility ownership, and agreed standards)","uncertain utility interaction (net metering, utility ownership, and agreed standards)",matched,correct_id,False,45,20260702_004049,no
generalist_phi4_45_b5,phi4,generalist_phi4,generalist,5,5,lack of pilot projects,lack of pilot projects,matched,correct_id,False,45,20260702_004049,no
generalist_phi4_45_b10,phi4,generalist_phi4,generalist,10,10,uncertain regulatory roadmap,uncertain regulatory roadmap,matched,correct_id,False,45,20260702_004049,no
normative_phi4_45_b1,phi4,normative_phi4,normative,1,1,"power losses, quality and safety issues","power losses, quality and safety issues",matched,correct_id,False,45,20260702_004049,no
normative_phi4_45_b3,phi4,normative_phi4,normative,3,3,lack of use-cases in which DC is advantageous,lack of use-cases in which DC is advantageous,matched,correct_id,False,45,20260702_004049,no
normative_phi4_45_b4,phi4,normative_phi4,normative,4,4,"uncertain utility interaction (net metering, utility ownership, and agreed standards)","uncertain utility interaction (net metering, utility ownership, and agreed standards)",matched,correct_id,False,45,20260702_004049,no
normative_phi4_45_b5,phi4,normative_phi4,normative,5,5,lack of pilot projects,lack of pilot projects,matched,correct_id,False,45,20260702_004049,no
normative_phi4_45_b10,phi4,normative_phi4,normative,10,10,uncertain regulatory roadmap,uncertain regulatory roadmap,matched,correct_id,False,45,20260702_004049,no
subject-matter_phi4_45_b1,phi4,subject-matter_phi4,subject-matter,1,1,"power losses, quality and safety issues","power losses, quality and safety issues",matched,correct_id,False,45,20260702_004049,no
subject-matter_phi4_45_b3,phi4,subject-matter_phi4,subject-matter,3,2,lack of use-cases in which DC is advantageous,lack of use-cases in which DC is advantageous,matched,corrected_from_label,False,45,20260702_004049,no
subject-matter_phi4_45_b4,phi4,subject-matter_phi4,subject-matter,4,3,"uncertain utility interaction (net metering, utility ownership, and agreed standards)","uncertain utility interaction (net metering, utility ownership, and agreed standards)",matched,corrected_from_label,False,45,20260702_004049,no
subject-matter_phi4_45_b8,phi4,subject-matter_phi4,subject-matter,8,4,misconception and lack of knowledge leads to lengthy/expensive design and permit process,misconception and lack of knowledge leads to lengthy/expensive design and permit process,matched,corrected_from_label,False,45,20260702_004049,no
subject-matter_phi4_45_b10,phi4,subject-matter_phi4,subject-matter,10,5,uncertain regulatory roadmap,uncertain regulatory roadmap,matched,corrected_from_label,False,45,20260702_004049,no
generalist_llama_46_b1,llama,generalist_llama,generalist,1,1,"power losses, quality and safety issues","Power losses, quality, and safety issues",matched,correct_id,False,46,20260702_004244,no
generalist_llama_46_b2,llama,generalist_llama,generalist,2,2,reduced reliability in DC devices,Reduced reliability in DC devices,matched,correct_id,False,46,20260702_004244,no
generalist_llama_46_b3,llama,generalist_llama,generalist,3,3,lack of use-cases in which DC is advantageous,Lack of use-cases in which DC is advantageous,matched,correct_id,False,46,20260702_004244,no
generalist_llama_46_b4,llama,generalist_llama,generalist,4,4,"uncertain utility interaction (net metering, utility ownership, and agreed standards)","Uncertain utility interaction (net metering, utility ownership, and agreed standards)",matched,correct_id,False,46,20260702_004244,no
generalist_llama_46_b5,llama,generalist_llama,generalist,5,5,lack of pilot projects,Lack of pilot projects,matched,correct_id,False,46,20260702_004244,no
normative_llama_46_b1,llama,normative_llama,normative,1,1,"power losses, quality and safety issues","power losses, quality and safety issues",matched,correct_id,False,46,20260702_004244,no
normative_llama_46_b2,llama,normative_llama,normative,2,2,reduced reliability in DC devices,reduced reliability in DC devices,matched,correct_id,False,46,20260702_004244,no
normative_llama_46_b3,llama,normative_llama,normative,3,3,lack of use-cases in which DC is advantageous,lack of use-cases in which DC is advantageous,matched,correct_id,False,46,20260702_004244,no
normative_llama_46_b4,llama,normative_llama,normative,4,4,"uncertain utility interaction (net metering, utility ownership, and agreed standards)","uncertain utility interaction (net metering, utility ownership, and agreed standards)",matched,correct_id,False,46,20260702_004244,no
normative_llama_46_b5,llama,normative_llama,normative,5,5,lack of pilot projects,lack of pilot projects,matched,correct_id,False,46,20260702_004244,no
subject-matter_llama_46_b1,llama,subject-matter_llama,subject-matter,1,1,"power losses, quality and safety issues","Power losses, quality, and safety issues",matched,correct_id,False,46,20260702_004244,no
subject-matter_llama_46_b2,llama,subject-matter_llama,subject-matter,2,2,reduced reliability in DC devices,Reduced reliability in DC devices,matched,correct_id,False,46,20260702_004244,no
subject-matter_llama_46_b3,llama,subject-matter_llama,subject-matter,3,3,lack of use-cases in which DC is advantageous,Lack of use-cases in which DC is advantageous,matched,correct_id,False,46,20260702_004244,no
subject-matter_llama_46_b4,llama,subject-matter_llama,subject-matter,4,4,"uncertain utility interaction (net metering, utility ownership, and agreed standards)","Uncertain utility interaction (net metering, utility ownership, and agreed standards)",matched,correct_id,False,46,20260702_004244,no
subject-matter_llama_46_b5,llama,subject-matter_llama,subject-matter,5,5,lack of pilot projects,Lack of pilot projects,matched,correct_id,False,46,20260702_004244,no
generalist_mistral_46_b1,mistral,generalist_mistral,generalist,1,1,"power losses, quality and safety issues","Power losses, quality, and safety issues",matched,correct_id,False,46,20260702_004244,no
generalist_mistral_46_b2,mistral,generalist_mistral,generalist,2,2,reduced reliability in DC devices,Reduced reliability in DC devices,matched,correct_id,False,46,20260702_004244,no
generalist_mistral_46_b3,mistral,generalist_mistral,generalist,3,3,lack of use-cases in which DC is advantageous,Lack of use-cases in which DC is advantageous,matched,correct_id,False,46,20260702_004244,no
generalist_mistral_46_b4,mistral,generalist_mistral,generalist,4,4,"uncertain utility interaction (net metering, utility ownership, and agreed standards)","Uncertain utility interaction (net metering, utility ownership, and agreed standards)",matched,correct_id,False,46,20260702_004244,no
generalist_mistral_46_b5,mistral,generalist_mistral,generalist,5,5,lack of pilot projects,Lack of pilot projects,matched,correct_id,False,46,20260702_004244,no
normative_mistral_46_b1,mistral,normative_mistral,normative,1,1,"power losses, quality and safety issues","power losses, quality and safety issues",matched,correct_id,False,46,20260702_004244,no
normative_mistral_46_b2,mistral,normative_mistral,normative,2,2,reduced reliability in DC devices,reduced reliability in DC devices,matched,correct_id,False,46,20260702_004244,no
normative_mistral_46_b3,mistral,normative_mistral,normative,3,3,lack of use-cases in which DC is advantageous,lack of use-cases in which DC is advantageous,matched,correct_id,False,46,20260702_004244,no
normative_mistral_46_b4,mistral,normative_mistral,normative,4,4,"uncertain utility interaction (net metering, utility ownership, and agreed standards)","uncertain utility interaction (net metering, utility ownership, and agreed standards)",matched,correct_id,False,46,20260702_004244,no
normative_mistral_46_b5,mistral,normative_mistral,normative,5,5,lack of pilot projects,lack of pilot projects,matched,correct_id,False,46,20260702_004244,no
subject-matter_mistral_46_b1,mistral,subject-matter_mistral,subject-matter,1,1,"power losses, quality and safety issues","power losses, quality, and safety issues (Barrier 1) - Addressing power loss, ensuring quality, and maintaining safety are critical aspects in any power system, and they pose significant challenges when adopting DC technologies.",matched_by_fuzzy_prefix,correct_id_fuzzy_prefix,False,46,20260702_004244,no
subject-matter_mistral_46_b2,mistral,subject-matter_mistral,subject-matter,2,2,reduced reliability in DC devices,"reduced reliability in DC devices (Barrier 2) - Reliability is a key concern for any technology deployment, and the reliability of DC devices must be ensured to gain widespread acceptance.",matched_by_fuzzy_prefix,correct_id_fuzzy_prefix,False,46,20260702_004244,no
subject-matter_mistral_46_b3,mistral,subject-matter_mistral,subject-matter,3,3,lack of use-cases in which DC is advantageous,lack of use-cases in which DC is advantageous (Barrier 3) - Identifying viable applications where DC offers clear advantages over AC systems is essential for driving adoption and overcoming this barrier.,matched_by_fuzzy_prefix,correct_id_fuzzy_prefix,False,46,20260702_004244,no
subject-matter_mistral_46_b4,mistral,subject-matter_mistral,subject-matter,4,4,"uncertain utility interaction (net metering, utility ownership, and agreed standards)","uncertain utility interaction (net metering, utility ownership, and agreed standards) (Barrier 4) - Clear guidelines and agreements with utilities regarding net metering, utility ownership, and standards are necessary to facilitate the integration of DC systems into the existing grid infrastructure.",matched_by_fuzzy_prefix,correct_id_fuzzy_prefix,False,46,20260702_004244,no
subject-matter_mistral_46_b5,mistral,subject-matter_mistral,subject-matter,5,5,lack of pilot projects,lack of pilot projects (Barrier 9) - Demonstrating the practicality and effectiveness of DC technologies through successful pilot projects can help build confidence and momentum for wider adoption.,matched_by_fuzzy_prefix,correct_id_fuzzy_prefix,False,46,20260702_004244,no
generalist_gemma3_46_b1,gemma3,generalist_gemma3,generalist,1,1,"power losses, quality and safety issues","power losses, quality and safety issues",matched,correct_id,False,46,20260702_004244,no
generalist_gemma3_46_b5,gemma3,generalist_gemma3,generalist,5,2,lack of pilot projects,lack of pilot projects,matched,corrected_from_label,False,46,20260702_004244,no
generalist_gemma3_46_b6,gemma3,generalist_gemma3,generalist,6,3,public perception of DC and readiness to 'champion' installations from DC projects,public perception of DC and readiness to 'champion' installations from DC projects,matched,corrected_from_label,False,46,20260702_004244,no
generalist_gemma3_46_b8,gemma3,generalist_gemma3,generalist,8,4,misconception and lack of knowledge leads to lengthy/expensive design and permit process,misconception and lack of knowledge leads to lengthy/expensive design and permit process,matched,corrected_from_label,False,46,20260702_004244,no
generalist_gemma3_46_b10,gemma3,generalist_gemma3,generalist,10,5,uncertain regulatory roadmap,uncertain regulatory roadmap,matched,corrected_from_label,False,46,20260702_004244,no
normative_gemma3_46_b1,gemma3,normative_gemma3,normative,1,1,"power losses, quality and safety issues","power losses, quality and safety issues",matched,correct_id,False,46,20260702_004244,no
normative_gemma3_46_b4,gemma3,normative_gemma3,normative,4,4,"uncertain utility interaction (net metering, utility ownership, and agreed standards)","uncertain utility interaction (net metering, utility ownership, and agreed standards)",matched,correct_id,False,46,20260702_004244,no
normative_gemma3_46_b7,gemma3,normative_gemma3,normative,7,7,incompatibility of DC systems components,incompatibility of DC systems components,matched,correct_id,False,46,20260702_004244,no
normative_gemma3_46_b8,gemma3,normative_gemma3,normative,8,8,misconception and lack of knowledge leads to lengthy/expensive design and permit process,misconception and lack of knowledge leads to lengthy/expensive design and permit process,matched,correct_id,False,46,20260702_004244,no
normative_gemma3_46_b11,gemma3,normative_gemma3,normative,11,11,high costs of DC solutions,high costs of DC solutions,matched,correct_id,False,46,20260702_004244,no
subject-matter_gemma3_46_b1,gemma3,subject-matter_gemma3,subject-matter,1,1,"power losses, quality and safety issues","power losses, quality and safety issues",matched,correct_id,False,46,20260702_004244,no
subject-matter_gemma3_46_b4,gemma3,subject-matter_gemma3,subject-matter,4,4,"uncertain utility interaction (net metering, utility ownership, and agreed standards)","uncertain utility interaction (net metering, utility ownership, and agreed standards)",matched,correct_id,False,46,20260702_004244,no
subject-matter_gemma3_46_b7,gemma3,subject-matter_gemma3,subject-matter,7,7,incompatibility of DC systems components,incompatibility of DC systems components,matched,correct_id,False,46,20260702_004244,no
subject-matter_gemma3_46_b8,gemma3,subject-matter_gemma3,subject-matter,8,8,misconception and lack of knowledge leads to lengthy/expensive design and permit process,misconception and lack of knowledge leads to lengthy/expensive design and permit process,matched,correct_id,False,46,20260702_004244,no
subject-matter_gemma3_46_b11,gemma3,subject-matter_gemma3,subject-matter,11,11,high costs of DC solutions,high costs of DC solutions,matched,correct_id,False,46,20260702_004244,no
generalist_phi4_46_b1,phi4,generalist_phi4,generalist,1,1,"power losses, quality and safety issues","power losses, quality and safety issues",matched,correct_id,False,46,20260702_004244,no
generalist_phi4_46_b2,phi4,generalist_phi4,generalist,2,2,reduced reliability in DC devices,reduced reliability in DC devices,matched,correct_id,False,46,20260702_004244,no
generalist_phi4_46_b3,phi4,generalist_phi4,generalist,3,3,lack of use-cases in which DC is advantageous,lack of use-cases in which DC is advantageous,matched,correct_id,False,46,20260702_004244,no
generalist_phi4_46_b4,phi4,generalist_phi4,generalist,4,4,"uncertain utility interaction (net metering, utility ownership, and agreed standards)","uncertain utility interaction (net metering, utility ownership, and agreed standards)",matched,correct_id,False,46,20260702_004244,no
generalist_phi4_46_b5,phi4,generalist_phi4,generalist,5,5,lack of pilot projects,lack of pilot projects,matched,correct_id,False,46,20260702_004244,no
normative_phi4_46_b1,phi4,normative_phi4,normative,1,1,"power losses, quality and safety issues","power losses, quality and safety issues",matched,correct_id,False,46,20260702_004244,no
normative_phi4_46_b2,phi4,normative_phi4,normative,2,2,reduced reliability in DC devices,reduced reliability in DC devices,matched,correct_id,False,46,20260702_004244,no
normative_phi4_46_b3,phi4,normative_phi4,normative,3,3,lack of use-cases in which DC is advantageous,lack of use-cases in which DC is advantageous,matched,correct_id,False,46,20260702_004244,no
normative_phi4_46_b4,phi4,normative_phi4,normative,4,4,"uncertain utility interaction (net metering, utility ownership, and agreed standards)","uncertain utility interaction (net metering, utility ownership, and agreed standards)",matched,correct_id,False,46,20260702_004244,no
normative_phi4_46_b5,phi4,normative_phi4,normative,5,5,lack of pilot projects,lack of pilot projects,matched,correct_id,False,46,20260702_004244,no
subject-matter_phi4_46_b1,phi4,subject-matter_phi4,subject-matter,1,1,"power losses, quality and safety issues","power losses, quality and safety issues",matched,correct_id,False,46,20260702_004244,no
subject-matter_phi4_46_b2,phi4,subject-matter_phi4,subject-matter,2,2,reduced reliability in DC devices,reduced reliability in DC devices,matched,correct_id,False,46,20260702_004244,no
subject-matter_phi4_46_b4,phi4,subject-matter_phi4,subject-matter,4,4,"uncertain utility interaction (net metering, utility ownership, and agreed standards)","uncertain utility interaction (net metering, utility ownership, and agreed standards)",matched,correct_id,False,46,20260702_004244,no
subject-matter_phi4_46_b8,phi4,subject-matter_phi4,subject-matter,8,8,misconception and lack of knowledge leads to lengthy/expensive design and permit process,misconception and lack of knowledge leads to lengthy/expensive design and permit process,matched,correct_id,False,46,20260702_004244,no
subject-matter_phi4_46_b10,phi4,subject-matter_phi4,subject-matter,10,10,uncertain regulatory roadmap,uncertain regulatory roadmap,matched,correct_id,False,46,20260702_004244,no
generalist_llama_47_b1,llama,generalist_llama,generalist,1,1,"power losses, quality and safety issues","power losses, quality and safety issues",matched,correct_id,False,47,20260702_004456,no
generalist_llama_47_b2,llama,generalist_llama,generalist,2,2,reduced reliability in DC devices,reduced reliability in DC devices,matched,correct_id,False,47,20260702_004456,no
generalist_llama_47_b3,llama,generalist_llama,generalist,3,3,lack of use-cases in which DC is advantageous,lack of use-cases in which DC is advantageous,matched,correct_id,False,47,20260702_004456,no
generalist_llama_47_b4,llama,generalist_llama,generalist,4,4,"uncertain utility interaction (net metering, utility ownership, and agreed standards)","uncertain utility interaction (net metering, utility ownership, and agreed standards)",matched,correct_id,False,47,20260702_004456,no
generalist_llama_47_b5,llama,generalist_llama,generalist,5,5,lack of pilot projects,lack of pilot projects,matched,correct_id,False,47,20260702_004456,no
normative_llama_47_b1,llama,normative_llama,normative,1,1,"power losses, quality and safety issues","power losses, quality and safety issues",matched,correct_id,False,47,20260702_004456,no
normative_llama_47_b2,llama,normative_llama,normative,2,2,reduced reliability in DC devices,reduced reliability in DC devices,matched,correct_id,False,47,20260702_004456,no
normative_llama_47_b4,llama,normative_llama,normative,4,3,"uncertain utility interaction (net metering, utility ownership, and agreed standards)","uncertain utility interaction (net metering, utility ownership, and agreed standards)",matched,corrected_from_label,False,47,20260702_004456,no
normative_llama_47_b3,llama,normative_llama,normative,3,4,lack of use-cases in which DC is advantageous,lack of use-cases in which DC is advantageous,matched,corrected_from_label,False,47,20260702_004456,no
normative_llama_47_b7,llama,normative_llama,normative,7,5,incompatibility of DC systems components,incompatibility of DC systems components,matched,corrected_from_label,False,47,20260702_004456,no
subject-matter_llama_47_b1,llama,subject-matter_llama,subject-matter,1,1,"power losses, quality and safety issues","Power losses, quality, and safety issues (Barrier #1)",matched_by_fuzzy_prefix,correct_id_fuzzy_prefix,False,47,20260702_004456,no
subject-matter_llama_47_b2,llama,subject-matter_llama,subject-matter,2,2,reduced reliability in DC devices,Reduced reliability in DC devices (Barrier #2),matched_by_fuzzy_prefix,correct_id_fuzzy_prefix,False,47,20260702_004456,no
subject-matter_llama_47_b3,llama,subject-matter_llama,subject-matter,3,3,lack of use-cases in which DC is advantageous,Lack of use-cases in which DC is advantageous (Barrier #3),matched_by_fuzzy_prefix,correct_id_fuzzy_prefix,False,47,20260702_004456,no
subject-matter_llama_47_b4,llama,subject-matter_llama,subject-matter,4,4,"uncertain utility interaction (net metering, utility ownership, and agreed standards)","Uncertain utility interaction (net metering, utility ownership, and agreed standards) (Barrier #4)",matched_by_fuzzy_prefix,correct_id_fuzzy_prefix,False,47,20260702_004456,no
subject-matter_llama_47_b5,llama,subject-matter_llama,subject-matter,5,5,lack of pilot projects,Lack of pilot projects (Barrier #5),matched_by_fuzzy_prefix,correct_id_fuzzy_prefix,False,47,20260702_004456,no
generalist_mistral_47_b1,mistral,generalist_mistral,generalist,1,1,"power losses, quality and safety issues","Power losses, quality, and safety issues",matched,correct_id,False,47,20260702_004456,no
generalist_mistral_47_b2,mistral,generalist_mistral,generalist,2,2,reduced reliability in DC devices,Reduced reliability in DC devices,matched,correct_id,False,47,20260702_004456,no
generalist_mistral_47_b3,mistral,generalist_mistral,generalist,3,3,lack of use-cases in which DC is advantageous,Lack of use-cases in which DC is advantageous,matched,correct_id,False,47,20260702_004456,no
generalist_mistral_47_b4,mistral,generalist_mistral,generalist,4,4,"uncertain utility interaction (net metering, utility ownership, and agreed standards)","Uncertain utility interaction (net metering, utility ownership, and agreed standards)",matched,correct_id,False,47,20260702_004456,no
generalist_mistral_47_b5,mistral,generalist_mistral,generalist,5,5,lack of pilot projects,Lack of pilot projects,matched,correct_id,False,47,20260702_004456,no
normative_mistral_47_b1,mistral,normative_mistral,normative,1,1,"power losses, quality and safety issues","power losses, quality and safety issues",matched,correct_id,False,47,20260702_004456,no
normative_mistral_47_b2,mistral,normative_mistral,normative,2,2,reduced reliability in DC devices,reduced reliability in DC devices,matched,correct_id,False,47,20260702_004456,no
normative_mistral_47_b4,mistral,normative_mistral,normative,4,3,"uncertain utility interaction (net metering, utility ownership, and agreed standards)","uncertain utility interaction (net metering, utility ownership, and agreed standards)",matched,corrected_from_label,False,47,20260702_004456,no
normative_mistral_47_b5,mistral,normative_mistral,normative,5,4,lack of pilot projects,lack of pilot projects,matched,corrected_from_label,False,47,20260702_004456,no
normative_mistral_47_b6,mistral,normative_mistral,normative,6,5,public perception of DC and readiness to 'champion' installations from DC projects,public perception of DC and readiness to 'champion' installations from DC projects,matched,corrected_from_label,False,47,20260702_004456,no
subject-matter_mistral_47_b1,mistral,subject-matter_mistral,subject-matter,1,1,"power losses, quality and safety issues","power losses, quality and safety issues",matched,correct_id,False,47,20260702_004456,no
subject-matter_mistral_47_b2,mistral,subject-matter_mistral,subject-matter,2,2,reduced reliability in DC devices,reduced reliability in DC devices,matched,correct_id,False,47,20260702_004456,no
subject-matter_mistral_47_b4,mistral,subject-matter_mistral,subject-matter,4,3,"uncertain utility interaction (net metering, utility ownership, and agreed standards)","uncertain utility interaction (net metering, utility ownership, and agreed standards)",matched,corrected_from_label,False,47,20260702_004456,no
subject-matter_mistral_47_b5,mistral,subject-matter_mistral,subject-matter,5,4,lack of pilot projects,lack of pilot projects,matched,corrected_from_label,False,47,20260702_004456,no
subject-matter_mistral_47_b9,mistral,subject-matter_mistral,subject-matter,9,5,lack of enough trained personnel in DC systems,lack of enough trained personnel in DC systems,matched,corrected_from_label,False,47,20260702_004456,no
generalist_gemma3_47_b1,gemma3,generalist_gemma3,generalist,1,1,"power losses, quality and safety issues","power losses, quality and safety issues",matched,correct_id,False,47,20260702_004456,no
generalist_gemma3_47_b5,gemma3,generalist_gemma3,generalist,5,2,lack of pilot projects,lack of pilot projects,matched,corrected_from_label,False,47,20260702_004456,no
generalist_gemma3_47_b4,gemma3,generalist_gemma3,generalist,4,3,"uncertain utility interaction (net metering, utility ownership, and agreed standards)","uncertain utility interaction (net metering, utility ownership, and agreed standards)",matched,corrected_from_label,False,47,20260702_004456,no
generalist_gemma3_47_b8,gemma3,generalist_gemma3,generalist,8,4,misconception and lack of knowledge leads to lengthy/expensive design and permit process,misconception and lack of knowledge leads to lengthy/expensive design and permit process,matched,corrected_from_label,False,47,20260702_004456,no
generalist_gemma3_47_b10,gemma3,generalist_gemma3,generalist,10,5,uncertain regulatory roadmap,uncertain regulatory roadmap,matched,corrected_from_label,False,47,20260702_004456,no
normative_gemma3_47_b1,gemma3,normative_gemma3,normative,1,1,"power losses, quality and safety issues","power losses, quality and safety issues",matched,correct_id,False,47,20260702_004456,no
normative_gemma3_47_b5,gemma3,normative_gemma3,normative,5,2,lack of pilot projects,lack of pilot projects,matched,corrected_from_label,False,47,20260702_004456,no
normative_gemma3_47_b6,gemma3,normative_gemma3,normative,6,3,public perception of DC and readiness to 'champion' installations from DC projects,public perception of DC and readiness to 'champion' installations from DC projects,matched,corrected_from_label,False,47,20260702_004456,no
normative_gemma3_47_b8,gemma3,normative_gemma3,normative,8,4,misconception and lack of knowledge leads to lengthy/expensive design and permit process,misconception and lack of knowledge leads to lengthy/expensive design and permit process,matched,corrected_from_label,False,47,20260702_004456,no
normative_gemma3_47_b10,gemma3,normative_gemma3,normative,10,5,uncertain regulatory roadmap,uncertain regulatory roadmap,matched,corrected_from_label,False,47,20260702_004456,no
subject-matter_gemma3_47_b1,gemma3,subject-matter_gemma3,subject-matter,1,1,"power losses, quality and safety issues","power losses, quality and safety issues",matched,correct_id,False,47,20260702_004456,no
subject-matter_gemma3_47_b5,gemma3,subject-matter_gemma3,subject-matter,5,2,lack of pilot projects,lack of pilot projects,matched,corrected_from_label,False,47,20260702_004456,no
subject-matter_gemma3_47_b4,gemma3,subject-matter_gemma3,subject-matter,4,3,"uncertain utility interaction (net metering, utility ownership, and agreed standards)","uncertain utility interaction (net metering, utility ownership, and agreed standards)",matched,corrected_from_label,False,47,20260702_004456,no
subject-matter_gemma3_47_b8,gemma3,subject-matter_gemma3,subject-matter,8,4,misconception and lack of knowledge leads to lengthy/expensive design and permit process,misconception and lack of knowledge leads to lengthy/expensive design and permit process,matched,corrected_from_label,False,47,20260702_004456,no
subject-matter_gemma3_47_b10,gemma3,subject-matter_gemma3,subject-matter,10,5,uncertain regulatory roadmap,uncertain regulatory roadmap,matched,corrected_from_label,False,47,20260702_004456,no
generalist_phi4_47_b1,phi4,generalist_phi4,generalist,1,1,"power losses, quality and safety issues","power losses, quality and safety issues",matched,correct_id,False,47,20260702_004456,no
generalist_phi4_47_b2,phi4,generalist_phi4,generalist,2,2,reduced reliability in DC devices,reduced reliability in DC devices,matched,correct_id,False,47,20260702_004456,no
generalist_phi4_47_b3,phi4,generalist_phi4,generalist,3,3,lack of use-cases in which DC is advantageous,lack of use-cases in which DC is advantageous,matched,correct_id,False,47,20260702_004456,no
generalist_phi4_47_b4,phi4,generalist_phi4,generalist,4,4,"uncertain utility interaction (net metering, utility ownership, and agreed standards)","uncertain utility interaction (net metering, utility ownership, and agreed standards)",matched,correct_id,False,47,20260702_004456,no
generalist_phi4_47_b5,phi4,generalist_phi4,generalist,5,5,lack of pilot projects,lack of pilot projects,matched,correct_id,False,47,20260702_004456,no
normative_phi4_47_b1,phi4,normative_phi4,normative,1,1,"power losses, quality and safety issues","power losses, quality and safety issues",matched,correct_id,False,47,20260702_004456,no
normative_phi4_47_b3,phi4,normative_phi4,normative,3,3,lack of use-cases in which DC is advantageous,lack of use-cases in which DC is advantageous,matched,correct_id,False,47,20260702_004456,no
normative_phi4_47_b4,phi4,normative_phi4,normative,4,4,"uncertain utility interaction (net metering, utility ownership, and agreed standards)","uncertain utility interaction (net metering, utility ownership, and agreed standards)",matched,correct_id,False,47,20260702_004456,no
normative_phi4_47_b5,phi4,normative_phi4,normative,5,5,lack of pilot projects,lack of pilot projects,matched,correct_id,False,47,20260702_004456,no
normative_phi4_47_b10,phi4,normative_phi4,normative,10,10,uncertain regulatory roadmap,uncertain regulatory roadmap,matched,correct_id,False,47,20260702_004456,no
subject-matter_phi4_47_b1,phi4,subject-matter_phi4,subject-matter,1,1,"power losses, quality and safety issues","power losses, quality and safety issues",matched,correct_id,False,47,20260702_004456,no
subject-matter_phi4_47_b3,phi4,subject-matter_phi4,subject-matter,3,2,lack of use-cases in which DC is advantageous,lack of use-cases in which DC is advantageous,matched,corrected_from_label,False,47,20260702_004456,no
subject-matter_phi4_47_b4,phi4,subject-matter_phi4,subject-matter,4,4,"uncertain utility interaction (net metering, utility ownership, and agreed standards)","uncertain utility interaction (net metering, utility ownership, and agreed standards)",matched,correct_id,False,47,20260702_004456,no
subject-matter_phi4_47_b8,phi4,subject-matter_phi4,subject-matter,8,8,misconception and lack of knowledge leads to lengthy/expensive design and permit process,misconception and lack of knowledge leads to lengthy/expensive design and permit process,matched,correct_id,False,47,20260702_004456,no
subject-matter_phi4_47_b10,phi4,subject-matter_phi4,subject-matter,10,10,uncertain regulatory roadmap,uncertain regulatory roadmap,matched,correct_id,False,47,20260702_004456,no
generalist_llama_48_b1,llama,generalist_llama,generalist,1,1,"power losses, quality and safety issues","Power losses, quality, and safety issues: Unpredictable power output and potential quality issues can hinder the widespread use of DC systems. Ensuring reliable performance and maintaining high safety standards are essential for successful implementation.",matched_by_fuzzy_prefix,correct_id_fuzzy_prefix,False,48,20260702_004657,no
generalist_llama_48_b3,llama,generalist_llama,generalist,3,2,lack of use-cases in which DC is advantageous,"Lack of use-cases where DC is advantageous: Developing clear demonstrations that showcase the benefits of using DC technology in various sectors, such as data centers or industrial applications, can help promote its adoption.",matched_by_fuzzy_prefix,corrected_from_fuzzy_prefix,False,48,20260702_004657,no
generalist_llama_48_b4,llama,generalist_llama,generalist,4,3,"uncertain utility interaction (net metering, utility ownership, and agreed standards)","Uncertain utility interaction (net metering, utility ownership, and agreed standards): Clear guidelines and agreements on net metering, utility ownership, and standardized practices are necessary to ensure a smooth transition to DC grids.",matched_by_fuzzy_prefix,corrected_from_fuzzy_prefix,False,48,20260702_004657,no
generalist_llama_48_b5,llama,generalist_llama,generalist,5,4,lack of pilot projects,"Lack of pilot projects: Implementing small-scale demonstrations can help build confidence in the technology, foster learning experiences, and provide valuable insights for larger-scale deployments.",matched_by_fuzzy_prefix,corrected_from_fuzzy_prefix,False,48,20260702_004657,no
generalist_llama_48_b6,llama,generalist_llama,generalist,6,5,public perception of DC and readiness to 'champion' installations from DC projects,Public perception and readiness to champion installations from DC projects: Addressing public concerns and promoting the benefits of DC systems can encourage wider acceptance and support for their implementation.,matched_by_fuzzy_prefix,corrected_from_fuzzy_prefix,False,48,20260702_004657,no
normative_llama_48_b1,llama,normative_llama,normative,1,1,"power losses, quality and safety issues","Power losses, quality and safety issues",matched,correct_id,False,48,20260702_004657,no
normative_llama_48_b2,llama,normative_llama,normative,2,2,reduced reliability in DC devices,Reduced reliability in DC devices,matched,correct_id,False,48,20260702_004657,no
normative_llama_48_b3,llama,normative_llama,normative,3,3,lack of use-cases in which DC is advantageous,Lack of use-cases in which DC is advantageous,matched,correct_id,False,48,20260702_004657,no
normative_llama_48_b4,llama,normative_llama,normative,4,4,"uncertain utility interaction (net metering, utility ownership, and agreed standards)","Uncertain utility interaction (net metering, utility ownership, and agreed standards)",matched,correct_id,False,48,20260702_004657,no
normative_llama_48_b5,llama,normative_llama,normative,5,5,lack of pilot projects,Lack of pilot projects,matched,correct_id,False,48,20260702_004657,no
subject-matter_llama_48_b1,llama,subject-matter_llama,subject-matter,1,1,"power losses, quality and safety issues","power losses, quality and safety issues",matched,correct_id,False,48,20260702_004657,no
subject-matter_llama_48_b2,llama,subject-matter_llama,subject-matter,2,2,reduced reliability in DC devices,reduced reliability in DC devices,matched,correct_id,False,48,20260702_004657,no
subject-matter_llama_48_b4,llama,subject-matter_llama,subject-matter,4,3,"uncertain utility interaction (net metering, utility ownership, and agreed standards)","uncertain utility interaction (net metering, utility ownership, and agreed standards)",matched,corrected_from_label,False,48,20260702_004657,no
subject-matter_llama_48_b5,llama,subject-matter_llama,subject-matter,5,4,lack of pilot projects,lack of pilot projects,matched,corrected_from_label,False,48,20260702_004657,no
subject-matter_llama_48_b6,llama,subject-matter_llama,subject-matter,6,5,public perception of DC and readiness to 'champion' installations from DC projects,public perception of DC and readiness to 'champion' installations from DC projects,matched,corrected_from_label,False,48,20260702_004657,no
generalist_mistral_48_b1,mistral,generalist_mistral,generalist,1,1,"power losses, quality and safety issues","Power losses, quality, and safety issues: The potential for power losses and related quality and safety concerns can be a significant barrier to the widespread adoption of DC technologies in various applications.",matched_by_fuzzy_prefix,correct_id_fuzzy_prefix,False,48,20260702_004657,no
generalist_mistral_48_b2,mistral,generalist_mistral,generalist,2,2,reduced reliability in DC devices,Reduced reliability in DC devices: A perceived or actual reduction in the reliability of DC devices compared to AC alternatives may lead to hesitance among potential users and slow the transition towards DC solutions.,matched_by_fuzzy_prefix,correct_id_fuzzy_prefix,False,48,20260702_004657,no
generalist_mistral_48_b3,mistral,generalist_mistral,generalist,3,3,lack of use-cases in which DC is advantageous,"Lack of use-cases in which DC is advantageous: Establishing clear, compelling use-cases that demonstrate the advantages of DC technologies over traditional AC systems will be essential for driving wider adoption.",matched_by_fuzzy_prefix,correct_id_fuzzy_prefix,False,48,20260702_004657,no
generalist_mistral_48_b4,mistral,generalist_mistral,generalist,4,4,"uncertain utility interaction (net metering, utility ownership, and agreed standards)","Uncertain utility interaction (net metering, utility ownership, and agreed standards): Clarity on how DC solutions will interact with existing utility infrastructure, including net metering policies, utility ownership, and agreed standards, is crucial to ensuring a smooth transition and widespread acceptance of DC technologies.",matched_by_fuzzy_prefix,correct_id_fuzzy_prefix,False,48,20260702_004657,no
generalist_mistral_48_b5,mistral,generalist_mistral,generalist,5,5,lack of pilot projects,Lack of pilot projects: The absence of successful pilot projects demonstrating the practicality and effectiveness of DC solutions can create uncertainty among potential users and delay wider adoption.,matched_by_fuzzy_prefix,correct_id_fuzzy_prefix,False,48,20260702_004657,no
normative_mistral_48_b1,mistral,normative_mistral,normative,1,1,"power losses, quality and safety issues","Power losses, quality and safety issues",matched,correct_id,False,48,20260702_004657,no
normative_mistral_48_b2,mistral,normative_mistral,normative,2,2,reduced reliability in DC devices,Reduced reliability in DC devices,matched,correct_id,False,48,20260702_004657,no
normative_mistral_48_b3,mistral,normative_mistral,normative,3,3,lack of use-cases in which DC is advantageous,Lack of use-cases in which DC is advantageous,matched,correct_id,False,48,20260702_004657,no
normative_mistral_48_b4,mistral,normative_mistral,normative,4,4,"uncertain utility interaction (net metering, utility ownership, and agreed standards)","Uncertain utility interaction (net metering, utility ownership, and agreed standards)",matched,correct_id,False,48,20260702_004657,no
normative_mistral_48_b5,mistral,normative_mistral,normative,5,5,lack of pilot projects,Lack of pilot projects,matched,correct_id,False,48,20260702_004657,no
subject-matter_mistral_48_b1,mistral,subject-matter_mistral,subject-matter,1,1,"power losses, quality and safety issues","power losses, quality and safety issues",matched,correct_id,False,48,20260702_004657,no
subject-matter_mistral_48_b2,mistral,subject-matter_mistral,subject-matter,2,2,reduced reliability in DC devices,reduced reliability in DC devices,matched,correct_id,False,48,20260702_004657,no
subject-matter_mistral_48_b3,mistral,subject-matter_mistral,subject-matter,3,3,lack of use-cases in which DC is advantageous,lack of use-cases in which DC is advantageous,matched,correct_id,False,48,20260702_004657,no
subject-matter_mistral_48_b4,mistral,subject-matter_mistral,subject-matter,4,4,"uncertain utility interaction (net metering, utility ownership, and agreed standards)","uncertain utility interaction (net metering, utility ownership, and agreed standards)",matched,correct_id,False,48,20260702_004657,no
subject-matter_mistral_48_b5,mistral,subject-matter_mistral,subject-matter,5,5,lack of pilot projects,lack of pilot projects,matched,correct_id,False,48,20260702_004657,no
generalist_gemma3_48_b1,gemma3,generalist_gemma3,generalist,1,1,"power losses, quality and safety issues","power losses, quality and safety issues",matched,correct_id,False,48,20260702_004657,no
generalist_gemma3_48_b3,gemma3,generalist_gemma3,generalist,3,2,lack of use-cases in which DC is advantageous,lack of use-cases in which DC is advantageous,matched,corrected_from_label,False,48,20260702_004657,no
generalist_gemma3_48_b4,gemma3,generalist_gemma3,generalist,4,3,"uncertain utility interaction (net metering, utility ownership, and agreed standards)","uncertain utility interaction (net metering, utility ownership, and agreed standards)",matched,corrected_from_label,False,48,20260702_004657,no
generalist_gemma3_48_b8,gemma3,generalist_gemma3,generalist,8,4,misconception and lack of knowledge leads to lengthy/expensive design and permit process,misconception and lack of knowledge leads to lengthy/expensive design and permit process,matched,corrected_from_label,False,48,20260702_004657,no
generalist_gemma3_48_b10,gemma3,generalist_gemma3,generalist,10,5,uncertain regulatory roadmap,uncertain regulatory roadmap,matched,corrected_from_label,False,48,20260702_004657,no
normative_gemma3_48_b1,gemma3,normative_gemma3,normative,1,1,"power losses, quality and safety issues","power losses, quality and safety issues",matched,correct_id,False,48,20260702_004657,no
normative_gemma3_48_b5,gemma3,normative_gemma3,normative,5,2,lack of pilot projects,lack of pilot projects,matched,corrected_from_label,False,48,20260702_004657,no
normative_gemma3_48_b6,gemma3,normative_gemma3,normative,6,3,public perception of DC and readiness to 'champion' installations from DC projects,public perception of DC and readiness to 'champion' installations from DC projects,matched,corrected_from_label,False,48,20260702_004657,no
normative_gemma3_48_b10,gemma3,normative_gemma3,normative,10,4,uncertain regulatory roadmap,uncertain regulatory roadmap,matched,corrected_from_label,False,48,20260702_004657,no
normative_gemma3_48_b11,gemma3,normative_gemma3,normative,11,5,high costs of DC solutions,high costs of DC solutions,matched,corrected_from_label,False,48,20260702_004657,no
subject-matter_gemma3_48_b1,gemma3,subject-matter_gemma3,subject-matter,1,1,"power losses, quality and safety issues","power losses, quality and safety issues",matched,correct_id,False,48,20260702_004657,no
subject-matter_gemma3_48_b5,gemma3,subject-matter_gemma3,subject-matter,5,2,lack of pilot projects,lack of pilot projects,matched,corrected_from_label,False,48,20260702_004657,no
subject-matter_gemma3_48_b6,gemma3,subject-matter_gemma3,subject-matter,6,3,public perception of DC and readiness to 'champion' installations from DC projects,public perception of DC and readiness to 'champion' installations from DC projects,matched,corrected_from_label,False,48,20260702_004657,no
subject-matter_gemma3_48_b8,gemma3,subject-matter_gemma3,subject-matter,8,4,misconception and lack of knowledge leads to lengthy/expensive design and permit process,misconception and lack of knowledge leads to lengthy/expensive design and permit process,matched,corrected_from_label,False,48,20260702_004657,no
subject-matter_gemma3_48_b10,gemma3,subject-matter_gemma3,subject-matter,10,5,uncertain regulatory roadmap,uncertain regulatory roadmap,matched,corrected_from_label,False,48,20260702_004657,no
generalist_phi4_48_b1,phi4,generalist_phi4,generalist,1,1,"power losses, quality and safety issues","power losses, quality and safety issues",matched,correct_id,False,48,20260702_004657,no
generalist_phi4_48_b4,phi4,generalist_phi4,generalist,4,4,"uncertain utility interaction (net metering, utility ownership, and agreed standards)","uncertain utility interaction (net metering, utility ownership, and agreed standards)",matched,correct_id,False,48,20260702_004657,no
generalist_phi4_48_b5,phi4,generalist_phi4,generalist,5,5,lack of pilot projects,lack of pilot projects,matched,correct_id,False,48,20260702_004657,no
generalist_phi4_48_b9,phi4,generalist_phi4,generalist,9,9,lack of enough trained personnel in DC systems,lack of enough trained personnel in DC systems,matched,correct_id,False,48,20260702_004657,no
generalist_phi4_48_b10,phi4,generalist_phi4,generalist,10,10,uncertain regulatory roadmap,uncertain regulatory roadmap,matched,correct_id,False,48,20260702_004657,no
normative_phi4_48_b1,phi4,normative_phi4,normative,1,1,"power losses, quality and safety issues","power losses, quality and safety issues",matched,correct_id,False,48,20260702_004657,no
normative_phi4_48_b3,phi4,normative_phi4,normative,3,3,lack of use-cases in which DC is advantageous,lack of use-cases in which DC is advantageous,matched,correct_id,False,48,20260702_004657,no
normative_phi4_48_b4,phi4,normative_phi4,normative,4,4,"uncertain utility interaction (net metering, utility ownership, and agreed standards)","uncertain utility interaction (net metering, utility ownership, and agreed standards)",matched,correct_id,False,48,20260702_004657,no
normative_phi4_48_b8,phi4,normative_phi4,normative,8,8,misconception and lack of knowledge leads to lengthy/expensive design and permit process,misconception and lack of knowledge leads to lengthy/expensive design and permit process,matched,correct_id,False,48,20260702_004657,no
normative_phi4_48_b10,phi4,normative_phi4,normative,10,10,uncertain regulatory roadmap,uncertain regulatory roadmap,matched,correct_id,False,48,20260702_004657,no
subject-matter_phi4_48_b1,phi4,subject-matter_phi4,subject-matter,1,1,"power losses, quality and safety issues","power losses, quality and safety issues",matched,correct_id,False,48,20260702_004657,no
subject-matter_phi4_48_b3,phi4,subject-matter_phi4,subject-matter,3,3,lack of use-cases in which DC is advantageous,lack of use-cases in which DC is advantageous,matched,correct_id,False,48,20260702_004657,no
subject-matter_phi4_48_b4,phi4,subject-matter_phi4,subject-matter,4,4,"uncertain utility interaction (net metering, utility ownership, and agreed standards)","uncertain utility interaction (net metering, utility ownership, and agreed standards)",matched,correct_id,False,48,20260702_004657,no
subject-matter_phi4_48_b5,phi4,subject-matter_phi4,subject-matter,5,5,lack of pilot projects,lack of pilot projects,matched,correct_id,False,48,20260702_004657,no
subject-matter_phi4_48_b10,phi4,subject-matter_phi4,subject-matter,10,10,uncertain regulatory roadmap,uncertain regulatory roadmap,matched,correct_id,False,48,20260702_004657,no
generalist_llama_49_b3,llama,generalist_llama,generalist,3,1,lack of use-cases in which DC is advantageous,Lack of use-cases in which DC is advantageous,matched,corrected_from_label,False,49,20260702_004910,no
generalist_llama_49_b7,llama,generalist_llama,generalist,7,2,incompatibility of DC systems components,Incompatibility of DC systems components,matched,corrected_from_label,False,49,20260702_004910,no
generalist_llama_49_b1,llama,generalist_llama,generalist,1,3,"power losses, quality and safety issues","Power losses, quality and safety issues",matched,corrected_from_label,False,49,20260702_004910,no
generalist_llama_49_b4,llama,generalist_llama,generalist,4,4,"uncertain utility interaction (net metering, utility ownership, and agreed standards)","Uncertain utility interaction (net metering, utility ownership, and agreed standards)",matched,correct_id,False,49,20260702_004910,no
generalist_llama_49_b11,llama,generalist_llama,generalist,11,5,high costs of DC solutions,High costs of DC solutions,matched,corrected_from_label,False,49,20260702_004910,no
normative_llama_49_b1,llama,normative_llama,normative,1,1,"power losses, quality and safety issues","power losses, quality and safety issues",matched,correct_id,False,49,20260702_004910,no
normative_llama_49_b2,llama,normative_llama,normative,2,2,reduced reliability in DC devices,reduced reliability in DC devices,matched,correct_id,False,49,20260702_004910,no
normative_llama_49_b4,llama,normative_llama,normative,4,3,"uncertain utility interaction (net metering, utility ownership, and agreed standards)","uncertain utility interaction (net metering, utility ownership, and agreed standards)",matched,corrected_from_label,False,49,20260702_004910,no
normative_llama_49_b5,llama,normative_llama,normative,5,4,lack of pilot projects,lack of pilot projects,matched,corrected_from_label,False,49,20260702_004910,no
normative_llama_49_b6,llama,normative_llama,normative,6,5,public perception of DC and readiness to 'champion' installations from DC projects,public perception of DC and readiness to 'champion' installations from DC projects,matched,corrected_from_label,False,49,20260702_004910,no
subject-matter_llama_49_b1,llama,subject-matter_llama,subject-matter,1,1,"power losses, quality and safety issues","Power losses, quality, and safety issues",matched,correct_id,False,49,20260702_004910,no
subject-matter_llama_49_b2,llama,subject-matter_llama,subject-matter,2,2,reduced reliability in DC devices,Reduced reliability in DC devices,matched,correct_id,False,49,20260702_004910,no
subject-matter_llama_49_b3,llama,subject-matter_llama,subject-matter,3,3,lack of use-cases in which DC is advantageous,Lack of use-cases in which DC is advantageous,matched,correct_id,False,49,20260702_004910,no
subject-matter_llama_49_b4,llama,subject-matter_llama,subject-matter,4,4,"uncertain utility interaction (net metering, utility ownership, and agreed standards)","Uncertain utility interaction (net metering, utility ownership, and agreed standards)",matched,correct_id,False,49,20260702_004910,no
subject-matter_llama_49_b5,llama,subject-matter_llama,subject-matter,5,5,lack of pilot projects,Lack of pilot projects,matched,correct_id,False,49,20260702_004910,no
generalist_mistral_49_b1,mistral,generalist_mistral,generalist,1,1,"power losses, quality and safety issues","power losses, quality, and safety issues",matched,correct_id,False,49,20260702_004910,no
generalist_mistral_49_b2,mistral,generalist_mistral,generalist,2,2,reduced reliability in DC devices,reduced reliability in DC devices,matched,correct_id,False,49,20260702_004910,no
generalist_mistral_49_b4,mistral,generalist_mistral,generalist,4,3,"uncertain utility interaction (net metering, utility ownership, and agreed standards)","uncertain utility interaction (net metering, utility ownership, and agreed standards)",matched,corrected_from_label,False,49,20260702_004910,no
generalist_mistral_49_b5,mistral,generalist_mistral,generalist,5,4,lack of pilot projects,lack of pilot projects,matched,corrected_from_label,False,49,20260702_004910,no
generalist_mistral_49_b6,mistral,generalist_mistral,generalist,6,5,public perception of DC and readiness to 'champion' installations from DC projects,public perception of DC and readiness to 'champion' installations from DC projects,matched,corrected_from_label,False,49,20260702_004910,no
normative_mistral_49_b1,mistral,normative_mistral,normative,1,1,"power losses, quality and safety issues","power losses, quality and safety issues",matched,correct_id,False,49,20260702_004910,no
normative_mistral_49_b2,mistral,normative_mistral,normative,2,2,reduced reliability in DC devices,reduced reliability in DC devices,matched,correct_id,False,49,20260702_004910,no
normative_mistral_49_b4,mistral,normative_mistral,normative,4,3,"uncertain utility interaction (net metering, utility ownership, and agreed standards)","uncertain utility interaction (net metering, utility ownership, and agreed standards)",matched,corrected_from_label,False,49,20260702_004910,no
normative_mistral_49_b5,mistral,normative_mistral,normative,5,4,lack of pilot projects,lack of pilot projects,matched,corrected_from_label,False,49,20260702_004910,no
normative_mistral_49_b6,mistral,normative_mistral,normative,6,5,public perception of DC and readiness to 'champion' installations from DC projects,public perception of DC and readiness to 'champion' installations from DC projects,matched,corrected_from_label,False,49,20260702_004910,no
subject-matter_mistral_49_b1,mistral,subject-matter_mistral,subject-matter,1,1,"power losses, quality and safety issues","power losses, quality and safety issues",matched,correct_id,False,49,20260702_004910,no
subject-matter_mistral_49_b2,mistral,subject-matter_mistral,subject-matter,2,2,reduced reliability in DC devices,reduced reliability in DC devices,matched,correct_id,False,49,20260702_004910,no
subject-matter_mistral_49_b4,mistral,subject-matter_mistral,subject-matter,4,3,"uncertain utility interaction (net metering, utility ownership, and agreed standards)","uncertain utility interaction (net metering, utility ownership, and agreed standards)",matched,corrected_from_label,False,49,20260702_004910,no
subject-matter_mistral_49_b5,mistral,subject-matter_mistral,subject-matter,5,4,lack of pilot projects,lack of pilot projects,matched,corrected_from_label,False,49,20260702_004910,no
subject-matter_mistral_49_b7,mistral,subject-matter_mistral,subject-matter,7,5,incompatibility of DC systems components,incompatibility of DC systems components,matched,corrected_from_label,False,49,20260702_004910,no
generalist_gemma3_49_b1,gemma3,generalist_gemma3,generalist,1,1,"power losses, quality and safety issues","power losses, quality and safety issues",matched,correct_id,False,49,20260702_004910,no
generalist_gemma3_49_b3,gemma3,generalist_gemma3,generalist,3,2,lack of use-cases in which DC is advantageous,lack of use-cases in which DC is advantageous,matched,corrected_from_label,False,49,20260702_004910,no
generalist_gemma3_49_b4,gemma3,generalist_gemma3,generalist,4,3,"uncertain utility interaction (net metering, utility ownership, and agreed standards)","uncertain utility interaction (net metering, utility ownership, and agreed standards)",matched,corrected_from_label,False,49,20260702_004910,no
generalist_gemma3_49_b8,gemma3,generalist_gemma3,generalist,8,4,misconception and lack of knowledge leads to lengthy/expensive design and permit process,misconception and lack of knowledge leads to lengthy/expensive design and permit process,matched,corrected_from_label,False,49,20260702_004910,no
generalist_gemma3_49_b10,gemma3,generalist_gemma3,generalist,10,5,uncertain regulatory roadmap,uncertain regulatory roadmap,matched,corrected_from_label,False,49,20260702_004910,no
normative_gemma3_49_b1,gemma3,normative_gemma3,normative,1,1,"power losses, quality and safety issues","power losses, quality and safety issues",matched,correct_id,False,49,20260702_004910,no
normative_gemma3_49_b5,gemma3,normative_gemma3,normative,5,2,lack of pilot projects,lack of pilot projects,matched,corrected_from_label,False,49,20260702_004910,no
normative_gemma3_49_b4,gemma3,normative_gemma3,normative,4,3,"uncertain utility interaction (net metering, utility ownership, and agreed standards)","uncertain utility interaction (net metering, utility ownership, and agreed standards)",matched,corrected_from_label,False,49,20260702_004910,no
normative_gemma3_49_b8,gemma3,normative_gemma3,normative,8,4,misconception and lack of knowledge leads to lengthy/expensive design and permit process,misconception and lack of knowledge leads to lengthy/expensive design and permit process,matched,corrected_from_label,False,49,20260702_004910,no
normative_gemma3_49_b10,gemma3,normative_gemma3,normative,10,5,uncertain regulatory roadmap,uncertain regulatory roadmap,matched,corrected_from_label,False,49,20260702_004910,no
subject-matter_gemma3_49_b1,gemma3,subject-matter_gemma3,subject-matter,1,1,"power losses, quality and safety issues","power losses, quality and safety issues",matched,correct_id,False,49,20260702_004910,no
subject-matter_gemma3_49_b3,gemma3,subject-matter_gemma3,subject-matter,3,2,lack of use-cases in which DC is advantageous,lack of use-cases in which DC is advantageous,matched,corrected_from_label,False,49,20260702_004910,no
subject-matter_gemma3_49_b4,gemma3,subject-matter_gemma3,subject-matter,4,3,"uncertain utility interaction (net metering, utility ownership, and agreed standards)","uncertain utility interaction (net metering, utility ownership, and agreed standards)",matched,corrected_from_label,False,49,20260702_004910,no
subject-matter_gemma3_49_b8,gemma3,subject-matter_gemma3,subject-matter,8,4,misconception and lack of knowledge leads to lengthy/expensive design and permit process,misconception and lack of knowledge leads to lengthy/expensive design and permit process,matched,corrected_from_label,False,49,20260702_004910,no
subject-matter_gemma3_49_b10,gemma3,subject-matter_gemma3,subject-matter,10,5,uncertain regulatory roadmap,uncertain regulatory roadmap,matched,corrected_from_label,False,49,20260702_004910,no
generalist_phi4_49_b1,phi4,generalist_phi4,generalist,1,1,"power losses, quality and safety issues","power losses, quality and safety issues",matched,correct_id,False,49,20260702_004910,no
generalist_phi4_49_b3,phi4,generalist_phi4,generalist,3,3,lack of use-cases in which DC is advantageous,lack of use-cases in which DC is advantageous,matched,correct_id,False,49,20260702_004910,no
generalist_phi4_49_b4,phi4,generalist_phi4,generalist,4,4,"uncertain utility interaction (net metering, utility ownership, and agreed standards)","uncertain utility interaction (net metering, utility ownership, and agreed standards)",matched,correct_id,False,49,20260702_004910,no
generalist_phi4_49_b8,phi4,generalist_phi4,generalist,8,8,misconception and lack of knowledge leads to lengthy/expensive design and permit process,misconception and lack of knowledge leads to lengthy/expensive design and permit process,matched,correct_id,False,49,20260702_004910,no
generalist_phi4_49_b10,phi4,generalist_phi4,generalist,10,10,uncertain regulatory roadmap,uncertain regulatory roadmap,matched,correct_id,False,49,20260702_004910,no
normative_phi4_49_b1,phi4,normative_phi4,normative,1,1,"power losses, quality and safety issues","power losses, quality and safety issues",matched,correct_id,False,49,20260702_004910,no
normative_phi4_49_b3,phi4,normative_phi4,normative,3,3,lack of use-cases in which DC is advantageous,lack of use-cases in which DC is advantageous,matched,correct_id,False,49,20260702_004910,no
normative_phi4_49_b4,phi4,normative_phi4,normative,4,4,"uncertain utility interaction (net metering, utility ownership, and agreed standards)","uncertain utility interaction (net metering, utility ownership, and agreed standards)",matched,correct_id,False,49,20260702_004910,no
normative_phi4_49_b5,phi4,normative_phi4,normative,5,5,lack of pilot projects,lack of pilot projects,matched,correct_id,False,49,20260702_004910,no
normative_phi4_49_b10,phi4,normative_phi4,normative,10,10,uncertain regulatory roadmap,uncertain regulatory roadmap,matched,correct_id,False,49,20260702_004910,no
subject-matter_phi4_49_b1,phi4,subject-matter_phi4,subject-matter,1,1,"power losses, quality and safety issues","power losses, quality and safety issues",matched,correct_id,False,49,20260702_004910,no
subject-matter_phi4_49_b3,phi4,subject-matter_phi4,subject-matter,3,3,lack of use-cases in which DC is advantageous,lack of use-cases in which DC is advantageous,matched,correct_id,False,49,20260702_004910,no
subject-matter_phi4_49_b4,phi4,subject-matter_phi4,subject-matter,4,4,"uncertain utility interaction (net metering, utility ownership, and agreed standards)","uncertain utility interaction (net metering, utility ownership, and agreed standards)",matched,correct_id,False,49,20260702_004910,no
subject-matter_phi4_49_b8,phi4,subject-matter_phi4,subject-matter,8,8,misconception and lack of knowledge leads to lengthy/expensive design and permit process,misconception and lack of knowledge leads to lengthy/expensive design and permit process,matched,correct_id,False,49,20260702_004910,no
subject-matter_phi4_49_b10,phi4,subject-matter_phi4,subject-matter,10,10,uncertain regulatory roadmap,uncertain regulatory roadmap,matched,correct_id,False,49,20260702_004910,no
