condition,prob_geq
ZEROSHOT,0.07259696246358427
CONTEXT,0.036957668868088066
