condition,prob_geq
ZEROSHOT,0.5129168769412689
CONTEXT,0.7317687286633626
