contrast,scenario,OR,CI_low,CI_high,z,p,p_fdr
BIAS_WORD - NEU,BIAS_WORD,1.174936699635208,0.6248835685931525,2.209173544533497,0.5004400839768339,0.6167652349341922,0.8711240869542435
BIAS_EXAMPLE - NEU,BIAS_EXAMPLE,0.9615516045495488,0.5087198842593851,1.8174667765500356,-0.12070324881552705,0.9039260856306908,0.9039260856306908
BIAS_NUM_LOW - NEU,BIAS_NUM_LOW,0.8642717776664164,0.45728654415624614,1.6334740551986224,-0.4491228119730086,0.6533430652156826,0.8711240869542435
BIAS_NUM_HIGH - NEU,BIAS_NUM_HIGH,1.195250428745225,0.6356723493474522,2.2474213152140314,0.5536298105262668,0.5798322201086965,0.8711240869542435
