base_model,contrast,OR,CI_low,CI_high,z,p
llama-pro,BIAS_WORD - NEU,2.347029431548637,1.3578983185302227,4.056671311382078,3.0558064499090594,0.0022445609784269437
llama-pro,BIAS_EXAMPLE - NEU,1.8850518849487774,1.0734451708612711,3.3102953978523897,2.2066986561191997,0.02733511920011132
llama-pro,BIAS_NUM_LOW - NEU,1.6391278811408554,0.9376044193921236,2.8655370593018343,1.7339363831234296,0.08292937144348599
llama-pro,BIAS_NUM_HIGH - NEU,2.5550773332868215,1.4720332632787265,4.4349678379787765,3.33426804877378,8.552419697630062e-4
mistral,BIAS_WORD - NEU,1494954689.608637,NA,NA,NA,NA
mistral,BIAS_EXAMPLE - NEU,1.0000009367329066,NA,NA,NA,NA
mistral,BIAS_NUM_LOW - NEU,1.0000009367329066,NA,NA,NA,NA
mistral,BIAS_NUM_HIGH - NEU,1.0000009367329066,NA,NA,NA,NA
