contrast,OR,CI_low,CI_high,z,p,p_fdr
LLM - HUMAN (NEU only),0.09154884255101921,0.027340276159027937,0.3065510576294519,-3.87760417271345,1.0549016321987964e-4,1.0549016321987964e-4
