base_model,OR,OR_l95,OR_u95
gemma3,0.9999989346277147,NA,NA
llama,8.990614566797452,NA,NA
mistral,1.0000010348982475,NA,NA
phi4,0.31744621111773114,NA,NA
