unit,type,B1,B2,B3,B4,B5,B6,B7,B8,B9,B10,B11
human,human,0.06422018348623854,0.03669724770642202,0.07339449541284404,0.09174311926605505,0.07339449541284404,0.10091743119266056,0.03669724770642202,0.11926605504587157,0.1559633027522936,0.12844036697247707,0.11926605504587157
LLM_overall,llm_overall,0.1945,0.08583333333333333,0.11366666666666667,0.18333333333333332,0.123,0.050166666666666665,0.028666666666666667,0.050166666666666665,0.050833333333333335,0.06166666666666667,0.058166666666666665
gemma3-12b,base_model,0.2,0.0,0.0,0.14533333333333334,0.06666666666666667,0.06666666666666667,0.05533333333333333,0.11,0.124,0.042666666666666665,0.18933333333333333
llama-pro,base_model,0.178,0.124,0.16133333333333333,0.19333333333333333,0.146,0.09266666666666666,0.04466666666666667,0.012,0.012666666666666666,0.008666666666666666,0.02666666666666667
mistral,base_model,0.2,0.19333333333333333,0.172,0.196,0.17733333333333334,0.004,0.005333333333333333,0.0006666666666666666,0.014,0.027333333333333334,0.01
phi4,base_model,0.2,0.026,0.12133333333333333,0.19866666666666666,0.102,0.037333333333333336,0.009333333333333334,0.078,0.05266666666666667,0.168,0.006666666666666667
