comparison,spearman_rho,spearman_perm_p,tv,tv_ci_lo,tv_ci_hi,hellinger,hell_ci_lo,hell_ci_hi,top5_overlap,top5_jaccard,top5_hypergeo_p
LLM overall vs Human,-0.2683514471936166,0.4208,0.3608837920489297,0.2794729357798166,0.45261976299694184,0.27167545981218505,0.2299923161216153,0.3620446822638101,0,0.0,1.0
