row_id,base_model,variant_id,model,barrier_id,model_barrier_id,official_label,model_label,label_status,barrier_id_status,is_hallucinated,iteration,timestamp
phi4_generalist_00_b1,phi4,phi4_generalist,generalist,1,1,"power losses, quality and safety issues","power losses, quality and safety issues",matched,correct_id,False,0,20260630_002022
phi4_generalist_00_b3,phi4,phi4_generalist,generalist,3,3,lack of use-cases in which DC is advantageous,lack of use-cases in which DC is advantageous,matched,correct_id,False,0,20260630_002022
phi4_generalist_00_b4,phi4,phi4_generalist,generalist,4,4,"uncertain utility interaction (net metering, utility ownership, and agreed standards)","uncertain utility interaction (net metering, utility ownership, and agreed standards)",matched,correct_id,False,0,20260630_002022
phi4_generalist_00_b8,phi4,phi4_generalist,generalist,8,8,misconception and lack of knowledge leads to lengthy/expensive design and permit process,misconception and lack of knowledge leads to lengthy/expensive design and permit process,matched,correct_id,False,0,20260630_002022
phi4_generalist_00_b10,phi4,phi4_generalist,generalist,10,10,uncertain regulatory roadmap,uncertain regulatory roadmap,matched,correct_id,False,0,20260630_002022
phi4_normative_00_b1,phi4,phi4_normative,normative,1,1,"power losses, quality and safety issues","power losses, quality and safety issues",matched,correct_id,False,0,20260630_002022
phi4_normative_00_b3,phi4,phi4_normative,normative,3,2,lack of use-cases in which DC is advantageous,lack of use-cases in which DC is advantageous,matched,corrected_from_label,False,0,20260630_002022
phi4_normative_00_b4,phi4,phi4_normative,normative,4,4,"uncertain utility interaction (net metering, utility ownership, and agreed standards)","uncertain utility interaction (net metering, utility ownership, and agreed standards)",matched,correct_id,False,0,20260630_002022
phi4_normative_00_b5,phi4,phi4_normative,normative,5,5,lack of pilot projects,lack of pilot projects,matched,correct_id,False,0,20260630_002022
phi4_normative_00_b10,phi4,phi4_normative,normative,10,10,uncertain regulatory roadmap,uncertain regulatory roadmap,matched,correct_id,False,0,20260630_002022
phi4_subject-matter_00_b1,phi4,phi4_subject-matter,subject-matter,1,1,"power losses, quality and safety issues","power losses, quality and safety issues",matched,correct_id,False,0,20260630_002022
phi4_subject-matter_00_b3,phi4,phi4_subject-matter,subject-matter,3,3,lack of use-cases in which DC is advantageous,lack of use-cases in which DC is advantageous,matched,correct_id,False,0,20260630_002022
phi4_subject-matter_00_b4,phi4,phi4_subject-matter,subject-matter,4,4,"uncertain utility interaction (net metering, utility ownership, and agreed standards)","uncertain utility interaction (net metering, utility ownership, and agreed standards)",matched,correct_id,False,0,20260630_002022
phi4_subject-matter_00_b5,phi4,phi4_subject-matter,subject-matter,5,5,lack of pilot projects,lack of pilot projects,matched,correct_id,False,0,20260630_002022
phi4_subject-matter_00_b10,phi4,phi4_subject-matter,subject-matter,10,10,uncertain regulatory roadmap,uncertain regulatory roadmap,matched,correct_id,False,0,20260630_002022
gemma3_generalist_00_b1,gemma3,gemma3_generalist,generalist,1,1,"power losses, quality and safety issues","power losses, quality and safety issues",matched,correct_id,False,0,20260630_002022
gemma3_generalist_00_b5,gemma3,gemma3_generalist,generalist,5,2,lack of pilot projects,lack of pilot projects,matched,corrected_from_label,False,0,20260630_002022
gemma3_generalist_00_b6,gemma3,gemma3_generalist,generalist,6,3,public perception of DC and readiness to 'champion' installations from DC projects,public perception of DC and readiness to 'champion' installations from DC projects,matched,corrected_from_label,False,0,20260630_002022
gemma3_generalist_00_b9,gemma3,gemma3_generalist,generalist,9,4,lack of enough trained personnel in DC systems,lack of enough trained personnel in DC systems,matched,corrected_from_label,False,0,20260630_002022
gemma3_generalist_00_b11,gemma3,gemma3_generalist,generalist,11,5,high costs of DC solutions,high costs of DC solutions,matched,corrected_from_label,False,0,20260630_002022
gemma3_normative_00_b1,gemma3,gemma3_normative,normative,1,1,"power losses, quality and safety issues","power losses, quality and safety issues",matched,correct_id,False,0,20260630_002022
gemma3_normative_00_b4,gemma3,gemma3_normative,normative,4,4,"uncertain utility interaction (net metering, utility ownership, and agreed standards)","uncertain utility interaction (net metering, utility ownership, and agreed standards)",matched,correct_id,False,0,20260630_002022
gemma3_normative_00_b8,gemma3,gemma3_normative,normative,8,8,misconception and lack of knowledge leads to lengthy/expensive design and permit process,misconception and lack of knowledge leads to lengthy/expensive design and permit process,matched,correct_id,False,0,20260630_002022
gemma3_normative_00_b9,gemma3,gemma3_normative,normative,9,9,lack of enough trained personnel in DC systems,lack of enough trained personnel in DC systems,matched,correct_id,False,0,20260630_002022
gemma3_normative_00_b11,gemma3,gemma3_normative,normative,11,11,high costs of DC solutions,high costs of DC solutions,matched,correct_id,False,0,20260630_002022
gemma3_subject-matter_00_b1,gemma3,gemma3_subject-matter,subject-matter,1,1,"power losses, quality and safety issues","power losses, quality and safety issues",matched,correct_id,False,0,20260630_002022
gemma3_subject-matter_00_b5,gemma3,gemma3_subject-matter,subject-matter,5,2,lack of pilot projects,lack of pilot projects,matched,corrected_from_label,False,0,20260630_002022
gemma3_subject-matter_00_b4,gemma3,gemma3_subject-matter,subject-matter,4,3,"uncertain utility interaction (net metering, utility ownership, and agreed standards)","uncertain utility interaction (net metering, utility ownership, and agreed standards)",matched,corrected_from_label,False,0,20260630_002022
gemma3_subject-matter_00_b8,gemma3,gemma3_subject-matter,subject-matter,8,4,misconception and lack of knowledge leads to lengthy/expensive design and permit process,misconception and lack of knowledge leads to lengthy/expensive design and permit process,matched,corrected_from_label,False,0,20260630_002022
gemma3_subject-matter_00_b10,gemma3,gemma3_subject-matter,subject-matter,10,5,uncertain regulatory roadmap,uncertain regulatory roadmap,matched,corrected_from_label,False,0,20260630_002022
llama_generalist_00_b1,llama,llama_generalist,generalist,1,1,"power losses, quality and safety issues","Power losses, quality, and safety issues",matched,correct_id,False,0,20260630_002022
llama_generalist_00_b3,llama,llama_generalist,generalist,3,2,lack of use-cases in which DC is advantageous,Lack of use-cases in which DC is advantageous,matched,corrected_from_label,False,0,20260630_002022
llama_generalist_00_b4,llama,llama_generalist,generalist,4,3,"uncertain utility interaction (net metering, utility ownership, and agreed standards)","Uncertain utility interaction (net metering, utility ownership, and agreed standards)",matched,corrected_from_label,False,0,20260630_002022
llama_generalist_00_b5,llama,llama_generalist,generalist,5,4,lack of pilot projects,Lack of pilot projects,matched,corrected_from_label,False,0,20260630_002022
llama_generalist_00_b6,llama,llama_generalist,generalist,6,5,public perception of DC and readiness to 'champion' installations from DC projects,Public perception of DC and readiness to 'champion' installations from DC projects,matched,corrected_from_label,False,0,20260630_002022
llama_normative_00_b1,llama,llama_normative,normative,1,1,"power losses, quality and safety issues","power losses, quality and safety issues",matched,correct_id,False,0,20260630_002022
llama_normative_00_b2,llama,llama_normative,normative,2,2,reduced reliability in DC devices,reduced reliability in DC devices,matched,correct_id,False,0,20260630_002022
llama_normative_00_b3,llama,llama_normative,normative,3,3,lack of use-cases in which DC is advantageous,lack of use-cases in which DC is advantageous,matched,correct_id,False,0,20260630_002022
llama_normative_00_b4,llama,llama_normative,normative,4,4,"uncertain utility interaction (net metering, utility ownership, and agreed standards)","uncertain utility interaction (net metering, utility ownership, and agreed standards)",matched,correct_id,False,0,20260630_002022
llama_normative_00_b5,llama,llama_normative,normative,5,5,lack of pilot projects,lack of pilot projects,matched,correct_id,False,0,20260630_002022
llama_subject-matter_00_b1,llama,llama_subject-matter,subject-matter,1,1,"power losses, quality and safety issues","Power losses, quality and safety issues",matched,correct_id,False,0,20260630_002022
llama_subject-matter_00_b3,llama,llama_subject-matter,subject-matter,3,2,lack of use-cases in which DC is advantageous,Lack of use-cases in which DC is advantageous,matched,corrected_from_label,False,0,20260630_002022
llama_subject-matter_00_b4,llama,llama_subject-matter,subject-matter,4,3,"uncertain utility interaction (net metering, utility ownership, and agreed standards)","Uncertain utility interaction (net metering, utility ownership, and agreed standards)",matched,corrected_from_label,False,0,20260630_002022
llama_subject-matter_00_b5,llama,llama_subject-matter,subject-matter,5,4,lack of pilot projects,Lack of pilot projects,matched,corrected_from_label,False,0,20260630_002022
llama_subject-matter_00_b6,llama,llama_subject-matter,subject-matter,6,5,public perception of DC and readiness to 'champion' installations from DC projects,Public perception of DC and readiness to 'champion' installations from DC projects,matched,corrected_from_label,False,0,20260630_002022
mistral_generalist_00_b1,mistral,mistral_generalist,generalist,1,1,"power losses, quality and safety issues","power losses, quality, and safety issues",matched,correct_id,False,0,20260630_002022
mistral_generalist_00_b2,mistral,mistral_generalist,generalist,2,2,reduced reliability in DC devices,reduced reliability in DC devices,matched,correct_id,False,0,20260630_002022
mistral_generalist_00_b3,mistral,mistral_generalist,generalist,3,3,lack of use-cases in which DC is advantageous,lack of use-cases in which DC is advantageous,matched,correct_id,False,0,20260630_002022
mistral_generalist_00_b4,mistral,mistral_generalist,generalist,4,4,"uncertain utility interaction (net metering, utility ownership, and agreed standards)","uncertain utility interaction (net metering, utility ownership, and agreed standards)",matched,correct_id,False,0,20260630_002022
mistral_generalist_00_b5,mistral,mistral_generalist,generalist,5,5,lack of pilot projects,lack of pilot projects,matched,correct_id,False,0,20260630_002022
mistral_normative_00_b1,mistral,mistral_normative,normative,1,1,"power losses, quality and safety issues","power losses, quality and safety issues",matched,correct_id,False,0,20260630_002022
mistral_normative_00_b2,mistral,mistral_normative,normative,2,2,reduced reliability in DC devices,reduced reliability in DC devices,matched,correct_id,False,0,20260630_002022
mistral_normative_00_b4,mistral,mistral_normative,normative,4,3,"uncertain utility interaction (net metering, utility ownership, and agreed standards)","uncertain utility interaction (net metering, utility ownership, and agreed standards)",matched,corrected_from_label,False,0,20260630_002022
mistral_normative_00_b5,mistral,mistral_normative,normative,5,4,lack of pilot projects,lack of pilot projects,matched,corrected_from_label,False,0,20260630_002022
mistral_normative_00_b11,mistral,mistral_normative,normative,11,5,high costs of DC solutions,high costs of DC solutions,matched,corrected_from_label,False,0,20260630_002022
mistral_subject-matter_00_b1,mistral,mistral_subject-matter,subject-matter,1,1,"power losses, quality and safety issues","power losses, quality and safety issues",matched,correct_id,False,0,20260630_002022
mistral_subject-matter_00_b2,mistral,mistral_subject-matter,subject-matter,2,2,reduced reliability in DC devices,reduced reliability in DC devices,matched,correct_id,False,0,20260630_002022
mistral_subject-matter_00_b4,mistral,mistral_subject-matter,subject-matter,4,3,"uncertain utility interaction (net metering, utility ownership, and agreed standards)","uncertain utility interaction (net metering, utility ownership, and agreed standards)",matched,corrected_from_label,False,0,20260630_002022
mistral_subject-matter_00_b5,mistral,mistral_subject-matter,subject-matter,5,4,lack of pilot projects,lack of pilot projects,matched,corrected_from_label,False,0,20260630_002022
mistral_subject-matter_00_b10,mistral,mistral_subject-matter,subject-matter,10,5,uncertain regulatory roadmap,uncertain regulatory roadmap,matched,corrected_from_label,False,0,20260630_002022
phi4_generalist_01_b1,phi4,phi4_generalist,generalist,1,1,"power losses, quality and safety issues","power losses, quality and safety issues",matched,correct_id,False,1,20260630_003259
phi4_generalist_01_b3,phi4,phi4_generalist,generalist,3,3,lack of use-cases in which DC is advantageous,lack of use-cases in which DC is advantageous,matched,correct_id,False,1,20260630_003259
phi4_generalist_01_b4,phi4,phi4_generalist,generalist,4,4,"uncertain utility interaction (net metering, utility ownership, and agreed standards)","uncertain utility interaction (net metering, utility ownership, and agreed standards)",matched,correct_id,False,1,20260630_003259
phi4_generalist_01_b5,phi4,phi4_generalist,generalist,5,5,lack of pilot projects,lack of pilot projects,matched,correct_id,False,1,20260630_003259
phi4_generalist_01_b10,phi4,phi4_generalist,generalist,10,10,uncertain regulatory roadmap,uncertain regulatory roadmap,matched,correct_id,False,1,20260630_003259
phi4_normative_01_b1,phi4,phi4_normative,normative,1,1,"power losses, quality and safety issues","power losses, quality and safety issues",matched,correct_id,False,1,20260630_003259
phi4_normative_01_b2,phi4,phi4_normative,normative,2,2,reduced reliability in DC devices,reduced reliability in DC devices,matched,correct_id,False,1,20260630_003259
phi4_normative_01_b3,phi4,phi4_normative,normative,3,3,lack of use-cases in which DC is advantageous,lack of use-cases in which DC is advantageous,matched,correct_id,False,1,20260630_003259
phi4_normative_01_b4,phi4,phi4_normative,normative,4,4,"uncertain utility interaction (net metering, utility ownership, and agreed standards)","uncertain utility interaction (net metering, utility ownership, and agreed standards)",matched,correct_id,False,1,20260630_003259
phi4_normative_01_b5,phi4,phi4_normative,normative,5,5,lack of pilot projects,lack of pilot projects,matched,correct_id,False,1,20260630_003259
phi4_subject-matter_01_b1,phi4,phi4_subject-matter,subject-matter,1,1,"power losses, quality and safety issues","power losses, quality and safety issues",matched,correct_id,False,1,20260630_003259
phi4_subject-matter_01_b2,phi4,phi4_subject-matter,subject-matter,2,2,reduced reliability in DC devices,reduced reliability in DC devices,matched,correct_id,False,1,20260630_003259
phi4_subject-matter_01_b3,phi4,phi4_subject-matter,subject-matter,3,3,lack of use-cases in which DC is advantageous,lack of use-cases in which DC is advantageous,matched,correct_id,False,1,20260630_003259
phi4_subject-matter_01_b4,phi4,phi4_subject-matter,subject-matter,4,4,"uncertain utility interaction (net metering, utility ownership, and agreed standards)","uncertain utility interaction (net metering, utility ownership, and agreed standards)",matched,correct_id,False,1,20260630_003259
phi4_subject-matter_01_b5,phi4,phi4_subject-matter,subject-matter,5,5,lack of pilot projects,lack of pilot projects,matched,correct_id,False,1,20260630_003259
gemma3_generalist_01_b1,gemma3,gemma3_generalist,generalist,1,1,"power losses, quality and safety issues","power losses, quality and safety issues",matched,correct_id,False,1,20260630_003259
gemma3_generalist_01_b5,gemma3,gemma3_generalist,generalist,5,2,lack of pilot projects,lack of pilot projects,matched,corrected_from_label,False,1,20260630_003259
gemma3_generalist_01_b6,gemma3,gemma3_generalist,generalist,6,3,public perception of DC and readiness to 'champion' installations from DC projects,public perception of DC and readiness to 'champion' installations from DC projects,matched,corrected_from_label,False,1,20260630_003259
gemma3_generalist_01_b8,gemma3,gemma3_generalist,generalist,8,4,misconception and lack of knowledge leads to lengthy/expensive design and permit process,misconception and lack of knowledge leads to lengthy/expensive design and permit process,matched,corrected_from_label,False,1,20260630_003259
gemma3_generalist_01_b11,gemma3,gemma3_generalist,generalist,11,5,high costs of DC solutions,high costs of DC solutions,matched,corrected_from_label,False,1,20260630_003259
gemma3_normative_01_b1,gemma3,gemma3_normative,normative,1,1,"power losses, quality and safety issues","power losses, quality and safety issues",matched,correct_id,False,1,20260630_003259
gemma3_normative_01_b4,gemma3,gemma3_normative,normative,4,4,"uncertain utility interaction (net metering, utility ownership, and agreed standards)","uncertain utility interaction (net metering, utility ownership, and agreed standards)",matched,correct_id,False,1,20260630_003259
gemma3_normative_01_b8,gemma3,gemma3_normative,normative,8,8,misconception and lack of knowledge leads to lengthy/expensive design and permit process,misconception and lack of knowledge leads to lengthy/expensive design and permit process,matched,correct_id,False,1,20260630_003259
gemma3_normative_01_b9,gemma3,gemma3_normative,normative,9,9,lack of enough trained personnel in DC systems,lack of enough trained personnel in DC systems,matched,correct_id,False,1,20260630_003259
gemma3_normative_01_b11,gemma3,gemma3_normative,normative,11,11,high costs of DC solutions,high costs of DC solutions,matched,correct_id,False,1,20260630_003259
gemma3_subject-matter_01_b1,gemma3,gemma3_subject-matter,subject-matter,1,1,"power losses, quality and safety issues","power losses, quality and safety issues",matched,correct_id,False,1,20260630_003259
gemma3_subject-matter_01_b5,gemma3,gemma3_subject-matter,subject-matter,5,2,lack of pilot projects,lack of pilot projects,matched,corrected_from_label,False,1,20260630_003259
gemma3_subject-matter_01_b6,gemma3,gemma3_subject-matter,subject-matter,6,3,public perception of DC and readiness to 'champion' installations from DC projects,public perception of DC and readiness to 'champion' installations from DC projects,matched,corrected_from_label,False,1,20260630_003259
gemma3_subject-matter_01_b9,gemma3,gemma3_subject-matter,subject-matter,9,4,lack of enough trained personnel in DC systems,lack of enough trained personnel in DC systems,matched,corrected_from_label,False,1,20260630_003259
gemma3_subject-matter_01_b10,gemma3,gemma3_subject-matter,subject-matter,10,5,uncertain regulatory roadmap,uncertain regulatory roadmap,matched,corrected_from_label,False,1,20260630_003259
llama_generalist_01_b3,llama,llama_generalist,generalist,3,1,lack of use-cases in which DC is advantageous,Lack of use-cases in which DC is advantageous,matched,corrected_from_label,False,1,20260630_003259
llama_generalist_01_b4,llama,llama_generalist,generalist,4,2,"uncertain utility interaction (net metering, utility ownership, and agreed standards)","Uncertain utility interaction (net metering, utility ownership, and agreed standards)",matched,corrected_from_label,False,1,20260630_003259
llama_generalist_01_b7,llama,llama_generalist,generalist,7,3,incompatibility of DC systems components,Incompatibility of DC systems components,matched,corrected_from_label,False,1,20260630_003259
llama_generalist_01_b8,llama,llama_generalist,generalist,8,4,misconception and lack of knowledge leads to lengthy/expensive design and permit process,Misconception and lack of knowledge leads to lengthy/expensive design and permit process,matched,corrected_from_label,False,1,20260630_003259
llama_generalist_01_b9,llama,llama_generalist,generalist,9,5,lack of enough trained personnel in DC systems,Lack of enough trained personnel in DC systems,matched,corrected_from_label,False,1,20260630_003259
llama_normative_01_b1,llama,llama_normative,normative,1,1,"power losses, quality and safety issues","power losses, quality and safety issues",matched,correct_id,False,1,20260630_003259
llama_normative_01_b2,llama,llama_normative,normative,2,2,reduced reliability in DC devices,reduced reliability in DC devices,matched,correct_id,False,1,20260630_003259
llama_normative_01_b3,llama,llama_normative,normative,3,3,lack of use-cases in which DC is advantageous,lack of use-cases in which DC is advantageous,matched,correct_id,False,1,20260630_003259
llama_normative_01_b4,llama,llama_normative,normative,4,4,"uncertain utility interaction (net metering, utility ownership, and agreed standards)","uncertain utility interaction (net metering, utility ownership, and agreed standards)",matched,correct_id,False,1,20260630_003259
llama_normative_01_b5,llama,llama_normative,normative,5,5,lack of pilot projects,lack of pilot projects,matched,correct_id,False,1,20260630_003259
llama_subject-matter_01_b1,llama,llama_subject-matter,subject-matter,1,1,"power losses, quality and safety issues","Power losses, quality, and safety issues",matched,correct_id,False,1,20260630_003259
llama_subject-matter_01_b4,llama,llama_subject-matter,subject-matter,4,2,"uncertain utility interaction (net metering, utility ownership, and agreed standards)","Uncertain utility interaction (net metering, utility ownership, and agreed standards)",matched,corrected_from_label,False,1,20260630_003259
llama_subject-matter_01_b3,llama,llama_subject-matter,subject-matter,3,3,lack of use-cases in which DC is advantageous,Lack of use-cases in which DC is advantageous,matched,correct_id,False,1,20260630_003259
llama_subject-matter_01_b7,llama,llama_subject-matter,subject-matter,7,4,incompatibility of DC systems components,Incompatibility of DC systems components,matched,corrected_from_label,False,1,20260630_003259
llama_subject-matter_01_b6,llama,llama_subject-matter,subject-matter,6,5,public perception of DC and readiness to 'champion' installations from DC projects,Public perception of DC and readiness to 'champion' installations from DC projects,matched,corrected_from_label,False,1,20260630_003259
mistral_generalist_01_b1,mistral,mistral_generalist,generalist,1,1,"power losses, quality and safety issues","power losses, quality and safety issues",matched,correct_id,False,1,20260630_003259
mistral_generalist_01_b2,mistral,mistral_generalist,generalist,2,2,reduced reliability in DC devices,reduced reliability in DC devices,matched,correct_id,False,1,20260630_003259
mistral_generalist_01_b3,mistral,mistral_generalist,generalist,3,3,lack of use-cases in which DC is advantageous,lack of use-cases in which DC is advantageous,matched,correct_id,False,1,20260630_003259
mistral_generalist_01_b4,mistral,mistral_generalist,generalist,4,4,"uncertain utility interaction (net metering, utility ownership, and agreed standards)","uncertain utility interaction (net metering, utility ownership, and agreed standards)",matched,correct_id,False,1,20260630_003259
mistral_generalist_01_b5,mistral,mistral_generalist,generalist,5,5,lack of pilot projects,lack of pilot projects,matched,correct_id,False,1,20260630_003259
mistral_normative_01_b1,mistral,mistral_normative,normative,1,1,"power losses, quality and safety issues","power losses, quality and safety issues",matched,correct_id,False,1,20260630_003259
mistral_normative_01_b2,mistral,mistral_normative,normative,2,2,reduced reliability in DC devices,reduced reliability in DC devices,matched,correct_id,False,1,20260630_003259
mistral_normative_01_b4,mistral,mistral_normative,normative,4,3,"uncertain utility interaction (net metering, utility ownership, and agreed standards)","uncertain utility interaction (net metering, utility ownership, and agreed standards)",matched,corrected_from_label,False,1,20260630_003259
mistral_normative_01_b5,mistral,mistral_normative,normative,5,4,lack of pilot projects,lack of pilot projects,matched,corrected_from_label,False,1,20260630_003259
mistral_normative_01_b11,mistral,mistral_normative,normative,11,5,high costs of DC solutions,high costs of DC solutions,matched,corrected_from_label,False,1,20260630_003259
mistral_subject-matter_01_b1,mistral,mistral_subject-matter,subject-matter,1,1,"power losses, quality and safety issues","Power losses, quality, and safety issues",matched,correct_id,False,1,20260630_003259
mistral_subject-matter_01_b2,mistral,mistral_subject-matter,subject-matter,2,2,reduced reliability in DC devices,Reduced reliability in DC devices,matched,correct_id,False,1,20260630_003259
mistral_subject-matter_01_b4,mistral,mistral_subject-matter,subject-matter,4,3,"uncertain utility interaction (net metering, utility ownership, and agreed standards)","Uncertain utility interaction (net metering, utility ownership, and agreed standards)",matched,corrected_from_label,False,1,20260630_003259
mistral_subject-matter_01_b5,mistral,mistral_subject-matter,subject-matter,5,4,lack of pilot projects,Lack of pilot projects,matched,corrected_from_label,False,1,20260630_003259
mistral_subject-matter_01_b7,mistral,mistral_subject-matter,subject-matter,7,5,incompatibility of DC systems components,Incompatibility of DC systems components,matched,corrected_from_label,False,1,20260630_003259
phi4_generalist_02_b1,phi4,phi4_generalist,generalist,1,1,"power losses, quality and safety issues","power losses, quality and safety issues",matched,correct_id,False,2,20260630_003439
phi4_generalist_02_b3,phi4,phi4_generalist,generalist,3,3,lack of use-cases in which DC is advantageous,lack of use-cases in which DC is advantageous,matched,correct_id,False,2,20260630_003439
phi4_generalist_02_b4,phi4,phi4_generalist,generalist,4,4,"uncertain utility interaction (net metering, utility ownership, and agreed standards)","uncertain utility interaction (net metering, utility ownership, and agreed standards)",matched,correct_id,False,2,20260630_003439
phi4_generalist_02_b5,phi4,phi4_generalist,generalist,5,5,lack of pilot projects,lack of pilot projects,matched,correct_id,False,2,20260630_003439
phi4_generalist_02_b10,phi4,phi4_generalist,generalist,10,10,uncertain regulatory roadmap,uncertain regulatory roadmap,matched,correct_id,False,2,20260630_003439
phi4_normative_02_b1,phi4,phi4_normative,normative,1,1,"power losses, quality and safety issues","power losses, quality and safety issues",matched,correct_id,False,2,20260630_003439
phi4_normative_02_b4,phi4,phi4_normative,normative,4,4,"uncertain utility interaction (net metering, utility ownership, and agreed standards)","uncertain utility interaction (net metering, utility ownership, and agreed standards)",matched,correct_id,False,2,20260630_003439
phi4_normative_02_b6,phi4,phi4_normative,normative,6,6,public perception of DC and readiness to 'champion' installations from DC projects,public perception of DC and readiness to 'champion' installations from DC projects,matched,correct_id,False,2,20260630_003439
phi4_normative_02_b8,phi4,phi4_normative,normative,8,8,misconception and lack of knowledge leads to lengthy/expensive design and permit process,misconception and lack of knowledge leads to lengthy/expensive design and permit process,matched,correct_id,False,2,20260630_003439
phi4_normative_02_b10,phi4,phi4_normative,normative,10,10,uncertain regulatory roadmap,uncertain regulatory roadmap,matched,correct_id,False,2,20260630_003439
phi4_subject-matter_02_b1,phi4,phi4_subject-matter,subject-matter,1,1,"power losses, quality and safety issues","power losses, quality and safety issues",matched,correct_id,False,2,20260630_003439
phi4_subject-matter_02_b4,phi4,phi4_subject-matter,subject-matter,4,4,"uncertain utility interaction (net metering, utility ownership, and agreed standards)","uncertain utility interaction (net metering, utility ownership, and agreed standards)",matched,correct_id,False,2,20260630_003439
phi4_subject-matter_02_b5,phi4,phi4_subject-matter,subject-matter,5,5,lack of pilot projects,lack of pilot projects,matched,correct_id,False,2,20260630_003439
phi4_subject-matter_02_b9,phi4,phi4_subject-matter,subject-matter,9,9,lack of enough trained personnel in DC systems,lack of enough trained personnel in DC systems,matched,correct_id,False,2,20260630_003439
phi4_subject-matter_02_b10,phi4,phi4_subject-matter,subject-matter,10,10,uncertain regulatory roadmap,uncertain regulatory roadmap,matched,correct_id,False,2,20260630_003439
gemma3_generalist_02_b1,gemma3,gemma3_generalist,generalist,1,1,"power losses, quality and safety issues","power losses, quality and safety issues",matched,correct_id,False,2,20260630_003439
gemma3_generalist_02_b5,gemma3,gemma3_generalist,generalist,5,2,lack of pilot projects,lack of pilot projects,matched,corrected_from_label,False,2,20260630_003439
gemma3_generalist_02_b6,gemma3,gemma3_generalist,generalist,6,3,public perception of DC and readiness to 'champion' installations from DC projects,public perception of DC and readiness to 'champion' installations from DC projects,matched,corrected_from_label,False,2,20260630_003439
gemma3_generalist_02_b9,gemma3,gemma3_generalist,generalist,9,4,lack of enough trained personnel in DC systems,lack of enough trained personnel in DC systems,matched,corrected_from_label,False,2,20260630_003439
gemma3_generalist_02_b11,gemma3,gemma3_generalist,generalist,11,5,high costs of DC solutions,high costs of DC solutions,matched,corrected_from_label,False,2,20260630_003439
gemma3_normative_02_b1,gemma3,gemma3_normative,normative,1,1,"power losses, quality and safety issues","power losses, quality and safety issues",matched,correct_id,False,2,20260630_003439
gemma3_normative_02_b4,gemma3,gemma3_normative,normative,4,2,"uncertain utility interaction (net metering, utility ownership, and agreed standards)","uncertain utility interaction (net metering, utility ownership, and agreed standards)",matched,corrected_from_label,False,2,20260630_003439
gemma3_normative_02_b8,gemma3,gemma3_normative,normative,8,3,misconception and lack of knowledge leads to lengthy/expensive design and permit process,misconception and lack of knowledge leads to lengthy/expensive design and permit process,matched,corrected_from_label,False,2,20260630_003439
gemma3_normative_02_b9,gemma3,gemma3_normative,normative,9,4,lack of enough trained personnel in DC systems,lack of enough trained personnel in DC systems,matched,corrected_from_label,False,2,20260630_003439
gemma3_normative_02_b11,gemma3,gemma3_normative,normative,11,5,high costs of DC solutions,high costs of DC solutions,matched,corrected_from_label,False,2,20260630_003439
gemma3_subject-matter_02_b1,gemma3,gemma3_subject-matter,subject-matter,1,1,"power losses, quality and safety issues","power losses, quality and safety issues",matched,correct_id,False,2,20260630_003439
gemma3_subject-matter_02_b4,gemma3,gemma3_subject-matter,subject-matter,4,2,"uncertain utility interaction (net metering, utility ownership, and agreed standards)","uncertain utility interaction (net metering, utility ownership, and agreed standards)",matched,corrected_from_label,False,2,20260630_003439
gemma3_subject-matter_02_b8,gemma3,gemma3_subject-matter,subject-matter,8,3,misconception and lack of knowledge leads to lengthy/expensive design and permit process,misconception and lack of knowledge leads to lengthy/expensive design and permit process,matched,corrected_from_label,False,2,20260630_003439
gemma3_subject-matter_02_b9,gemma3,gemma3_subject-matter,subject-matter,9,4,lack of enough trained personnel in DC systems,lack of enough trained personnel in DC systems,matched,corrected_from_label,False,2,20260630_003439
gemma3_subject-matter_02_b11,gemma3,gemma3_subject-matter,subject-matter,11,5,high costs of DC solutions,high costs of DC solutions,matched,corrected_from_label,False,2,20260630_003439
llama_generalist_02_b1,llama,llama_generalist,generalist,1,1,"power losses, quality and safety issues","power losses, quality, and safety issues",matched,correct_id,False,2,20260630_003439
llama_generalist_02_b3,llama,llama_generalist,generalist,3,2,lack of use-cases in which DC is advantageous,lack of use-cases in which DC is advantageous,matched,corrected_from_label,False,2,20260630_003439
llama_generalist_02_b4,llama,llama_generalist,generalist,4,3,"uncertain utility interaction (net metering, utility ownership, and agreed standards)","uncertain utility interaction (net metering, utility ownership, and agreed standards)",matched,corrected_from_label,False,2,20260630_003439
llama_generalist_02_b5,llama,llama_generalist,generalist,5,4,lack of pilot projects,lack of pilot projects,matched,corrected_from_label,False,2,20260630_003439
llama_generalist_02_b6,llama,llama_generalist,generalist,6,5,public perception of DC and readiness to 'champion' installations from DC projects,public perception of DC and readiness to 'champion' installations from DC projects,matched,corrected_from_label,False,2,20260630_003439
llama_normative_02_b1,llama,llama_normative,normative,1,1,"power losses, quality and safety issues","power losses, quality, and safety issues",matched,correct_id,False,2,20260630_003439
llama_normative_02_b4,llama,llama_normative,normative,4,2,"uncertain utility interaction (net metering, utility ownership, and agreed standards)","uncertain utility interaction (net metering, utility ownership, and agreed standards)",matched,corrected_from_label,False,2,20260630_003439
llama_normative_02_b3,llama,llama_normative,normative,3,3,lack of use-cases in which DC is advantageous,lack of use-cases in which DC is advantageous,matched,correct_id,False,2,20260630_003439
llama_normative_02_b6,llama,llama_normative,normative,6,4,public perception of DC and readiness to 'champion' installations from DC projects,public perception of DC and readiness to 'champion' installations from DC projects,matched,corrected_from_label,False,2,20260630_003439
llama_normative_02_b7,llama,llama_normative,normative,7,5,incompatibility of DC systems components,incompatibility of DC systems components,matched,corrected_from_label,False,2,20260630_003439
llama_subject-matter_02_b1,llama,llama_subject-matter,subject-matter,1,1,"power losses, quality and safety issues","Power losses, quality, and safety issues",matched,correct_id,False,2,20260630_003439
llama_subject-matter_02_b4,llama,llama_subject-matter,subject-matter,4,2,"uncertain utility interaction (net metering, utility ownership, and agreed standards)","Uncertain utility interaction (net metering, utility ownership, and agreed standards)",matched,corrected_from_label,False,2,20260630_003439
llama_subject-matter_02_b3,llama,llama_subject-matter,subject-matter,3,3,lack of use-cases in which DC is advantageous,Lack of use-cases in which DC is advantageous,matched,correct_id,False,2,20260630_003439
llama_subject-matter_02_b6,llama,llama_subject-matter,subject-matter,6,4,public perception of DC and readiness to 'champion' installations from DC projects,Public perception of DC and readiness to 'champion' installations from DC projects,matched,corrected_from_label,False,2,20260630_003439
llama_subject-matter_02_b7,llama,llama_subject-matter,subject-matter,7,5,incompatibility of DC systems components,Incompatibility of DC systems components,matched,corrected_from_label,False,2,20260630_003439
mistral_generalist_02_b1,mistral,mistral_generalist,generalist,1,1,"power losses, quality and safety issues","Power losses, quality, and safety issues",matched,correct_id,False,2,20260630_003439
mistral_generalist_02_b4,mistral,mistral_generalist,generalist,4,2,"uncertain utility interaction (net metering, utility ownership, and agreed standards)","Uncertain utility interaction (net metering, utility ownership, and agreed standards)",matched,corrected_from_label,False,2,20260630_003439
mistral_generalist_02_b5,mistral,mistral_generalist,generalist,5,3,lack of pilot projects,Lack of pilot projects,matched,corrected_from_label,False,2,20260630_003439
mistral_generalist_02_b7,mistral,mistral_generalist,generalist,7,4,incompatibility of DC systems components,Incompatibility of DC systems components,matched,corrected_from_label,False,2,20260630_003439
mistral_generalist_02_b11,mistral,mistral_generalist,generalist,11,5,high costs of DC solutions,High costs of DC solutions,matched,corrected_from_label,False,2,20260630_003439
mistral_normative_02_b1,mistral,mistral_normative,normative,1,1,"power losses, quality and safety issues","power losses, quality and safety issues",matched,correct_id,False,2,20260630_003439
mistral_normative_02_b4,mistral,mistral_normative,normative,4,4,"uncertain utility interaction (net metering, utility ownership, and agreed standards)","uncertain utility interaction (net metering, utility ownership, and agreed standards)",matched,correct_id,False,2,20260630_003439
mistral_normative_02_b5,mistral,mistral_normative,normative,5,5,lack of pilot projects,lack of pilot projects,matched,correct_id,False,2,20260630_003439
mistral_normative_02_b8,mistral,mistral_normative,normative,8,8,misconception and lack of knowledge leads to lengthy/expensive design and permit process,misconception and lack of knowledge leads to lengthy/expensive design and permit process,matched,correct_id,False,2,20260630_003439
mistral_normative_02_b10,mistral,mistral_normative,normative,10,10,uncertain regulatory roadmap,uncertain regulatory roadmap,matched,correct_id,False,2,20260630_003439
mistral_subject-matter_02_b1,mistral,mistral_subject-matter,subject-matter,1,1,"power losses, quality and safety issues","power losses, quality and safety issues",matched,correct_id,False,2,20260630_003439
mistral_subject-matter_02_b2,mistral,mistral_subject-matter,subject-matter,2,2,reduced reliability in DC devices,reduced reliability in DC devices,matched,correct_id,False,2,20260630_003439
mistral_subject-matter_02_b4,mistral,mistral_subject-matter,subject-matter,4,3,"uncertain utility interaction (net metering, utility ownership, and agreed standards)","uncertain utility interaction (net metering, utility ownership, and agreed standards)",matched,corrected_from_label,False,2,20260630_003439
mistral_subject-matter_02_b5,mistral,mistral_subject-matter,subject-matter,5,4,lack of pilot projects,lack of pilot projects,matched,corrected_from_label,False,2,20260630_003439
mistral_subject-matter_02_b10,mistral,mistral_subject-matter,subject-matter,10,5,uncertain regulatory roadmap,uncertain regulatory roadmap,matched,corrected_from_label,False,2,20260630_003439
phi4_generalist_03_b1,phi4,phi4_generalist,generalist,1,1,"power losses, quality and safety issues","power losses, quality and safety issues",matched,correct_id,False,3,20260630_003758
phi4_generalist_03_b3,phi4,phi4_generalist,generalist,3,3,lack of use-cases in which DC is advantageous,lack of use-cases in which DC is advantageous,matched,correct_id,False,3,20260630_003758
phi4_generalist_03_b4,phi4,phi4_generalist,generalist,4,4,"uncertain utility interaction (net metering, utility ownership, and agreed standards)","uncertain utility interaction (net metering, utility ownership, and agreed standards)",matched,correct_id,False,3,20260630_003758
phi4_generalist_03_b5,phi4,phi4_generalist,generalist,5,5,lack of pilot projects,lack of pilot projects,matched,correct_id,False,3,20260630_003758
phi4_generalist_03_b10,phi4,phi4_generalist,generalist,10,10,uncertain regulatory roadmap,uncertain regulatory roadmap,matched,correct_id,False,3,20260630_003758
phi4_normative_03_b1,phi4,phi4_normative,normative,1,1,"power losses, quality and safety issues","power losses, quality and safety issues",matched,correct_id,False,3,20260630_003758
phi4_normative_03_b4,phi4,phi4_normative,normative,4,4,"uncertain utility interaction (net metering, utility ownership, and agreed standards)","uncertain utility interaction (net metering, utility ownership, and agreed standards)",matched,correct_id,False,3,20260630_003758
phi4_normative_03_b5,phi4,phi4_normative,normative,5,5,lack of pilot projects,lack of pilot projects,matched,correct_id,False,3,20260630_003758
phi4_normative_03_b8,phi4,phi4_normative,normative,8,8,misconception and lack of knowledge leads to lengthy/expensive design and permit process,misconception and lack of knowledge leads to lengthy/expensive design and permit process,matched,correct_id,False,3,20260630_003758
phi4_normative_03_b10,phi4,phi4_normative,normative,10,10,uncertain regulatory roadmap,uncertain regulatory roadmap,matched,correct_id,False,3,20260630_003758
phi4_subject-matter_03_b1,phi4,phi4_subject-matter,subject-matter,1,1,"power losses, quality and safety issues","power losses, quality and safety issues",matched,correct_id,False,3,20260630_003758
phi4_subject-matter_03_b4,phi4,phi4_subject-matter,subject-matter,4,4,"uncertain utility interaction (net metering, utility ownership, and agreed standards)","uncertain utility interaction (net metering, utility ownership, and agreed standards)",matched,correct_id,False,3,20260630_003758
phi4_subject-matter_03_b5,phi4,phi4_subject-matter,subject-matter,5,5,lack of pilot projects,lack of pilot projects,matched,correct_id,False,3,20260630_003758
phi4_subject-matter_03_b8,phi4,phi4_subject-matter,subject-matter,8,8,misconception and lack of knowledge leads to lengthy/expensive design and permit process,misconception and lack of knowledge leads to lengthy/expensive design and permit process,matched,correct_id,False,3,20260630_003758
phi4_subject-matter_03_b10,phi4,phi4_subject-matter,subject-matter,10,10,uncertain regulatory roadmap,uncertain regulatory roadmap,matched,correct_id,False,3,20260630_003758
gemma3_generalist_03_b1,gemma3,gemma3_generalist,generalist,1,1,"power losses, quality and safety issues","power losses, quality and safety issues",matched,correct_id,False,3,20260630_003758
gemma3_generalist_03_b5,gemma3,gemma3_generalist,generalist,5,2,lack of pilot projects,lack of pilot projects,matched,corrected_from_label,False,3,20260630_003758
gemma3_generalist_03_b6,gemma3,gemma3_generalist,generalist,6,3,public perception of DC and readiness to 'champion' installations from DC projects,public perception of DC and readiness to 'champion' installations from DC projects,matched,corrected_from_label,False,3,20260630_003758
gemma3_generalist_03_b8,gemma3,gemma3_generalist,generalist,8,4,misconception and lack of knowledge leads to lengthy/expensive design and permit process,misconception and lack of knowledge leads to lengthy/expensive design and permit process,matched,corrected_from_label,False,3,20260630_003758
gemma3_generalist_03_b11,gemma3,gemma3_generalist,generalist,11,5,high costs of DC solutions,high costs of DC solutions,matched,corrected_from_label,False,3,20260630_003758
gemma3_normative_03_b1,gemma3,gemma3_normative,normative,1,1,"power losses, quality and safety issues","power losses, quality and safety issues",matched,correct_id,False,3,20260630_003758
gemma3_normative_03_b4,gemma3,gemma3_normative,normative,4,4,"uncertain utility interaction (net metering, utility ownership, and agreed standards)","uncertain utility interaction (net metering, utility ownership, and agreed standards)",matched,correct_id,False,3,20260630_003758
gemma3_normative_03_b8,gemma3,gemma3_normative,normative,8,8,misconception and lack of knowledge leads to lengthy/expensive design and permit process,misconception and lack of knowledge leads to lengthy/expensive design and permit process,matched,correct_id,False,3,20260630_003758
gemma3_normative_03_b9,gemma3,gemma3_normative,normative,9,9,lack of enough trained personnel in DC systems,lack of enough trained personnel in DC systems,matched,correct_id,False,3,20260630_003758
gemma3_normative_03_b11,gemma3,gemma3_normative,normative,11,11,high costs of DC solutions,high costs of DC solutions,matched,correct_id,False,3,20260630_003758
gemma3_subject-matter_03_b1,gemma3,gemma3_subject-matter,subject-matter,1,1,"power losses, quality and safety issues","power losses, quality and safety issues",matched,correct_id,False,3,20260630_003758
gemma3_subject-matter_03_b5,gemma3,gemma3_subject-matter,subject-matter,5,2,lack of pilot projects,lack of pilot projects,matched,corrected_from_label,False,3,20260630_003758
gemma3_subject-matter_03_b6,gemma3,gemma3_subject-matter,subject-matter,6,3,public perception of DC and readiness to 'champion' installations from DC projects,public perception of DC and readiness to 'champion' installations from DC projects,matched,corrected_from_label,False,3,20260630_003758
gemma3_subject-matter_03_b8,gemma3,gemma3_subject-matter,subject-matter,8,4,misconception and lack of knowledge leads to lengthy/expensive design and permit process,misconception and lack of knowledge leads to lengthy/expensive design and permit process,matched,corrected_from_label,False,3,20260630_003758
gemma3_subject-matter_03_b10,gemma3,gemma3_subject-matter,subject-matter,10,5,uncertain regulatory roadmap,uncertain regulatory roadmap,matched,corrected_from_label,False,3,20260630_003758
llama_generalist_03_b1,llama,llama_generalist,generalist,1,1,"power losses, quality and safety issues","power losses, quality and safety issues",matched,correct_id,False,3,20260630_003758
llama_generalist_03_b2,llama,llama_generalist,generalist,2,2,reduced reliability in DC devices,reduced reliability in DC devices,matched,correct_id,False,3,20260630_003758
llama_generalist_03_b3,llama,llama_generalist,generalist,3,3,lack of use-cases in which DC is advantageous,lack of use-cases in which DC is advantageous,matched,correct_id,False,3,20260630_003758
llama_generalist_03_b4,llama,llama_generalist,generalist,4,4,"uncertain utility interaction (net metering, utility ownership, and agreed standards)","uncertain utility interaction (net metering, utility ownership, and agreed standards)",matched,correct_id,False,3,20260630_003758
llama_generalist_03_b5,llama,llama_generalist,generalist,5,5,lack of pilot projects,lack of pilot projects,matched,correct_id,False,3,20260630_003758
llama_normative_03_b1,llama,llama_normative,normative,1,1,"power losses, quality and safety issues","Power losses, quality, and safety issues",matched,correct_id,False,3,20260630_003758
llama_normative_03_b3,llama,llama_normative,normative,3,2,lack of use-cases in which DC is advantageous,Lack of use-cases in which DC is advantageous,matched,corrected_from_label,False,3,20260630_003758
llama_normative_03_b4,llama,llama_normative,normative,4,3,"uncertain utility interaction (net metering, utility ownership, and agreed standards)","Uncertain utility interaction (net metering, utility ownership, and agreed standards)",matched,corrected_from_label,False,3,20260630_003758
llama_normative_03_b6,llama,llama_normative,normative,6,4,public perception of DC and readiness to 'champion' installations from DC projects,Public perception of DC and readiness to 'champion' installations from DC projects,matched,corrected_from_label,False,3,20260630_003758
llama_normative_03_b7,llama,llama_normative,normative,7,5,incompatibility of DC systems components,Incompatibility of DC systems components,matched,corrected_from_label,False,3,20260630_003758
llama_subject-matter_03_b3,llama,llama_subject-matter,subject-matter,3,1,lack of use-cases in which DC is advantageous,Lack of use-cases in which DC is advantageous,matched,corrected_from_label,False,3,20260630_003758
llama_subject-matter_03_b1,llama,llama_subject-matter,subject-matter,1,2,"power losses, quality and safety issues","Power losses, quality and safety issues",matched,corrected_from_label,False,3,20260630_003758
llama_subject-matter_03_b7,llama,llama_subject-matter,subject-matter,7,3,incompatibility of DC systems components,Incompatibility of DC systems components,matched,corrected_from_label,False,3,20260630_003758
llama_subject-matter_03_b4,llama,llama_subject-matter,subject-matter,4,4,"uncertain utility interaction (net metering, utility ownership, and agreed standards)","Uncertain utility interaction (net metering, utility ownership, and agreed standards)",matched,correct_id,False,3,20260630_003758
llama_subject-matter_03_b11,llama,llama_subject-matter,subject-matter,11,5,high costs of DC solutions,High costs of DC solutions,matched,corrected_from_label,False,3,20260630_003758
mistral_generalist_03_b1,mistral,mistral_generalist,generalist,1,1,"power losses, quality and safety issues","power losses, quality and safety issues",matched,correct_id,False,3,20260630_003758
mistral_generalist_03_b2,mistral,mistral_generalist,generalist,2,2,reduced reliability in DC devices,reduced reliability in DC devices,matched,correct_id,False,3,20260630_003758
mistral_generalist_03_b4,mistral,mistral_generalist,generalist,4,4,"uncertain utility interaction (net metering, utility ownership, and agreed standards)","uncertain utility interaction (net metering, utility ownership, and agreed standards)",matched,correct_id,False,3,20260630_003758
mistral_generalist_03_b5,mistral,mistral_generalist,generalist,5,5,lack of pilot projects,lack of pilot projects,matched,correct_id,False,3,20260630_003758
mistral_generalist_03_b6,mistral,mistral_generalist,generalist,6,6,public perception of DC and readiness to 'champion' installations from DC projects,public perception of DC and readiness to 'champion' installations from DC projects,matched,correct_id,False,3,20260630_003758
mistral_normative_03_b1,mistral,mistral_normative,normative,1,1,"power losses, quality and safety issues","power losses, quality and safety issues",matched,correct_id,False,3,20260630_003758
mistral_normative_03_b2,mistral,mistral_normative,normative,2,2,reduced reliability in DC devices,reduced reliability in DC devices,matched,correct_id,False,3,20260630_003758
mistral_normative_03_b3,mistral,mistral_normative,normative,3,3,lack of use-cases in which DC is advantageous,lack of use-cases in which DC is advantageous,matched,correct_id,False,3,20260630_003758
mistral_normative_03_b4,mistral,mistral_normative,normative,4,4,"uncertain utility interaction (net metering, utility ownership, and agreed standards)","uncertain utility interaction (net metering, utility ownership, and agreed standards)",matched,correct_id,False,3,20260630_003758
mistral_normative_03_b11,mistral,mistral_normative,normative,11,5,high costs of DC solutions,high costs of DC solutions,matched,corrected_from_label,False,3,20260630_003758
mistral_subject-matter_03_b1,mistral,mistral_subject-matter,subject-matter,1,1,"power losses, quality and safety issues","power losses, quality and safety issues",matched,correct_id,False,3,20260630_003758
mistral_subject-matter_03_b2,mistral,mistral_subject-matter,subject-matter,2,2,reduced reliability in DC devices,reduced reliability in DC devices,matched,correct_id,False,3,20260630_003758
mistral_subject-matter_03_b4,mistral,mistral_subject-matter,subject-matter,4,3,"uncertain utility interaction (net metering, utility ownership, and agreed standards)","uncertain utility interaction (net metering, utility ownership, and agreed standards)",matched,corrected_from_label,False,3,20260630_003758
mistral_subject-matter_03_b5,mistral,mistral_subject-matter,subject-matter,5,4,lack of pilot projects,lack of pilot projects,matched,corrected_from_label,False,3,20260630_003758
mistral_subject-matter_03_b7,mistral,mistral_subject-matter,subject-matter,7,5,incompatibility of DC systems components,incompatibility of DC systems components,matched,corrected_from_label,False,3,20260630_003758
phi4_generalist_04_b1,phi4,phi4_generalist,generalist,1,1,"power losses, quality and safety issues","power losses, quality and safety issues",matched,correct_id,False,4,20260630_003932
phi4_generalist_04_b3,phi4,phi4_generalist,generalist,3,3,lack of use-cases in which DC is advantageous,lack of use-cases in which DC is advantageous,matched,correct_id,False,4,20260630_003932
phi4_generalist_04_b4,phi4,phi4_generalist,generalist,4,4,"uncertain utility interaction (net metering, utility ownership, and agreed standards)","uncertain utility interaction (net metering, utility ownership, and agreed standards)",matched,correct_id,False,4,20260630_003932
phi4_generalist_04_b5,phi4,phi4_generalist,generalist,5,5,lack of pilot projects,lack of pilot projects,matched,correct_id,False,4,20260630_003932
phi4_generalist_04_b10,phi4,phi4_generalist,generalist,10,10,uncertain regulatory roadmap,uncertain regulatory roadmap,matched,correct_id,False,4,20260630_003932
phi4_normative_04_b1,phi4,phi4_normative,normative,1,1,"power losses, quality and safety issues","power losses, quality and safety issues",matched,correct_id,False,4,20260630_003932
phi4_normative_04_b2,phi4,phi4_normative,normative,2,2,reduced reliability in DC devices,reduced reliability in DC devices,matched,correct_id,False,4,20260630_003932
phi4_normative_04_b4,phi4,phi4_normative,normative,4,4,"uncertain utility interaction (net metering, utility ownership, and agreed standards)","uncertain utility interaction (net metering, utility ownership, and agreed standards)",matched,correct_id,False,4,20260630_003932
phi4_normative_04_b8,phi4,phi4_normative,normative,8,8,misconception and lack of knowledge leads to lengthy/expensive design and permit process,misconception and lack of knowledge leads to lengthy/expensive design and permit process,matched,correct_id,False,4,20260630_003932
phi4_normative_04_b10,phi4,phi4_normative,normative,10,10,uncertain regulatory roadmap,uncertain regulatory roadmap,matched,correct_id,False,4,20260630_003932
phi4_subject-matter_04_b1,phi4,phi4_subject-matter,subject-matter,1,1,"power losses, quality and safety issues","power losses, quality and safety issues",matched,correct_id,False,4,20260630_003932
phi4_subject-matter_04_b4,phi4,phi4_subject-matter,subject-matter,4,4,"uncertain utility interaction (net metering, utility ownership, and agreed standards)","uncertain utility interaction (net metering, utility ownership, and agreed standards)",matched,correct_id,False,4,20260630_003932
phi4_subject-matter_04_b5,phi4,phi4_subject-matter,subject-matter,5,5,lack of pilot projects,lack of pilot projects,matched,correct_id,False,4,20260630_003932
phi4_subject-matter_04_b9,phi4,phi4_subject-matter,subject-matter,9,9,lack of enough trained personnel in DC systems,lack of enough trained personnel in DC systems,matched,correct_id,False,4,20260630_003932
phi4_subject-matter_04_b10,phi4,phi4_subject-matter,subject-matter,10,10,uncertain regulatory roadmap,uncertain regulatory roadmap,matched,correct_id,False,4,20260630_003932
gemma3_generalist_04_b1,gemma3,gemma3_generalist,generalist,1,1,"power losses, quality and safety issues","power losses, quality and safety issues",matched,correct_id,False,4,20260630_003932
gemma3_generalist_04_b5,gemma3,gemma3_generalist,generalist,5,2,lack of pilot projects,lack of pilot projects,matched,corrected_from_label,False,4,20260630_003932
gemma3_generalist_04_b6,gemma3,gemma3_generalist,generalist,6,3,public perception of DC and readiness to 'champion' installations from DC projects,public perception of DC and readiness to 'champion' installations from DC projects,matched,corrected_from_label,False,4,20260630_003932
gemma3_generalist_04_b8,gemma3,gemma3_generalist,generalist,8,4,misconception and lack of knowledge leads to lengthy/expensive design and permit process,misconception and lack of knowledge leads to lengthy/expensive design and permit process,matched,corrected_from_label,False,4,20260630_003932
gemma3_generalist_04_b11,gemma3,gemma3_generalist,generalist,11,5,high costs of DC solutions,high costs of DC solutions,matched,corrected_from_label,False,4,20260630_003932
gemma3_normative_04_b1,gemma3,gemma3_normative,normative,1,1,"power losses, quality and safety issues","power losses, quality and safety issues",matched,correct_id,False,4,20260630_003932
gemma3_normative_04_b4,gemma3,gemma3_normative,normative,4,4,"uncertain utility interaction (net metering, utility ownership, and agreed standards)","uncertain utility interaction (net metering, utility ownership, and agreed standards)",matched,correct_id,False,4,20260630_003932
gemma3_normative_04_b7,gemma3,gemma3_normative,normative,7,7,incompatibility of DC systems components,incompatibility of DC systems components,matched,correct_id,False,4,20260630_003932
gemma3_normative_04_b8,gemma3,gemma3_normative,normative,8,8,misconception and lack of knowledge leads to lengthy/expensive design and permit process,misconception and lack of knowledge leads to lengthy/expensive design and permit process,matched,correct_id,False,4,20260630_003932
gemma3_normative_04_b11,gemma3,gemma3_normative,normative,11,11,high costs of DC solutions,high costs of DC solutions,matched,correct_id,False,4,20260630_003932
gemma3_subject-matter_04_b1,gemma3,gemma3_subject-matter,subject-matter,1,1,"power losses, quality and safety issues","power losses, quality and safety issues",matched,correct_id,False,4,20260630_003932
gemma3_subject-matter_04_b5,gemma3,gemma3_subject-matter,subject-matter,5,2,lack of pilot projects,lack of pilot projects,matched,corrected_from_label,False,4,20260630_003932
gemma3_subject-matter_04_b6,gemma3,gemma3_subject-matter,subject-matter,6,3,public perception of DC and readiness to 'champion' installations from DC projects,public perception of DC and readiness to 'champion' installations from DC projects,matched,corrected_from_label,False,4,20260630_003932
gemma3_subject-matter_04_b9,gemma3,gemma3_subject-matter,subject-matter,9,4,lack of enough trained personnel in DC systems,lack of enough trained personnel in DC systems,matched,corrected_from_label,False,4,20260630_003932
gemma3_subject-matter_04_b10,gemma3,gemma3_subject-matter,subject-matter,10,5,uncertain regulatory roadmap,uncertain regulatory roadmap,matched,corrected_from_label,False,4,20260630_003932
llama_generalist_04_b1,llama,llama_generalist,generalist,1,1,"power losses, quality and safety issues","Power losses, quality and safety issues",matched,correct_id,False,4,20260630_003932
llama_generalist_04_b3,llama,llama_generalist,generalist,3,2,lack of use-cases in which DC is advantageous,Lack of use-cases in which DC is advantageous,matched,corrected_from_label,False,4,20260630_003932
llama_generalist_04_b4,llama,llama_generalist,generalist,4,3,"uncertain utility interaction (net metering, utility ownership, and agreed standards)","Uncertain utility interaction (net metering, utility ownership, and agreed standards)",matched,corrected_from_label,False,4,20260630_003932
llama_generalist_04_b7,llama,llama_generalist,generalist,7,4,incompatibility of DC systems components,Incompatibility of DC systems components,matched,corrected_from_label,False,4,20260630_003932
llama_generalist_04_b11,llama,llama_generalist,generalist,11,5,high costs of DC solutions,High costs of DC solutions,matched,corrected_from_label,False,4,20260630_003932
llama_normative_04_b3,llama,llama_normative,normative,3,1,lack of use-cases in which DC is advantageous,Lack of use-cases in which DC is advantageous,matched,corrected_from_label,False,4,20260630_003932
llama_normative_04_b4,llama,llama_normative,normative,4,2,"uncertain utility interaction (net metering, utility ownership, and agreed standards)","Uncertain utility interaction (net metering, utility ownership, and agreed standards)",matched,corrected_from_label,False,4,20260630_003932
llama_normative_04_b11,llama,llama_normative,normative,11,3,high costs of DC solutions,High costs of DC solutions,matched,corrected_from_label,False,4,20260630_003932
llama_normative_04_b7,llama,llama_normative,normative,7,4,incompatibility of DC systems components,Incompatibility of DC systems components,matched,corrected_from_label,False,4,20260630_003932
llama_normative_04_b8,llama,llama_normative,normative,8,5,misconception and lack of knowledge leads to lengthy/expensive design and permit process,Misconception and lack of knowledge leads to lengthy/expensive design and permit process,matched,corrected_from_label,False,4,20260630_003932
llama_subject-matter_04_b1,llama,llama_subject-matter,subject-matter,1,1,"power losses, quality and safety issues","Power losses, quality, and safety issues",matched,correct_id,False,4,20260630_003932
llama_subject-matter_04_b4,llama,llama_subject-matter,subject-matter,4,2,"uncertain utility interaction (net metering, utility ownership, and agreed standards)","Uncertain utility interaction (net metering, utility ownership, and agreed standards)",matched,corrected_from_label,False,4,20260630_003932
llama_subject-matter_04_b3,llama,llama_subject-matter,subject-matter,3,3,lack of use-cases in which DC is advantageous,Lack of use-cases in which DC is advantageous,matched,correct_id,False,4,20260630_003932
llama_subject-matter_04_b7,llama,llama_subject-matter,subject-matter,7,4,incompatibility of DC systems components,Incompatibility of DC systems components,matched,corrected_from_label,False,4,20260630_003932
llama_subject-matter_04_b8,llama,llama_subject-matter,subject-matter,8,5,misconception and lack of knowledge leads to lengthy/expensive design and permit process,Misconception and lack of knowledge leads to lengthy/expensive design and permit process,matched,corrected_from_label,False,4,20260630_003932
mistral_generalist_04_b1,mistral,mistral_generalist,generalist,1,1,"power losses, quality and safety issues","Power losses, quality, and safety issues",matched,correct_id,False,4,20260630_003932
mistral_generalist_04_b2,mistral,mistral_generalist,generalist,2,2,reduced reliability in DC devices,Reduced reliability in DC devices,matched,correct_id,False,4,20260630_003932
mistral_generalist_04_b4,mistral,mistral_generalist,generalist,4,3,"uncertain utility interaction (net metering, utility ownership, and agreed standards)","Uncertain utility interaction (net metering, utility ownership, and agreed standards)",matched,corrected_from_label,False,4,20260630_003932
mistral_generalist_04_b5,mistral,mistral_generalist,generalist,5,4,lack of pilot projects,Lack of pilot projects,matched,corrected_from_label,False,4,20260630_003932
mistral_generalist_04_b7,mistral,mistral_generalist,generalist,7,5,incompatibility of DC systems components,Incompatibility of DC systems components,matched,corrected_from_label,False,4,20260630_003932
mistral_normative_04_b1,mistral,mistral_normative,normative,1,1,"power losses, quality and safety issues","power losses, quality and safety issues",matched,correct_id,False,4,20260630_003932
mistral_normative_04_b2,mistral,mistral_normative,normative,2,2,reduced reliability in DC devices,reduced reliability in DC devices,matched,correct_id,False,4,20260630_003932
mistral_normative_04_b3,mistral,mistral_normative,normative,3,3,lack of use-cases in which DC is advantageous,lack of use-cases in which DC is advantageous,matched,correct_id,False,4,20260630_003932
mistral_normative_04_b4,mistral,mistral_normative,normative,4,4,"uncertain utility interaction (net metering, utility ownership, and agreed standards)","uncertain utility interaction (net metering, utility ownership, and agreed standards)",matched,correct_id,False,4,20260630_003932
mistral_normative_04_b5,mistral,mistral_normative,normative,5,5,lack of pilot projects,lack of pilot projects,matched,correct_id,False,4,20260630_003932
mistral_subject-matter_04_b1,mistral,mistral_subject-matter,subject-matter,1,1,"power losses, quality and safety issues","power losses, quality and safety issues",matched,correct_id,False,4,20260630_003932
mistral_subject-matter_04_b4,mistral,mistral_subject-matter,subject-matter,4,4,"uncertain utility interaction (net metering, utility ownership, and agreed standards)","uncertain utility interaction (net metering, utility ownership, and agreed standards)",matched,correct_id,False,4,20260630_003932
mistral_subject-matter_04_b5,mistral,mistral_subject-matter,subject-matter,5,5,lack of pilot projects,lack of pilot projects,matched,correct_id,False,4,20260630_003932
mistral_subject-matter_04_b7,mistral,mistral_subject-matter,subject-matter,7,7,incompatibility of DC systems components,incompatibility of DC systems components,matched,correct_id,False,4,20260630_003932
mistral_subject-matter_04_b10,mistral,mistral_subject-matter,subject-matter,10,10,uncertain regulatory roadmap,uncertain regulatory roadmap,matched,correct_id,False,4,20260630_003932
phi4_generalist_05_b1,phi4,phi4_generalist,generalist,1,1,"power losses, quality and safety issues","power losses, quality and safety issues",matched,correct_id,False,5,20260630_004425
phi4_generalist_05_b3,phi4,phi4_generalist,generalist,3,3,lack of use-cases in which DC is advantageous,lack of use-cases in which DC is advantageous,matched,correct_id,False,5,20260630_004425
phi4_generalist_05_b4,phi4,phi4_generalist,generalist,4,4,"uncertain utility interaction (net metering, utility ownership, and agreed standards)","uncertain utility interaction (net metering, utility ownership, and agreed standards)",matched,correct_id,False,5,20260630_004425
phi4_generalist_05_b5,phi4,phi4_generalist,generalist,5,5,lack of pilot projects,lack of pilot projects,matched,correct_id,False,5,20260630_004425
phi4_generalist_05_b9,phi4,phi4_generalist,generalist,9,9,lack of enough trained personnel in DC systems,lack of enough trained personnel in DC systems,matched,correct_id,False,5,20260630_004425
phi4_normative_05_b1,phi4,phi4_normative,normative,1,1,"power losses, quality and safety issues","power losses, quality and safety issues",matched,correct_id,False,5,20260630_004425
phi4_normative_05_b3,phi4,phi4_normative,normative,3,3,lack of use-cases in which DC is advantageous,lack of use-cases in which DC is advantageous,matched,correct_id,False,5,20260630_004425
phi4_normative_05_b4,phi4,phi4_normative,normative,4,4,"uncertain utility interaction (net metering, utility ownership, and agreed standards)","uncertain utility interaction (net metering, utility ownership, and agreed standards)",matched,correct_id,False,5,20260630_004425
phi4_normative_05_b8,phi4,phi4_normative,normative,8,8,misconception and lack of knowledge leads to lengthy/expensive design and permit process,misconception and lack of knowledge leads to lengthy/expensive design and permit process,matched,correct_id,False,5,20260630_004425
phi4_normative_05_b10,phi4,phi4_normative,normative,10,10,uncertain regulatory roadmap,uncertain regulatory roadmap,matched,correct_id,False,5,20260630_004425
phi4_subject-matter_05_b1,phi4,phi4_subject-matter,subject-matter,1,1,"power losses, quality and safety issues","power losses, quality and safety issues",matched,correct_id,False,5,20260630_004425
phi4_subject-matter_05_b4,phi4,phi4_subject-matter,subject-matter,4,4,"uncertain utility interaction (net metering, utility ownership, and agreed standards)","uncertain utility interaction (net metering, utility ownership, and agreed standards)",matched,correct_id,False,5,20260630_004425
phi4_subject-matter_05_b5,phi4,phi4_subject-matter,subject-matter,5,5,lack of pilot projects,lack of pilot projects,matched,correct_id,False,5,20260630_004425
phi4_subject-matter_05_b8,phi4,phi4_subject-matter,subject-matter,8,8,misconception and lack of knowledge leads to lengthy/expensive design and permit process,misconception and lack of knowledge leads to lengthy/expensive design and permit process,matched,correct_id,False,5,20260630_004425
phi4_subject-matter_05_b10,phi4,phi4_subject-matter,subject-matter,10,10,uncertain regulatory roadmap,uncertain regulatory roadmap,matched,correct_id,False,5,20260630_004425
gemma3_generalist_05_b1,gemma3,gemma3_generalist,generalist,1,1,"power losses, quality and safety issues","power losses, quality and safety issues",matched,correct_id,False,5,20260630_004425
gemma3_generalist_05_b5,gemma3,gemma3_generalist,generalist,5,2,lack of pilot projects,lack of pilot projects,matched,corrected_from_label,False,5,20260630_004425
gemma3_generalist_05_b6,gemma3,gemma3_generalist,generalist,6,3,public perception of DC and readiness to 'champion' installations from DC projects,public perception of DC and readiness to 'champion' installations from DC projects,matched,corrected_from_label,False,5,20260630_004425
gemma3_generalist_05_b8,gemma3,gemma3_generalist,generalist,8,4,misconception and lack of knowledge leads to lengthy/expensive design and permit process,misconception and lack of knowledge leads to lengthy/expensive design and permit process,matched,corrected_from_label,False,5,20260630_004425
gemma3_generalist_05_b11,gemma3,gemma3_generalist,generalist,11,5,high costs of DC solutions,high costs of DC solutions,matched,corrected_from_label,False,5,20260630_004425
gemma3_normative_05_b1,gemma3,gemma3_normative,normative,1,1,"power losses, quality and safety issues","power losses, quality and safety issues",matched,correct_id,False,5,20260630_004425
gemma3_normative_05_b4,gemma3,gemma3_normative,normative,4,4,"uncertain utility interaction (net metering, utility ownership, and agreed standards)","uncertain utility interaction (net metering, utility ownership, and agreed standards)",matched,correct_id,False,5,20260630_004425
gemma3_normative_05_b8,gemma3,gemma3_normative,normative,8,8,misconception and lack of knowledge leads to lengthy/expensive design and permit process,misconception and lack of knowledge leads to lengthy/expensive design and permit process,matched,correct_id,False,5,20260630_004425
gemma3_normative_05_b9,gemma3,gemma3_normative,normative,9,9,lack of enough trained personnel in DC systems,lack of enough trained personnel in DC systems,matched,correct_id,False,5,20260630_004425
gemma3_normative_05_b11,gemma3,gemma3_normative,normative,11,11,high costs of DC solutions,high costs of DC solutions,matched,correct_id,False,5,20260630_004425
gemma3_subject-matter_05_b1,gemma3,gemma3_subject-matter,subject-matter,1,1,"power losses, quality and safety issues","power losses, quality and safety issues",matched,correct_id,False,5,20260630_004425
gemma3_subject-matter_05_b5,gemma3,gemma3_subject-matter,subject-matter,5,2,lack of pilot projects,lack of pilot projects,matched,corrected_from_label,False,5,20260630_004425
gemma3_subject-matter_05_b6,gemma3,gemma3_subject-matter,subject-matter,6,3,public perception of DC and readiness to 'champion' installations from DC projects,public perception of DC and readiness to 'champion' installations from DC projects,matched,corrected_from_label,False,5,20260630_004425
gemma3_subject-matter_05_b9,gemma3,gemma3_subject-matter,subject-matter,9,4,lack of enough trained personnel in DC systems,lack of enough trained personnel in DC systems,matched,corrected_from_label,False,5,20260630_004425
gemma3_subject-matter_05_b10,gemma3,gemma3_subject-matter,subject-matter,10,5,uncertain regulatory roadmap,uncertain regulatory roadmap,matched,corrected_from_label,False,5,20260630_004425
llama_generalist_05_b3,llama,llama_generalist,generalist,3,1,lack of use-cases in which DC is advantageous,Lack of use-cases in which DC is advantageous,matched,corrected_from_label,False,5,20260630_004425
llama_generalist_05_b4,llama,llama_generalist,generalist,4,2,"uncertain utility interaction (net metering, utility ownership, and agreed standards)","Uncertain utility interaction (net metering, utility ownership, and agreed standards)",matched,corrected_from_label,False,5,20260630_004425
llama_generalist_05_b7,llama,llama_generalist,generalist,7,3,incompatibility of DC systems components,Incompatibility of DC systems components,matched,corrected_from_label,False,5,20260630_004425
llama_generalist_05_b8,llama,llama_generalist,generalist,8,4,misconception and lack of knowledge leads to lengthy/expensive design and permit process,Misconception and lack of knowledge leads to lengthy/expensive design and permit process,matched,corrected_from_label,False,5,20260630_004425
llama_generalist_05_b9,llama,llama_generalist,generalist,9,5,lack of enough trained personnel in DC systems,Lack of enough trained personnel in DC systems,matched,corrected_from_label,False,5,20260630_004425
llama_normative_05_b5,llama,llama_normative,normative,5,5,lack of pilot projects,lack of pilot projects,matched,correct_id,False,5,20260630_004425
llama_normative_05_b6,llama,llama_normative,normative,6,6,public perception of DC and readiness to 'champion' installations from DC projects,public perception of DC and readiness to 'champion' installations from DC projects,matched,correct_id,False,5,20260630_004425
llama_normative_05_b7,llama,llama_normative,normative,7,7,incompatibility of DC systems components,incompatibility of DC systems components,matched,correct_id,False,5,20260630_004425
llama_normative_05_b8,llama,llama_normative,normative,8,8,misconception and lack of knowledge leads to lengthy/expensive design and permit process,misconception and lack of knowledge leads to lengthy/expensive design and permit process,matched,correct_id,False,5,20260630_004425
llama_normative_05_b9,llama,llama_normative,normative,9,9,lack of enough trained personnel in DC systems,lack of enough trained personnel in DC systems,matched,correct_id,False,5,20260630_004425
llama_subject-matter_05_b1,llama,llama_subject-matter,subject-matter,1,1,"power losses, quality and safety issues","power losses, quality and safety issues",matched,correct_id,False,5,20260630_004425
llama_subject-matter_05_b2,llama,llama_subject-matter,subject-matter,2,2,reduced reliability in DC devices,reduced reliability in DC devices,matched,correct_id,False,5,20260630_004425
llama_subject-matter_05_b4,llama,llama_subject-matter,subject-matter,4,3,"uncertain utility interaction (net metering, utility ownership, and agreed standards)","uncertain utility interaction (net metering, utility ownership, and agreed standards)",matched,corrected_from_label,False,5,20260630_004425
llama_subject-matter_05_b3,llama,llama_subject-matter,subject-matter,3,4,lack of use-cases in which DC is advantageous,lack of use-cases in which DC is advantageous,matched,corrected_from_label,False,5,20260630_004425
llama_subject-matter_05_b8,llama,llama_subject-matter,subject-matter,8,5,misconception and lack of knowledge leads to lengthy/expensive design and permit process,misconception and lack of knowledge leads to lengthy/expensive design and permit process,matched,corrected_from_label,False,5,20260630_004425
mistral_generalist_05_b1,mistral,mistral_generalist,generalist,1,1,"power losses, quality and safety issues","power losses, quality and safety issues",matched,correct_id,False,5,20260630_004425
mistral_generalist_05_b2,mistral,mistral_generalist,generalist,2,2,reduced reliability in DC devices,reduced reliability in DC devices,matched,correct_id,False,5,20260630_004425
mistral_generalist_05_b4,mistral,mistral_generalist,generalist,4,3,"uncertain utility interaction (net metering, utility ownership, and agreed standards)","uncertain utility interaction (net metering, utility ownership, and agreed standards)",matched,corrected_from_label,False,5,20260630_004425
mistral_generalist_05_b5,mistral,mistral_generalist,generalist,5,4,lack of pilot projects,lack of pilot projects,matched,corrected_from_label,False,5,20260630_004425
mistral_generalist_05_b11,mistral,mistral_generalist,generalist,11,5,high costs of DC solutions,high costs of DC solutions,matched,corrected_from_label,False,5,20260630_004425
mistral_normative_05_b1,mistral,mistral_normative,normative,1,1,"power losses, quality and safety issues","power losses, quality and safety issues",matched,correct_id,False,5,20260630_004425
mistral_normative_05_b2,mistral,mistral_normative,normative,2,2,reduced reliability in DC devices,reduced reliability in DC devices,matched,correct_id,False,5,20260630_004425
mistral_normative_05_b4,mistral,mistral_normative,normative,4,3,"uncertain utility interaction (net metering, utility ownership, and agreed standards)","uncertain utility interaction (net metering, utility ownership, and agreed standards)",matched,corrected_from_label,False,5,20260630_004425
mistral_normative_05_b5,mistral,mistral_normative,normative,5,4,lack of pilot projects,lack of pilot projects,matched,corrected_from_label,False,5,20260630_004425
mistral_normative_05_b10,mistral,mistral_normative,normative,10,5,uncertain regulatory roadmap,uncertain regulatory roadmap,matched,corrected_from_label,False,5,20260630_004425
mistral_subject-matter_05_b1,mistral,mistral_subject-matter,subject-matter,1,1,"power losses, quality and safety issues","power losses, quality and safety issues",matched,correct_id,False,5,20260630_004425
mistral_subject-matter_05_b4,mistral,mistral_subject-matter,subject-matter,4,4,"uncertain utility interaction (net metering, utility ownership, and agreed standards)","uncertain utility interaction (net metering, utility ownership, and agreed standards)",matched,correct_id,False,5,20260630_004425
mistral_subject-matter_05_b5,mistral,mistral_subject-matter,subject-matter,5,5,lack of pilot projects,lack of pilot projects,matched,correct_id,False,5,20260630_004425
mistral_subject-matter_05_b7,mistral,mistral_subject-matter,subject-matter,7,7,incompatibility of DC systems components,incompatibility of DC systems components,matched,correct_id,False,5,20260630_004425
mistral_subject-matter_05_b9,mistral,mistral_subject-matter,subject-matter,9,9,lack of enough trained personnel in DC systems,lack of enough trained personnel in DC systems,matched,correct_id,False,5,20260630_004425
phi4_generalist_06_b1,phi4,phi4_generalist,generalist,1,1,"power losses, quality and safety issues","power losses, quality and safety issues",matched,correct_id,False,6,20260630_004601
phi4_generalist_06_b3,phi4,phi4_generalist,generalist,3,3,lack of use-cases in which DC is advantageous,lack of use-cases in which DC is advantageous,matched,correct_id,False,6,20260630_004601
phi4_generalist_06_b4,phi4,phi4_generalist,generalist,4,4,"uncertain utility interaction (net metering, utility ownership, and agreed standards)","uncertain utility interaction (net metering, utility ownership, and agreed standards)",matched,correct_id,False,6,20260630_004601
phi4_generalist_06_b5,phi4,phi4_generalist,generalist,5,5,lack of pilot projects,lack of pilot projects,matched,correct_id,False,6,20260630_004601
phi4_generalist_06_b9,phi4,phi4_generalist,generalist,9,9,lack of enough trained personnel in DC systems,lack of enough trained personnel in DC systems,matched,correct_id,False,6,20260630_004601
phi4_normative_06_b1,phi4,phi4_normative,normative,1,1,"power losses, quality and safety issues","power losses, quality and safety issues",matched,correct_id,False,6,20260630_004601
phi4_normative_06_b4,phi4,phi4_normative,normative,4,4,"uncertain utility interaction (net metering, utility ownership, and agreed standards)","uncertain utility interaction (net metering, utility ownership, and agreed standards)",matched,correct_id,False,6,20260630_004601
phi4_normative_06_b6,phi4,phi4_normative,normative,6,6,public perception of DC and readiness to 'champion' installations from DC projects,public perception of DC and readiness to 'champion' installations from DC projects,matched,correct_id,False,6,20260630_004601
phi4_normative_06_b9,phi4,phi4_normative,normative,9,9,lack of enough trained personnel in DC systems,lack of enough trained personnel in DC systems,matched,correct_id,False,6,20260630_004601
phi4_normative_06_b10,phi4,phi4_normative,normative,10,10,uncertain regulatory roadmap,uncertain regulatory roadmap,matched,correct_id,False,6,20260630_004601
phi4_subject-matter_06_b1,phi4,phi4_subject-matter,subject-matter,1,1,"power losses, quality and safety issues","power losses, quality and safety issues",matched,correct_id,False,6,20260630_004601
phi4_subject-matter_06_b2,phi4,phi4_subject-matter,subject-matter,2,2,reduced reliability in DC devices,reduced reliability in DC devices,matched,correct_id,False,6,20260630_004601
phi4_subject-matter_06_b4,phi4,phi4_subject-matter,subject-matter,4,4,"uncertain utility interaction (net metering, utility ownership, and agreed standards)","uncertain utility interaction (net metering, utility ownership, and agreed standards)",matched,correct_id,False,6,20260630_004601
phi4_subject-matter_06_b5,phi4,phi4_subject-matter,subject-matter,5,5,lack of pilot projects,lack of pilot projects,matched,correct_id,False,6,20260630_004601
phi4_subject-matter_06_b9,phi4,phi4_subject-matter,subject-matter,9,9,lack of enough trained personnel in DC systems,lack of enough trained personnel in DC systems,matched,correct_id,False,6,20260630_004601
gemma3_generalist_06_b1,gemma3,gemma3_generalist,generalist,1,1,"power losses, quality and safety issues","power losses, quality and safety issues",matched,correct_id,False,6,20260630_004601
gemma3_generalist_06_b5,gemma3,gemma3_generalist,generalist,5,2,lack of pilot projects,lack of pilot projects,matched,corrected_from_label,False,6,20260630_004601
gemma3_generalist_06_b6,gemma3,gemma3_generalist,generalist,6,3,public perception of DC and readiness to 'champion' installations from DC projects,public perception of DC and readiness to 'champion' installations from DC projects,matched,corrected_from_label,False,6,20260630_004601
gemma3_generalist_06_b8,gemma3,gemma3_generalist,generalist,8,4,misconception and lack of knowledge leads to lengthy/expensive design and permit process,misconception and lack of knowledge leads to lengthy/expensive design and permit process,matched,corrected_from_label,False,6,20260630_004601
gemma3_generalist_06_b11,gemma3,gemma3_generalist,generalist,11,5,high costs of DC solutions,high costs of DC solutions,matched,corrected_from_label,False,6,20260630_004601
gemma3_normative_06_b1,gemma3,gemma3_normative,normative,1,1,"power losses, quality and safety issues","power losses, quality and safety issues",matched,correct_id,False,6,20260630_004601
gemma3_normative_06_b4,gemma3,gemma3_normative,normative,4,4,"uncertain utility interaction (net metering, utility ownership, and agreed standards)","uncertain utility interaction (net metering, utility ownership, and agreed standards)",matched,correct_id,False,6,20260630_004601
gemma3_normative_06_b8,gemma3,gemma3_normative,normative,8,8,misconception and lack of knowledge leads to lengthy/expensive design and permit process,misconception and lack of knowledge leads to lengthy/expensive design and permit process,matched,correct_id,False,6,20260630_004601
gemma3_normative_06_b9,gemma3,gemma3_normative,normative,9,9,lack of enough trained personnel in DC systems,lack of enough trained personnel in DC systems,matched,correct_id,False,6,20260630_004601
gemma3_normative_06_b11,gemma3,gemma3_normative,normative,11,11,high costs of DC solutions,high costs of DC solutions,matched,correct_id,False,6,20260630_004601
gemma3_subject-matter_06_b1,gemma3,gemma3_subject-matter,subject-matter,1,1,"power losses, quality and safety issues","power losses, quality and safety issues",matched,correct_id,False,6,20260630_004601
gemma3_subject-matter_06_b5,gemma3,gemma3_subject-matter,subject-matter,5,2,lack of pilot projects,lack of pilot projects,matched,corrected_from_label,False,6,20260630_004601
gemma3_subject-matter_06_b6,gemma3,gemma3_subject-matter,subject-matter,6,3,public perception of DC and readiness to 'champion' installations from DC projects,public perception of DC and readiness to 'champion' installations from DC projects,matched,corrected_from_label,False,6,20260630_004601
gemma3_subject-matter_06_b4,gemma3,gemma3_subject-matter,subject-matter,4,4,"uncertain utility interaction (net metering, utility ownership, and agreed standards)","uncertain utility interaction (net metering, utility ownership, and agreed standards)",matched,correct_id,False,6,20260630_004601
gemma3_subject-matter_06_b11,gemma3,gemma3_subject-matter,subject-matter,11,5,high costs of DC solutions,high costs of DC solutions,matched,corrected_from_label,False,6,20260630_004601
llama_generalist_06_b1,llama,llama_generalist,generalist,1,1,"power losses, quality and safety issues","Power losses, quality, and safety issues",matched,correct_id,False,6,20260630_004601
llama_generalist_06_b3,llama,llama_generalist,generalist,3,2,lack of use-cases in which DC is advantageous,Lack of use-cases in which DC is advantageous,matched,corrected_from_label,False,6,20260630_004601
llama_generalist_06_b4,llama,llama_generalist,generalist,4,3,"uncertain utility interaction (net metering, utility ownership, and agreed standards)","Uncertain utility interaction (net metering, utility ownership, and agreed standards)",matched,corrected_from_label,False,6,20260630_004601
llama_generalist_06_b5,llama,llama_generalist,generalist,5,4,lack of pilot projects,Lack of pilot projects,matched,corrected_from_label,False,6,20260630_004601
llama_generalist_06_b6,llama,llama_generalist,generalist,6,5,public perception of DC and readiness to 'champion' installations from DC projects,Public perception of DC and readiness to 'champion' installations from DC projects,matched,corrected_from_label,False,6,20260630_004601
llama_normative_06_b1,llama,llama_normative,normative,1,1,"power losses, quality and safety issues","power losses, quality and safety issues",matched,correct_id,False,6,20260630_004601
llama_normative_06_b7,llama,llama_normative,normative,7,2,incompatibility of DC systems components,incompatibility of DC systems components,matched,corrected_from_label,False,6,20260630_004601
llama_normative_06_b3,llama,llama_normative,normative,3,3,lack of use-cases in which DC is advantageous,lack of use-cases in which DC is advantageous,matched,correct_id,False,6,20260630_004601
llama_normative_06_b4,llama,llama_normative,normative,4,4,"uncertain utility interaction (net metering, utility ownership, and agreed standards)","uncertain utility interaction (net metering, utility ownership, and agreed standards)",matched,correct_id,False,6,20260630_004601
llama_normative_06_b6,llama,llama_normative,normative,6,5,public perception of DC and readiness to 'champion' installations from DC projects,public perception of DC and readiness to 'champion' installations from DC projects,matched,corrected_from_label,False,6,20260630_004601
llama_subject-matter_06_b1,llama,llama_subject-matter,subject-matter,1,1,"power losses, quality and safety issues","Power losses, quality, and safety issues",matched,correct_id,False,6,20260630_004601
llama_subject-matter_06_b3,llama,llama_subject-matter,subject-matter,3,2,lack of use-cases in which DC is advantageous,Lack of use-cases in which DC is advantageous,matched,corrected_from_label,False,6,20260630_004601
llama_subject-matter_06_b4,llama,llama_subject-matter,subject-matter,4,3,"uncertain utility interaction (net metering, utility ownership, and agreed standards)","Uncertain utility interaction (net metering, utility ownership, and agreed standards)",matched,corrected_from_label,False,6,20260630_004601
llama_subject-matter_06_b7,llama,llama_subject-matter,subject-matter,7,4,incompatibility of DC systems components,Incompatibility of DC systems components,matched,corrected_from_label,False,6,20260630_004601
llama_subject-matter_06_b8,llama,llama_subject-matter,subject-matter,8,5,misconception and lack of knowledge leads to lengthy/expensive design and permit process,Misconception and lack of knowledge leads to lengthy/expensive design and permit process,matched,corrected_from_label,False,6,20260630_004601
mistral_generalist_06_b1,mistral,mistral_generalist,generalist,1,1,"power losses, quality and safety issues","power losses, quality and safety issues",matched,correct_id,False,6,20260630_004601
mistral_generalist_06_b3,mistral,mistral_generalist,generalist,3,2,lack of use-cases in which DC is advantageous,lack of use-cases in which DC is advantageous,matched,corrected_from_label,False,6,20260630_004601
mistral_generalist_06_b4,mistral,mistral_generalist,generalist,4,3,"uncertain utility interaction (net metering, utility ownership, and agreed standards)","uncertain utility interaction (net metering, utility ownership, and agreed standards)",matched,corrected_from_label,False,6,20260630_004601
mistral_generalist_06_b7,mistral,mistral_generalist,generalist,7,4,incompatibility of DC systems components,incompatibility of DC systems components,matched,corrected_from_label,False,6,20260630_004601
mistral_generalist_06_b11,mistral,mistral_generalist,generalist,11,5,high costs of DC solutions,high costs of DC solutions,matched,corrected_from_label,False,6,20260630_004601
mistral_normative_06_b1,mistral,mistral_normative,normative,1,1,"power losses, quality and safety issues","power losses, quality and safety issues",matched,correct_id,False,6,20260630_004601
mistral_normative_06_b2,mistral,mistral_normative,normative,2,2,reduced reliability in DC devices,reduced reliability in DC devices,matched,correct_id,False,6,20260630_004601
mistral_normative_06_b4,mistral,mistral_normative,normative,4,3,"uncertain utility interaction (net metering, utility ownership, and agreed standards)","uncertain utility interaction (net metering, utility ownership, and agreed standards)",matched,corrected_from_label,False,6,20260630_004601
mistral_normative_06_b5,mistral,mistral_normative,normative,5,4,lack of pilot projects,lack of pilot projects,matched,corrected_from_label,False,6,20260630_004601
mistral_normative_06_b10,mistral,mistral_normative,normative,10,5,uncertain regulatory roadmap,uncertain regulatory roadmap,matched,corrected_from_label,False,6,20260630_004601
mistral_subject-matter_06_b1,mistral,mistral_subject-matter,subject-matter,1,1,"power losses, quality and safety issues","power losses, quality and safety issues",matched,correct_id,False,6,20260630_004601
mistral_subject-matter_06_b2,mistral,mistral_subject-matter,subject-matter,2,2,reduced reliability in DC devices,reduced reliability in DC devices,matched,correct_id,False,6,20260630_004601
mistral_subject-matter_06_b4,mistral,mistral_subject-matter,subject-matter,4,3,"uncertain utility interaction (net metering, utility ownership, and agreed standards)","uncertain utility interaction (net metering, utility ownership, and agreed standards)",matched,corrected_from_label,False,6,20260630_004601
mistral_subject-matter_06_b5,mistral,mistral_subject-matter,subject-matter,5,4,lack of pilot projects,lack of pilot projects,matched,corrected_from_label,False,6,20260630_004601
mistral_subject-matter_06_b10,mistral,mistral_subject-matter,subject-matter,10,5,uncertain regulatory roadmap,uncertain regulatory roadmap,matched,corrected_from_label,False,6,20260630_004601
phi4_generalist_07_b1,phi4,phi4_generalist,generalist,1,1,"power losses, quality and safety issues","power losses, quality and safety issues",matched,correct_id,False,7,20260630_004919
phi4_generalist_07_b4,phi4,phi4_generalist,generalist,4,4,"uncertain utility interaction (net metering, utility ownership, and agreed standards)","uncertain utility interaction (net metering, utility ownership, and agreed standards)",matched,correct_id,False,7,20260630_004919
phi4_generalist_07_b5,phi4,phi4_generalist,generalist,5,5,lack of pilot projects,lack of pilot projects,matched,correct_id,False,7,20260630_004919
phi4_generalist_07_b9,phi4,phi4_generalist,generalist,9,9,lack of enough trained personnel in DC systems,lack of enough trained personnel in DC systems,matched,correct_id,False,7,20260630_004919
phi4_generalist_07_b10,phi4,phi4_generalist,generalist,10,10,uncertain regulatory roadmap,uncertain regulatory roadmap,matched,correct_id,False,7,20260630_004919
phi4_normative_07_b1,phi4,phi4_normative,normative,1,1,"power losses, quality and safety issues","power losses, quality and safety issues",matched,correct_id,False,7,20260630_004919
phi4_normative_07_b2,phi4,phi4_normative,normative,2,2,reduced reliability in DC devices,reduced reliability in DC devices,matched,correct_id,False,7,20260630_004919
phi4_normative_07_b4,phi4,phi4_normative,normative,4,4,"uncertain utility interaction (net metering, utility ownership, and agreed standards)","uncertain utility interaction (net metering, utility ownership, and agreed standards)",matched,correct_id,False,7,20260630_004919
phi4_normative_07_b5,phi4,phi4_normative,normative,5,5,lack of pilot projects,lack of pilot projects,matched,correct_id,False,7,20260630_004919
phi4_normative_07_b9,phi4,phi4_normative,normative,9,9,lack of enough trained personnel in DC systems,lack of enough trained personnel in DC systems,matched,correct_id,False,7,20260630_004919
phi4_subject-matter_07_b1,phi4,phi4_subject-matter,subject-matter,1,1,"power losses, quality and safety issues","power losses, quality and safety issues",matched,correct_id,False,7,20260630_004919
phi4_subject-matter_07_b2,phi4,phi4_subject-matter,subject-matter,2,2,reduced reliability in DC devices,reduced reliability in DC devices,matched,correct_id,False,7,20260630_004919
phi4_subject-matter_07_b3,phi4,phi4_subject-matter,subject-matter,3,3,lack of use-cases in which DC is advantageous,lack of use-cases in which DC is advantageous,matched,correct_id,False,7,20260630_004919
phi4_subject-matter_07_b4,phi4,phi4_subject-matter,subject-matter,4,4,"uncertain utility interaction (net metering, utility ownership, and agreed standards)","uncertain utility interaction (net metering, utility ownership, and agreed standards)",matched,correct_id,False,7,20260630_004919
phi4_subject-matter_07_b5,phi4,phi4_subject-matter,subject-matter,5,5,lack of pilot projects,lack of pilot projects,matched,correct_id,False,7,20260630_004919
gemma3_generalist_07_b1,gemma3,gemma3_generalist,generalist,1,1,"power losses, quality and safety issues","power losses, quality and safety issues",matched,correct_id,False,7,20260630_004919
gemma3_generalist_07_b5,gemma3,gemma3_generalist,generalist,5,2,lack of pilot projects,lack of pilot projects,matched,corrected_from_label,False,7,20260630_004919
gemma3_generalist_07_b6,gemma3,gemma3_generalist,generalist,6,3,public perception of DC and readiness to 'champion' installations from DC projects,public perception of DC and readiness to 'champion' installations from DC projects,matched,corrected_from_label,False,7,20260630_004919
gemma3_generalist_07_b9,gemma3,gemma3_generalist,generalist,9,4,lack of enough trained personnel in DC systems,lack of enough trained personnel in DC systems,matched,corrected_from_label,False,7,20260630_004919
gemma3_generalist_07_b11,gemma3,gemma3_generalist,generalist,11,5,high costs of DC solutions,high costs of DC solutions,matched,corrected_from_label,False,7,20260630_004919
gemma3_normative_07_b1,gemma3,gemma3_normative,normative,1,1,"power losses, quality and safety issues","power losses, quality and safety issues",matched,correct_id,False,7,20260630_004919
gemma3_normative_07_b4,gemma3,gemma3_normative,normative,4,2,"uncertain utility interaction (net metering, utility ownership, and agreed standards)","uncertain utility interaction (net metering, utility ownership, and agreed standards)",matched,corrected_from_label,False,7,20260630_004919
gemma3_normative_07_b8,gemma3,gemma3_normative,normative,8,3,misconception and lack of knowledge leads to lengthy/expensive design and permit process,misconception and lack of knowledge leads to lengthy/expensive design and permit process,matched,corrected_from_label,False,7,20260630_004919
gemma3_normative_07_b9,gemma3,gemma3_normative,normative,9,4,lack of enough trained personnel in DC systems,lack of enough trained personnel in DC systems,matched,corrected_from_label,False,7,20260630_004919
gemma3_normative_07_b11,gemma3,gemma3_normative,normative,11,5,high costs of DC solutions,high costs of DC solutions,matched,corrected_from_label,False,7,20260630_004919
gemma3_subject-matter_07_b1,gemma3,gemma3_subject-matter,subject-matter,1,1,"power losses, quality and safety issues","power losses, quality and safety issues",matched,correct_id,False,7,20260630_004919
gemma3_subject-matter_07_b4,gemma3,gemma3_subject-matter,subject-matter,4,2,"uncertain utility interaction (net metering, utility ownership, and agreed standards)","uncertain utility interaction (net metering, utility ownership, and agreed standards)",matched,corrected_from_label,False,7,20260630_004919
gemma3_subject-matter_07_b8,gemma3,gemma3_subject-matter,subject-matter,8,3,misconception and lack of knowledge leads to lengthy/expensive design and permit process,misconception and lack of knowledge leads to lengthy/expensive design and permit process,matched,corrected_from_label,False,7,20260630_004919
gemma3_subject-matter_07_b9,gemma3,gemma3_subject-matter,subject-matter,9,4,lack of enough trained personnel in DC systems,lack of enough trained personnel in DC systems,matched,corrected_from_label,False,7,20260630_004919
gemma3_subject-matter_07_b11,gemma3,gemma3_subject-matter,subject-matter,11,5,high costs of DC solutions,high costs of DC solutions,matched,corrected_from_label,False,7,20260630_004919
llama_generalist_07_b1,llama,llama_generalist,generalist,1,1,"power losses, quality and safety issues","power losses, quality and safety issues",matched,correct_id,False,7,20260630_004919
llama_generalist_07_b2,llama,llama_generalist,generalist,2,2,reduced reliability in DC devices,reduced reliability in DC devices,matched,correct_id,False,7,20260630_004919
llama_generalist_07_b3,llama,llama_generalist,generalist,3,3,lack of use-cases in which DC is advantageous,lack of use-cases in which DC is advantageous,matched,correct_id,False,7,20260630_004919
llama_generalist_07_b4,llama,llama_generalist,generalist,4,4,"uncertain utility interaction (net metering, utility ownership, and agreed standards)","uncertain utility interaction (net metering, utility ownership, and agreed standards)",matched,correct_id,False,7,20260630_004919
llama_generalist_07_b5,llama,llama_generalist,generalist,5,5,lack of pilot projects,lack of pilot projects,matched,correct_id,False,7,20260630_004919
llama_normative_07_b1,llama,llama_normative,normative,1,1,"power losses, quality and safety issues","power losses, quality and safety issues",matched,correct_id,False,7,20260630_004919
llama_normative_07_b2,llama,llama_normative,normative,2,2,reduced reliability in DC devices,reduced reliability in DC devices,matched,correct_id,False,7,20260630_004919
llama_normative_07_b3,llama,llama_normative,normative,3,3,lack of use-cases in which DC is advantageous,lack of use-cases in which DC is advantageous,matched,correct_id,False,7,20260630_004919
llama_normative_07_b4,llama,llama_normative,normative,4,4,"uncertain utility interaction (net metering, utility ownership, and agreed standards)","uncertain utility interaction (net metering, utility ownership, and agreed standards)",matched,correct_id,False,7,20260630_004919
llama_normative_07_b5,llama,llama_normative,normative,5,5,lack of pilot projects,lack of pilot projects,matched,correct_id,False,7,20260630_004919
llama_subject-matter_07_b1,llama,llama_subject-matter,subject-matter,1,1,"power losses, quality and safety issues","Power losses, quality and safety issues",matched,correct_id,False,7,20260630_004919
llama_subject-matter_07_b2,llama,llama_subject-matter,subject-matter,2,2,reduced reliability in DC devices,Reduced reliability in DC devices,matched,correct_id,False,7,20260630_004919
llama_subject-matter_07_b3,llama,llama_subject-matter,subject-matter,3,3,lack of use-cases in which DC is advantageous,Lack of use-cases in which DC is advantageous,matched,correct_id,False,7,20260630_004919
llama_subject-matter_07_b4,llama,llama_subject-matter,subject-matter,4,4,"uncertain utility interaction (net metering, utility ownership, and agreed standards)","Uncertain utility interaction (net metering, utility ownership, and agreed standards)",matched,correct_id,False,7,20260630_004919
llama_subject-matter_07_b5,llama,llama_subject-matter,subject-matter,5,5,lack of pilot projects,Lack of pilot projects,matched,correct_id,False,7,20260630_004919
mistral_generalist_07_b1,mistral,mistral_generalist,generalist,1,1,"power losses, quality and safety issues","power losses, quality and safety issues",matched,correct_id,False,7,20260630_004919
mistral_generalist_07_b4,mistral,mistral_generalist,generalist,4,2,"uncertain utility interaction (net metering, utility ownership, and agreed standards)","uncertain utility interaction (net metering, utility ownership, and agreed standards)",matched,corrected_from_label,False,7,20260630_004919
mistral_generalist_07_b5,mistral,mistral_generalist,generalist,5,3,lack of pilot projects,lack of pilot projects,matched,corrected_from_label,False,7,20260630_004919
mistral_generalist_07_b7,mistral,mistral_generalist,generalist,7,4,incompatibility of DC systems components,incompatibility of DC systems components,matched,corrected_from_label,False,7,20260630_004919
mistral_generalist_07_b8,mistral,mistral_generalist,generalist,8,5,misconception and lack of knowledge leads to lengthy/expensive design and permit process,misconception and lack of knowledge leads to lengthy/expensive design and permit process,matched,corrected_from_label,False,7,20260630_004919
mistral_normative_07_b1,mistral,mistral_normative,normative,1,1,"power losses, quality and safety issues","power losses, quality and safety issues",matched,correct_id,False,7,20260630_004919
mistral_normative_07_b2,mistral,mistral_normative,normative,2,2,reduced reliability in DC devices,reduced reliability in DC devices,matched,correct_id,False,7,20260630_004919
mistral_normative_07_b4,mistral,mistral_normative,normative,4,3,"uncertain utility interaction (net metering, utility ownership, and agreed standards)","uncertain utility interaction (net metering, utility ownership, and agreed standards)",matched,corrected_from_label,False,7,20260630_004919
mistral_normative_07_b5,mistral,mistral_normative,normative,5,4,lack of pilot projects,lack of pilot projects,matched,corrected_from_label,False,7,20260630_004919
mistral_normative_07_b6,mistral,mistral_normative,normative,6,5,public perception of DC and readiness to 'champion' installations from DC projects,public perception of DC and readiness to 'champion' installations from DC projects,matched,corrected_from_label,False,7,20260630_004919
mistral_subject-matter_07_b1,mistral,mistral_subject-matter,subject-matter,1,1,"power losses, quality and safety issues","Power losses, quality and safety issues",matched,correct_id,False,7,20260630_004919
mistral_subject-matter_07_b2,mistral,mistral_subject-matter,subject-matter,2,2,reduced reliability in DC devices,Reduced reliability in DC devices,matched,correct_id,False,7,20260630_004919
mistral_subject-matter_07_b3,mistral,mistral_subject-matter,subject-matter,3,3,lack of use-cases in which DC is advantageous,Lack of use-cases in which DC is advantageous,matched,correct_id,False,7,20260630_004919
mistral_subject-matter_07_b4,mistral,mistral_subject-matter,subject-matter,4,4,"uncertain utility interaction (net metering, utility ownership, and agreed standards)","Uncertain utility interaction (net metering, utility ownership, and agreed standards)",matched,correct_id,False,7,20260630_004919
mistral_subject-matter_07_b5,mistral,mistral_subject-matter,subject-matter,5,5,lack of pilot projects,Lack of pilot projects,matched,correct_id,False,7,20260630_004919
phi4_generalist_08_b1,phi4,phi4_generalist,generalist,1,1,"power losses, quality and safety issues","power losses, quality and safety issues",matched,correct_id,False,8,20260630_005224
phi4_generalist_08_b2,phi4,phi4_generalist,generalist,2,2,reduced reliability in DC devices,reduced reliability in DC devices,matched,correct_id,False,8,20260630_005224
phi4_generalist_08_b3,phi4,phi4_generalist,generalist,3,3,lack of use-cases in which DC is advantageous,lack of use-cases in which DC is advantageous,matched,correct_id,False,8,20260630_005224
phi4_generalist_08_b4,phi4,phi4_generalist,generalist,4,4,"uncertain utility interaction (net metering, utility ownership, and agreed standards)","uncertain utility interaction (net metering, utility ownership, and agreed standards)",matched,correct_id,False,8,20260630_005224
phi4_generalist_08_b9,phi4,phi4_generalist,generalist,9,9,lack of enough trained personnel in DC systems,lack of enough trained personnel in DC systems,matched,correct_id,False,8,20260630_005224
phi4_normative_08_b1,phi4,phi4_normative,normative,1,1,"power losses, quality and safety issues","power losses, quality and safety issues",matched,correct_id,False,8,20260630_005224
phi4_normative_08_b4,phi4,phi4_normative,normative,4,4,"uncertain utility interaction (net metering, utility ownership, and agreed standards)","uncertain utility interaction (net metering, utility ownership, and agreed standards)",matched,correct_id,False,8,20260630_005224
phi4_normative_08_b6,phi4,phi4_normative,normative,6,6,public perception of DC and readiness to 'champion' installations from DC projects,public perception of DC and readiness to 'champion' installations from DC projects,matched,correct_id,False,8,20260630_005224
phi4_normative_08_b8,phi4,phi4_normative,normative,8,8,misconception and lack of knowledge leads to lengthy/expensive design and permit process,misconception and lack of knowledge leads to lengthy/expensive design and permit process,matched,correct_id,False,8,20260630_005224
phi4_normative_08_b10,phi4,phi4_normative,normative,10,10,uncertain regulatory roadmap,uncertain regulatory roadmap,matched,correct_id,False,8,20260630_005224
phi4_subject-matter_08_b1,phi4,phi4_subject-matter,subject-matter,1,1,"power losses, quality and safety issues","power losses, quality and safety issues",matched,correct_id,False,8,20260630_005224
phi4_subject-matter_08_b2,phi4,phi4_subject-matter,subject-matter,2,2,reduced reliability in DC devices,reduced reliability in DC devices,matched,correct_id,False,8,20260630_005224
phi4_subject-matter_08_b4,phi4,phi4_subject-matter,subject-matter,4,4,"uncertain utility interaction (net metering, utility ownership, and agreed standards)","uncertain utility interaction (net metering, utility ownership, and agreed standards)",matched,correct_id,False,8,20260630_005224
phi4_subject-matter_08_b8,phi4,phi4_subject-matter,subject-matter,8,8,misconception and lack of knowledge leads to lengthy/expensive design and permit process,misconception and lack of knowledge leads to lengthy/expensive design and permit process,matched,correct_id,False,8,20260630_005224
phi4_subject-matter_08_b10,phi4,phi4_subject-matter,subject-matter,10,10,uncertain regulatory roadmap,uncertain regulatory roadmap,matched,correct_id,False,8,20260630_005224
gemma3_generalist_08_b1,gemma3,gemma3_generalist,generalist,1,1,"power losses, quality and safety issues","power losses, quality and safety issues",matched,correct_id,False,8,20260630_005224
gemma3_generalist_08_b5,gemma3,gemma3_generalist,generalist,5,2,lack of pilot projects,lack of pilot projects,matched,corrected_from_label,False,8,20260630_005224
gemma3_generalist_08_b6,gemma3,gemma3_generalist,generalist,6,3,public perception of DC and readiness to 'champion' installations from DC projects,public perception of DC and readiness to 'champion' installations from DC projects,matched,corrected_from_label,False,8,20260630_005224
gemma3_generalist_08_b8,gemma3,gemma3_generalist,generalist,8,4,misconception and lack of knowledge leads to lengthy/expensive design and permit process,misconception and lack of knowledge leads to lengthy/expensive design and permit process,matched,corrected_from_label,False,8,20260630_005224
gemma3_generalist_08_b11,gemma3,gemma3_generalist,generalist,11,5,high costs of DC solutions,high costs of DC solutions,matched,corrected_from_label,False,8,20260630_005224
gemma3_normative_08_b1,gemma3,gemma3_normative,normative,1,1,"power losses, quality and safety issues","power losses, quality and safety issues",matched,correct_id,False,8,20260630_005224
gemma3_normative_08_b4,gemma3,gemma3_normative,normative,4,4,"uncertain utility interaction (net metering, utility ownership, and agreed standards)","uncertain utility interaction (net metering, utility ownership, and agreed standards)",matched,correct_id,False,8,20260630_005224
gemma3_normative_08_b8,gemma3,gemma3_normative,normative,8,8,misconception and lack of knowledge leads to lengthy/expensive design and permit process,misconception and lack of knowledge leads to lengthy/expensive design and permit process,matched,correct_id,False,8,20260630_005224
gemma3_normative_08_b9,gemma3,gemma3_normative,normative,9,9,lack of enough trained personnel in DC systems,lack of enough trained personnel in DC systems,matched,correct_id,False,8,20260630_005224
gemma3_normative_08_b11,gemma3,gemma3_normative,normative,11,11,high costs of DC solutions,high costs of DC solutions,matched,correct_id,False,8,20260630_005224
gemma3_subject-matter_08_b1,gemma3,gemma3_subject-matter,subject-matter,1,1,"power losses, quality and safety issues","power losses, quality and safety issues",matched,correct_id,False,8,20260630_005224
gemma3_subject-matter_08_b5,gemma3,gemma3_subject-matter,subject-matter,5,2,lack of pilot projects,lack of pilot projects,matched,corrected_from_label,False,8,20260630_005224
gemma3_subject-matter_08_b6,gemma3,gemma3_subject-matter,subject-matter,6,3,public perception of DC and readiness to 'champion' installations from DC projects,public perception of DC and readiness to 'champion' installations from DC projects,matched,corrected_from_label,False,8,20260630_005224
gemma3_subject-matter_08_b9,gemma3,gemma3_subject-matter,subject-matter,9,4,lack of enough trained personnel in DC systems,lack of enough trained personnel in DC systems,matched,corrected_from_label,False,8,20260630_005224
gemma3_subject-matter_08_b10,gemma3,gemma3_subject-matter,subject-matter,10,5,uncertain regulatory roadmap,uncertain regulatory roadmap,matched,corrected_from_label,False,8,20260630_005224
llama_generalist_08_b1,llama,llama_generalist,generalist,1,1,"power losses, quality and safety issues","power losses, quality and safety issues",matched,correct_id,False,8,20260630_005224
llama_generalist_08_b2,llama,llama_generalist,generalist,2,2,reduced reliability in DC devices,reduced reliability in DC devices,matched,correct_id,False,8,20260630_005224
llama_generalist_08_b3,llama,llama_generalist,generalist,3,3,lack of use-cases in which DC is advantageous,lack of use-cases in which DC is advantageous,matched,correct_id,False,8,20260630_005224
llama_generalist_08_b4,llama,llama_generalist,generalist,4,4,"uncertain utility interaction (net metering, utility ownership, and agreed standards)","uncertain utility interaction (net metering, utility ownership, and agreed standards)",matched,correct_id,False,8,20260630_005224
llama_generalist_08_b5,llama,llama_generalist,generalist,5,5,lack of pilot projects,lack of pilot projects,matched,correct_id,False,8,20260630_005224
llama_normative_08_b1,llama,llama_normative,normative,1,1,"power losses, quality and safety issues","power losses, quality and safety issues",matched,correct_id,False,8,20260630_005224
llama_normative_08_b2,llama,llama_normative,normative,2,2,reduced reliability in DC devices,reduced reliability in DC devices,matched,correct_id,False,8,20260630_005224
llama_normative_08_b3,llama,llama_normative,normative,3,3,lack of use-cases in which DC is advantageous,lack of use-cases in which DC is advantageous,matched,correct_id,False,8,20260630_005224
llama_normative_08_b4,llama,llama_normative,normative,4,4,"uncertain utility interaction (net metering, utility ownership, and agreed standards)","uncertain utility interaction (net metering, utility ownership, and agreed standards)",matched,correct_id,False,8,20260630_005224
llama_normative_08_b5,llama,llama_normative,normative,5,5,lack of pilot projects,lack of pilot projects,matched,correct_id,False,8,20260630_005224
llama_subject-matter_08_b1,llama,llama_subject-matter,subject-matter,1,1,"power losses, quality and safety issues","Power losses, quality, and safety issues",matched,correct_id,False,8,20260630_005224
llama_subject-matter_08_b3,llama,llama_subject-matter,subject-matter,3,2,lack of use-cases in which DC is advantageous,Lack of use-cases in which DC is advantageous,matched,corrected_from_label,False,8,20260630_005224
llama_subject-matter_08_b4,llama,llama_subject-matter,subject-matter,4,3,"uncertain utility interaction (net metering, utility ownership, and agreed standards)","Uncertain utility interaction (net metering, utility ownership, and agreed standards)",matched,corrected_from_label,False,8,20260630_005224
llama_subject-matter_08_b5,llama,llama_subject-matter,subject-matter,5,4,lack of pilot projects,Lack of pilot projects,matched,corrected_from_label,False,8,20260630_005224
llama_subject-matter_08_b6,llama,llama_subject-matter,subject-matter,6,5,public perception of DC and readiness to 'champion' installations from DC projects,Public perception of DC and readiness to 'champion' installations from DC projects,matched,corrected_from_label,False,8,20260630_005224
mistral_generalist_08_b1,mistral,mistral_generalist,generalist,1,1,"power losses, quality and safety issues","power losses, quality and safety issues",matched,correct_id,False,8,20260630_005224
mistral_generalist_08_b2,mistral,mistral_generalist,generalist,2,2,reduced reliability in DC devices,reduced reliability in DC devices,matched,correct_id,False,8,20260630_005224
mistral_generalist_08_b3,mistral,mistral_generalist,generalist,3,3,lack of use-cases in which DC is advantageous,lack of use-cases in which DC is advantageous,matched,correct_id,False,8,20260630_005224
mistral_generalist_08_b4,mistral,mistral_generalist,generalist,4,4,"uncertain utility interaction (net metering, utility ownership, and agreed standards)","uncertain utility interaction (net metering, utility ownership, and agreed standards)",matched,correct_id,False,8,20260630_005224
mistral_generalist_08_b11,mistral,mistral_generalist,generalist,11,5,high costs of DC solutions,high costs of DC solutions,matched,corrected_from_label,False,8,20260630_005224
mistral_normative_08_b1,mistral,mistral_normative,normative,1,1,"power losses, quality and safety issues","power losses, quality and safety issues",matched,correct_id,False,8,20260630_005224
mistral_normative_08_b2,mistral,mistral_normative,normative,2,2,reduced reliability in DC devices,reduced reliability in DC devices,matched,correct_id,False,8,20260630_005224
mistral_normative_08_b4,mistral,mistral_normative,normative,4,3,"uncertain utility interaction (net metering, utility ownership, and agreed standards)","uncertain utility interaction (net metering, utility ownership, and agreed standards)",matched,corrected_from_label,False,8,20260630_005224
mistral_normative_08_b5,mistral,mistral_normative,normative,5,4,lack of pilot projects,lack of pilot projects,matched,corrected_from_label,False,8,20260630_005224
mistral_normative_08_b11,mistral,mistral_normative,normative,11,5,high costs of DC solutions,high costs of DC solutions,matched,corrected_from_label,False,8,20260630_005224
mistral_subject-matter_08_b1,mistral,mistral_subject-matter,subject-matter,1,1,"power losses, quality and safety issues","power losses, quality and safety issues",matched,correct_id,False,8,20260630_005224
mistral_subject-matter_08_b2,mistral,mistral_subject-matter,subject-matter,2,2,reduced reliability in DC devices,reduced reliability in DC devices,matched,correct_id,False,8,20260630_005224
mistral_subject-matter_08_b3,mistral,mistral_subject-matter,subject-matter,3,3,lack of use-cases in which DC is advantageous,lack of use-cases in which DC is advantageous,matched,correct_id,False,8,20260630_005224
mistral_subject-matter_08_b4,mistral,mistral_subject-matter,subject-matter,4,4,"uncertain utility interaction (net metering, utility ownership, and agreed standards)","uncertain utility interaction (net metering, utility ownership, and agreed standards)",matched,correct_id,False,8,20260630_005224
mistral_subject-matter_08_b5,mistral,mistral_subject-matter,subject-matter,5,5,lack of pilot projects,lack of pilot projects,matched,correct_id,False,8,20260630_005224
phi4_generalist_09_b1,phi4,phi4_generalist,generalist,1,1,"power losses, quality and safety issues","power losses, quality and safety issues",matched,correct_id,False,9,20260630_005537
phi4_generalist_09_b4,phi4,phi4_generalist,generalist,4,4,"uncertain utility interaction (net metering, utility ownership, and agreed standards)","uncertain utility interaction (net metering, utility ownership, and agreed standards)",matched,correct_id,False,9,20260630_005537
phi4_generalist_09_b5,phi4,phi4_generalist,generalist,5,5,lack of pilot projects,lack of pilot projects,matched,correct_id,False,9,20260630_005537
phi4_generalist_09_b9,phi4,phi4_generalist,generalist,9,9,lack of enough trained personnel in DC systems,lack of enough trained personnel in DC systems,matched,correct_id,False,9,20260630_005537
phi4_generalist_09_b10,phi4,phi4_generalist,generalist,10,10,uncertain regulatory roadmap,uncertain regulatory roadmap,matched,correct_id,False,9,20260630_005537
phi4_normative_09_b1,phi4,phi4_normative,normative,1,1,"power losses, quality and safety issues","power losses, quality and safety issues",matched,correct_id,False,9,20260630_005537
phi4_normative_09_b3,phi4,phi4_normative,normative,3,3,lack of use-cases in which DC is advantageous,lack of use-cases in which DC is advantageous,matched,correct_id,False,9,20260630_005537
phi4_normative_09_b4,phi4,phi4_normative,normative,4,4,"uncertain utility interaction (net metering, utility ownership, and agreed standards)","uncertain utility interaction (net metering, utility ownership, and agreed standards)",matched,correct_id,False,9,20260630_005537
phi4_normative_09_b8,phi4,phi4_normative,normative,8,8,misconception and lack of knowledge leads to lengthy/expensive design and permit process,misconception and lack of knowledge leads to lengthy/expensive design and permit process,matched,correct_id,False,9,20260630_005537
phi4_normative_09_b10,phi4,phi4_normative,normative,10,10,uncertain regulatory roadmap,uncertain regulatory roadmap,matched,correct_id,False,9,20260630_005537
phi4_subject-matter_09_b1,phi4,phi4_subject-matter,subject-matter,1,1,"power losses, quality and safety issues","power losses, quality and safety issues",matched,correct_id,False,9,20260630_005537
phi4_subject-matter_09_b3,phi4,phi4_subject-matter,subject-matter,3,3,lack of use-cases in which DC is advantageous,lack of use-cases in which DC is advantageous,matched,correct_id,False,9,20260630_005537
phi4_subject-matter_09_b4,phi4,phi4_subject-matter,subject-matter,4,4,"uncertain utility interaction (net metering, utility ownership, and agreed standards)","uncertain utility interaction (net metering, utility ownership, and agreed standards)",matched,correct_id,False,9,20260630_005537
phi4_subject-matter_09_b8,phi4,phi4_subject-matter,subject-matter,8,8,misconception and lack of knowledge leads to lengthy/expensive design and permit process,misconception and lack of knowledge leads to lengthy/expensive design and permit process,matched,correct_id,False,9,20260630_005537
phi4_subject-matter_09_b10,phi4,phi4_subject-matter,subject-matter,10,10,uncertain regulatory roadmap,uncertain regulatory roadmap,matched,correct_id,False,9,20260630_005537
gemma3_generalist_09_b1,gemma3,gemma3_generalist,generalist,1,1,"power losses, quality and safety issues","power losses, quality and safety issues",matched,correct_id,False,9,20260630_005537
gemma3_generalist_09_b5,gemma3,gemma3_generalist,generalist,5,2,lack of pilot projects,lack of pilot projects,matched,corrected_from_label,False,9,20260630_005537
gemma3_generalist_09_b6,gemma3,gemma3_generalist,generalist,6,3,public perception of DC and readiness to 'champion' installations from DC projects,public perception of DC and readiness to 'champion' installations from DC projects,matched,corrected_from_label,False,9,20260630_005537
gemma3_generalist_09_b8,gemma3,gemma3_generalist,generalist,8,4,misconception and lack of knowledge leads to lengthy/expensive design and permit process,misconception and lack of knowledge leads to lengthy/expensive design and permit process,matched,corrected_from_label,False,9,20260630_005537
gemma3_generalist_09_b11,gemma3,gemma3_generalist,generalist,11,5,high costs of DC solutions,high costs of DC solutions,matched,corrected_from_label,False,9,20260630_005537
gemma3_normative_09_b1,gemma3,gemma3_normative,normative,1,1,"power losses, quality and safety issues","power losses, quality and safety issues",matched,correct_id,False,9,20260630_005537
gemma3_normative_09_b4,gemma3,gemma3_normative,normative,4,2,"uncertain utility interaction (net metering, utility ownership, and agreed standards)","uncertain utility interaction (net metering, utility ownership, and agreed standards)",matched,corrected_from_label,False,9,20260630_005537
gemma3_normative_09_b8,gemma3,gemma3_normative,normative,8,3,misconception and lack of knowledge leads to lengthy/expensive design and permit process,misconception and lack of knowledge leads to lengthy/expensive design and permit process,matched,corrected_from_label,False,9,20260630_005537
gemma3_normative_09_b9,gemma3,gemma3_normative,normative,9,4,lack of enough trained personnel in DC systems,lack of enough trained personnel in DC systems,matched,corrected_from_label,False,9,20260630_005537
gemma3_normative_09_b11,gemma3,gemma3_normative,normative,11,5,high costs of DC solutions,high costs of DC solutions,matched,corrected_from_label,False,9,20260630_005537
gemma3_subject-matter_09_b1,gemma3,gemma3_subject-matter,subject-matter,1,1,"power losses, quality and safety issues","power losses, quality and safety issues",matched,correct_id,False,9,20260630_005537
gemma3_subject-matter_09_b5,gemma3,gemma3_subject-matter,subject-matter,5,2,lack of pilot projects,lack of pilot projects,matched,corrected_from_label,False,9,20260630_005537
gemma3_subject-matter_09_b6,gemma3,gemma3_subject-matter,subject-matter,6,3,public perception of DC and readiness to 'champion' installations from DC projects,public perception of DC and readiness to 'champion' installations from DC projects,matched,corrected_from_label,False,9,20260630_005537
gemma3_subject-matter_09_b8,gemma3,gemma3_subject-matter,subject-matter,8,4,misconception and lack of knowledge leads to lengthy/expensive design and permit process,misconception and lack of knowledge leads to lengthy/expensive design and permit process,matched,corrected_from_label,False,9,20260630_005537
gemma3_subject-matter_09_b10,gemma3,gemma3_subject-matter,subject-matter,10,5,uncertain regulatory roadmap,uncertain regulatory roadmap,matched,corrected_from_label,False,9,20260630_005537
llama_generalist_09_b1,llama,llama_generalist,generalist,1,1,"power losses, quality and safety issues","power losses, quality and safety issues",matched,correct_id,False,9,20260630_005537
llama_generalist_09_b2,llama,llama_generalist,generalist,2,2,reduced reliability in DC devices,reduced reliability in DC devices,matched,correct_id,False,9,20260630_005537
llama_generalist_09_b4,llama,llama_generalist,generalist,4,3,"uncertain utility interaction (net metering, utility ownership, and agreed standards)","uncertain utility interaction (net metering, utility ownership, and agreed standards)",matched,corrected_from_label,False,9,20260630_005537
llama_generalist_09_b5,llama,llama_generalist,generalist,5,4,lack of pilot projects,lack of pilot projects,matched,corrected_from_label,False,9,20260630_005537
llama_generalist_09_b6,llama,llama_generalist,generalist,6,5,public perception of DC and readiness to 'champion' installations from DC projects,public perception of DC and readiness to 'champion' installations from DC projects,matched,corrected_from_label,False,9,20260630_005537
llama_normative_09_b1,llama,llama_normative,normative,1,1,"power losses, quality and safety issues","power losses, quality and safety issues",matched,correct_id,False,9,20260630_005537
llama_normative_09_b2,llama,llama_normative,normative,2,2,reduced reliability in DC devices,reduced reliability in DC devices,matched,correct_id,False,9,20260630_005537
llama_normative_09_b4,llama,llama_normative,normative,4,3,"uncertain utility interaction (net metering, utility ownership, and agreed standards)","uncertain utility interaction (net metering, utility ownership, and agreed standards)",matched,corrected_from_label,False,9,20260630_005537
llama_normative_09_b5,llama,llama_normative,normative,5,4,lack of pilot projects,lack of pilot projects,matched,corrected_from_label,False,9,20260630_005537
llama_normative_09_b6,llama,llama_normative,normative,6,5,public perception of DC and readiness to 'champion' installations from DC projects,public perception of DC and readiness to 'champion' installations from DC projects,matched,corrected_from_label,False,9,20260630_005537
llama_subject-matter_09_b1,llama,llama_subject-matter,subject-matter,1,1,"power losses, quality and safety issues","Power losses, quality, and safety issues",matched,correct_id,False,9,20260630_005537
llama_subject-matter_09_b2,llama,llama_subject-matter,subject-matter,2,2,reduced reliability in DC devices,Reduced reliability in DC devices,matched,correct_id,False,9,20260630_005537
llama_subject-matter_09_b3,llama,llama_subject-matter,subject-matter,3,3,lack of use-cases in which DC is advantageous,Lack of use-cases in which DC is advantageous,matched,correct_id,False,9,20260630_005537
llama_subject-matter_09_b4,llama,llama_subject-matter,subject-matter,4,4,"uncertain utility interaction (net metering, utility ownership, and agreed standards)","Uncertain utility interaction (net metering, utility ownership, and agreed standards)",matched,correct_id,False,9,20260630_005537
llama_subject-matter_09_b5,llama,llama_subject-matter,subject-matter,5,5,lack of pilot projects,Lack of pilot projects,matched,correct_id,False,9,20260630_005537
mistral_generalist_09_b1,mistral,mistral_generalist,generalist,1,1,"power losses, quality and safety issues","Power losses, quality, and safety issues",matched,correct_id,False,9,20260630_005537
mistral_generalist_09_b4,mistral,mistral_generalist,generalist,4,2,"uncertain utility interaction (net metering, utility ownership, and agreed standards)","Uncertain utility interaction (net metering, utility ownership, and agreed standards)",matched,corrected_from_label,False,9,20260630_005537
mistral_generalist_09_b3,mistral,mistral_generalist,generalist,3,3,lack of use-cases in which DC is advantageous,Lack of use-cases in which DC is advantageous,matched,correct_id,False,9,20260630_005537
mistral_generalist_09_b7,mistral,mistral_generalist,generalist,7,4,incompatibility of DC systems components,Incompatibility of DC systems components,matched,corrected_from_label,False,9,20260630_005537
mistral_generalist_09_b5,mistral,mistral_generalist,generalist,5,5,lack of pilot projects,Lack of pilot projects,matched,correct_id,False,9,20260630_005537
mistral_normative_09_b1,mistral,mistral_normative,normative,1,1,"power losses, quality and safety issues","power losses, quality and safety issues",matched,correct_id,False,9,20260630_005537
mistral_normative_09_b2,mistral,mistral_normative,normative,2,2,reduced reliability in DC devices,reduced reliability in DC devices,matched,correct_id,False,9,20260630_005537
mistral_normative_09_b4,mistral,mistral_normative,normative,4,3,"uncertain utility interaction (net metering, utility ownership, and agreed standards)","uncertain utility interaction (net metering, utility ownership, and agreed standards)",matched,corrected_from_label,False,9,20260630_005537
mistral_normative_09_b5,mistral,mistral_normative,normative,5,4,lack of pilot projects,lack of pilot projects,matched,corrected_from_label,False,9,20260630_005537
mistral_normative_09_b11,mistral,mistral_normative,normative,11,5,high costs of DC solutions,high costs of DC solutions,matched,corrected_from_label,False,9,20260630_005537
mistral_subject-matter_09_b1,mistral,mistral_subject-matter,subject-matter,1,1,"power losses, quality and safety issues","Power losses, quality, and safety issues",matched,correct_id,False,9,20260630_005537
mistral_subject-matter_09_b2,mistral,mistral_subject-matter,subject-matter,2,2,reduced reliability in DC devices,Reduced reliability in DC devices,matched,correct_id,False,9,20260630_005537
mistral_subject-matter_09_b3,mistral,mistral_subject-matter,subject-matter,3,3,lack of use-cases in which DC is advantageous,Lack of use-cases in which DC is advantageous,matched,correct_id,False,9,20260630_005537
mistral_subject-matter_09_b4,mistral,mistral_subject-matter,subject-matter,4,4,"uncertain utility interaction (net metering, utility ownership, and agreed standards)","Uncertain utility interaction (net metering, utility ownership, and agreed standards)",matched,correct_id,False,9,20260630_005537
mistral_subject-matter_09_b5,mistral,mistral_subject-matter,subject-matter,5,5,lack of pilot projects,Lack of pilot projects,matched,correct_id,False,9,20260630_005537
phi4_generalist_10_b1,phi4,phi4_generalist,generalist,1,1,"power losses, quality and safety issues","power losses, quality and safety issues",matched,correct_id,False,10,20260630_010023
phi4_generalist_10_b3,phi4,phi4_generalist,generalist,3,3,lack of use-cases in which DC is advantageous,lack of use-cases in which DC is advantageous,matched,correct_id,False,10,20260630_010023
phi4_generalist_10_b4,phi4,phi4_generalist,generalist,4,4,"uncertain utility interaction (net metering, utility ownership, and agreed standards)","uncertain utility interaction (net metering, utility ownership, and agreed standards)",matched,correct_id,False,10,20260630_010023
phi4_generalist_10_b8,phi4,phi4_generalist,generalist,8,8,misconception and lack of knowledge leads to lengthy/expensive design and permit process,misconception and lack of knowledge leads to lengthy/expensive design and permit process,matched,correct_id,False,10,20260630_010023
phi4_generalist_10_b10,phi4,phi4_generalist,generalist,10,10,uncertain regulatory roadmap,uncertain regulatory roadmap,matched,correct_id,False,10,20260630_010023
phi4_normative_10_b1,phi4,phi4_normative,normative,1,1,"power losses, quality and safety issues","power losses, quality and safety issues",matched,correct_id,False,10,20260630_010023
phi4_normative_10_b2,phi4,phi4_normative,normative,2,2,reduced reliability in DC devices,reduced reliability in DC devices,matched,correct_id,False,10,20260630_010023
phi4_normative_10_b4,phi4,phi4_normative,normative,4,4,"uncertain utility interaction (net metering, utility ownership, and agreed standards)","uncertain utility interaction (net metering, utility ownership, and agreed standards)",matched,correct_id,False,10,20260630_010023
phi4_normative_10_b8,phi4,phi4_normative,normative,8,8,misconception and lack of knowledge leads to lengthy/expensive design and permit process,misconception and lack of knowledge leads to lengthy/expensive design and permit process,matched,correct_id,False,10,20260630_010023
phi4_normative_10_b10,phi4,phi4_normative,normative,10,10,uncertain regulatory roadmap,uncertain regulatory roadmap,matched,correct_id,False,10,20260630_010023
phi4_subject-matter_10_b1,phi4,phi4_subject-matter,subject-matter,1,1,"power losses, quality and safety issues","power losses, quality and safety issues",matched,correct_id,False,10,20260630_010023
phi4_subject-matter_10_b4,phi4,phi4_subject-matter,subject-matter,4,4,"uncertain utility interaction (net metering, utility ownership, and agreed standards)","uncertain utility interaction (net metering, utility ownership, and agreed standards)",matched,correct_id,False,10,20260630_010023
phi4_subject-matter_10_b5,phi4,phi4_subject-matter,subject-matter,5,5,lack of pilot projects,lack of pilot projects,matched,correct_id,False,10,20260630_010023
phi4_subject-matter_10_b8,phi4,phi4_subject-matter,subject-matter,8,8,misconception and lack of knowledge leads to lengthy/expensive design and permit process,misconception and lack of knowledge leads to lengthy/expensive design and permit process,matched,correct_id,False,10,20260630_010023
phi4_subject-matter_10_b10,phi4,phi4_subject-matter,subject-matter,10,10,uncertain regulatory roadmap,uncertain regulatory roadmap,matched,correct_id,False,10,20260630_010023
gemma3_generalist_10_b1,gemma3,gemma3_generalist,generalist,1,1,"power losses, quality and safety issues","power losses, quality and safety issues",matched,correct_id,False,10,20260630_010023
gemma3_generalist_10_b5,gemma3,gemma3_generalist,generalist,5,2,lack of pilot projects,lack of pilot projects,matched,corrected_from_label,False,10,20260630_010023
gemma3_generalist_10_b6,gemma3,gemma3_generalist,generalist,6,3,public perception of DC and readiness to 'champion' installations from DC projects,public perception of DC and readiness to 'champion' installations from DC projects,matched,corrected_from_label,False,10,20260630_010023
gemma3_generalist_10_b8,gemma3,gemma3_generalist,generalist,8,4,misconception and lack of knowledge leads to lengthy/expensive design and permit process,misconception and lack of knowledge leads to lengthy/expensive design and permit process,matched,corrected_from_label,False,10,20260630_010023
gemma3_generalist_10_b11,gemma3,gemma3_generalist,generalist,11,5,high costs of DC solutions,high costs of DC solutions,matched,corrected_from_label,False,10,20260630_010023
gemma3_normative_10_b1,gemma3,gemma3_normative,normative,1,1,"power losses, quality and safety issues","power losses, quality and safety issues",matched,correct_id,False,10,20260630_010023
gemma3_normative_10_b4,gemma3,gemma3_normative,normative,4,4,"uncertain utility interaction (net metering, utility ownership, and agreed standards)","uncertain utility interaction (net metering, utility ownership, and agreed standards)",matched,correct_id,False,10,20260630_010023
gemma3_normative_10_b8,gemma3,gemma3_normative,normative,8,8,misconception and lack of knowledge leads to lengthy/expensive design and permit process,misconception and lack of knowledge leads to lengthy/expensive design and permit process,matched,correct_id,False,10,20260630_010023
gemma3_normative_10_b9,gemma3,gemma3_normative,normative,9,9,lack of enough trained personnel in DC systems,lack of enough trained personnel in DC systems,matched,correct_id,False,10,20260630_010023
gemma3_normative_10_b11,gemma3,gemma3_normative,normative,11,11,high costs of DC solutions,high costs of DC solutions,matched,correct_id,False,10,20260630_010023
gemma3_subject-matter_10_b1,gemma3,gemma3_subject-matter,subject-matter,1,1,"power losses, quality and safety issues","power losses, quality and safety issues",matched,correct_id,False,10,20260630_010023
gemma3_subject-matter_10_b5,gemma3,gemma3_subject-matter,subject-matter,5,2,lack of pilot projects,lack of pilot projects,matched,corrected_from_label,False,10,20260630_010023
gemma3_subject-matter_10_b6,gemma3,gemma3_subject-matter,subject-matter,6,3,public perception of DC and readiness to 'champion' installations from DC projects,public perception of DC and readiness to 'champion' installations from DC projects,matched,corrected_from_label,False,10,20260630_010023
gemma3_subject-matter_10_b9,gemma3,gemma3_subject-matter,subject-matter,9,4,lack of enough trained personnel in DC systems,lack of enough trained personnel in DC systems,matched,corrected_from_label,False,10,20260630_010023
gemma3_subject-matter_10_b10,gemma3,gemma3_subject-matter,subject-matter,10,5,uncertain regulatory roadmap,uncertain regulatory roadmap,matched,corrected_from_label,False,10,20260630_010023
llama_generalist_10_b1,llama,llama_generalist,generalist,1,1,"power losses, quality and safety issues","power losses, quality, and safety issues",matched,correct_id,False,10,20260630_010023
llama_generalist_10_b2,llama,llama_generalist,generalist,2,2,reduced reliability in DC devices,reduced reliability in DC devices,matched,correct_id,False,10,20260630_010023
llama_generalist_10_b3,llama,llama_generalist,generalist,3,3,lack of use-cases in which DC is advantageous,lack of use-cases in which DC is advantageous,matched,correct_id,False,10,20260630_010023
llama_generalist_10_b4,llama,llama_generalist,generalist,4,4,"uncertain utility interaction (net metering, utility ownership, and agreed standards)","uncertain utility interaction (net metering, utility ownership, and agreed standards)",matched,correct_id,False,10,20260630_010023
llama_generalist_10_b5,llama,llama_generalist,generalist,5,5,lack of pilot projects,lack of pilot projects,matched,correct_id,False,10,20260630_010023
llama_normative_10_b1,llama,llama_normative,normative,1,1,"power losses, quality and safety issues","power losses, quality and safety issues",matched,correct_id,False,10,20260630_010023
llama_normative_10_b2,llama,llama_normative,normative,2,2,reduced reliability in DC devices,reduced reliability in DC devices,matched,correct_id,False,10,20260630_010023
llama_normative_10_b3,llama,llama_normative,normative,3,3,lack of use-cases in which DC is advantageous,lack of use-cases in which DC is advantageous,matched,correct_id,False,10,20260630_010023
llama_normative_10_b4,llama,llama_normative,normative,4,4,"uncertain utility interaction (net metering, utility ownership, and agreed standards)","uncertain utility interaction (net metering, utility ownership, and agreed standards)",matched,correct_id,False,10,20260630_010023
llama_normative_10_b5,llama,llama_normative,normative,5,5,lack of pilot projects,lack of pilot projects,matched,correct_id,False,10,20260630_010023
llama_subject-matter_10_b1,llama,llama_subject-matter,subject-matter,1,1,"power losses, quality and safety issues","power losses, quality and safety issues",matched,correct_id,False,10,20260630_010023
llama_subject-matter_10_b2,llama,llama_subject-matter,subject-matter,2,2,reduced reliability in DC devices,reduced reliability in DC devices,matched,correct_id,False,10,20260630_010023
llama_subject-matter_10_b3,llama,llama_subject-matter,subject-matter,3,3,lack of use-cases in which DC is advantageous,lack of use-cases in which DC is advantageous,matched,correct_id,False,10,20260630_010023
llama_subject-matter_10_b4,llama,llama_subject-matter,subject-matter,4,4,"uncertain utility interaction (net metering, utility ownership, and agreed standards)","uncertain utility interaction (net metering, utility ownership, and agreed standards)",matched,correct_id,False,10,20260630_010023
llama_subject-matter_10_b5,llama,llama_subject-matter,subject-matter,5,5,lack of pilot projects,lack of pilot projects,matched,correct_id,False,10,20260630_010023
mistral_generalist_10_b1,mistral,mistral_generalist,generalist,1,1,"power losses, quality and safety issues","power losses, quality and safety issues",matched,correct_id,False,10,20260630_010023
mistral_generalist_10_b6,mistral,mistral_generalist,generalist,6,6,public perception of DC and readiness to 'champion' installations from DC projects,public perception of DC and readiness to 'champion' installations from DC projects,matched,correct_id,False,10,20260630_010023
mistral_generalist_10_b7,mistral,mistral_generalist,generalist,7,7,incompatibility of DC systems components,incompatibility of DC systems components,matched,correct_id,False,10,20260630_010023
mistral_generalist_10_b8,mistral,mistral_generalist,generalist,8,8,misconception and lack of knowledge leads to lengthy/expensive design and permit process,misconception and lack of knowledge leads to lengthy/expensive design and permit process,matched,correct_id,False,10,20260630_010023
mistral_generalist_10_b10,mistral,mistral_generalist,generalist,10,10,uncertain regulatory roadmap,uncertain regulatory roadmap,matched,correct_id,False,10,20260630_010023
mistral_normative_10_b1,mistral,mistral_normative,normative,1,1,"power losses, quality and safety issues","power losses, quality, and safety issues",matched,correct_id,False,10,20260630_010023
mistral_normative_10_b2,mistral,mistral_normative,normative,2,2,reduced reliability in DC devices,reduced reliability in DC devices,matched,correct_id,False,10,20260630_010023
mistral_normative_10_b4,mistral,mistral_normative,normative,4,3,"uncertain utility interaction (net metering, utility ownership, and agreed standards)","uncertain utility interaction (net metering, utility ownership, and agreed standards)",matched,corrected_from_label,False,10,20260630_010023
mistral_normative_10_b5,mistral,mistral_normative,normative,5,4,lack of pilot projects,lack of pilot projects,matched,corrected_from_label,False,10,20260630_010023
mistral_normative_10_b11,mistral,mistral_normative,normative,11,5,high costs of DC solutions,high costs of DC solutions,matched,corrected_from_label,False,10,20260630_010023
mistral_subject-matter_10_b1,mistral,mistral_subject-matter,subject-matter,1,1,"power losses, quality and safety issues","power losses, quality and safety issues",matched,correct_id,False,10,20260630_010023
mistral_subject-matter_10_b2,mistral,mistral_subject-matter,subject-matter,2,2,reduced reliability in DC devices,reduced reliability in DC devices,matched,correct_id,False,10,20260630_010023
mistral_subject-matter_10_b4,mistral,mistral_subject-matter,subject-matter,4,3,"uncertain utility interaction (net metering, utility ownership, and agreed standards)","uncertain utility interaction (net metering, utility ownership, and agreed standards)",matched,corrected_from_label,False,10,20260630_010023
mistral_subject-matter_10_b5,mistral,mistral_subject-matter,subject-matter,5,4,lack of pilot projects,lack of pilot projects,matched,corrected_from_label,False,10,20260630_010023
mistral_subject-matter_10_b10,mistral,mistral_subject-matter,subject-matter,10,5,uncertain regulatory roadmap,uncertain regulatory roadmap,matched,corrected_from_label,False,10,20260630_010023
phi4_generalist_11_b1,phi4,phi4_generalist,generalist,1,1,"power losses, quality and safety issues","power losses, quality and safety issues",matched,correct_id,False,11,20260630_010656
phi4_generalist_11_b3,phi4,phi4_generalist,generalist,3,3,lack of use-cases in which DC is advantageous,lack of use-cases in which DC is advantageous,matched,correct_id,False,11,20260630_010656
phi4_generalist_11_b4,phi4,phi4_generalist,generalist,4,4,"uncertain utility interaction (net metering, utility ownership, and agreed standards)","uncertain utility interaction (net metering, utility ownership, and agreed standards)",matched,correct_id,False,11,20260630_010656
phi4_generalist_11_b8,phi4,phi4_generalist,generalist,8,8,misconception and lack of knowledge leads to lengthy/expensive design and permit process,misconception and lack of knowledge leads to lengthy/expensive design and permit process,matched,correct_id,False,11,20260630_010656
phi4_generalist_11_b10,phi4,phi4_generalist,generalist,10,10,uncertain regulatory roadmap,uncertain regulatory roadmap,matched,correct_id,False,11,20260630_010656
phi4_normative_11_b1,phi4,phi4_normative,normative,1,1,"power losses, quality and safety issues","power losses, quality and safety issues",matched,correct_id,False,11,20260630_010656
phi4_normative_11_b2,phi4,phi4_normative,normative,2,2,reduced reliability in DC devices,reduced reliability in DC devices,matched,correct_id,False,11,20260630_010656
phi4_normative_11_b4,phi4,phi4_normative,normative,4,4,"uncertain utility interaction (net metering, utility ownership, and agreed standards)","uncertain utility interaction (net metering, utility ownership, and agreed standards)",matched,correct_id,False,11,20260630_010656
phi4_normative_11_b8,phi4,phi4_normative,normative,8,8,misconception and lack of knowledge leads to lengthy/expensive design and permit process,misconception and lack of knowledge leads to lengthy/expensive design and permit process,matched,correct_id,False,11,20260630_010656
phi4_normative_11_b10,phi4,phi4_normative,normative,10,10,uncertain regulatory roadmap,uncertain regulatory roadmap,matched,correct_id,False,11,20260630_010656
phi4_subject-matter_11_b1,phi4,phi4_subject-matter,subject-matter,1,1,"power losses, quality and safety issues","power losses, quality and safety issues",matched,correct_id,False,11,20260630_010656
phi4_subject-matter_11_b4,phi4,phi4_subject-matter,subject-matter,4,4,"uncertain utility interaction (net metering, utility ownership, and agreed standards)","uncertain utility interaction (net metering, utility ownership, and agreed standards)",matched,correct_id,False,11,20260630_010656
phi4_subject-matter_11_b5,phi4,phi4_subject-matter,subject-matter,5,5,lack of pilot projects,lack of pilot projects,matched,correct_id,False,11,20260630_010656
phi4_subject-matter_11_b9,phi4,phi4_subject-matter,subject-matter,9,9,lack of enough trained personnel in DC systems,lack of enough trained personnel in DC systems,matched,correct_id,False,11,20260630_010656
phi4_subject-matter_11_b10,phi4,phi4_subject-matter,subject-matter,10,10,uncertain regulatory roadmap,uncertain regulatory roadmap,matched,correct_id,False,11,20260630_010656
gemma3_generalist_11_b1,gemma3,gemma3_generalist,generalist,1,1,"power losses, quality and safety issues","power losses, quality and safety issues",matched,correct_id,False,11,20260630_010656
gemma3_generalist_11_b5,gemma3,gemma3_generalist,generalist,5,2,lack of pilot projects,lack of pilot projects,matched,corrected_from_label,False,11,20260630_010656
gemma3_generalist_11_b6,gemma3,gemma3_generalist,generalist,6,3,public perception of DC and readiness to 'champion' installations from DC projects,public perception of DC and readiness to 'champion' installations from DC projects,matched,corrected_from_label,False,11,20260630_010656
gemma3_generalist_11_b8,gemma3,gemma3_generalist,generalist,8,4,misconception and lack of knowledge leads to lengthy/expensive design and permit process,misconception and lack of knowledge leads to lengthy/expensive design and permit process,matched,corrected_from_label,False,11,20260630_010656
gemma3_generalist_11_b11,gemma3,gemma3_generalist,generalist,11,5,high costs of DC solutions,high costs of DC solutions,matched,corrected_from_label,False,11,20260630_010656
gemma3_normative_11_b1,gemma3,gemma3_normative,normative,1,1,"power losses, quality and safety issues","power losses, quality and safety issues",matched,correct_id,False,11,20260630_010656
gemma3_normative_11_b4,gemma3,gemma3_normative,normative,4,2,"uncertain utility interaction (net metering, utility ownership, and agreed standards)","uncertain utility interaction (net metering, utility ownership, and agreed standards)",matched,corrected_from_label,False,11,20260630_010656
gemma3_normative_11_b8,gemma3,gemma3_normative,normative,8,3,misconception and lack of knowledge leads to lengthy/expensive design and permit process,misconception and lack of knowledge leads to lengthy/expensive design and permit process,matched,corrected_from_label,False,11,20260630_010656
gemma3_normative_11_b11,gemma3,gemma3_normative,normative,11,4,high costs of DC solutions,high costs of DC solutions,matched,corrected_from_label,False,11,20260630_010656
gemma3_normative_11_b10,gemma3,gemma3_normative,normative,10,5,uncertain regulatory roadmap,uncertain regulatory roadmap,matched,corrected_from_label,False,11,20260630_010656
gemma3_subject-matter_11_b1,gemma3,gemma3_subject-matter,subject-matter,1,1,"power losses, quality and safety issues","power losses, quality and safety issues",matched,correct_id,False,11,20260630_010656
gemma3_subject-matter_11_b5,gemma3,gemma3_subject-matter,subject-matter,5,2,lack of pilot projects,lack of pilot projects,matched,corrected_from_label,False,11,20260630_010656
gemma3_subject-matter_11_b6,gemma3,gemma3_subject-matter,subject-matter,6,3,public perception of DC and readiness to 'champion' installations from DC projects,public perception of DC and readiness to 'champion' installations from DC projects,matched,corrected_from_label,False,11,20260630_010656
gemma3_subject-matter_11_b9,gemma3,gemma3_subject-matter,subject-matter,9,4,lack of enough trained personnel in DC systems,lack of enough trained personnel in DC systems,matched,corrected_from_label,False,11,20260630_010656
gemma3_subject-matter_11_b11,gemma3,gemma3_subject-matter,subject-matter,11,5,high costs of DC solutions,high costs of DC solutions,matched,corrected_from_label,False,11,20260630_010656
llama_generalist_11_b1,llama,llama_generalist,generalist,1,1,"power losses, quality and safety issues","power losses, quality and safety issues",matched,correct_id,False,11,20260630_010656
llama_generalist_11_b3,llama,llama_generalist,generalist,3,2,lack of use-cases in which DC is advantageous,lack of use-cases in which DC is advantageous,matched,corrected_from_label,False,11,20260630_010656
llama_generalist_11_b4,llama,llama_generalist,generalist,4,3,"uncertain utility interaction (net metering, utility ownership, and agreed standards)","uncertain utility interaction (net metering, utility ownership, and agreed standards)",matched,corrected_from_label,False,11,20260630_010656
llama_generalist_11_b6,llama,llama_generalist,generalist,6,4,public perception of DC and readiness to 'champion' installations from DC projects,public perception of DC and readiness to 'champion' installations from DC projects,matched,corrected_from_label,False,11,20260630_010656
llama_generalist_11_b7,llama,llama_generalist,generalist,7,5,incompatibility of DC systems components,incompatibility of DC systems components,matched,corrected_from_label,False,11,20260630_010656
llama_normative_11_b5,llama,llama_normative,normative,5,5,lack of pilot projects,Lack of pilot projects,matched,correct_id,False,11,20260630_010656
llama_normative_11_b7,llama,llama_normative,normative,7,7,incompatibility of DC systems components,Incompatibility of DC systems components,matched,correct_id,False,11,20260630_010656
llama_normative_11_b8,llama,llama_normative,normative,8,8,misconception and lack of knowledge leads to lengthy/expensive design and permit process,Misconception and lack of knowledge leads to lengthy/expensive design and permit process,matched,correct_id,False,11,20260630_010656
llama_normative_11_b9,llama,llama_normative,normative,9,9,lack of enough trained personnel in DC systems,Lack of enough trained personnel in DC systems,matched,correct_id,False,11,20260630_010656
llama_normative_11_b10,llama,llama_normative,normative,10,10,uncertain regulatory roadmap,Uncertain regulatory roadmap,matched,correct_id,False,11,20260630_010656
llama_subject-matter_11_b1,llama,llama_subject-matter,subject-matter,1,1,"power losses, quality and safety issues","Power losses, quality and safety issues",matched,correct_id,False,11,20260630_010656
llama_subject-matter_11_b3,llama,llama_subject-matter,subject-matter,3,2,lack of use-cases in which DC is advantageous,Lack of use-cases in which DC is advantageous,matched,corrected_from_label,False,11,20260630_010656
llama_subject-matter_11_b4,llama,llama_subject-matter,subject-matter,4,3,"uncertain utility interaction (net metering, utility ownership, and agreed standards)","Uncertain utility interaction (net metering, utility ownership, and agreed standards)",matched,corrected_from_label,False,11,20260630_010656
llama_subject-matter_11_b7,llama,llama_subject-matter,subject-matter,7,4,incompatibility of DC systems components,Incompatibility of DC systems components,matched,corrected_from_label,False,11,20260630_010656
llama_subject-matter_11_b8,llama,llama_subject-matter,subject-matter,8,5,misconception and lack of knowledge leads to lengthy/expensive design and permit process,Misconception and lack of knowledge leads to lengthy/expensive design and permit process,matched,corrected_from_label,False,11,20260630_010656
mistral_generalist_11_b1,mistral,mistral_generalist,generalist,1,1,"power losses, quality and safety issues","Power losses, quality, and safety issues",matched,correct_id,False,11,20260630_010656
mistral_generalist_11_b4,mistral,mistral_generalist,generalist,4,2,"uncertain utility interaction (net metering, utility ownership, and agreed standards)","Uncertain utility interaction (net metering, utility ownership, and agreed standards)",matched,corrected_from_label,False,11,20260630_010656
mistral_generalist_11_b5,mistral,mistral_generalist,generalist,5,3,lack of pilot projects,Lack of pilot projects,matched,corrected_from_label,False,11,20260630_010656
mistral_generalist_11_b7,mistral,mistral_generalist,generalist,7,4,incompatibility of DC systems components,Incompatibility of DC systems components,matched,corrected_from_label,False,11,20260630_010656
mistral_generalist_11_b11,mistral,mistral_generalist,generalist,11,5,high costs of DC solutions,High costs of DC solutions,matched,corrected_from_label,False,11,20260630_010656
mistral_normative_11_b1,mistral,mistral_normative,normative,1,1,"power losses, quality and safety issues","power losses, quality and safety issues",matched,correct_id,False,11,20260630_010656
mistral_normative_11_b2,mistral,mistral_normative,normative,2,2,reduced reliability in DC devices,reduced reliability in DC devices,matched,correct_id,False,11,20260630_010656
mistral_normative_11_b4,mistral,mistral_normative,normative,4,3,"uncertain utility interaction (net metering, utility ownership, and agreed standards)","uncertain utility interaction (net metering, utility ownership, and agreed standards)",matched,corrected_from_label,False,11,20260630_010656
mistral_normative_11_b5,mistral,mistral_normative,normative,5,4,lack of pilot projects,lack of pilot projects,matched,corrected_from_label,False,11,20260630_010656
mistral_normative_11_b11,mistral,mistral_normative,normative,11,5,high costs of DC solutions,high costs of DC solutions,matched,corrected_from_label,False,11,20260630_010656
mistral_subject-matter_11_b1,mistral,mistral_subject-matter,subject-matter,1,1,"power losses, quality and safety issues","power losses, quality and safety issues",matched,correct_id,False,11,20260630_010656
mistral_subject-matter_11_b2,mistral,mistral_subject-matter,subject-matter,2,2,reduced reliability in DC devices,reduced reliability in DC devices,matched,correct_id,False,11,20260630_010656
mistral_subject-matter_11_b4,mistral,mistral_subject-matter,subject-matter,4,3,"uncertain utility interaction (net metering, utility ownership, and agreed standards)","uncertain utility interaction (net metering, utility ownership, and agreed standards)",matched,corrected_from_label,False,11,20260630_010656
mistral_subject-matter_11_b5,mistral,mistral_subject-matter,subject-matter,5,4,lack of pilot projects,lack of pilot projects,matched,corrected_from_label,False,11,20260630_010656
mistral_subject-matter_11_b9,mistral,mistral_subject-matter,subject-matter,9,5,lack of enough trained personnel in DC systems,lack of enough trained personnel in DC systems,matched,corrected_from_label,False,11,20260630_010656
phi4_generalist_12_b1,phi4,phi4_generalist,generalist,1,1,"power losses, quality and safety issues","power losses, quality and safety issues",matched,correct_id,False,12,20260630_010826
phi4_generalist_12_b3,phi4,phi4_generalist,generalist,3,3,lack of use-cases in which DC is advantageous,lack of use-cases in which DC is advantageous,matched,correct_id,False,12,20260630_010826
phi4_generalist_12_b4,phi4,phi4_generalist,generalist,4,4,"uncertain utility interaction (net metering, utility ownership, and agreed standards)","uncertain utility interaction (net metering, utility ownership, and agreed standards)",matched,correct_id,False,12,20260630_010826
phi4_generalist_12_b5,phi4,phi4_generalist,generalist,5,5,lack of pilot projects,lack of pilot projects,matched,correct_id,False,12,20260630_010826
phi4_generalist_12_b10,phi4,phi4_generalist,generalist,10,10,uncertain regulatory roadmap,uncertain regulatory roadmap,matched,correct_id,False,12,20260630_010826
phi4_normative_12_b1,phi4,phi4_normative,normative,1,1,"power losses, quality and safety issues","power losses, quality and safety issues",matched,correct_id,False,12,20260630_010826
phi4_normative_12_b4,phi4,phi4_normative,normative,4,2,"uncertain utility interaction (net metering, utility ownership, and agreed standards)","uncertain utility interaction (net metering, utility ownership, and agreed standards)",matched,corrected_from_label,False,12,20260630_010826
phi4_normative_12_b5,phi4,phi4_normative,normative,5,3,lack of pilot projects,lack of pilot projects,matched,corrected_from_label,False,12,20260630_010826
phi4_normative_12_b6,phi4,phi4_normative,normative,6,4,public perception of DC and readiness to 'champion' installations from DC projects,public perception of DC and readiness to 'champion' installations from DC projects,matched,corrected_from_label,False,12,20260630_010826
phi4_normative_12_b10,phi4,phi4_normative,normative,10,5,uncertain regulatory roadmap,uncertain regulatory roadmap,matched,corrected_from_label,False,12,20260630_010826
phi4_subject-matter_12_b1,phi4,phi4_subject-matter,subject-matter,1,1,"power losses, quality and safety issues","power losses, quality and safety issues",matched,correct_id,False,12,20260630_010826
phi4_subject-matter_12_b2,phi4,phi4_subject-matter,subject-matter,2,2,reduced reliability in DC devices,reduced reliability in DC devices,matched,correct_id,False,12,20260630_010826
phi4_subject-matter_12_b3,phi4,phi4_subject-matter,subject-matter,3,3,lack of use-cases in which DC is advantageous,lack of use-cases in which DC is advantageous,matched,correct_id,False,12,20260630_010826
phi4_subject-matter_12_b4,phi4,phi4_subject-matter,subject-matter,4,4,"uncertain utility interaction (net metering, utility ownership, and agreed standards)","uncertain utility interaction (net metering, utility ownership, and agreed standards)",matched,correct_id,False,12,20260630_010826
phi4_subject-matter_12_b5,phi4,phi4_subject-matter,subject-matter,5,5,lack of pilot projects,lack of pilot projects,matched,correct_id,False,12,20260630_010826
gemma3_generalist_12_b1,gemma3,gemma3_generalist,generalist,1,1,"power losses, quality and safety issues","power losses, quality and safety issues",matched,correct_id,False,12,20260630_010826
gemma3_generalist_12_b5,gemma3,gemma3_generalist,generalist,5,2,lack of pilot projects,lack of pilot projects,matched,corrected_from_label,False,12,20260630_010826
gemma3_generalist_12_b6,gemma3,gemma3_generalist,generalist,6,3,public perception of DC and readiness to 'champion' installations from DC projects,public perception of DC and readiness to 'champion' installations from DC projects,matched,corrected_from_label,False,12,20260630_010826
gemma3_generalist_12_b8,gemma3,gemma3_generalist,generalist,8,4,misconception and lack of knowledge leads to lengthy/expensive design and permit process,misconception and lack of knowledge leads to lengthy/expensive design and permit process,matched,corrected_from_label,False,12,20260630_010826
gemma3_generalist_12_b11,gemma3,gemma3_generalist,generalist,11,5,high costs of DC solutions,high costs of DC solutions,matched,corrected_from_label,False,12,20260630_010826
gemma3_normative_12_b1,gemma3,gemma3_normative,normative,1,1,"power losses, quality and safety issues","power losses, quality and safety issues",matched,correct_id,False,12,20260630_010826
gemma3_normative_12_b4,gemma3,gemma3_normative,normative,4,4,"uncertain utility interaction (net metering, utility ownership, and agreed standards)","uncertain utility interaction (net metering, utility ownership, and agreed standards)",matched,correct_id,False,12,20260630_010826
gemma3_normative_12_b6,gemma3,gemma3_normative,normative,6,6,public perception of DC and readiness to 'champion' installations from DC projects,public perception of DC and readiness to 'champion' installations from DC projects,matched,correct_id,False,12,20260630_010826
gemma3_normative_12_b8,gemma3,gemma3_normative,normative,8,8,misconception and lack of knowledge leads to lengthy/expensive design and permit process,misconception and lack of knowledge leads to lengthy/expensive design and permit process,matched,correct_id,False,12,20260630_010826
gemma3_normative_12_b11,gemma3,gemma3_normative,normative,11,11,high costs of DC solutions,high costs of DC solutions,matched,correct_id,False,12,20260630_010826
gemma3_subject-matter_12_b1,gemma3,gemma3_subject-matter,subject-matter,1,1,"power losses, quality and safety issues","power losses, quality and safety issues",matched,correct_id,False,12,20260630_010826
gemma3_subject-matter_12_b5,gemma3,gemma3_subject-matter,subject-matter,5,2,lack of pilot projects,lack of pilot projects,matched,corrected_from_label,False,12,20260630_010826
gemma3_subject-matter_12_b4,gemma3,gemma3_subject-matter,subject-matter,4,3,"uncertain utility interaction (net metering, utility ownership, and agreed standards)","uncertain utility interaction (net metering, utility ownership, and agreed standards)",matched,corrected_from_label,False,12,20260630_010826
gemma3_subject-matter_12_b8,gemma3,gemma3_subject-matter,subject-matter,8,4,misconception and lack of knowledge leads to lengthy/expensive design and permit process,misconception and lack of knowledge leads to lengthy/expensive design and permit process,matched,corrected_from_label,False,12,20260630_010826
gemma3_subject-matter_12_b10,gemma3,gemma3_subject-matter,subject-matter,10,5,uncertain regulatory roadmap,uncertain regulatory roadmap,matched,corrected_from_label,False,12,20260630_010826
llama_generalist_12_b1,llama,llama_generalist,generalist,1,1,"power losses, quality and safety issues","power losses, quality and safety issues",matched,correct_id,False,12,20260630_010826
llama_generalist_12_b2,llama,llama_generalist,generalist,2,2,reduced reliability in DC devices,reduced reliability in DC devices,matched,correct_id,False,12,20260630_010826
llama_generalist_12_b3,llama,llama_generalist,generalist,3,3,lack of use-cases in which DC is advantageous,lack of use-cases in which DC is advantageous,matched,correct_id,False,12,20260630_010826
llama_generalist_12_b4,llama,llama_generalist,generalist,4,4,"uncertain utility interaction (net metering, utility ownership, and agreed standards)","uncertain utility interaction (net metering, utility ownership, and agreed standards)",matched,correct_id,False,12,20260630_010826
llama_generalist_12_b5,llama,llama_generalist,generalist,5,5,lack of pilot projects,lack of pilot projects,matched,correct_id,False,12,20260630_010826
llama_normative_12_b3,llama,llama_normative,normative,3,1,lack of use-cases in which DC is advantageous,Lack of use-cases in which DC is advantageous,matched,corrected_from_label,False,12,20260630_010826
llama_normative_12_b4,llama,llama_normative,normative,4,2,"uncertain utility interaction (net metering, utility ownership, and agreed standards)","Uncertain utility interaction (net metering, utility ownership, and agreed standards)",matched,corrected_from_label,False,12,20260630_010826
llama_normative_12_b11,llama,llama_normative,normative,11,3,high costs of DC solutions,High costs of DC solutions,matched,corrected_from_label,False,12,20260630_010826
llama_normative_12_b7,llama,llama_normative,normative,7,4,incompatibility of DC systems components,Incompatibility of DC systems components,matched,corrected_from_label,False,12,20260630_010826
llama_normative_12_b8,llama,llama_normative,normative,8,5,misconception and lack of knowledge leads to lengthy/expensive design and permit process,Misconception and lack of knowledge leads to lengthy/expensive design and permit process,matched,corrected_from_label,False,12,20260630_010826
llama_subject-matter_12_b1,llama,llama_subject-matter,subject-matter,1,1,"power losses, quality and safety issues","power losses, quality and safety issues",matched,correct_id,False,12,20260630_010826
llama_subject-matter_12_b2,llama,llama_subject-matter,subject-matter,2,2,reduced reliability in DC devices,reduced reliability in DC devices,matched,correct_id,False,12,20260630_010826
llama_subject-matter_12_b4,llama,llama_subject-matter,subject-matter,4,3,"uncertain utility interaction (net metering, utility ownership, and agreed standards)","uncertain utility interaction (net metering, utility ownership, and agreed standards)",matched,corrected_from_label,False,12,20260630_010826
llama_subject-matter_12_b5,llama,llama_subject-matter,subject-matter,5,4,lack of pilot projects,lack of pilot projects,matched,corrected_from_label,False,12,20260630_010826
llama_subject-matter_12_b6,llama,llama_subject-matter,subject-matter,6,5,public perception of DC and readiness to 'champion' installations from DC projects,public perception of DC and readiness to 'champion' installations from DC projects,matched,corrected_from_label,False,12,20260630_010826
mistral_generalist_12_b1,mistral,mistral_generalist,generalist,1,1,"power losses, quality and safety issues","power losses, quality and safety issues",matched,correct_id,False,12,20260630_010826
mistral_generalist_12_b2,mistral,mistral_generalist,generalist,2,2,reduced reliability in DC devices,reduced reliability in DC devices,matched,correct_id,False,12,20260630_010826
mistral_generalist_12_b4,mistral,mistral_generalist,generalist,4,3,"uncertain utility interaction (net metering, utility ownership, and agreed standards)","uncertain utility interaction (net metering, utility ownership, and agreed standards)",matched,corrected_from_label,False,12,20260630_010826
mistral_generalist_12_b5,mistral,mistral_generalist,generalist,5,4,lack of pilot projects,lack of pilot projects,matched,corrected_from_label,False,12,20260630_010826
mistral_generalist_12_b11,mistral,mistral_generalist,generalist,11,5,high costs of DC solutions,high costs of DC solutions,matched,corrected_from_label,False,12,20260630_010826
mistral_normative_12_b1,mistral,mistral_normative,normative,1,1,"power losses, quality and safety issues","power losses, quality and safety issues",matched,correct_id,False,12,20260630_010826
mistral_normative_12_b4,mistral,mistral_normative,normative,4,4,"uncertain utility interaction (net metering, utility ownership, and agreed standards)","uncertain utility interaction (net metering, utility ownership, and agreed standards)",matched,correct_id,False,12,20260630_010826
mistral_normative_12_b5,mistral,mistral_normative,normative,5,5,lack of pilot projects,lack of pilot projects,matched,correct_id,False,12,20260630_010826
mistral_normative_12_b8,mistral,mistral_normative,normative,8,8,misconception and lack of knowledge leads to lengthy/expensive design and permit process,misconception and lack of knowledge leads to lengthy/expensive design and permit process,matched,correct_id,False,12,20260630_010826
mistral_normative_12_b10,mistral,mistral_normative,normative,10,10,uncertain regulatory roadmap,uncertain regulatory roadmap,matched,correct_id,False,12,20260630_010826
mistral_subject-matter_12_b1,mistral,mistral_subject-matter,subject-matter,1,1,"power losses, quality and safety issues","power losses, quality and safety issues",matched,correct_id,False,12,20260630_010826
mistral_subject-matter_12_b4,mistral,mistral_subject-matter,subject-matter,4,4,"uncertain utility interaction (net metering, utility ownership, and agreed standards)","uncertain utility interaction (net metering, utility ownership, and agreed standards)",matched,correct_id,False,12,20260630_010826
mistral_subject-matter_12_b5,mistral,mistral_subject-matter,subject-matter,5,5,lack of pilot projects,lack of pilot projects,matched,correct_id,False,12,20260630_010826
mistral_subject-matter_12_b7,mistral,mistral_subject-matter,subject-matter,7,7,incompatibility of DC systems components,incompatibility of DC systems components,matched,correct_id,False,12,20260630_010826
mistral_subject-matter_12_b9,mistral,mistral_subject-matter,subject-matter,9,9,lack of enough trained personnel in DC systems,lack of enough trained personnel in DC systems,matched,correct_id,False,12,20260630_010826
phi4_generalist_13_b1,phi4,phi4_generalist,generalist,1,1,"power losses, quality and safety issues","power losses, quality and safety issues",matched,correct_id,False,13,20260630_011000
phi4_generalist_13_b3,phi4,phi4_generalist,generalist,3,3,lack of use-cases in which DC is advantageous,lack of use-cases in which DC is advantageous,matched,correct_id,False,13,20260630_011000
phi4_generalist_13_b4,phi4,phi4_generalist,generalist,4,4,"uncertain utility interaction (net metering, utility ownership, and agreed standards)","uncertain utility interaction (net metering, utility ownership, and agreed standards)",matched,correct_id,False,13,20260630_011000
phi4_generalist_13_b5,phi4,phi4_generalist,generalist,5,5,lack of pilot projects,lack of pilot projects,matched,correct_id,False,13,20260630_011000
phi4_generalist_13_b10,phi4,phi4_generalist,generalist,10,10,uncertain regulatory roadmap,uncertain regulatory roadmap,matched,correct_id,False,13,20260630_011000
phi4_normative_13_b1,phi4,phi4_normative,normative,1,1,"power losses, quality and safety issues","power losses, quality and safety issues",matched,correct_id,False,13,20260630_011000
phi4_normative_13_b4,phi4,phi4_normative,normative,4,4,"uncertain utility interaction (net metering, utility ownership, and agreed standards)","uncertain utility interaction (net metering, utility ownership, and agreed standards)",matched,correct_id,False,13,20260630_011000
phi4_normative_13_b6,phi4,phi4_normative,normative,6,6,public perception of DC and readiness to 'champion' installations from DC projects,public perception of DC and readiness to 'champion' installations from DC projects,matched,correct_id,False,13,20260630_011000
phi4_normative_13_b8,phi4,phi4_normative,normative,8,8,misconception and lack of knowledge leads to lengthy/expensive design and permit process,misconception and lack of knowledge leads to lengthy/expensive design and permit process,matched,correct_id,False,13,20260630_011000
phi4_normative_13_b10,phi4,phi4_normative,normative,10,10,uncertain regulatory roadmap,uncertain regulatory roadmap,matched,correct_id,False,13,20260630_011000
phi4_subject-matter_13_b1,phi4,phi4_subject-matter,subject-matter,1,1,"power losses, quality and safety issues","power losses, quality and safety issues",matched,correct_id,False,13,20260630_011000
phi4_subject-matter_13_b4,phi4,phi4_subject-matter,subject-matter,4,4,"uncertain utility interaction (net metering, utility ownership, and agreed standards)","uncertain utility interaction (net metering, utility ownership, and agreed standards)",matched,correct_id,False,13,20260630_011000
phi4_subject-matter_13_b5,phi4,phi4_subject-matter,subject-matter,5,5,lack of pilot projects,lack of pilot projects,matched,correct_id,False,13,20260630_011000
phi4_subject-matter_13_b8,phi4,phi4_subject-matter,subject-matter,8,8,misconception and lack of knowledge leads to lengthy/expensive design and permit process,misconception and lack of knowledge leads to lengthy/expensive design and permit process,matched,correct_id,False,13,20260630_011000
phi4_subject-matter_13_b10,phi4,phi4_subject-matter,subject-matter,10,10,uncertain regulatory roadmap,uncertain regulatory roadmap,matched,correct_id,False,13,20260630_011000
gemma3_generalist_13_b1,gemma3,gemma3_generalist,generalist,1,1,"power losses, quality and safety issues","power losses, quality and safety issues",matched,correct_id,False,13,20260630_011000
gemma3_generalist_13_b5,gemma3,gemma3_generalist,generalist,5,2,lack of pilot projects,lack of pilot projects,matched,corrected_from_label,False,13,20260630_011000
gemma3_generalist_13_b6,gemma3,gemma3_generalist,generalist,6,3,public perception of DC and readiness to 'champion' installations from DC projects,public perception of DC and readiness to 'champion' installations from DC projects,matched,corrected_from_label,False,13,20260630_011000
gemma3_generalist_13_b8,gemma3,gemma3_generalist,generalist,8,4,misconception and lack of knowledge leads to lengthy/expensive design and permit process,misconception and lack of knowledge leads to lengthy/expensive design and permit process,matched,corrected_from_label,False,13,20260630_011000
gemma3_generalist_13_b11,gemma3,gemma3_generalist,generalist,11,5,high costs of DC solutions,high costs of DC solutions,matched,corrected_from_label,False,13,20260630_011000
gemma3_normative_13_b1,gemma3,gemma3_normative,normative,1,1,"power losses, quality and safety issues","power losses, quality and safety issues",matched,correct_id,False,13,20260630_011000
gemma3_normative_13_b4,gemma3,gemma3_normative,normative,4,4,"uncertain utility interaction (net metering, utility ownership, and agreed standards)","uncertain utility interaction (net metering, utility ownership, and agreed standards)",matched,correct_id,False,13,20260630_011000
gemma3_normative_13_b8,gemma3,gemma3_normative,normative,8,8,misconception and lack of knowledge leads to lengthy/expensive design and permit process,misconception and lack of knowledge leads to lengthy/expensive design and permit process,matched,correct_id,False,13,20260630_011000
gemma3_normative_13_b9,gemma3,gemma3_normative,normative,9,9,lack of enough trained personnel in DC systems,lack of enough trained personnel in DC systems,matched,correct_id,False,13,20260630_011000
gemma3_normative_13_b11,gemma3,gemma3_normative,normative,11,11,high costs of DC solutions,high costs of DC solutions,matched,correct_id,False,13,20260630_011000
gemma3_subject-matter_13_b1,gemma3,gemma3_subject-matter,subject-matter,1,1,"power losses, quality and safety issues","power losses, quality and safety issues",matched,correct_id,False,13,20260630_011000
gemma3_subject-matter_13_b5,gemma3,gemma3_subject-matter,subject-matter,5,2,lack of pilot projects,lack of pilot projects,matched,corrected_from_label,False,13,20260630_011000
gemma3_subject-matter_13_b6,gemma3,gemma3_subject-matter,subject-matter,6,3,public perception of DC and readiness to 'champion' installations from DC projects,public perception of DC and readiness to 'champion' installations from DC projects,matched,corrected_from_label,False,13,20260630_011000
gemma3_subject-matter_13_b9,gemma3,gemma3_subject-matter,subject-matter,9,4,lack of enough trained personnel in DC systems,lack of enough trained personnel in DC systems,matched,corrected_from_label,False,13,20260630_011000
gemma3_subject-matter_13_b10,gemma3,gemma3_subject-matter,subject-matter,10,5,uncertain regulatory roadmap,uncertain regulatory roadmap,matched,corrected_from_label,False,13,20260630_011000
llama_generalist_13_b1,llama,llama_generalist,generalist,1,1,"power losses, quality and safety issues","Power losses, quality, and safety issues",matched,correct_id,False,13,20260630_011000
llama_generalist_13_b3,llama,llama_generalist,generalist,3,2,lack of use-cases in which DC is advantageous,Lack of use-cases in which DC is advantageous,matched,corrected_from_label,False,13,20260630_011000
llama_generalist_13_b4,llama,llama_generalist,generalist,4,3,"uncertain utility interaction (net metering, utility ownership, and agreed standards)","Uncertain utility interaction (net metering, utility ownership, and agreed standards)",matched,corrected_from_label,False,13,20260630_011000
llama_generalist_13_b5,llama,llama_generalist,generalist,5,4,lack of pilot projects,Lack of pilot projects,matched,corrected_from_label,False,13,20260630_011000
llama_generalist_13_b6,llama,llama_generalist,generalist,6,5,public perception of DC and readiness to 'champion' installations from DC projects,Public perception of DC and readiness to 'champion' installations from DC projects,matched,corrected_from_label,False,13,20260630_011000
llama_normative_13_b1,llama,llama_normative,normative,1,1,"power losses, quality and safety issues","Power losses, quality, and safety issues",matched,correct_id,False,13,20260630_011000
llama_normative_13_b2,llama,llama_normative,normative,2,2,reduced reliability in DC devices,Reduced reliability in DC devices,matched,correct_id,False,13,20260630_011000
llama_normative_13_b4,llama,llama_normative,normative,4,3,"uncertain utility interaction (net metering, utility ownership, and agreed standards)","Uncertain utility interaction (net metering, utility ownership, and agreed standards)",matched,corrected_from_label,False,13,20260630_011000
llama_normative_13_b3,llama,llama_normative,normative,3,4,lack of use-cases in which DC is advantageous,Lack of use-cases in which DC is advantageous,matched,corrected_from_label,False,13,20260630_011000
llama_normative_13_b7,llama,llama_normative,normative,7,5,incompatibility of DC systems components,Incompatibility of DC systems components,matched,corrected_from_label,False,13,20260630_011000
llama_subject-matter_13_b1,llama,llama_subject-matter,subject-matter,1,1,"power losses, quality and safety issues","Power losses, quality, and safety issues",matched,correct_id,False,13,20260630_011000
llama_subject-matter_13_b3,llama,llama_subject-matter,subject-matter,3,2,lack of use-cases in which DC is advantageous,Lack of use-cases in which DC is advantageous,matched,corrected_from_label,False,13,20260630_011000
llama_subject-matter_13_b4,llama,llama_subject-matter,subject-matter,4,3,"uncertain utility interaction (net metering, utility ownership, and agreed standards)","Uncertain utility interaction (net metering, utility ownership, and agreed standards)",matched,corrected_from_label,False,13,20260630_011000
llama_subject-matter_13_b7,llama,llama_subject-matter,subject-matter,7,4,incompatibility of DC systems components,Incompatibility of DC systems components,matched,corrected_from_label,False,13,20260630_011000
llama_subject-matter_13_b8,llama,llama_subject-matter,subject-matter,8,5,misconception and lack of knowledge leads to lengthy/expensive design and permit process,Misconception and lack of knowledge leads to lengthy/expensive design and permit process,matched,corrected_from_label,False,13,20260630_011000
mistral_generalist_13_b1,mistral,mistral_generalist,generalist,1,1,"power losses, quality and safety issues","Power losses, quality, and safety issues",matched,correct_id,False,13,20260630_011000
mistral_generalist_13_b2,mistral,mistral_generalist,generalist,2,2,reduced reliability in DC devices,Reduced reliability in DC devices,matched,correct_id,False,13,20260630_011000
mistral_generalist_13_b3,mistral,mistral_generalist,generalist,3,3,lack of use-cases in which DC is advantageous,Lack of use-cases in which DC is advantageous,matched,correct_id,False,13,20260630_011000
mistral_generalist_13_b4,mistral,mistral_generalist,generalist,4,4,"uncertain utility interaction (net metering, utility ownership, and agreed standards)","Uncertain utility interaction (net metering, utility ownership, and agreed standards)",matched,correct_id,False,13,20260630_011000
mistral_generalist_13_b5,mistral,mistral_generalist,generalist,5,5,lack of pilot projects,Lack of pilot projects,matched,correct_id,False,13,20260630_011000
mistral_normative_13_b1,mistral,mistral_normative,normative,1,1,"power losses, quality and safety issues","power losses, quality and safety issues",matched,correct_id,False,13,20260630_011000
mistral_normative_13_b4,mistral,mistral_normative,normative,4,2,"uncertain utility interaction (net metering, utility ownership, and agreed standards)","uncertain utility interaction (net metering, utility ownership, and agreed standards)",matched,corrected_from_label,False,13,20260630_011000
mistral_normative_13_b3,mistral,mistral_normative,normative,3,3,lack of use-cases in which DC is advantageous,lack of use-cases in which DC is advantageous,matched,correct_id,False,13,20260630_011000
mistral_normative_13_b7,mistral,mistral_normative,normative,7,4,incompatibility of DC systems components,incompatibility of DC systems components,matched,corrected_from_label,False,13,20260630_011000
mistral_normative_13_b11,mistral,mistral_normative,normative,11,5,high costs of DC solutions,high costs of DC solutions,matched,corrected_from_label,False,13,20260630_011000
mistral_subject-matter_13_b1,mistral,mistral_subject-matter,subject-matter,1,1,"power losses, quality and safety issues","power losses, quality and safety issues",matched,correct_id,False,13,20260630_011000
mistral_subject-matter_13_b2,mistral,mistral_subject-matter,subject-matter,2,2,reduced reliability in DC devices,reduced reliability in DC devices,matched,correct_id,False,13,20260630_011000
mistral_subject-matter_13_b3,mistral,mistral_subject-matter,subject-matter,3,3,lack of use-cases in which DC is advantageous,lack of use-cases in which DC is advantageous,matched,correct_id,False,13,20260630_011000
mistral_subject-matter_13_b4,mistral,mistral_subject-matter,subject-matter,4,4,"uncertain utility interaction (net metering, utility ownership, and agreed standards)","uncertain utility interaction (net metering, utility ownership, and agreed standards)",matched,correct_id,False,13,20260630_011000
mistral_subject-matter_13_b5,mistral,mistral_subject-matter,subject-matter,5,5,lack of pilot projects,lack of pilot projects,matched,correct_id,False,13,20260630_011000
phi4_generalist_14_b1,phi4,phi4_generalist,generalist,1,1,"power losses, quality and safety issues","power losses, quality and safety issues",matched,correct_id,False,14,20260630_011137
phi4_generalist_14_b3,phi4,phi4_generalist,generalist,3,3,lack of use-cases in which DC is advantageous,lack of use-cases in which DC is advantageous,matched,correct_id,False,14,20260630_011137
phi4_generalist_14_b4,phi4,phi4_generalist,generalist,4,4,"uncertain utility interaction (net metering, utility ownership, and agreed standards)","uncertain utility interaction (net metering, utility ownership, and agreed standards)",matched,correct_id,False,14,20260630_011137
phi4_generalist_14_b5,phi4,phi4_generalist,generalist,5,5,lack of pilot projects,lack of pilot projects,matched,correct_id,False,14,20260630_011137
phi4_generalist_14_b10,phi4,phi4_generalist,generalist,10,10,uncertain regulatory roadmap,uncertain regulatory roadmap,matched,correct_id,False,14,20260630_011137
phi4_normative_14_b1,phi4,phi4_normative,normative,1,1,"power losses, quality and safety issues","power losses, quality and safety issues",matched,correct_id,False,14,20260630_011137
phi4_normative_14_b3,phi4,phi4_normative,normative,3,2,lack of use-cases in which DC is advantageous,lack of use-cases in which DC is advantageous,matched,corrected_from_label,False,14,20260630_011137
phi4_normative_14_b4,phi4,phi4_normative,normative,4,4,"uncertain utility interaction (net metering, utility ownership, and agreed standards)","uncertain utility interaction (net metering, utility ownership, and agreed standards)",matched,correct_id,False,14,20260630_011137
phi4_normative_14_b8,phi4,phi4_normative,normative,8,8,misconception and lack of knowledge leads to lengthy/expensive design and permit process,misconception and lack of knowledge leads to lengthy/expensive design and permit process,matched,correct_id,False,14,20260630_011137
phi4_normative_14_b10,phi4,phi4_normative,normative,10,10,uncertain regulatory roadmap,uncertain regulatory roadmap,matched,correct_id,False,14,20260630_011137
phi4_subject-matter_14_b1,phi4,phi4_subject-matter,subject-matter,1,1,"power losses, quality and safety issues","power losses, quality and safety issues",matched,correct_id,False,14,20260630_011137
phi4_subject-matter_14_b2,phi4,phi4_subject-matter,subject-matter,2,2,reduced reliability in DC devices,reduced reliability in DC devices,matched,correct_id,False,14,20260630_011137
phi4_subject-matter_14_b3,phi4,phi4_subject-matter,subject-matter,3,3,lack of use-cases in which DC is advantageous,lack of use-cases in which DC is advantageous,matched,correct_id,False,14,20260630_011137
phi4_subject-matter_14_b4,phi4,phi4_subject-matter,subject-matter,4,4,"uncertain utility interaction (net metering, utility ownership, and agreed standards)","uncertain utility interaction (net metering, utility ownership, and agreed standards)",matched,correct_id,False,14,20260630_011137
phi4_subject-matter_14_b11,phi4,phi4_subject-matter,subject-matter,11,5,high costs of DC solutions,high costs of DC solutions,matched,corrected_from_label,False,14,20260630_011137
gemma3_generalist_14_b1,gemma3,gemma3_generalist,generalist,1,1,"power losses, quality and safety issues","power losses, quality and safety issues",matched,correct_id,False,14,20260630_011137
gemma3_generalist_14_b5,gemma3,gemma3_generalist,generalist,5,2,lack of pilot projects,lack of pilot projects,matched,corrected_from_label,False,14,20260630_011137
gemma3_generalist_14_b6,gemma3,gemma3_generalist,generalist,6,3,public perception of DC and readiness to 'champion' installations from DC projects,public perception of DC and readiness to 'champion' installations from DC projects,matched,corrected_from_label,False,14,20260630_011137
gemma3_generalist_14_b8,gemma3,gemma3_generalist,generalist,8,4,misconception and lack of knowledge leads to lengthy/expensive design and permit process,misconception and lack of knowledge leads to lengthy/expensive design and permit process,matched,corrected_from_label,False,14,20260630_011137
gemma3_generalist_14_b11,gemma3,gemma3_generalist,generalist,11,5,high costs of DC solutions,high costs of DC solutions,matched,corrected_from_label,False,14,20260630_011137
gemma3_normative_14_b1,gemma3,gemma3_normative,normative,1,1,"power losses, quality and safety issues","power losses, quality and safety issues",matched,correct_id,False,14,20260630_011137
gemma3_normative_14_b4,gemma3,gemma3_normative,normative,4,4,"uncertain utility interaction (net metering, utility ownership, and agreed standards)","uncertain utility interaction (net metering, utility ownership, and agreed standards)",matched,correct_id,False,14,20260630_011137
gemma3_normative_14_b8,gemma3,gemma3_normative,normative,8,8,misconception and lack of knowledge leads to lengthy/expensive design and permit process,misconception and lack of knowledge leads to lengthy/expensive design and permit process,matched,correct_id,False,14,20260630_011137
gemma3_normative_14_b9,gemma3,gemma3_normative,normative,9,9,lack of enough trained personnel in DC systems,lack of enough trained personnel in DC systems,matched,correct_id,False,14,20260630_011137
gemma3_normative_14_b11,gemma3,gemma3_normative,normative,11,11,high costs of DC solutions,high costs of DC solutions,matched,correct_id,False,14,20260630_011137
gemma3_subject-matter_14_b1,gemma3,gemma3_subject-matter,subject-matter,1,1,"power losses, quality and safety issues","power losses, quality and safety issues",matched,correct_id,False,14,20260630_011137
gemma3_subject-matter_14_b5,gemma3,gemma3_subject-matter,subject-matter,5,2,lack of pilot projects,lack of pilot projects,matched,corrected_from_label,False,14,20260630_011137
gemma3_subject-matter_14_b4,gemma3,gemma3_subject-matter,subject-matter,4,3,"uncertain utility interaction (net metering, utility ownership, and agreed standards)","uncertain utility interaction (net metering, utility ownership, and agreed standards)",matched,corrected_from_label,False,14,20260630_011137
gemma3_subject-matter_14_b8,gemma3,gemma3_subject-matter,subject-matter,8,4,misconception and lack of knowledge leads to lengthy/expensive design and permit process,misconception and lack of knowledge leads to lengthy/expensive design and permit process,matched,corrected_from_label,False,14,20260630_011137
gemma3_subject-matter_14_b11,gemma3,gemma3_subject-matter,subject-matter,11,5,high costs of DC solutions,high costs of DC solutions,matched,corrected_from_label,False,14,20260630_011137
llama_generalist_14_b1,llama,llama_generalist,generalist,1,1,"power losses, quality and safety issues","power losses, quality and safety issues",matched,correct_id,False,14,20260630_011137
llama_generalist_14_b2,llama,llama_generalist,generalist,2,2,reduced reliability in DC devices,reduced reliability in DC devices,matched,correct_id,False,14,20260630_011137
llama_generalist_14_b3,llama,llama_generalist,generalist,3,3,lack of use-cases in which DC is advantageous,lack of use-cases in which DC is advantageous,matched,correct_id,False,14,20260630_011137
llama_generalist_14_b4,llama,llama_generalist,generalist,4,4,"uncertain utility interaction (net metering, utility ownership, and agreed standards)","uncertain utility interaction (net metering, utility ownership, and agreed standards)",matched,correct_id,False,14,20260630_011137
llama_generalist_14_b5,llama,llama_generalist,generalist,5,5,lack of pilot projects,lack of pilot projects,matched,correct_id,False,14,20260630_011137
llama_normative_14_b1,llama,llama_normative,normative,1,1,"power losses, quality and safety issues","power losses, quality and safety issues",matched,correct_id,False,14,20260630_011137
llama_normative_14_b2,llama,llama_normative,normative,2,2,reduced reliability in DC devices,reduced reliability in DC devices,matched,correct_id,False,14,20260630_011137
llama_normative_14_b3,llama,llama_normative,normative,3,3,lack of use-cases in which DC is advantageous,lack of use-cases in which DC is advantageous,matched,correct_id,False,14,20260630_011137
llama_normative_14_b4,llama,llama_normative,normative,4,4,"uncertain utility interaction (net metering, utility ownership, and agreed standards)","uncertain utility interaction (net metering, utility ownership, and agreed standards)",matched,correct_id,False,14,20260630_011137
llama_normative_14_b5,llama,llama_normative,normative,5,5,lack of pilot projects,lack of pilot projects,matched,correct_id,False,14,20260630_011137
llama_subject-matter_14_b1,llama,llama_subject-matter,subject-matter,1,1,"power losses, quality and safety issues","power losses, quality and safety issues",matched,correct_id,False,14,20260630_011137
llama_subject-matter_14_b2,llama,llama_subject-matter,subject-matter,2,2,reduced reliability in DC devices,reduced reliability in DC devices,matched,correct_id,False,14,20260630_011137
llama_subject-matter_14_b3,llama,llama_subject-matter,subject-matter,3,3,lack of use-cases in which DC is advantageous,lack of use-cases in which DC is advantageous,matched,correct_id,False,14,20260630_011137
llama_subject-matter_14_b4,llama,llama_subject-matter,subject-matter,4,4,"uncertain utility interaction (net metering, utility ownership, and agreed standards)","uncertain utility interaction (net metering, utility ownership, and agreed standards)",matched,correct_id,False,14,20260630_011137
llama_subject-matter_14_b5,llama,llama_subject-matter,subject-matter,5,5,lack of pilot projects,lack of pilot projects,matched,correct_id,False,14,20260630_011137
mistral_generalist_14_b1,mistral,mistral_generalist,generalist,1,1,"power losses, quality and safety issues","power losses, quality and safety issues",matched,correct_id,False,14,20260630_011137
mistral_generalist_14_b4,mistral,mistral_generalist,generalist,4,2,"uncertain utility interaction (net metering, utility ownership, and agreed standards)","uncertain utility interaction (net metering, utility ownership, and agreed standards)",matched,corrected_from_label,False,14,20260630_011137
mistral_generalist_14_b5,mistral,mistral_generalist,generalist,5,3,lack of pilot projects,lack of pilot projects,matched,corrected_from_label,False,14,20260630_011137
mistral_generalist_14_b7,mistral,mistral_generalist,generalist,7,4,incompatibility of DC systems components,incompatibility of DC systems components,matched,corrected_from_label,False,14,20260630_011137
mistral_generalist_14_b11,mistral,mistral_generalist,generalist,11,5,high costs of DC solutions,high costs of DC solutions,matched,corrected_from_label,False,14,20260630_011137
mistral_normative_14_b1,mistral,mistral_normative,normative,1,1,"power losses, quality and safety issues","power losses, quality and safety issues",matched,correct_id,False,14,20260630_011137
mistral_normative_14_b2,mistral,mistral_normative,normative,2,2,reduced reliability in DC devices,reduced reliability in DC devices,matched,correct_id,False,14,20260630_011137
mistral_normative_14_b4,mistral,mistral_normative,normative,4,3,"uncertain utility interaction (net metering, utility ownership, and agreed standards)","uncertain utility interaction (net metering, utility ownership, and agreed standards)",matched,corrected_from_label,False,14,20260630_011137
mistral_normative_14_b5,mistral,mistral_normative,normative,5,4,lack of pilot projects,lack of pilot projects,matched,corrected_from_label,False,14,20260630_011137
mistral_normative_14_b9,mistral,mistral_normative,normative,9,5,lack of enough trained personnel in DC systems,lack of enough trained personnel in DC systems,matched,corrected_from_label,False,14,20260630_011137
mistral_subject-matter_14_b1,mistral,mistral_subject-matter,subject-matter,1,1,"power losses, quality and safety issues","power losses, quality and safety issues",matched,correct_id,False,14,20260630_011137
mistral_subject-matter_14_b2,mistral,mistral_subject-matter,subject-matter,2,2,reduced reliability in DC devices,reduced reliability in DC devices,matched,correct_id,False,14,20260630_011137
mistral_subject-matter_14_b3,mistral,mistral_subject-matter,subject-matter,3,3,lack of use-cases in which DC is advantageous,lack of use-cases in which DC is advantageous,matched,correct_id,False,14,20260630_011137
mistral_subject-matter_14_b4,mistral,mistral_subject-matter,subject-matter,4,4,"uncertain utility interaction (net metering, utility ownership, and agreed standards)","uncertain utility interaction (net metering, utility ownership, and agreed standards)",matched,correct_id,False,14,20260630_011137
mistral_subject-matter_14_b11,mistral,mistral_subject-matter,subject-matter,11,5,high costs of DC solutions,high costs of DC solutions,matched,corrected_from_label,False,14,20260630_011137
phi4_generalist_15_b1,phi4,phi4_generalist,generalist,1,1,"power losses, quality and safety issues","power losses, quality and safety issues",matched,correct_id,False,15,20260630_011312
phi4_generalist_15_b3,phi4,phi4_generalist,generalist,3,3,lack of use-cases in which DC is advantageous,lack of use-cases in which DC is advantageous,matched,correct_id,False,15,20260630_011312
phi4_generalist_15_b4,phi4,phi4_generalist,generalist,4,4,"uncertain utility interaction (net metering, utility ownership, and agreed standards)","uncertain utility interaction (net metering, utility ownership, and agreed standards)",matched,correct_id,False,15,20260630_011312
phi4_generalist_15_b8,phi4,phi4_generalist,generalist,8,8,misconception and lack of knowledge leads to lengthy/expensive design and permit process,misconception and lack of knowledge leads to lengthy/expensive design and permit process,matched,correct_id,False,15,20260630_011312
phi4_generalist_15_b10,phi4,phi4_generalist,generalist,10,10,uncertain regulatory roadmap,uncertain regulatory roadmap,matched,correct_id,False,15,20260630_011312
phi4_normative_15_b1,phi4,phi4_normative,normative,1,1,"power losses, quality and safety issues","power losses, quality and safety issues",matched,correct_id,False,15,20260630_011312
phi4_normative_15_b3,phi4,phi4_normative,normative,3,2,lack of use-cases in which DC is advantageous,lack of use-cases in which DC is advantageous,matched,corrected_from_label,False,15,20260630_011312
phi4_normative_15_b4,phi4,phi4_normative,normative,4,4,"uncertain utility interaction (net metering, utility ownership, and agreed standards)","uncertain utility interaction (net metering, utility ownership, and agreed standards)",matched,correct_id,False,15,20260630_011312
phi4_normative_15_b8,phi4,phi4_normative,normative,8,8,misconception and lack of knowledge leads to lengthy/expensive design and permit process,misconception and lack of knowledge leads to lengthy/expensive design and permit process,matched,correct_id,False,15,20260630_011312
phi4_normative_15_b10,phi4,phi4_normative,normative,10,10,uncertain regulatory roadmap,uncertain regulatory roadmap,matched,correct_id,False,15,20260630_011312
phi4_subject-matter_15_b1,phi4,phi4_subject-matter,subject-matter,1,1,"power losses, quality and safety issues","power losses, quality and safety issues",matched,correct_id,False,15,20260630_011312
phi4_subject-matter_15_b4,phi4,phi4_subject-matter,subject-matter,4,2,"uncertain utility interaction (net metering, utility ownership, and agreed standards)","uncertain utility interaction (net metering, utility ownership, and agreed standards)",matched,corrected_from_label,False,15,20260630_011312
phi4_subject-matter_15_b5,phi4,phi4_subject-matter,subject-matter,5,4,lack of pilot projects,lack of pilot projects,matched,corrected_from_label,False,15,20260630_011312
phi4_subject-matter_15_b7,phi4,phi4_subject-matter,subject-matter,7,7,incompatibility of DC systems components,incompatibility of DC systems components,matched,correct_id,False,15,20260630_011312
phi4_subject-matter_15_b9,phi4,phi4_subject-matter,subject-matter,9,9,lack of enough trained personnel in DC systems,lack of enough trained personnel in DC systems,matched,correct_id,False,15,20260630_011312
gemma3_generalist_15_b1,gemma3,gemma3_generalist,generalist,1,1,"power losses, quality and safety issues","power losses, quality and safety issues",matched,correct_id,False,15,20260630_011312
gemma3_generalist_15_b5,gemma3,gemma3_generalist,generalist,5,2,lack of pilot projects,lack of pilot projects,matched,corrected_from_label,False,15,20260630_011312
gemma3_generalist_15_b6,gemma3,gemma3_generalist,generalist,6,3,public perception of DC and readiness to 'champion' installations from DC projects,public perception of DC and readiness to 'champion' installations from DC projects,matched,corrected_from_label,False,15,20260630_011312
gemma3_generalist_15_b8,gemma3,gemma3_generalist,generalist,8,4,misconception and lack of knowledge leads to lengthy/expensive design and permit process,misconception and lack of knowledge leads to lengthy/expensive design and permit process,matched,corrected_from_label,False,15,20260630_011312
gemma3_generalist_15_b11,gemma3,gemma3_generalist,generalist,11,5,high costs of DC solutions,high costs of DC solutions,matched,corrected_from_label,False,15,20260630_011312
gemma3_normative_15_b1,gemma3,gemma3_normative,normative,1,1,"power losses, quality and safety issues","power losses, quality and safety issues",matched,correct_id,False,15,20260630_011312
gemma3_normative_15_b5,gemma3,gemma3_normative,normative,5,2,lack of pilot projects,lack of pilot projects,matched,corrected_from_label,False,15,20260630_011312
gemma3_normative_15_b6,gemma3,gemma3_normative,normative,6,3,public perception of DC and readiness to 'champion' installations from DC projects,public perception of DC and readiness to 'champion' installations from DC projects,matched,corrected_from_label,False,15,20260630_011312
gemma3_normative_15_b4,gemma3,gemma3_normative,normative,4,4,"uncertain utility interaction (net metering, utility ownership, and agreed standards)","uncertain utility interaction (net metering, utility ownership, and agreed standards)",matched,correct_id,False,15,20260630_011312
gemma3_normative_15_b11,gemma3,gemma3_normative,normative,11,5,high costs of DC solutions,high costs of DC solutions,matched,corrected_from_label,False,15,20260630_011312
gemma3_subject-matter_15_b1,gemma3,gemma3_subject-matter,subject-matter,1,1,"power losses, quality and safety issues","power losses, quality and safety issues",matched,correct_id,False,15,20260630_011312
gemma3_subject-matter_15_b5,gemma3,gemma3_subject-matter,subject-matter,5,2,lack of pilot projects,lack of pilot projects,matched,corrected_from_label,False,15,20260630_011312
gemma3_subject-matter_15_b4,gemma3,gemma3_subject-matter,subject-matter,4,3,"uncertain utility interaction (net metering, utility ownership, and agreed standards)","uncertain utility interaction (net metering, utility ownership, and agreed standards)",matched,corrected_from_label,False,15,20260630_011312
gemma3_subject-matter_15_b8,gemma3,gemma3_subject-matter,subject-matter,8,4,misconception and lack of knowledge leads to lengthy/expensive design and permit process,misconception and lack of knowledge leads to lengthy/expensive design and permit process,matched,corrected_from_label,False,15,20260630_011312
gemma3_subject-matter_15_b11,gemma3,gemma3_subject-matter,subject-matter,11,5,high costs of DC solutions,high costs of DC solutions,matched,corrected_from_label,False,15,20260630_011312
llama_generalist_15_b1,llama,llama_generalist,generalist,1,1,"power losses, quality and safety issues","Power losses, quality and safety issues",matched,correct_id,False,15,20260630_011312
llama_generalist_15_b3,llama,llama_generalist,generalist,3,2,lack of use-cases in which DC is advantageous,Lack of use-cases in which DC is advantageous,matched,corrected_from_label,False,15,20260630_011312
llama_generalist_15_b4,llama,llama_generalist,generalist,4,3,"uncertain utility interaction (net metering, utility ownership, and agreed standards)","Uncertain utility interaction (net metering, utility ownership, and agreed standards)",matched,corrected_from_label,False,15,20260630_011312
llama_generalist_15_b6,llama,llama_generalist,generalist,6,4,public perception of DC and readiness to 'champion' installations from DC projects,Public perception of DC and readiness to 'champion' installations from DC projects,matched,corrected_from_label,False,15,20260630_011312
llama_generalist_15_b7,llama,llama_generalist,generalist,7,5,incompatibility of DC systems components,Incompatibility of DC systems components,matched,corrected_from_label,False,15,20260630_011312
llama_normative_15_b1,llama,llama_normative,normative,1,1,"power losses, quality and safety issues","Power losses, quality and safety issues",matched,correct_id,False,15,20260630_011312
llama_normative_15_b2,llama,llama_normative,normative,2,2,reduced reliability in DC devices,Reduced reliability in DC devices,matched,correct_id,False,15,20260630_011312
llama_normative_15_b3,llama,llama_normative,normative,3,3,lack of use-cases in which DC is advantageous,Lack of use-cases in which DC is advantageous,matched,correct_id,False,15,20260630_011312
llama_normative_15_b4,llama,llama_normative,normative,4,4,"uncertain utility interaction (net metering, utility ownership, and agreed standards)","Uncertain utility interaction (net metering, utility ownership, and agreed standards)",matched,correct_id,False,15,20260630_011312
llama_normative_15_b5,llama,llama_normative,normative,5,5,lack of pilot projects,Lack of pilot projects,matched,correct_id,False,15,20260630_011312
llama_subject-matter_15_b1,llama,llama_subject-matter,subject-matter,1,1,"power losses, quality and safety issues","power losses, quality and safety issues",matched,correct_id,False,15,20260630_011312
llama_subject-matter_15_b2,llama,llama_subject-matter,subject-matter,2,2,reduced reliability in DC devices,reduced reliability in DC devices,matched,correct_id,False,15,20260630_011312
llama_subject-matter_15_b3,llama,llama_subject-matter,subject-matter,3,3,lack of use-cases in which DC is advantageous,lack of use-cases in which DC is advantageous,matched,correct_id,False,15,20260630_011312
llama_subject-matter_15_b4,llama,llama_subject-matter,subject-matter,4,4,"uncertain utility interaction (net metering, utility ownership, and agreed standards)","uncertain utility interaction (net metering, utility ownership, and agreed standards)",matched,correct_id,False,15,20260630_011312
llama_subject-matter_15_b11,llama,llama_subject-matter,subject-matter,11,5,high costs of DC solutions,high costs of DC solutions,matched,corrected_from_label,False,15,20260630_011312
mistral_generalist_15_b1,mistral,mistral_generalist,generalist,1,1,"power losses, quality and safety issues","power losses, quality and safety issues",matched,correct_id,False,15,20260630_011312
mistral_generalist_15_b4,mistral,mistral_generalist,generalist,4,2,"uncertain utility interaction (net metering, utility ownership, and agreed standards)","uncertain utility interaction (net metering, utility ownership, and agreed standards)",matched,corrected_from_label,False,15,20260630_011312
mistral_generalist_15_b5,mistral,mistral_generalist,generalist,5,3,lack of pilot projects,lack of pilot projects,matched,corrected_from_label,False,15,20260630_011312
mistral_generalist_15_b7,mistral,mistral_generalist,generalist,7,4,incompatibility of DC systems components,incompatibility of DC systems components,matched,corrected_from_label,False,15,20260630_011312
mistral_generalist_15_b8,mistral,mistral_generalist,generalist,8,5,misconception and lack of knowledge leads to lengthy/expensive design and permit process,misconception and lack of knowledge leads to lengthy/expensive design and permit process,matched,corrected_from_label,False,15,20260630_011312
mistral_normative_15_b1,mistral,mistral_normative,normative,1,1,"power losses, quality and safety issues","power losses, quality and safety issues",matched,correct_id,False,15,20260630_011312
mistral_normative_15_b2,mistral,mistral_normative,normative,2,2,reduced reliability in DC devices,reduced reliability in DC devices,matched,correct_id,False,15,20260630_011312
mistral_normative_15_b4,mistral,mistral_normative,normative,4,3,"uncertain utility interaction (net metering, utility ownership, and agreed standards)","uncertain utility interaction (net metering, utility ownership, and agreed standards)",matched,corrected_from_label,False,15,20260630_011312
mistral_normative_15_b5,mistral,mistral_normative,normative,5,4,lack of pilot projects,lack of pilot projects,matched,corrected_from_label,False,15,20260630_011312
mistral_normative_15_b9,mistral,mistral_normative,normative,9,5,lack of enough trained personnel in DC systems,lack of enough trained personnel in DC systems,matched,corrected_from_label,False,15,20260630_011312
mistral_subject-matter_15_b1,mistral,mistral_subject-matter,subject-matter,1,1,"power losses, quality and safety issues","power losses, quality and safety issues",matched,correct_id,False,15,20260630_011312
mistral_subject-matter_15_b2,mistral,mistral_subject-matter,subject-matter,2,2,reduced reliability in DC devices,reduced reliability in DC devices,matched,correct_id,False,15,20260630_011312
mistral_subject-matter_15_b4,mistral,mistral_subject-matter,subject-matter,4,3,"uncertain utility interaction (net metering, utility ownership, and agreed standards)","uncertain utility interaction (net metering, utility ownership, and agreed standards)",matched,corrected_from_label,False,15,20260630_011312
mistral_subject-matter_15_b5,mistral,mistral_subject-matter,subject-matter,5,4,lack of pilot projects,lack of pilot projects,matched,corrected_from_label,False,15,20260630_011312
mistral_subject-matter_15_b7,mistral,mistral_subject-matter,subject-matter,7,5,incompatibility of DC systems components,incompatibility of DC systems components,matched,corrected_from_label,False,15,20260630_011312
phi4_generalist_16_b1,phi4,phi4_generalist,generalist,1,1,"power losses, quality and safety issues","power losses, quality and safety issues",matched,correct_id,False,16,20260630_011621
phi4_generalist_16_b3,phi4,phi4_generalist,generalist,3,3,lack of use-cases in which DC is advantageous,lack of use-cases in which DC is advantageous,matched,correct_id,False,16,20260630_011621
phi4_generalist_16_b4,phi4,phi4_generalist,generalist,4,4,"uncertain utility interaction (net metering, utility ownership, and agreed standards)","uncertain utility interaction (net metering, utility ownership, and agreed standards)",matched,correct_id,False,16,20260630_011621
phi4_generalist_16_b8,phi4,phi4_generalist,generalist,8,8,misconception and lack of knowledge leads to lengthy/expensive design and permit process,misconception and lack of knowledge leads to lengthy/expensive design and permit process,matched,correct_id,False,16,20260630_011621
phi4_generalist_16_b10,phi4,phi4_generalist,generalist,10,10,uncertain regulatory roadmap,uncertain regulatory roadmap,matched,correct_id,False,16,20260630_011621
phi4_normative_16_b1,phi4,phi4_normative,normative,1,1,"power losses, quality and safety issues","power losses, quality and safety issues",matched,correct_id,False,16,20260630_011621
phi4_normative_16_b4,phi4,phi4_normative,normative,4,4,"uncertain utility interaction (net metering, utility ownership, and agreed standards)","uncertain utility interaction (net metering, utility ownership, and agreed standards)",matched,correct_id,False,16,20260630_011621
phi4_normative_16_b6,phi4,phi4_normative,normative,6,6,public perception of DC and readiness to 'champion' installations from DC projects,public perception of DC and readiness to 'champion' installations from DC projects,matched,correct_id,False,16,20260630_011621
phi4_normative_16_b8,phi4,phi4_normative,normative,8,8,misconception and lack of knowledge leads to lengthy/expensive design and permit process,misconception and lack of knowledge leads to lengthy/expensive design and permit process,matched,correct_id,False,16,20260630_011621
phi4_normative_16_b10,phi4,phi4_normative,normative,10,10,uncertain regulatory roadmap,uncertain regulatory roadmap,matched,correct_id,False,16,20260630_011621
phi4_subject-matter_16_b1,phi4,phi4_subject-matter,subject-matter,1,1,"power losses, quality and safety issues","power losses, quality and safety issues",matched,correct_id,False,16,20260630_011621
phi4_subject-matter_16_b3,phi4,phi4_subject-matter,subject-matter,3,3,lack of use-cases in which DC is advantageous,lack of use-cases in which DC is advantageous,matched,correct_id,False,16,20260630_011621
phi4_subject-matter_16_b4,phi4,phi4_subject-matter,subject-matter,4,4,"uncertain utility interaction (net metering, utility ownership, and agreed standards)","uncertain utility interaction (net metering, utility ownership, and agreed standards)",matched,correct_id,False,16,20260630_011621
phi4_subject-matter_16_b8,phi4,phi4_subject-matter,subject-matter,8,8,misconception and lack of knowledge leads to lengthy/expensive design and permit process,misconception and lack of knowledge leads to lengthy/expensive design and permit process,matched,correct_id,False,16,20260630_011621
phi4_subject-matter_16_b10,phi4,phi4_subject-matter,subject-matter,10,10,uncertain regulatory roadmap,uncertain regulatory roadmap,matched,correct_id,False,16,20260630_011621
gemma3_generalist_16_b1,gemma3,gemma3_generalist,generalist,1,1,"power losses, quality and safety issues","power losses, quality and safety issues",matched,correct_id,False,16,20260630_011621
gemma3_generalist_16_b5,gemma3,gemma3_generalist,generalist,5,2,lack of pilot projects,lack of pilot projects,matched,corrected_from_label,False,16,20260630_011621
gemma3_generalist_16_b6,gemma3,gemma3_generalist,generalist,6,3,public perception of DC and readiness to 'champion' installations from DC projects,public perception of DC and readiness to 'champion' installations from DC projects,matched,corrected_from_label,False,16,20260630_011621
gemma3_generalist_16_b8,gemma3,gemma3_generalist,generalist,8,4,misconception and lack of knowledge leads to lengthy/expensive design and permit process,misconception and lack of knowledge leads to lengthy/expensive design and permit process,matched,corrected_from_label,False,16,20260630_011621
gemma3_generalist_16_b11,gemma3,gemma3_generalist,generalist,11,5,high costs of DC solutions,high costs of DC solutions,matched,corrected_from_label,False,16,20260630_011621
gemma3_normative_16_b1,gemma3,gemma3_normative,normative,1,1,"power losses, quality and safety issues","power losses, quality and safety issues",matched,correct_id,False,16,20260630_011621
gemma3_normative_16_b4,gemma3,gemma3_normative,normative,4,4,"uncertain utility interaction (net metering, utility ownership, and agreed standards)","uncertain utility interaction (net metering, utility ownership, and agreed standards)",matched,correct_id,False,16,20260630_011621
gemma3_normative_16_b6,gemma3,gemma3_normative,normative,6,6,public perception of DC and readiness to 'champion' installations from DC projects,public perception of DC and readiness to 'champion' installations from DC projects,matched,correct_id,False,16,20260630_011621
gemma3_normative_16_b8,gemma3,gemma3_normative,normative,8,8,misconception and lack of knowledge leads to lengthy/expensive design and permit process,misconception and lack of knowledge leads to lengthy/expensive design and permit process,matched,correct_id,False,16,20260630_011621
gemma3_normative_16_b11,gemma3,gemma3_normative,normative,11,11,high costs of DC solutions,high costs of DC solutions,matched,correct_id,False,16,20260630_011621
gemma3_subject-matter_16_b1,gemma3,gemma3_subject-matter,subject-matter,1,1,"power losses, quality and safety issues","power losses, quality and safety issues",matched,correct_id,False,16,20260630_011621
gemma3_subject-matter_16_b5,gemma3,gemma3_subject-matter,subject-matter,5,2,lack of pilot projects,lack of pilot projects,matched,corrected_from_label,False,16,20260630_011621
gemma3_subject-matter_16_b6,gemma3,gemma3_subject-matter,subject-matter,6,3,public perception of DC and readiness to 'champion' installations from DC projects,public perception of DC and readiness to 'champion' installations from DC projects,matched,corrected_from_label,False,16,20260630_011621
gemma3_subject-matter_16_b9,gemma3,gemma3_subject-matter,subject-matter,9,4,lack of enough trained personnel in DC systems,lack of enough trained personnel in DC systems,matched,corrected_from_label,False,16,20260630_011621
gemma3_subject-matter_16_b11,gemma3,gemma3_subject-matter,subject-matter,11,5,high costs of DC solutions,high costs of DC solutions,matched,corrected_from_label,False,16,20260630_011621
llama_generalist_16_b1,llama,llama_generalist,generalist,1,1,"power losses, quality and safety issues","Power losses, quality, and safety issues",matched,correct_id,False,16,20260630_011621
llama_generalist_16_b3,llama,llama_generalist,generalist,3,2,lack of use-cases in which DC is advantageous,Lack of use-cases in which DC is advantageous,matched,corrected_from_label,False,16,20260630_011621
llama_generalist_16_b4,llama,llama_generalist,generalist,4,3,"uncertain utility interaction (net metering, utility ownership, and agreed standards)","Uncertain utility interaction (net metering, utility ownership, and agreed standards)",matched,corrected_from_label,False,16,20260630_011621
llama_generalist_16_b5,llama,llama_generalist,generalist,5,4,lack of pilot projects,Lack of pilot projects,matched,corrected_from_label,False,16,20260630_011621
llama_generalist_16_b6,llama,llama_generalist,generalist,6,5,public perception of DC and readiness to 'champion' installations from DC projects,Public perception of DC and readiness to 'champion' installations from DC projects,matched,corrected_from_label,False,16,20260630_011621
llama_normative_16_b1,llama,llama_normative,normative,1,1,"power losses, quality and safety issues","power losses, quality, and safety issues",matched,correct_id,False,16,20260630_011621
llama_normative_16_b3,llama,llama_normative,normative,3,2,lack of use-cases in which DC is advantageous,lack of use-cases in which DC is advantageous,matched,corrected_from_label,False,16,20260630_011621
llama_normative_16_b4,llama,llama_normative,normative,4,3,"uncertain utility interaction (net metering, utility ownership, and agreed standards)","uncertain utility interaction (net metering, utility ownership, and agreed standards)",matched,corrected_from_label,False,16,20260630_011621
llama_normative_16_b5,llama,llama_normative,normative,5,4,lack of pilot projects,lack of pilot projects,matched,corrected_from_label,False,16,20260630_011621
llama_normative_16_b6,llama,llama_normative,normative,6,5,public perception of DC and readiness to 'champion' installations from DC projects,public perception of DC and readiness to 'champion' installations from DC projects,matched,corrected_from_label,False,16,20260630_011621
llama_subject-matter_16_b1,llama,llama_subject-matter,subject-matter,1,1,"power losses, quality and safety issues","Power losses, quality, and safety issues",matched,correct_id,False,16,20260630_011621
llama_subject-matter_16_b3,llama,llama_subject-matter,subject-matter,3,2,lack of use-cases in which DC is advantageous,Lack of use-cases in which DC is advantageous,matched,corrected_from_label,False,16,20260630_011621
llama_subject-matter_16_b4,llama,llama_subject-matter,subject-matter,4,3,"uncertain utility interaction (net metering, utility ownership, and agreed standards)","Uncertain utility interaction (net metering, utility ownership, and agreed standards)",matched,corrected_from_label,False,16,20260630_011621
llama_subject-matter_16_b6,llama,llama_subject-matter,subject-matter,6,4,public perception of DC and readiness to 'champion' installations from DC projects,Public perception of DC and readiness to 'champion' installations from DC projects,matched,corrected_from_label,False,16,20260630_011621
llama_subject-matter_16_b7,llama,llama_subject-matter,subject-matter,7,5,incompatibility of DC systems components,Incompatibility of DC systems components,matched,corrected_from_label,False,16,20260630_011621
mistral_generalist_16_b1,mistral,mistral_generalist,generalist,1,1,"power losses, quality and safety issues","power losses, quality and safety issues",matched,correct_id,False,16,20260630_011621
mistral_generalist_16_b2,mistral,mistral_generalist,generalist,2,2,reduced reliability in DC devices,reduced reliability in DC devices,matched,correct_id,False,16,20260630_011621
mistral_generalist_16_b4,mistral,mistral_generalist,generalist,4,3,"uncertain utility interaction (net metering, utility ownership, and agreed standards)","uncertain utility interaction (net metering, utility ownership, and agreed standards)",matched,corrected_from_label,False,16,20260630_011621
mistral_generalist_16_b5,mistral,mistral_generalist,generalist,5,4,lack of pilot projects,lack of pilot projects,matched,corrected_from_label,False,16,20260630_011621
mistral_generalist_16_b6,mistral,mistral_generalist,generalist,6,5,public perception of DC and readiness to 'champion' installations from DC projects,public perception of DC and readiness to 'champion' installations from DC projects,matched,corrected_from_label,False,16,20260630_011621
mistral_normative_16_b1,mistral,mistral_normative,normative,1,1,"power losses, quality and safety issues","power losses, quality and safety issues",matched,correct_id,False,16,20260630_011621
mistral_normative_16_b2,mistral,mistral_normative,normative,2,2,reduced reliability in DC devices,reduced reliability in DC devices,matched,correct_id,False,16,20260630_011621
mistral_normative_16_b4,mistral,mistral_normative,normative,4,3,"uncertain utility interaction (net metering, utility ownership, and agreed standards)","uncertain utility interaction (net metering, utility ownership, and agreed standards)",matched,corrected_from_label,False,16,20260630_011621
mistral_normative_16_b5,mistral,mistral_normative,normative,5,4,lack of pilot projects,lack of pilot projects,matched,corrected_from_label,False,16,20260630_011621
mistral_normative_16_b7,mistral,mistral_normative,normative,7,5,incompatibility of DC systems components,incompatibility of DC systems components,matched,corrected_from_label,False,16,20260630_011621
mistral_subject-matter_16_b1,mistral,mistral_subject-matter,subject-matter,1,1,"power losses, quality and safety issues","power losses, quality and safety issues",matched,correct_id,False,16,20260630_011621
mistral_subject-matter_16_b2,mistral,mistral_subject-matter,subject-matter,2,2,reduced reliability in DC devices,reduced reliability in DC devices,matched,correct_id,False,16,20260630_011621
mistral_subject-matter_16_b4,mistral,mistral_subject-matter,subject-matter,4,3,"uncertain utility interaction (net metering, utility ownership, and agreed standards)","uncertain utility interaction (net metering, utility ownership, and agreed standards)",matched,corrected_from_label,False,16,20260630_011621
mistral_subject-matter_16_b5,mistral,mistral_subject-matter,subject-matter,5,4,lack of pilot projects,lack of pilot projects,matched,corrected_from_label,False,16,20260630_011621
mistral_subject-matter_16_b9,mistral,mistral_subject-matter,subject-matter,9,5,lack of enough trained personnel in DC systems,lack of enough trained personnel in DC systems,matched,corrected_from_label,False,16,20260630_011621
phi4_generalist_17_b1,phi4,phi4_generalist,generalist,1,1,"power losses, quality and safety issues","power losses, quality and safety issues",matched,correct_id,False,17,20260630_011756
phi4_generalist_17_b3,phi4,phi4_generalist,generalist,3,3,lack of use-cases in which DC is advantageous,lack of use-cases in which DC is advantageous,matched,correct_id,False,17,20260630_011756
phi4_generalist_17_b4,phi4,phi4_generalist,generalist,4,4,"uncertain utility interaction (net metering, utility ownership, and agreed standards)","uncertain utility interaction (net metering, utility ownership, and agreed standards)",matched,correct_id,False,17,20260630_011756
phi4_generalist_17_b5,phi4,phi4_generalist,generalist,5,5,lack of pilot projects,lack of pilot projects,matched,correct_id,False,17,20260630_011756
phi4_generalist_17_b10,phi4,phi4_generalist,generalist,10,10,uncertain regulatory roadmap,uncertain regulatory roadmap,matched,correct_id,False,17,20260630_011756
phi4_normative_17_b1,phi4,phi4_normative,normative,1,1,"power losses, quality and safety issues","power losses, quality and safety issues",matched,correct_id,False,17,20260630_011756
phi4_normative_17_b4,phi4,phi4_normative,normative,4,2,"uncertain utility interaction (net metering, utility ownership, and agreed standards)","uncertain utility interaction (net metering, utility ownership, and agreed standards)",matched,corrected_from_label,False,17,20260630_011756
phi4_normative_17_b5,phi4,phi4_normative,normative,5,4,lack of pilot projects,lack of pilot projects,matched,corrected_from_label,False,17,20260630_011756
phi4_normative_17_b8,phi4,phi4_normative,normative,8,8,misconception and lack of knowledge leads to lengthy/expensive design and permit process,misconception and lack of knowledge leads to lengthy/expensive design and permit process,matched,correct_id,False,17,20260630_011756
phi4_normative_17_b10,phi4,phi4_normative,normative,10,10,uncertain regulatory roadmap,uncertain regulatory roadmap,matched,correct_id,False,17,20260630_011756
phi4_subject-matter_17_b1,phi4,phi4_subject-matter,subject-matter,1,1,"power losses, quality and safety issues","power losses, quality and safety issues",matched,correct_id,False,17,20260630_011756
phi4_subject-matter_17_b4,phi4,phi4_subject-matter,subject-matter,4,4,"uncertain utility interaction (net metering, utility ownership, and agreed standards)","uncertain utility interaction (net metering, utility ownership, and agreed standards)",matched,correct_id,False,17,20260630_011756
phi4_subject-matter_17_b5,phi4,phi4_subject-matter,subject-matter,5,5,lack of pilot projects,lack of pilot projects,matched,correct_id,False,17,20260630_011756
phi4_subject-matter_17_b9,phi4,phi4_subject-matter,subject-matter,9,9,lack of enough trained personnel in DC systems,lack of enough trained personnel in DC systems,matched,correct_id,False,17,20260630_011756
phi4_subject-matter_17_b10,phi4,phi4_subject-matter,subject-matter,10,10,uncertain regulatory roadmap,uncertain regulatory roadmap,matched,correct_id,False,17,20260630_011756
gemma3_generalist_17_b1,gemma3,gemma3_generalist,generalist,1,1,"power losses, quality and safety issues","power losses, quality and safety issues",matched,correct_id,False,17,20260630_011756
gemma3_generalist_17_b5,gemma3,gemma3_generalist,generalist,5,2,lack of pilot projects,lack of pilot projects,matched,corrected_from_label,False,17,20260630_011756
gemma3_generalist_17_b6,gemma3,gemma3_generalist,generalist,6,3,public perception of DC and readiness to 'champion' installations from DC projects,public perception of DC and readiness to 'champion' installations from DC projects,matched,corrected_from_label,False,17,20260630_011756
gemma3_generalist_17_b8,gemma3,gemma3_generalist,generalist,8,4,misconception and lack of knowledge leads to lengthy/expensive design and permit process,misconception and lack of knowledge leads to lengthy/expensive design and permit process,matched,corrected_from_label,False,17,20260630_011756
gemma3_generalist_17_b11,gemma3,gemma3_generalist,generalist,11,5,high costs of DC solutions,high costs of DC solutions,matched,corrected_from_label,False,17,20260630_011756
gemma3_normative_17_b1,gemma3,gemma3_normative,normative,1,1,"power losses, quality and safety issues","power losses, quality and safety issues",matched,correct_id,False,17,20260630_011756
gemma3_normative_17_b4,gemma3,gemma3_normative,normative,4,4,"uncertain utility interaction (net metering, utility ownership, and agreed standards)","uncertain utility interaction (net metering, utility ownership, and agreed standards)",matched,correct_id,False,17,20260630_011756
gemma3_normative_17_b7,gemma3,gemma3_normative,normative,7,7,incompatibility of DC systems components,incompatibility of DC systems components,matched,correct_id,False,17,20260630_011756
gemma3_normative_17_b8,gemma3,gemma3_normative,normative,8,8,misconception and lack of knowledge leads to lengthy/expensive design and permit process,misconception and lack of knowledge leads to lengthy/expensive design and permit process,matched,correct_id,False,17,20260630_011756
gemma3_normative_17_b11,gemma3,gemma3_normative,normative,11,11,high costs of DC solutions,high costs of DC solutions,matched,correct_id,False,17,20260630_011756
gemma3_subject-matter_17_b1,gemma3,gemma3_subject-matter,subject-matter,1,1,"power losses, quality and safety issues","power losses, quality and safety issues",matched,correct_id,False,17,20260630_011756
gemma3_subject-matter_17_b5,gemma3,gemma3_subject-matter,subject-matter,5,2,lack of pilot projects,lack of pilot projects,matched,corrected_from_label,False,17,20260630_011756
gemma3_subject-matter_17_b6,gemma3,gemma3_subject-matter,subject-matter,6,3,public perception of DC and readiness to 'champion' installations from DC projects,public perception of DC and readiness to 'champion' installations from DC projects,matched,corrected_from_label,False,17,20260630_011756
gemma3_subject-matter_17_b9,gemma3,gemma3_subject-matter,subject-matter,9,4,lack of enough trained personnel in DC systems,lack of enough trained personnel in DC systems,matched,corrected_from_label,False,17,20260630_011756
gemma3_subject-matter_17_b11,gemma3,gemma3_subject-matter,subject-matter,11,5,high costs of DC solutions,high costs of DC solutions,matched,corrected_from_label,False,17,20260630_011756
llama_generalist_17_b1,llama,llama_generalist,generalist,1,1,"power losses, quality and safety issues","power losses, quality and safety issues",matched,correct_id,False,17,20260630_011756
llama_generalist_17_b2,llama,llama_generalist,generalist,2,2,reduced reliability in DC devices,reduced reliability in DC devices,matched,correct_id,False,17,20260630_011756
llama_generalist_17_b3,llama,llama_generalist,generalist,3,3,lack of use-cases in which DC is advantageous,lack of use-cases in which DC is advantageous,matched,correct_id,False,17,20260630_011756
llama_generalist_17_b4,llama,llama_generalist,generalist,4,4,"uncertain utility interaction (net metering, utility ownership, and agreed standards)","uncertain utility interaction (net metering, utility ownership, and agreed standards)",matched,correct_id,False,17,20260630_011756
llama_generalist_17_b5,llama,llama_generalist,generalist,5,5,lack of pilot projects,lack of pilot projects,matched,correct_id,False,17,20260630_011756
llama_normative_17_b1,llama,llama_normative,normative,1,1,"power losses, quality and safety issues","Power losses, quality, and safety issues",matched,correct_id,False,17,20260630_011756
llama_normative_17_b3,llama,llama_normative,normative,3,2,lack of use-cases in which DC is advantageous,Lack of use-cases in which DC is advantageous,matched,corrected_from_label,False,17,20260630_011756
llama_normative_17_b4,llama,llama_normative,normative,4,3,"uncertain utility interaction (net metering, utility ownership, and agreed standards)","Uncertain utility interaction (net metering, utility ownership, and agreed standards)",matched,corrected_from_label,False,17,20260630_011756
llama_normative_17_b7,llama,llama_normative,normative,7,4,incompatibility of DC systems components,Incompatibility of DC systems components,matched,corrected_from_label,False,17,20260630_011756
llama_normative_17_b8,llama,llama_normative,normative,8,5,misconception and lack of knowledge leads to lengthy/expensive design and permit process,Misconception and lack of knowledge leads to lengthy/expensive design and permit process,matched,corrected_from_label,False,17,20260630_011756
llama_subject-matter_17_b1,llama,llama_subject-matter,subject-matter,1,1,"power losses, quality and safety issues","Power losses, quality, and safety issues",matched,correct_id,False,17,20260630_011756
llama_subject-matter_17_b2,llama,llama_subject-matter,subject-matter,2,2,reduced reliability in DC devices,Reduced reliability in DC devices,matched,correct_id,False,17,20260630_011756
llama_subject-matter_17_b4,llama,llama_subject-matter,subject-matter,4,3,"uncertain utility interaction (net metering, utility ownership, and agreed standards)","Uncertain utility interaction (net metering, utility ownership, and agreed standards)",matched,corrected_from_label,False,17,20260630_011756
llama_subject-matter_17_b5,llama,llama_subject-matter,subject-matter,5,4,lack of pilot projects,Lack of pilot projects,matched,corrected_from_label,False,17,20260630_011756
llama_subject-matter_17_b7,llama,llama_subject-matter,subject-matter,7,5,incompatibility of DC systems components,Incompatibility of DC systems components,matched,corrected_from_label,False,17,20260630_011756
mistral_generalist_17_b1,mistral,mistral_generalist,generalist,1,1,"power losses, quality and safety issues","Power losses, quality, and safety issues",matched,correct_id,False,17,20260630_011756
mistral_generalist_17_b4,mistral,mistral_generalist,generalist,4,2,"uncertain utility interaction (net metering, utility ownership, and agreed standards)","Uncertain utility interaction (net metering, utility ownership, and agreed standards)",matched,corrected_from_label,False,17,20260630_011756
mistral_generalist_17_b3,mistral,mistral_generalist,generalist,3,3,lack of use-cases in which DC is advantageous,Lack of use-cases in which DC is advantageous,matched,correct_id,False,17,20260630_011756
mistral_generalist_17_b7,mistral,mistral_generalist,generalist,7,4,incompatibility of DC systems components,Incompatibility of DC systems components,matched,corrected_from_label,False,17,20260630_011756
mistral_generalist_17_b5,mistral,mistral_generalist,generalist,5,5,lack of pilot projects,Lack of pilot projects,matched,correct_id,False,17,20260630_011756
mistral_normative_17_b1,mistral,mistral_normative,normative,1,1,"power losses, quality and safety issues","power losses, quality and safety issues",matched,correct_id,False,17,20260630_011756
mistral_normative_17_b4,mistral,mistral_normative,normative,4,4,"uncertain utility interaction (net metering, utility ownership, and agreed standards)","uncertain utility interaction (net metering, utility ownership, and agreed standards)",matched,correct_id,False,17,20260630_011756
mistral_normative_17_b5,mistral,mistral_normative,normative,5,5,lack of pilot projects,lack of pilot projects,matched,correct_id,False,17,20260630_011756
mistral_normative_17_b7,mistral,mistral_normative,normative,7,7,incompatibility of DC systems components,incompatibility of DC systems components,matched,correct_id,False,17,20260630_011756
mistral_normative_17_b9,mistral,mistral_normative,normative,9,9,lack of enough trained personnel in DC systems,lack of enough trained personnel in DC systems,matched,correct_id,False,17,20260630_011756
mistral_subject-matter_17_b1,mistral,mistral_subject-matter,subject-matter,1,1,"power losses, quality and safety issues","power losses, quality and safety issues",matched,correct_id,False,17,20260630_011756
mistral_subject-matter_17_b2,mistral,mistral_subject-matter,subject-matter,2,2,reduced reliability in DC devices,reduced reliability in DC devices,matched,correct_id,False,17,20260630_011756
mistral_subject-matter_17_b4,mistral,mistral_subject-matter,subject-matter,4,3,"uncertain utility interaction (net metering, utility ownership, and agreed standards)","uncertain utility interaction (net metering, utility ownership, and agreed standards)",matched,corrected_from_label,False,17,20260630_011756
mistral_subject-matter_17_b5,mistral,mistral_subject-matter,subject-matter,5,4,lack of pilot projects,lack of pilot projects,matched,corrected_from_label,False,17,20260630_011756
mistral_subject-matter_17_b7,mistral,mistral_subject-matter,subject-matter,7,5,incompatibility of DC systems components,incompatibility of DC systems components,matched,corrected_from_label,False,17,20260630_011756
phi4_generalist_18_b1,phi4,phi4_generalist,generalist,1,1,"power losses, quality and safety issues","power losses, quality and safety issues",matched,correct_id,False,18,20260630_011927
phi4_generalist_18_b3,phi4,phi4_generalist,generalist,3,3,lack of use-cases in which DC is advantageous,lack of use-cases in which DC is advantageous,matched,correct_id,False,18,20260630_011927
phi4_generalist_18_b4,phi4,phi4_generalist,generalist,4,4,"uncertain utility interaction (net metering, utility ownership, and agreed standards)","uncertain utility interaction (net metering, utility ownership, and agreed standards)",matched,correct_id,False,18,20260630_011927
phi4_generalist_18_b5,phi4,phi4_generalist,generalist,5,5,lack of pilot projects,lack of pilot projects,matched,correct_id,False,18,20260630_011927
phi4_generalist_18_b10,phi4,phi4_generalist,generalist,10,10,uncertain regulatory roadmap,uncertain regulatory roadmap,matched,correct_id,False,18,20260630_011927
phi4_normative_18_b1,phi4,phi4_normative,normative,1,1,"power losses, quality and safety issues","power losses, quality and safety issues",matched,correct_id,False,18,20260630_011927
phi4_normative_18_b4,phi4,phi4_normative,normative,4,4,"uncertain utility interaction (net metering, utility ownership, and agreed standards)","uncertain utility interaction (net metering, utility ownership, and agreed standards)",matched,correct_id,False,18,20260630_011927
phi4_normative_18_b5,phi4,phi4_normative,normative,5,5,lack of pilot projects,lack of pilot projects,matched,correct_id,False,18,20260630_011927
phi4_normative_18_b9,phi4,phi4_normative,normative,9,9,lack of enough trained personnel in DC systems,lack of enough trained personnel in DC systems,matched,correct_id,False,18,20260630_011927
phi4_normative_18_b10,phi4,phi4_normative,normative,10,10,uncertain regulatory roadmap,uncertain regulatory roadmap,matched,correct_id,False,18,20260630_011927
phi4_subject-matter_18_b1,phi4,phi4_subject-matter,subject-matter,1,1,"power losses, quality and safety issues","power losses, quality and safety issues",matched,correct_id,False,18,20260630_011927
phi4_subject-matter_18_b3,phi4,phi4_subject-matter,subject-matter,3,3,lack of use-cases in which DC is advantageous,lack of use-cases in which DC is advantageous,matched,correct_id,False,18,20260630_011927
phi4_subject-matter_18_b4,phi4,phi4_subject-matter,subject-matter,4,4,"uncertain utility interaction (net metering, utility ownership, and agreed standards)","uncertain utility interaction (net metering, utility ownership, and agreed standards)",matched,correct_id,False,18,20260630_011927
phi4_subject-matter_18_b5,phi4,phi4_subject-matter,subject-matter,5,5,lack of pilot projects,lack of pilot projects,matched,correct_id,False,18,20260630_011927
phi4_subject-matter_18_b10,phi4,phi4_subject-matter,subject-matter,10,10,uncertain regulatory roadmap,uncertain regulatory roadmap,matched,correct_id,False,18,20260630_011927
gemma3_generalist_18_b1,gemma3,gemma3_generalist,generalist,1,1,"power losses, quality and safety issues","power losses, quality and safety issues",matched,correct_id,False,18,20260630_011927
gemma3_generalist_18_b5,gemma3,gemma3_generalist,generalist,5,2,lack of pilot projects,lack of pilot projects,matched,corrected_from_label,False,18,20260630_011927
gemma3_generalist_18_b6,gemma3,gemma3_generalist,generalist,6,3,public perception of DC and readiness to 'champion' installations from DC projects,public perception of DC and readiness to 'champion' installations from DC projects,matched,corrected_from_label,False,18,20260630_011927
gemma3_generalist_18_b8,gemma3,gemma3_generalist,generalist,8,4,misconception and lack of knowledge leads to lengthy/expensive design and permit process,misconception and lack of knowledge leads to lengthy/expensive design and permit process,matched,corrected_from_label,False,18,20260630_011927
gemma3_generalist_18_b11,gemma3,gemma3_generalist,generalist,11,5,high costs of DC solutions,high costs of DC solutions,matched,corrected_from_label,False,18,20260630_011927
gemma3_normative_18_b1,gemma3,gemma3_normative,normative,1,1,"power losses, quality and safety issues","power losses, quality and safety issues",matched,correct_id,False,18,20260630_011927
gemma3_normative_18_b4,gemma3,gemma3_normative,normative,4,4,"uncertain utility interaction (net metering, utility ownership, and agreed standards)","uncertain utility interaction (net metering, utility ownership, and agreed standards)",matched,correct_id,False,18,20260630_011927
gemma3_normative_18_b8,gemma3,gemma3_normative,normative,8,8,misconception and lack of knowledge leads to lengthy/expensive design and permit process,misconception and lack of knowledge leads to lengthy/expensive design and permit process,matched,correct_id,False,18,20260630_011927
gemma3_normative_18_b9,gemma3,gemma3_normative,normative,9,9,lack of enough trained personnel in DC systems,lack of enough trained personnel in DC systems,matched,correct_id,False,18,20260630_011927
gemma3_normative_18_b11,gemma3,gemma3_normative,normative,11,11,high costs of DC solutions,high costs of DC solutions,matched,correct_id,False,18,20260630_011927
gemma3_subject-matter_18_b1,gemma3,gemma3_subject-matter,subject-matter,1,1,"power losses, quality and safety issues","power losses, quality and safety issues",matched,correct_id,False,18,20260630_011927
gemma3_subject-matter_18_b4,gemma3,gemma3_subject-matter,subject-matter,4,2,"uncertain utility interaction (net metering, utility ownership, and agreed standards)","uncertain utility interaction (net metering, utility ownership, and agreed standards)",matched,corrected_from_label,False,18,20260630_011927
gemma3_subject-matter_18_b8,gemma3,gemma3_subject-matter,subject-matter,8,3,misconception and lack of knowledge leads to lengthy/expensive design and permit process,misconception and lack of knowledge leads to lengthy/expensive design and permit process,matched,corrected_from_label,False,18,20260630_011927
gemma3_subject-matter_18_b11,gemma3,gemma3_subject-matter,subject-matter,11,4,high costs of DC solutions,high costs of DC solutions,matched,corrected_from_label,False,18,20260630_011927
gemma3_subject-matter_18_b10,gemma3,gemma3_subject-matter,subject-matter,10,5,uncertain regulatory roadmap,uncertain regulatory roadmap,matched,corrected_from_label,False,18,20260630_011927
llama_generalist_18_b1,llama,llama_generalist,generalist,1,1,"power losses, quality and safety issues","power losses, quality and safety issues",matched,correct_id,False,18,20260630_011927
llama_generalist_18_b2,llama,llama_generalist,generalist,2,2,reduced reliability in DC devices,reduced reliability in DC devices,matched,correct_id,False,18,20260630_011927
llama_generalist_18_b3,llama,llama_generalist,generalist,3,3,lack of use-cases in which DC is advantageous,lack of use-cases in which DC is advantageous,matched,correct_id,False,18,20260630_011927
llama_generalist_18_b4,llama,llama_generalist,generalist,4,4,"uncertain utility interaction (net metering, utility ownership, and agreed standards)","uncertain utility interaction (net metering, utility ownership, and agreed standards)",matched,correct_id,False,18,20260630_011927
llama_generalist_18_b5,llama,llama_generalist,generalist,5,5,lack of pilot projects,lack of pilot projects,matched,correct_id,False,18,20260630_011927
llama_normative_18_b1,llama,llama_normative,normative,1,1,"power losses, quality and safety issues","Power losses, quality, and safety issues",matched,correct_id,False,18,20260630_011927
llama_normative_18_b2,llama,llama_normative,normative,2,2,reduced reliability in DC devices,Reduced reliability in DC devices,matched,correct_id,False,18,20260630_011927
llama_normative_18_b3,llama,llama_normative,normative,3,3,lack of use-cases in which DC is advantageous,Lack of use-cases in which DC is advantageous,matched,correct_id,False,18,20260630_011927
llama_normative_18_b4,llama,llama_normative,normative,4,4,"uncertain utility interaction (net metering, utility ownership, and agreed standards)","Uncertain utility interaction (net metering, utility ownership, and agreed standards)",matched,correct_id,False,18,20260630_011927
llama_normative_18_b5,llama,llama_normative,normative,5,5,lack of pilot projects,Lack of pilot projects,matched,correct_id,False,18,20260630_011927
llama_subject-matter_18_b1,llama,llama_subject-matter,subject-matter,1,1,"power losses, quality and safety issues","Power losses, quality, and safety issues",matched,correct_id,False,18,20260630_011927
llama_subject-matter_18_b7,llama,llama_subject-matter,subject-matter,7,2,incompatibility of DC systems components,Incompatibility of DC systems components,matched,corrected_from_label,False,18,20260630_011927
llama_subject-matter_18_b3,llama,llama_subject-matter,subject-matter,3,3,lack of use-cases in which DC is advantageous,Lack of use-cases in which DC is advantageous,matched,correct_id,False,18,20260630_011927
llama_subject-matter_18_b4,llama,llama_subject-matter,subject-matter,4,4,"uncertain utility interaction (net metering, utility ownership, and agreed standards)","Uncertain utility interaction (net metering, utility ownership, and agreed standards)",matched,correct_id,False,18,20260630_011927
llama_subject-matter_18_b5,llama,llama_subject-matter,subject-matter,5,5,lack of pilot projects,Lack of pilot projects,matched,correct_id,False,18,20260630_011927
mistral_generalist_18_b1,mistral,mistral_generalist,generalist,1,1,"power losses, quality and safety issues","power losses, quality and safety issues",matched,correct_id,False,18,20260630_011927
mistral_generalist_18_b2,mistral,mistral_generalist,generalist,2,2,reduced reliability in DC devices,reduced reliability in DC devices,matched,correct_id,False,18,20260630_011927
mistral_generalist_18_b3,mistral,mistral_generalist,generalist,3,3,lack of use-cases in which DC is advantageous,lack of use-cases in which DC is advantageous,matched,correct_id,False,18,20260630_011927
mistral_generalist_18_b4,mistral,mistral_generalist,generalist,4,4,"uncertain utility interaction (net metering, utility ownership, and agreed standards)","uncertain utility interaction (net metering, utility ownership, and agreed standards)",matched,correct_id,False,18,20260630_011927
mistral_generalist_18_b5,mistral,mistral_generalist,generalist,5,5,lack of pilot projects,lack of pilot projects,matched,correct_id,False,18,20260630_011927
mistral_normative_18_b1,mistral,mistral_normative,normative,1,1,"power losses, quality and safety issues","power losses, quality and safety issues",matched,correct_id,False,18,20260630_011927
mistral_normative_18_b2,mistral,mistral_normative,normative,2,2,reduced reliability in DC devices,reduced reliability in DC devices,matched,correct_id,False,18,20260630_011927
mistral_normative_18_b3,mistral,mistral_normative,normative,3,3,lack of use-cases in which DC is advantageous,lack of use-cases in which DC is advantageous,matched,correct_id,False,18,20260630_011927
mistral_normative_18_b4,mistral,mistral_normative,normative,4,4,"uncertain utility interaction (net metering, utility ownership, and agreed standards)","uncertain utility interaction (net metering, utility ownership, and agreed standards)",matched,correct_id,False,18,20260630_011927
mistral_normative_18_b5,mistral,mistral_normative,normative,5,5,lack of pilot projects,lack of pilot projects,matched,correct_id,False,18,20260630_011927
mistral_subject-matter_18_b1,mistral,mistral_subject-matter,subject-matter,1,1,"power losses, quality and safety issues","power losses, quality, and safety issues",matched,correct_id,False,18,20260630_011927
mistral_subject-matter_18_b2,mistral,mistral_subject-matter,subject-matter,2,2,reduced reliability in DC devices,reduced reliability in DC devices,matched,correct_id,False,18,20260630_011927
mistral_subject-matter_18_b4,mistral,mistral_subject-matter,subject-matter,4,3,"uncertain utility interaction (net metering, utility ownership, and agreed standards)","uncertain utility interaction (net metering, utility ownership, and agreed standards)",matched,corrected_from_label,False,18,20260630_011927
mistral_subject-matter_18_b5,mistral,mistral_subject-matter,subject-matter,5,4,lack of pilot projects,lack of pilot projects,matched,corrected_from_label,False,18,20260630_011927
mistral_subject-matter_18_b11,mistral,mistral_subject-matter,subject-matter,11,5,high costs of DC solutions,high costs of DC solutions,matched,corrected_from_label,False,18,20260630_011927
phi4_generalist_19_b1,phi4,phi4_generalist,generalist,1,1,"power losses, quality and safety issues","power losses, quality and safety issues",matched,correct_id,False,19,20260630_012416
phi4_generalist_19_b3,phi4,phi4_generalist,generalist,3,3,lack of use-cases in which DC is advantageous,lack of use-cases in which DC is advantageous,matched,correct_id,False,19,20260630_012416
phi4_generalist_19_b4,phi4,phi4_generalist,generalist,4,4,"uncertain utility interaction (net metering, utility ownership, and agreed standards)","uncertain utility interaction (net metering, utility ownership, and agreed standards)",matched,correct_id,False,19,20260630_012416
phi4_generalist_19_b5,phi4,phi4_generalist,generalist,5,5,lack of pilot projects,lack of pilot projects,matched,correct_id,False,19,20260630_012416
phi4_generalist_19_b9,phi4,phi4_generalist,generalist,9,9,lack of enough trained personnel in DC systems,lack of enough trained personnel in DC systems,matched,correct_id,False,19,20260630_012416
phi4_normative_19_b1,phi4,phi4_normative,normative,1,1,"power losses, quality and safety issues","power losses, quality and safety issues",matched,correct_id,False,19,20260630_012416
phi4_normative_19_b2,phi4,phi4_normative,normative,2,2,reduced reliability in DC devices,reduced reliability in DC devices,matched,correct_id,False,19,20260630_012416
phi4_normative_19_b4,phi4,phi4_normative,normative,4,4,"uncertain utility interaction (net metering, utility ownership, and agreed standards)","uncertain utility interaction (net metering, utility ownership, and agreed standards)",matched,correct_id,False,19,20260630_012416
phi4_normative_19_b8,phi4,phi4_normative,normative,8,8,misconception and lack of knowledge leads to lengthy/expensive design and permit process,misconception and lack of knowledge leads to lengthy/expensive design and permit process,matched,correct_id,False,19,20260630_012416
phi4_normative_19_b10,phi4,phi4_normative,normative,10,10,uncertain regulatory roadmap,uncertain regulatory roadmap,matched,correct_id,False,19,20260630_012416
phi4_subject-matter_19_b1,phi4,phi4_subject-matter,subject-matter,1,1,"power losses, quality and safety issues","power losses, quality and safety issues",matched,correct_id,False,19,20260630_012416
phi4_subject-matter_19_b4,phi4,phi4_subject-matter,subject-matter,4,4,"uncertain utility interaction (net metering, utility ownership, and agreed standards)","uncertain utility interaction (net metering, utility ownership, and agreed standards)",matched,correct_id,False,19,20260630_012416
phi4_subject-matter_19_b5,phi4,phi4_subject-matter,subject-matter,5,5,lack of pilot projects,lack of pilot projects,matched,correct_id,False,19,20260630_012416
phi4_subject-matter_19_b9,phi4,phi4_subject-matter,subject-matter,9,9,lack of enough trained personnel in DC systems,lack of enough trained personnel in DC systems,matched,correct_id,False,19,20260630_012416
phi4_subject-matter_19_b10,phi4,phi4_subject-matter,subject-matter,10,10,uncertain regulatory roadmap,uncertain regulatory roadmap,matched,correct_id,False,19,20260630_012416
gemma3_generalist_19_b1,gemma3,gemma3_generalist,generalist,1,1,"power losses, quality and safety issues","power losses, quality and safety issues",matched,correct_id,False,19,20260630_012416
gemma3_generalist_19_b5,gemma3,gemma3_generalist,generalist,5,2,lack of pilot projects,lack of pilot projects,matched,corrected_from_label,False,19,20260630_012416
gemma3_generalist_19_b6,gemma3,gemma3_generalist,generalist,6,3,public perception of DC and readiness to 'champion' installations from DC projects,public perception of DC and readiness to 'champion' installations from DC projects,matched,corrected_from_label,False,19,20260630_012416
gemma3_generalist_19_b8,gemma3,gemma3_generalist,generalist,8,4,misconception and lack of knowledge leads to lengthy/expensive design and permit process,misconception and lack of knowledge leads to lengthy/expensive design and permit process,matched,corrected_from_label,False,19,20260630_012416
gemma3_generalist_19_b11,gemma3,gemma3_generalist,generalist,11,5,high costs of DC solutions,high costs of DC solutions,matched,corrected_from_label,False,19,20260630_012416
gemma3_normative_19_b1,gemma3,gemma3_normative,normative,1,1,"power losses, quality and safety issues","power losses, quality and safety issues",matched,correct_id,False,19,20260630_012416
gemma3_normative_19_b4,gemma3,gemma3_normative,normative,4,4,"uncertain utility interaction (net metering, utility ownership, and agreed standards)","uncertain utility interaction (net metering, utility ownership, and agreed standards)",matched,correct_id,False,19,20260630_012416
gemma3_normative_19_b8,gemma3,gemma3_normative,normative,8,8,misconception and lack of knowledge leads to lengthy/expensive design and permit process,misconception and lack of knowledge leads to lengthy/expensive design and permit process,matched,correct_id,False,19,20260630_012416
gemma3_normative_19_b9,gemma3,gemma3_normative,normative,9,9,lack of enough trained personnel in DC systems,lack of enough trained personnel in DC systems,matched,correct_id,False,19,20260630_012416
gemma3_normative_19_b11,gemma3,gemma3_normative,normative,11,11,high costs of DC solutions,high costs of DC solutions,matched,correct_id,False,19,20260630_012416
gemma3_subject-matter_19_b1,gemma3,gemma3_subject-matter,subject-matter,1,1,"power losses, quality and safety issues","power losses, quality and safety issues",matched,correct_id,False,19,20260630_012416
gemma3_subject-matter_19_b5,gemma3,gemma3_subject-matter,subject-matter,5,2,lack of pilot projects,lack of pilot projects,matched,corrected_from_label,False,19,20260630_012416
gemma3_subject-matter_19_b6,gemma3,gemma3_subject-matter,subject-matter,6,3,public perception of DC and readiness to 'champion' installations from DC projects,public perception of DC and readiness to 'champion' installations from DC projects,matched,corrected_from_label,False,19,20260630_012416
gemma3_subject-matter_19_b9,gemma3,gemma3_subject-matter,subject-matter,9,4,lack of enough trained personnel in DC systems,lack of enough trained personnel in DC systems,matched,corrected_from_label,False,19,20260630_012416
gemma3_subject-matter_19_b10,gemma3,gemma3_subject-matter,subject-matter,10,5,uncertain regulatory roadmap,uncertain regulatory roadmap,matched,corrected_from_label,False,19,20260630_012416
llama_generalist_19_b1,llama,llama_generalist,generalist,1,1,"power losses, quality and safety issues","Power losses, quality, and safety issues",matched,correct_id,False,19,20260630_012416
llama_generalist_19_b2,llama,llama_generalist,generalist,2,2,reduced reliability in DC devices,Reduced reliability in DC devices,matched,correct_id,False,19,20260630_012416
llama_generalist_19_b3,llama,llama_generalist,generalist,3,3,lack of use-cases in which DC is advantageous,Lack of use-cases in which DC is advantageous,matched,correct_id,False,19,20260630_012416
llama_generalist_19_b4,llama,llama_generalist,generalist,4,4,"uncertain utility interaction (net metering, utility ownership, and agreed standards)","Uncertain utility interaction (net metering, utility ownership, and agreed standards)",matched,correct_id,False,19,20260630_012416
llama_generalist_19_b5,llama,llama_generalist,generalist,5,5,lack of pilot projects,Lack of pilot projects,matched,correct_id,False,19,20260630_012416
llama_normative_19_b1,llama,llama_normative,normative,1,1,"power losses, quality and safety issues","power losses, quality and safety issues",matched,correct_id,False,19,20260630_012416
llama_normative_19_b2,llama,llama_normative,normative,2,2,reduced reliability in DC devices,reduced reliability in DC devices,matched,correct_id,False,19,20260630_012416
llama_normative_19_b3,llama,llama_normative,normative,3,3,lack of use-cases in which DC is advantageous,lack of use-cases in which DC is advantageous,matched,correct_id,False,19,20260630_012416
llama_normative_19_b4,llama,llama_normative,normative,4,4,"uncertain utility interaction (net metering, utility ownership, and agreed standards)","uncertain utility interaction (net metering, utility ownership, and agreed standards)",matched,correct_id,False,19,20260630_012416
llama_normative_19_b5,llama,llama_normative,normative,5,5,lack of pilot projects,lack of pilot projects,matched,correct_id,False,19,20260630_012416
llama_subject-matter_19_b1,llama,llama_subject-matter,subject-matter,1,1,"power losses, quality and safety issues","Power losses, quality, and safety issues",matched,correct_id,False,19,20260630_012416
llama_subject-matter_19_b2,llama,llama_subject-matter,subject-matter,2,2,reduced reliability in DC devices,Reduced reliability in DC devices,matched,correct_id,False,19,20260630_012416
llama_subject-matter_19_b3,llama,llama_subject-matter,subject-matter,3,3,lack of use-cases in which DC is advantageous,Lack of use-cases in which DC is advantageous,matched,correct_id,False,19,20260630_012416
llama_subject-matter_19_b4,llama,llama_subject-matter,subject-matter,4,4,"uncertain utility interaction (net metering, utility ownership, and agreed standards)","Uncertain utility interaction (net metering, utility ownership, and agreed standards)",matched,correct_id,False,19,20260630_012416
llama_subject-matter_19_b5,llama,llama_subject-matter,subject-matter,5,5,lack of pilot projects,Lack of pilot projects,matched,correct_id,False,19,20260630_012416
mistral_generalist_19_b1,mistral,mistral_generalist,generalist,1,1,"power losses, quality and safety issues","Power losses, quality, and safety issues",matched,correct_id,False,19,20260630_012416
mistral_generalist_19_b4,mistral,mistral_generalist,generalist,4,2,"uncertain utility interaction (net metering, utility ownership, and agreed standards)","Uncertain utility interaction (net metering, utility ownership, and agreed standards)",matched,corrected_from_label,False,19,20260630_012416
mistral_generalist_19_b5,mistral,mistral_generalist,generalist,5,3,lack of pilot projects,Lack of pilot projects,matched,corrected_from_label,False,19,20260630_012416
mistral_generalist_19_b7,mistral,mistral_generalist,generalist,7,4,incompatibility of DC systems components,Incompatibility of DC systems components,matched,corrected_from_label,False,19,20260630_012416
mistral_generalist_19_b9,mistral,mistral_generalist,generalist,9,5,lack of enough trained personnel in DC systems,Lack of enough trained personnel in DC systems,matched,corrected_from_label,False,19,20260630_012416
mistral_normative_19_b1,mistral,mistral_normative,normative,1,1,"power losses, quality and safety issues","power losses, quality and safety issues",matched,correct_id,False,19,20260630_012416
mistral_normative_19_b2,mistral,mistral_normative,normative,2,2,reduced reliability in DC devices,reduced reliability in DC devices,matched,correct_id,False,19,20260630_012416
mistral_normative_19_b4,mistral,mistral_normative,normative,4,3,"uncertain utility interaction (net metering, utility ownership, and agreed standards)","uncertain utility interaction (net metering, utility ownership, and agreed standards)",matched,corrected_from_label,False,19,20260630_012416
mistral_normative_19_b5,mistral,mistral_normative,normative,5,4,lack of pilot projects,lack of pilot projects,matched,corrected_from_label,False,19,20260630_012416
mistral_normative_19_b10,mistral,mistral_normative,normative,10,5,uncertain regulatory roadmap,uncertain regulatory roadmap,matched,corrected_from_label,False,19,20260630_012416
mistral_subject-matter_19_b1,mistral,mistral_subject-matter,subject-matter,1,1,"power losses, quality and safety issues","Power losses, quality, and safety issues",matched,correct_id,False,19,20260630_012416
mistral_subject-matter_19_b6,mistral,mistral_subject-matter,subject-matter,6,6,public perception of DC and readiness to 'champion' installations from DC projects,Public perception of DC and readiness to 'champion' installations from DC projects,matched,correct_id,False,19,20260630_012416
mistral_subject-matter_19_b7,mistral,mistral_subject-matter,subject-matter,7,7,incompatibility of DC systems components,Incompatibility of DC systems components,matched,correct_id,False,19,20260630_012416
mistral_subject-matter_19_b8,mistral,mistral_subject-matter,subject-matter,8,8,misconception and lack of knowledge leads to lengthy/expensive design and permit process,Misconception and lack of knowledge leads to lengthy/expensive design and permit process,matched,correct_id,False,19,20260630_012416
mistral_subject-matter_19_b10,mistral,mistral_subject-matter,subject-matter,10,10,uncertain regulatory roadmap,Uncertain regulatory roadmap,matched,correct_id,False,19,20260630_012416
phi4_generalist_20_b1,phi4,phi4_generalist,generalist,1,1,"power losses, quality and safety issues","power losses, quality and safety issues",matched,correct_id,False,20,20260630_012548
phi4_generalist_20_b2,phi4,phi4_generalist,generalist,2,2,reduced reliability in DC devices,reduced reliability in DC devices,matched,correct_id,False,20,20260630_012548
phi4_generalist_20_b3,phi4,phi4_generalist,generalist,3,3,lack of use-cases in which DC is advantageous,lack of use-cases in which DC is advantageous,matched,correct_id,False,20,20260630_012548
phi4_generalist_20_b4,phi4,phi4_generalist,generalist,4,4,"uncertain utility interaction (net metering, utility ownership, and agreed standards)","uncertain utility interaction (net metering, utility ownership, and agreed standards)",matched,correct_id,False,20,20260630_012548
phi4_generalist_20_b9,phi4,phi4_generalist,generalist,9,9,lack of enough trained personnel in DC systems,lack of enough trained personnel in DC systems,matched,correct_id,False,20,20260630_012548
phi4_normative_20_b1,phi4,phi4_normative,normative,1,1,"power losses, quality and safety issues","power losses, quality and safety issues",matched,correct_id,False,20,20260630_012548
phi4_normative_20_b4,phi4,phi4_normative,normative,4,4,"uncertain utility interaction (net metering, utility ownership, and agreed standards)","uncertain utility interaction (net metering, utility ownership, and agreed standards)",matched,correct_id,False,20,20260630_012548
phi4_normative_20_b6,phi4,phi4_normative,normative,6,6,public perception of DC and readiness to 'champion' installations from DC projects,public perception of DC and readiness to 'champion' installations from DC projects,matched,correct_id,False,20,20260630_012548
phi4_normative_20_b8,phi4,phi4_normative,normative,8,8,misconception and lack of knowledge leads to lengthy/expensive design and permit process,misconception and lack of knowledge leads to lengthy/expensive design and permit process,matched,correct_id,False,20,20260630_012548
phi4_normative_20_b10,phi4,phi4_normative,normative,10,10,uncertain regulatory roadmap,uncertain regulatory roadmap,matched,correct_id,False,20,20260630_012548
phi4_subject-matter_20_b1,phi4,phi4_subject-matter,subject-matter,1,1,"power losses, quality and safety issues","power losses, quality and safety issues",matched,correct_id,False,20,20260630_012548
phi4_subject-matter_20_b3,phi4,phi4_subject-matter,subject-matter,3,3,lack of use-cases in which DC is advantageous,lack of use-cases in which DC is advantageous,matched,correct_id,False,20,20260630_012548
phi4_subject-matter_20_b4,phi4,phi4_subject-matter,subject-matter,4,4,"uncertain utility interaction (net metering, utility ownership, and agreed standards)","uncertain utility interaction (net metering, utility ownership, and agreed standards)",matched,correct_id,False,20,20260630_012548
phi4_subject-matter_20_b8,phi4,phi4_subject-matter,subject-matter,8,8,misconception and lack of knowledge leads to lengthy/expensive design and permit process,misconception and lack of knowledge leads to lengthy/expensive design and permit process,matched,correct_id,False,20,20260630_012548
phi4_subject-matter_20_b10,phi4,phi4_subject-matter,subject-matter,10,10,uncertain regulatory roadmap,uncertain regulatory roadmap,matched,correct_id,False,20,20260630_012548
gemma3_generalist_20_b1,gemma3,gemma3_generalist,generalist,1,1,"power losses, quality and safety issues","power losses, quality and safety issues",matched,correct_id,False,20,20260630_012548
gemma3_generalist_20_b5,gemma3,gemma3_generalist,generalist,5,2,lack of pilot projects,lack of pilot projects,matched,corrected_from_label,False,20,20260630_012548
gemma3_generalist_20_b6,gemma3,gemma3_generalist,generalist,6,3,public perception of DC and readiness to 'champion' installations from DC projects,public perception of DC and readiness to 'champion' installations from DC projects,matched,corrected_from_label,False,20,20260630_012548
gemma3_generalist_20_b8,gemma3,gemma3_generalist,generalist,8,4,misconception and lack of knowledge leads to lengthy/expensive design and permit process,misconception and lack of knowledge leads to lengthy/expensive design and permit process,matched,corrected_from_label,False,20,20260630_012548
gemma3_generalist_20_b11,gemma3,gemma3_generalist,generalist,11,5,high costs of DC solutions,high costs of DC solutions,matched,corrected_from_label,False,20,20260630_012548
gemma3_normative_20_b1,gemma3,gemma3_normative,normative,1,1,"power losses, quality and safety issues","power losses, quality and safety issues",matched,correct_id,False,20,20260630_012548
gemma3_normative_20_b4,gemma3,gemma3_normative,normative,4,4,"uncertain utility interaction (net metering, utility ownership, and agreed standards)","uncertain utility interaction (net metering, utility ownership, and agreed standards)",matched,correct_id,False,20,20260630_012548
gemma3_normative_20_b6,gemma3,gemma3_normative,normative,6,6,public perception of DC and readiness to 'champion' installations from DC projects,public perception of DC and readiness to 'champion' installations from DC projects,matched,correct_id,False,20,20260630_012548
gemma3_normative_20_b8,gemma3,gemma3_normative,normative,8,8,misconception and lack of knowledge leads to lengthy/expensive design and permit process,misconception and lack of knowledge leads to lengthy/expensive design and permit process,matched,correct_id,False,20,20260630_012548
gemma3_normative_20_b11,gemma3,gemma3_normative,normative,11,11,high costs of DC solutions,high costs of DC solutions,matched,correct_id,False,20,20260630_012548
gemma3_subject-matter_20_b1,gemma3,gemma3_subject-matter,subject-matter,1,1,"power losses, quality and safety issues","power losses, quality and safety issues",matched,correct_id,False,20,20260630_012548
gemma3_subject-matter_20_b5,gemma3,gemma3_subject-matter,subject-matter,5,2,lack of pilot projects,lack of pilot projects,matched,corrected_from_label,False,20,20260630_012548
gemma3_subject-matter_20_b6,gemma3,gemma3_subject-matter,subject-matter,6,3,public perception of DC and readiness to 'champion' installations from DC projects,public perception of DC and readiness to 'champion' installations from DC projects,matched,corrected_from_label,False,20,20260630_012548
gemma3_subject-matter_20_b8,gemma3,gemma3_subject-matter,subject-matter,8,4,misconception and lack of knowledge leads to lengthy/expensive design and permit process,misconception and lack of knowledge leads to lengthy/expensive design and permit process,matched,corrected_from_label,False,20,20260630_012548
gemma3_subject-matter_20_b10,gemma3,gemma3_subject-matter,subject-matter,10,5,uncertain regulatory roadmap,uncertain regulatory roadmap,matched,corrected_from_label,False,20,20260630_012548
llama_generalist_20_b1,llama,llama_generalist,generalist,1,1,"power losses, quality and safety issues","Power losses, quality, and safety issues",matched,correct_id,False,20,20260630_012548
llama_generalist_20_b3,llama,llama_generalist,generalist,3,2,lack of use-cases in which DC is advantageous,Lack of use-cases in which DC is advantageous,matched,corrected_from_label,False,20,20260630_012548
llama_generalist_20_b4,llama,llama_generalist,generalist,4,3,"uncertain utility interaction (net metering, utility ownership, and agreed standards)","Uncertain utility interaction (net metering, utility ownership, and agreed standards)",matched,corrected_from_label,False,20,20260630_012548
llama_generalist_20_b5,llama,llama_generalist,generalist,5,4,lack of pilot projects,Lack of pilot projects,matched,corrected_from_label,False,20,20260630_012548
llama_generalist_20_b6,llama,llama_generalist,generalist,6,5,public perception of DC and readiness to 'champion' installations from DC projects,Public perception of DC and readiness to 'champion' installations from DC projects,matched,corrected_from_label,False,20,20260630_012548
llama_normative_20_b1,llama,llama_normative,normative,1,1,"power losses, quality and safety issues","power losses, quality and safety issues",matched,correct_id,False,20,20260630_012548
llama_normative_20_b2,llama,llama_normative,normative,2,2,reduced reliability in DC devices,reduced reliability in DC devices,matched,correct_id,False,20,20260630_012548
llama_normative_20_b3,llama,llama_normative,normative,3,3,lack of use-cases in which DC is advantageous,lack of use-cases in which DC is advantageous,matched,correct_id,False,20,20260630_012548
llama_normative_20_b4,llama,llama_normative,normative,4,4,"uncertain utility interaction (net metering, utility ownership, and agreed standards)","uncertain utility interaction (net metering, utility ownership, and agreed standards)",matched,correct_id,False,20,20260630_012548
llama_normative_20_b5,llama,llama_normative,normative,5,5,lack of pilot projects,lack of pilot projects,matched,correct_id,False,20,20260630_012548
llama_subject-matter_20_b1,llama,llama_subject-matter,subject-matter,1,1,"power losses, quality and safety issues","Power losses, quality, and safety issues",matched,correct_id,False,20,20260630_012548
llama_subject-matter_20_b3,llama,llama_subject-matter,subject-matter,3,2,lack of use-cases in which DC is advantageous,Lack of use-cases in which DC is advantageous,matched,corrected_from_label,False,20,20260630_012548
llama_subject-matter_20_b4,llama,llama_subject-matter,subject-matter,4,3,"uncertain utility interaction (net metering, utility ownership, and agreed standards)","Uncertain utility interaction (net metering, utility ownership, and agreed standards)",matched,corrected_from_label,False,20,20260630_012548
llama_subject-matter_20_b11,llama,llama_subject-matter,subject-matter,11,4,high costs of DC solutions,High costs of DC solutions,matched,corrected_from_label,False,20,20260630_012548
llama_subject-matter_20_b6,llama,llama_subject-matter,subject-matter,6,5,public perception of DC and readiness to 'champion' installations from DC projects,Public perception of DC and readiness to 'champion' installations from DC projects,matched,corrected_from_label,False,20,20260630_012548
mistral_generalist_20_b1,mistral,mistral_generalist,generalist,1,1,"power losses, quality and safety issues","power losses, quality and safety issues",matched,correct_id,False,20,20260630_012548
mistral_generalist_20_b2,mistral,mistral_generalist,generalist,2,2,reduced reliability in DC devices,reduced reliability in DC devices,matched,correct_id,False,20,20260630_012548
mistral_generalist_20_b4,mistral,mistral_generalist,generalist,4,3,"uncertain utility interaction (net metering, utility ownership, and agreed standards)","uncertain utility interaction (net metering, utility ownership, and agreed standards)",matched,corrected_from_label,False,20,20260630_012548
mistral_generalist_20_b5,mistral,mistral_generalist,generalist,5,4,lack of pilot projects,lack of pilot projects,matched,corrected_from_label,False,20,20260630_012548
mistral_generalist_20_b6,mistral,mistral_generalist,generalist,6,5,public perception of DC and readiness to 'champion' installations from DC projects,public perception of DC and readiness to 'champion' installations from DC projects,matched,corrected_from_label,False,20,20260630_012548
mistral_normative_20_b1,mistral,mistral_normative,normative,1,1,"power losses, quality and safety issues","power losses, quality and safety issues",matched,correct_id,False,20,20260630_012548
mistral_normative_20_b2,mistral,mistral_normative,normative,2,2,reduced reliability in DC devices,reduced reliability in DC devices,matched,correct_id,False,20,20260630_012548
mistral_normative_20_b4,mistral,mistral_normative,normative,4,3,"uncertain utility interaction (net metering, utility ownership, and agreed standards)","uncertain utility interaction (net metering, utility ownership, and agreed standards)",matched,corrected_from_label,False,20,20260630_012548
mistral_normative_20_b5,mistral,mistral_normative,normative,5,4,lack of pilot projects,lack of pilot projects,matched,corrected_from_label,False,20,20260630_012548
mistral_normative_20_b11,mistral,mistral_normative,normative,11,5,high costs of DC solutions,high costs of DC solutions,matched,corrected_from_label,False,20,20260630_012548
mistral_subject-matter_20_b1,mistral,mistral_subject-matter,subject-matter,1,1,"power losses, quality and safety issues","power losses, quality and safety issues",matched,correct_id,False,20,20260630_012548
mistral_subject-matter_20_b4,mistral,mistral_subject-matter,subject-matter,4,4,"uncertain utility interaction (net metering, utility ownership, and agreed standards)","uncertain utility interaction (net metering, utility ownership, and agreed standards)",matched,correct_id,False,20,20260630_012548
mistral_subject-matter_20_b5,mistral,mistral_subject-matter,subject-matter,5,5,lack of pilot projects,lack of pilot projects,matched,correct_id,False,20,20260630_012548
mistral_subject-matter_20_b7,mistral,mistral_subject-matter,subject-matter,7,7,incompatibility of DC systems components,incompatibility of DC systems components,matched,correct_id,False,20,20260630_012548
mistral_subject-matter_20_b9,mistral,mistral_subject-matter,subject-matter,9,9,lack of enough trained personnel in DC systems,lack of enough trained personnel in DC systems,matched,correct_id,False,20,20260630_012548
phi4_generalist_21_b1,phi4,phi4_generalist,generalist,1,1,"power losses, quality and safety issues","power losses, quality and safety issues",matched,correct_id,False,21,20260630_012723
phi4_generalist_21_b2,phi4,phi4_generalist,generalist,2,2,reduced reliability in DC devices,reduced reliability in DC devices,matched,correct_id,False,21,20260630_012723
phi4_generalist_21_b3,phi4,phi4_generalist,generalist,3,3,lack of use-cases in which DC is advantageous,lack of use-cases in which DC is advantageous,matched,correct_id,False,21,20260630_012723
phi4_generalist_21_b4,phi4,phi4_generalist,generalist,4,4,"uncertain utility interaction (net metering, utility ownership, and agreed standards)","uncertain utility interaction (net metering, utility ownership, and agreed standards)",matched,correct_id,False,21,20260630_012723
phi4_generalist_21_b8,phi4,phi4_generalist,generalist,8,5,misconception and lack of knowledge leads to lengthy/expensive design and permit process,misconception and lack of knowledge leads to lengthy/expensive design and permit process,matched,corrected_from_label,False,21,20260630_012723
phi4_normative_21_b1,phi4,phi4_normative,normative,1,1,"power losses, quality and safety issues","power losses, quality and safety issues",matched,correct_id,False,21,20260630_012723
phi4_normative_21_b2,phi4,phi4_normative,normative,2,2,reduced reliability in DC devices,reduced reliability in DC devices,matched,correct_id,False,21,20260630_012723
phi4_normative_21_b4,phi4,phi4_normative,normative,4,4,"uncertain utility interaction (net metering, utility ownership, and agreed standards)","uncertain utility interaction (net metering, utility ownership, and agreed standards)",matched,correct_id,False,21,20260630_012723
phi4_normative_21_b8,phi4,phi4_normative,normative,8,8,misconception and lack of knowledge leads to lengthy/expensive design and permit process,misconception and lack of knowledge leads to lengthy/expensive design and permit process,matched,correct_id,False,21,20260630_012723
phi4_normative_21_b10,phi4,phi4_normative,normative,10,10,uncertain regulatory roadmap,uncertain regulatory roadmap,matched,correct_id,False,21,20260630_012723
phi4_subject-matter_21_b1,phi4,phi4_subject-matter,subject-matter,1,1,"power losses, quality and safety issues","power losses, quality and safety issues",matched,correct_id,False,21,20260630_012723
phi4_subject-matter_21_b3,phi4,phi4_subject-matter,subject-matter,3,3,lack of use-cases in which DC is advantageous,lack of use-cases in which DC is advantageous,matched,correct_id,False,21,20260630_012723
phi4_subject-matter_21_b4,phi4,phi4_subject-matter,subject-matter,4,4,"uncertain utility interaction (net metering, utility ownership, and agreed standards)","uncertain utility interaction (net metering, utility ownership, and agreed standards)",matched,correct_id,False,21,20260630_012723
phi4_subject-matter_21_b8,phi4,phi4_subject-matter,subject-matter,8,8,misconception and lack of knowledge leads to lengthy/expensive design and permit process,misconception and lack of knowledge leads to lengthy/expensive design and permit process,matched,correct_id,False,21,20260630_012723
phi4_subject-matter_21_b10,phi4,phi4_subject-matter,subject-matter,10,10,uncertain regulatory roadmap,uncertain regulatory roadmap,matched,correct_id,False,21,20260630_012723
gemma3_generalist_21_b1,gemma3,gemma3_generalist,generalist,1,1,"power losses, quality and safety issues","power losses, quality and safety issues",matched,correct_id,False,21,20260630_012723
gemma3_generalist_21_b5,gemma3,gemma3_generalist,generalist,5,2,lack of pilot projects,lack of pilot projects,matched,corrected_from_label,False,21,20260630_012723
gemma3_generalist_21_b6,gemma3,gemma3_generalist,generalist,6,3,public perception of DC and readiness to 'champion' installations from DC projects,public perception of DC and readiness to 'champion' installations from DC projects,matched,corrected_from_label,False,21,20260630_012723
gemma3_generalist_21_b8,gemma3,gemma3_generalist,generalist,8,4,misconception and lack of knowledge leads to lengthy/expensive design and permit process,misconception and lack of knowledge leads to lengthy/expensive design and permit process,matched,corrected_from_label,False,21,20260630_012723
gemma3_generalist_21_b11,gemma3,gemma3_generalist,generalist,11,5,high costs of DC solutions,high costs of DC solutions,matched,corrected_from_label,False,21,20260630_012723
gemma3_normative_21_b1,gemma3,gemma3_normative,normative,1,1,"power losses, quality and safety issues","power losses, quality and safety issues",matched,correct_id,False,21,20260630_012723
gemma3_normative_21_b4,gemma3,gemma3_normative,normative,4,4,"uncertain utility interaction (net metering, utility ownership, and agreed standards)","uncertain utility interaction (net metering, utility ownership, and agreed standards)",matched,correct_id,False,21,20260630_012723
gemma3_normative_21_b8,gemma3,gemma3_normative,normative,8,8,misconception and lack of knowledge leads to lengthy/expensive design and permit process,misconception and lack of knowledge leads to lengthy/expensive design and permit process,matched,correct_id,False,21,20260630_012723
gemma3_normative_21_b9,gemma3,gemma3_normative,normative,9,9,lack of enough trained personnel in DC systems,lack of enough trained personnel in DC systems,matched,correct_id,False,21,20260630_012723
gemma3_normative_21_b11,gemma3,gemma3_normative,normative,11,11,high costs of DC solutions,high costs of DC solutions,matched,correct_id,False,21,20260630_012723
gemma3_subject-matter_21_b1,gemma3,gemma3_subject-matter,subject-matter,1,1,"power losses, quality and safety issues","power losses, quality and safety issues",matched,correct_id,False,21,20260630_012723
gemma3_subject-matter_21_b5,gemma3,gemma3_subject-matter,subject-matter,5,2,lack of pilot projects,lack of pilot projects,matched,corrected_from_label,False,21,20260630_012723
gemma3_subject-matter_21_b6,gemma3,gemma3_subject-matter,subject-matter,6,3,public perception of DC and readiness to 'champion' installations from DC projects,public perception of DC and readiness to 'champion' installations from DC projects,matched,corrected_from_label,False,21,20260630_012723
gemma3_subject-matter_21_b9,gemma3,gemma3_subject-matter,subject-matter,9,4,lack of enough trained personnel in DC systems,lack of enough trained personnel in DC systems,matched,corrected_from_label,False,21,20260630_012723
gemma3_subject-matter_21_b11,gemma3,gemma3_subject-matter,subject-matter,11,5,high costs of DC solutions,high costs of DC solutions,matched,corrected_from_label,False,21,20260630_012723
llama_generalist_21_b1,llama,llama_generalist,generalist,1,1,"power losses, quality and safety issues","power losses, quality and safety issues",matched,correct_id,False,21,20260630_012723
llama_generalist_21_b2,llama,llama_generalist,generalist,2,2,reduced reliability in DC devices,reduced reliability in DC devices,matched,correct_id,False,21,20260630_012723
llama_generalist_21_b3,llama,llama_generalist,generalist,3,3,lack of use-cases in which DC is advantageous,lack of use-cases in which DC is advantageous,matched,correct_id,False,21,20260630_012723
llama_generalist_21_b4,llama,llama_generalist,generalist,4,4,"uncertain utility interaction (net metering, utility ownership, and agreed standards)","uncertain utility interaction (net metering, utility ownership, and agreed standards)",matched,correct_id,False,21,20260630_012723
llama_generalist_21_b5,llama,llama_generalist,generalist,5,5,lack of pilot projects,lack of pilot projects,matched,correct_id,False,21,20260630_012723
llama_normative_21_b1,llama,llama_normative,normative,1,1,"power losses, quality and safety issues","power losses, quality and safety issues",matched,correct_id,False,21,20260630_012723
llama_normative_21_b2,llama,llama_normative,normative,2,2,reduced reliability in DC devices,reduced reliability in DC devices,matched,correct_id,False,21,20260630_012723
llama_normative_21_b3,llama,llama_normative,normative,3,3,lack of use-cases in which DC is advantageous,lack of use-cases in which DC is advantageous,matched,correct_id,False,21,20260630_012723
llama_normative_21_b4,llama,llama_normative,normative,4,4,"uncertain utility interaction (net metering, utility ownership, and agreed standards)","uncertain utility interaction (net metering, utility ownership, and agreed standards)",matched,correct_id,False,21,20260630_012723
llama_normative_21_b5,llama,llama_normative,normative,5,5,lack of pilot projects,lack of pilot projects,matched,correct_id,False,21,20260630_012723
llama_subject-matter_21_b1,llama,llama_subject-matter,subject-matter,1,1,"power losses, quality and safety issues","power losses, quality and safety issues",matched,correct_id,False,21,20260630_012723
llama_subject-matter_21_b2,llama,llama_subject-matter,subject-matter,2,2,reduced reliability in DC devices,reduced reliability in DC devices,matched,correct_id,False,21,20260630_012723
llama_subject-matter_21_b4,llama,llama_subject-matter,subject-matter,4,3,"uncertain utility interaction (net metering, utility ownership, and agreed standards)","uncertain utility interaction (net metering, utility ownership, and agreed standards)",matched,corrected_from_label,False,21,20260630_012723
llama_subject-matter_21_b5,llama,llama_subject-matter,subject-matter,5,4,lack of pilot projects,lack of pilot projects,matched,corrected_from_label,False,21,20260630_012723
llama_subject-matter_21_b6,llama,llama_subject-matter,subject-matter,6,5,public perception of DC and readiness to 'champion' installations from DC projects,public perception of DC and readiness to 'champion' installations from DC projects,matched,corrected_from_label,False,21,20260630_012723
mistral_generalist_21_b1,mistral,mistral_generalist,generalist,1,1,"power losses, quality and safety issues","power losses, quality and safety issues",matched,correct_id,False,21,20260630_012723
mistral_generalist_21_b2,mistral,mistral_generalist,generalist,2,2,reduced reliability in DC devices,reduced reliability in DC devices,matched,correct_id,False,21,20260630_012723
mistral_generalist_21_b4,mistral,mistral_generalist,generalist,4,3,"uncertain utility interaction (net metering, utility ownership, and agreed standards)","uncertain utility interaction (net metering, utility ownership, and agreed standards)",matched,corrected_from_label,False,21,20260630_012723
mistral_generalist_21_b5,mistral,mistral_generalist,generalist,5,4,lack of pilot projects,lack of pilot projects,matched,corrected_from_label,False,21,20260630_012723
mistral_generalist_21_b8,mistral,mistral_generalist,generalist,8,5,misconception and lack of knowledge leads to lengthy/expensive design and permit process,misconception and lack of knowledge leads to lengthy/expensive design and permit process,matched,corrected_from_label,False,21,20260630_012723
mistral_normative_21_b1,mistral,mistral_normative,normative,1,1,"power losses, quality and safety issues","power losses, quality, and safety issues",matched,correct_id,False,21,20260630_012723
mistral_normative_21_b2,mistral,mistral_normative,normative,2,2,reduced reliability in DC devices,reduced reliability in DC devices,matched,correct_id,False,21,20260630_012723
mistral_normative_21_b3,mistral,mistral_normative,normative,3,3,lack of use-cases in which DC is advantageous,lack of use-cases in which DC is advantageous,matched,correct_id,False,21,20260630_012723
mistral_normative_21_b4,mistral,mistral_normative,normative,4,4,"uncertain utility interaction (net metering, utility ownership, and agreed standards)","uncertain utility interaction (net metering, utility ownership, and agreed standards)",matched,correct_id,False,21,20260630_012723
mistral_normative_21_b5,mistral,mistral_normative,normative,5,5,lack of pilot projects,lack of pilot projects,matched,correct_id,False,21,20260630_012723
mistral_subject-matter_21_b1,mistral,mistral_subject-matter,subject-matter,1,1,"power losses, quality and safety issues","power losses, quality and safety issues",matched,correct_id,False,21,20260630_012723
mistral_subject-matter_21_b4,mistral,mistral_subject-matter,subject-matter,4,4,"uncertain utility interaction (net metering, utility ownership, and agreed standards)","uncertain utility interaction (net metering, utility ownership, and agreed standards)",matched,correct_id,False,21,20260630_012723
mistral_subject-matter_21_b5,mistral,mistral_subject-matter,subject-matter,5,5,lack of pilot projects,lack of pilot projects,matched,correct_id,False,21,20260630_012723
mistral_subject-matter_21_b8,mistral,mistral_subject-matter,subject-matter,8,8,misconception and lack of knowledge leads to lengthy/expensive design and permit process,misconception and lack of knowledge leads to lengthy/expensive design and permit process,matched,correct_id,False,21,20260630_012723
mistral_subject-matter_21_b10,mistral,mistral_subject-matter,subject-matter,10,10,uncertain regulatory roadmap,uncertain regulatory roadmap,matched,correct_id,False,21,20260630_012723
phi4_generalist_22_b1,phi4,phi4_generalist,generalist,1,1,"power losses, quality and safety issues","power losses, quality and safety issues",matched,correct_id,False,22,20260630_012858
phi4_generalist_22_b3,phi4,phi4_generalist,generalist,3,3,lack of use-cases in which DC is advantageous,lack of use-cases in which DC is advantageous,matched,correct_id,False,22,20260630_012858
phi4_generalist_22_b4,phi4,phi4_generalist,generalist,4,4,"uncertain utility interaction (net metering, utility ownership, and agreed standards)","uncertain utility interaction (net metering, utility ownership, and agreed standards)",matched,correct_id,False,22,20260630_012858
phi4_generalist_22_b5,phi4,phi4_generalist,generalist,5,5,lack of pilot projects,lack of pilot projects,matched,correct_id,False,22,20260630_012858
phi4_generalist_22_b10,phi4,phi4_generalist,generalist,10,10,uncertain regulatory roadmap,uncertain regulatory roadmap,matched,correct_id,False,22,20260630_012858
phi4_normative_22_b1,phi4,phi4_normative,normative,1,1,"power losses, quality and safety issues","power losses, quality and safety issues",matched,correct_id,False,22,20260630_012858
phi4_normative_22_b2,phi4,phi4_normative,normative,2,2,reduced reliability in DC devices,reduced reliability in DC devices,matched,correct_id,False,22,20260630_012858
phi4_normative_22_b3,phi4,phi4_normative,normative,3,3,lack of use-cases in which DC is advantageous,lack of use-cases in which DC is advantageous,matched,correct_id,False,22,20260630_012858
phi4_normative_22_b4,phi4,phi4_normative,normative,4,4,"uncertain utility interaction (net metering, utility ownership, and agreed standards)","uncertain utility interaction (net metering, utility ownership, and agreed standards)",matched,correct_id,False,22,20260630_012858
phi4_normative_22_b5,phi4,phi4_normative,normative,5,5,lack of pilot projects,lack of pilot projects,matched,correct_id,False,22,20260630_012858
phi4_subject-matter_22_b1,phi4,phi4_subject-matter,subject-matter,1,1,"power losses, quality and safety issues","power losses, quality and safety issues",matched,correct_id,False,22,20260630_012858
phi4_subject-matter_22_b2,phi4,phi4_subject-matter,subject-matter,2,2,reduced reliability in DC devices,reduced reliability in DC devices,matched,correct_id,False,22,20260630_012858
phi4_subject-matter_22_b3,phi4,phi4_subject-matter,subject-matter,3,3,lack of use-cases in which DC is advantageous,lack of use-cases in which DC is advantageous,matched,correct_id,False,22,20260630_012858
phi4_subject-matter_22_b4,phi4,phi4_subject-matter,subject-matter,4,4,"uncertain utility interaction (net metering, utility ownership, and agreed standards)","uncertain utility interaction (net metering, utility ownership, and agreed standards)",matched,correct_id,False,22,20260630_012858
phi4_subject-matter_22_b10,phi4,phi4_subject-matter,subject-matter,10,5,uncertain regulatory roadmap,uncertain regulatory roadmap,matched,corrected_from_label,False,22,20260630_012858
gemma3_generalist_22_b1,gemma3,gemma3_generalist,generalist,1,1,"power losses, quality and safety issues","power losses, quality and safety issues",matched,correct_id,False,22,20260630_012858
gemma3_generalist_22_b5,gemma3,gemma3_generalist,generalist,5,2,lack of pilot projects,lack of pilot projects,matched,corrected_from_label,False,22,20260630_012858
gemma3_generalist_22_b6,gemma3,gemma3_generalist,generalist,6,3,public perception of DC and readiness to 'champion' installations from DC projects,public perception of DC and readiness to 'champion' installations from DC projects,matched,corrected_from_label,False,22,20260630_012858
gemma3_generalist_22_b8,gemma3,gemma3_generalist,generalist,8,4,misconception and lack of knowledge leads to lengthy/expensive design and permit process,misconception and lack of knowledge leads to lengthy/expensive design and permit process,matched,corrected_from_label,False,22,20260630_012858
gemma3_generalist_22_b11,gemma3,gemma3_generalist,generalist,11,5,high costs of DC solutions,high costs of DC solutions,matched,corrected_from_label,False,22,20260630_012858
gemma3_normative_22_b1,gemma3,gemma3_normative,normative,1,1,"power losses, quality and safety issues","power losses, quality and safety issues",matched,correct_id,False,22,20260630_012858
gemma3_normative_22_b4,gemma3,gemma3_normative,normative,4,4,"uncertain utility interaction (net metering, utility ownership, and agreed standards)","uncertain utility interaction (net metering, utility ownership, and agreed standards)",matched,correct_id,False,22,20260630_012858
gemma3_normative_22_b8,gemma3,gemma3_normative,normative,8,8,misconception and lack of knowledge leads to lengthy/expensive design and permit process,misconception and lack of knowledge leads to lengthy/expensive design and permit process,matched,correct_id,False,22,20260630_012858
gemma3_normative_22_b9,gemma3,gemma3_normative,normative,9,9,lack of enough trained personnel in DC systems,lack of enough trained personnel in DC systems,matched,correct_id,False,22,20260630_012858
gemma3_normative_22_b11,gemma3,gemma3_normative,normative,11,11,high costs of DC solutions,high costs of DC solutions,matched,correct_id,False,22,20260630_012858
gemma3_subject-matter_22_b1,gemma3,gemma3_subject-matter,subject-matter,1,1,"power losses, quality and safety issues","power losses, quality and safety issues",matched,correct_id,False,22,20260630_012858
gemma3_subject-matter_22_b5,gemma3,gemma3_subject-matter,subject-matter,5,2,lack of pilot projects,lack of pilot projects,matched,corrected_from_label,False,22,20260630_012858
gemma3_subject-matter_22_b6,gemma3,gemma3_subject-matter,subject-matter,6,3,public perception of DC and readiness to 'champion' installations from DC projects,public perception of DC and readiness to 'champion' installations from DC projects,matched,corrected_from_label,False,22,20260630_012858
gemma3_subject-matter_22_b8,gemma3,gemma3_subject-matter,subject-matter,8,4,misconception and lack of knowledge leads to lengthy/expensive design and permit process,misconception and lack of knowledge leads to lengthy/expensive design and permit process,matched,corrected_from_label,False,22,20260630_012858
gemma3_subject-matter_22_b10,gemma3,gemma3_subject-matter,subject-matter,10,5,uncertain regulatory roadmap,uncertain regulatory roadmap,matched,corrected_from_label,False,22,20260630_012858
llama_generalist_22_b1,llama,llama_generalist,generalist,1,1,"power losses, quality and safety issues","Power losses, quality, and safety issues",matched,correct_id,False,22,20260630_012858
llama_generalist_22_b3,llama,llama_generalist,generalist,3,2,lack of use-cases in which DC is advantageous,Lack of use-cases in which DC is advantageous,matched,corrected_from_label,False,22,20260630_012858
llama_generalist_22_b4,llama,llama_generalist,generalist,4,3,"uncertain utility interaction (net metering, utility ownership, and agreed standards)","Uncertain utility interaction (net metering, utility ownership, and agreed standards)",matched,corrected_from_label,False,22,20260630_012858
llama_generalist_22_b11,llama,llama_generalist,generalist,11,4,high costs of DC solutions,High costs of DC solutions,matched,corrected_from_label,False,22,20260630_012858
llama_generalist_22_b9,llama,llama_generalist,generalist,9,5,lack of enough trained personnel in DC systems,Lack of enough trained personnel in DC systems,matched,corrected_from_label,False,22,20260630_012858
llama_normative_22_b1,llama,llama_normative,normative,1,1,"power losses, quality and safety issues","power losses, quality and safety issues",matched,correct_id,False,22,20260630_012858
llama_normative_22_b2,llama,llama_normative,normative,2,2,reduced reliability in DC devices,reduced reliability in DC devices,matched,correct_id,False,22,20260630_012858
llama_normative_22_b3,llama,llama_normative,normative,3,3,lack of use-cases in which DC is advantageous,lack of use-cases in which DC is advantageous,matched,correct_id,False,22,20260630_012858
llama_normative_22_b4,llama,llama_normative,normative,4,4,"uncertain utility interaction (net metering, utility ownership, and agreed standards)","uncertain utility interaction (net metering, utility ownership, and agreed standards)",matched,correct_id,False,22,20260630_012858
llama_normative_22_b5,llama,llama_normative,normative,5,5,lack of pilot projects,lack of pilot projects,matched,correct_id,False,22,20260630_012858
llama_subject-matter_22_b1,llama,llama_subject-matter,subject-matter,1,1,"power losses, quality and safety issues","Power losses, quality, and safety issues",matched,correct_id,False,22,20260630_012858
llama_subject-matter_22_b3,llama,llama_subject-matter,subject-matter,3,2,lack of use-cases in which DC is advantageous,Lack of use-cases in which DC is advantageous,matched,corrected_from_label,False,22,20260630_012858
llama_subject-matter_22_b4,llama,llama_subject-matter,subject-matter,4,3,"uncertain utility interaction (net metering, utility ownership, and agreed standards)","Uncertain utility interaction (net metering, utility ownership, and agreed standards)",matched,corrected_from_label,False,22,20260630_012858
llama_subject-matter_22_b7,llama,llama_subject-matter,subject-matter,7,4,incompatibility of DC systems components,Incompatibility of DC systems components,matched,corrected_from_label,False,22,20260630_012858
llama_subject-matter_22_b8,llama,llama_subject-matter,subject-matter,8,5,misconception and lack of knowledge leads to lengthy/expensive design and permit process,Misconception and lack of knowledge leads to lengthy/expensive design and permit process,matched,corrected_from_label,False,22,20260630_012858
mistral_generalist_22_b1,mistral,mistral_generalist,generalist,1,1,"power losses, quality and safety issues","power losses, quality, and safety issues",matched,correct_id,False,22,20260630_012858
mistral_generalist_22_b2,mistral,mistral_generalist,generalist,2,2,reduced reliability in DC devices,reduced reliability in DC devices,matched,correct_id,False,22,20260630_012858
mistral_generalist_22_b4,mistral,mistral_generalist,generalist,4,3,"uncertain utility interaction (net metering, utility ownership, and agreed standards)","uncertain utility interaction (net metering, utility ownership, and agreed standards)",matched,corrected_from_label,False,22,20260630_012858
mistral_generalist_22_b5,mistral,mistral_generalist,generalist,5,4,lack of pilot projects,lack of pilot projects,matched,corrected_from_label,False,22,20260630_012858
mistral_generalist_22_b7,mistral,mistral_generalist,generalist,7,5,incompatibility of DC systems components,incompatibility of DC systems components,matched,corrected_from_label,False,22,20260630_012858
mistral_normative_22_b1,mistral,mistral_normative,normative,1,1,"power losses, quality and safety issues","power losses, quality and safety issues",matched,correct_id,False,22,20260630_012858
mistral_normative_22_b2,mistral,mistral_normative,normative,2,2,reduced reliability in DC devices,reduced reliability in DC devices,matched,correct_id,False,22,20260630_012858
mistral_normative_22_b4,mistral,mistral_normative,normative,4,3,"uncertain utility interaction (net metering, utility ownership, and agreed standards)","uncertain utility interaction (net metering, utility ownership, and agreed standards)",matched,corrected_from_label,False,22,20260630_012858
mistral_normative_22_b5,mistral,mistral_normative,normative,5,4,lack of pilot projects,lack of pilot projects,matched,corrected_from_label,False,22,20260630_012858
mistral_normative_22_b11,mistral,mistral_normative,normative,11,5,high costs of DC solutions,high costs of DC solutions,matched,corrected_from_label,False,22,20260630_012858
mistral_subject-matter_22_b1,mistral,mistral_subject-matter,subject-matter,1,1,"power losses, quality and safety issues","power losses, quality and safety issues",matched,correct_id,False,22,20260630_012858
mistral_subject-matter_22_b4,mistral,mistral_subject-matter,subject-matter,4,4,"uncertain utility interaction (net metering, utility ownership, and agreed standards)","uncertain utility interaction (net metering, utility ownership, and agreed standards)",matched,correct_id,False,22,20260630_012858
mistral_subject-matter_22_b5,mistral,mistral_subject-matter,subject-matter,5,5,lack of pilot projects,lack of pilot projects,matched,correct_id,False,22,20260630_012858
mistral_subject-matter_22_b8,mistral,mistral_subject-matter,subject-matter,8,8,misconception and lack of knowledge leads to lengthy/expensive design and permit process,misconception and lack of knowledge leads to lengthy/expensive design and permit process,matched,correct_id,False,22,20260630_012858
mistral_subject-matter_22_b9,mistral,mistral_subject-matter,subject-matter,9,9,lack of enough trained personnel in DC systems,lack of enough trained personnel in DC systems,matched,correct_id,False,22,20260630_012858
phi4_generalist_23_b1,phi4,phi4_generalist,generalist,1,1,"power losses, quality and safety issues","power losses, quality and safety issues",matched,correct_id,False,23,20260630_013208
phi4_generalist_23_b3,phi4,phi4_generalist,generalist,3,3,lack of use-cases in which DC is advantageous,lack of use-cases in which DC is advantageous,matched,correct_id,False,23,20260630_013208
phi4_generalist_23_b4,phi4,phi4_generalist,generalist,4,4,"uncertain utility interaction (net metering, utility ownership, and agreed standards)","uncertain utility interaction (net metering, utility ownership, and agreed standards)",matched,correct_id,False,23,20260630_013208
phi4_generalist_23_b8,phi4,phi4_generalist,generalist,8,8,misconception and lack of knowledge leads to lengthy/expensive design and permit process,misconception and lack of knowledge leads to lengthy/expensive design and permit process,matched,correct_id,False,23,20260630_013208
phi4_generalist_23_b10,phi4,phi4_generalist,generalist,10,10,uncertain regulatory roadmap,uncertain regulatory roadmap,matched,correct_id,False,23,20260630_013208
phi4_normative_23_b1,phi4,phi4_normative,normative,1,1,"power losses, quality and safety issues","power losses, quality and safety issues",matched,correct_id,False,23,20260630_013208
phi4_normative_23_b3,phi4,phi4_normative,normative,3,2,lack of use-cases in which DC is advantageous,lack of use-cases in which DC is advantageous,matched,corrected_from_label,False,23,20260630_013208
phi4_normative_23_b4,phi4,phi4_normative,normative,4,4,"uncertain utility interaction (net metering, utility ownership, and agreed standards)","uncertain utility interaction (net metering, utility ownership, and agreed standards)",matched,correct_id,False,23,20260630_013208
phi4_normative_23_b8,phi4,phi4_normative,normative,8,8,misconception and lack of knowledge leads to lengthy/expensive design and permit process,misconception and lack of knowledge leads to lengthy/expensive design and permit process,matched,correct_id,False,23,20260630_013208
phi4_normative_23_b10,phi4,phi4_normative,normative,10,10,uncertain regulatory roadmap,uncertain regulatory roadmap,matched,correct_id,False,23,20260630_013208
phi4_subject-matter_23_b1,phi4,phi4_subject-matter,subject-matter,1,1,"power losses, quality and safety issues","power losses, quality and safety issues",matched,correct_id,False,23,20260630_013208
phi4_subject-matter_23_b2,phi4,phi4_subject-matter,subject-matter,2,2,reduced reliability in DC devices,reduced reliability in DC devices,matched,correct_id,False,23,20260630_013208
phi4_subject-matter_23_b4,phi4,phi4_subject-matter,subject-matter,4,4,"uncertain utility interaction (net metering, utility ownership, and agreed standards)","uncertain utility interaction (net metering, utility ownership, and agreed standards)",matched,correct_id,False,23,20260630_013208
phi4_subject-matter_23_b7,phi4,phi4_subject-matter,subject-matter,7,7,incompatibility of DC systems components,incompatibility of DC systems components,matched,correct_id,False,23,20260630_013208
phi4_subject-matter_23_b10,phi4,phi4_subject-matter,subject-matter,10,10,uncertain regulatory roadmap,uncertain regulatory roadmap,matched,correct_id,False,23,20260630_013208
gemma3_generalist_23_b1,gemma3,gemma3_generalist,generalist,1,1,"power losses, quality and safety issues","power losses, quality and safety issues",matched,correct_id,False,23,20260630_013208
gemma3_generalist_23_b5,gemma3,gemma3_generalist,generalist,5,2,lack of pilot projects,lack of pilot projects,matched,corrected_from_label,False,23,20260630_013208
gemma3_generalist_23_b6,gemma3,gemma3_generalist,generalist,6,3,public perception of DC and readiness to 'champion' installations from DC projects,public perception of DC and readiness to 'champion' installations from DC projects,matched,corrected_from_label,False,23,20260630_013208
gemma3_generalist_23_b8,gemma3,gemma3_generalist,generalist,8,4,misconception and lack of knowledge leads to lengthy/expensive design and permit process,misconception and lack of knowledge leads to lengthy/expensive design and permit process,matched,corrected_from_label,False,23,20260630_013208
gemma3_generalist_23_b11,gemma3,gemma3_generalist,generalist,11,5,high costs of DC solutions,high costs of DC solutions,matched,corrected_from_label,False,23,20260630_013208
gemma3_normative_23_b1,gemma3,gemma3_normative,normative,1,1,"power losses, quality and safety issues","power losses, quality and safety issues",matched,correct_id,False,23,20260630_013208
gemma3_normative_23_b4,gemma3,gemma3_normative,normative,4,2,"uncertain utility interaction (net metering, utility ownership, and agreed standards)","uncertain utility interaction (net metering, utility ownership, and agreed standards)",matched,corrected_from_label,False,23,20260630_013208
gemma3_normative_23_b8,gemma3,gemma3_normative,normative,8,3,misconception and lack of knowledge leads to lengthy/expensive design and permit process,misconception and lack of knowledge leads to lengthy/expensive design and permit process,matched,corrected_from_label,False,23,20260630_013208
gemma3_normative_23_b9,gemma3,gemma3_normative,normative,9,4,lack of enough trained personnel in DC systems,lack of enough trained personnel in DC systems,matched,corrected_from_label,False,23,20260630_013208
gemma3_normative_23_b11,gemma3,gemma3_normative,normative,11,5,high costs of DC solutions,high costs of DC solutions,matched,corrected_from_label,False,23,20260630_013208
gemma3_subject-matter_23_b1,gemma3,gemma3_subject-matter,subject-matter,1,1,"power losses, quality and safety issues","power losses, quality and safety issues",matched,correct_id,False,23,20260630_013208
gemma3_subject-matter_23_b5,gemma3,gemma3_subject-matter,subject-matter,5,2,lack of pilot projects,lack of pilot projects,matched,corrected_from_label,False,23,20260630_013208
gemma3_subject-matter_23_b6,gemma3,gemma3_subject-matter,subject-matter,6,3,public perception of DC and readiness to 'champion' installations from DC projects,public perception of DC and readiness to 'champion' installations from DC projects,matched,corrected_from_label,False,23,20260630_013208
gemma3_subject-matter_23_b8,gemma3,gemma3_subject-matter,subject-matter,8,4,misconception and lack of knowledge leads to lengthy/expensive design and permit process,misconception and lack of knowledge leads to lengthy/expensive design and permit process,matched,corrected_from_label,False,23,20260630_013208
gemma3_subject-matter_23_b10,gemma3,gemma3_subject-matter,subject-matter,10,5,uncertain regulatory roadmap,uncertain regulatory roadmap,matched,corrected_from_label,False,23,20260630_013208
llama_generalist_23_b1,llama,llama_generalist,generalist,1,1,"power losses, quality and safety issues","power losses, quality and safety issues",matched,correct_id,False,23,20260630_013208
llama_generalist_23_b2,llama,llama_generalist,generalist,2,2,reduced reliability in DC devices,reduced reliability in DC devices,matched,correct_id,False,23,20260630_013208
llama_generalist_23_b3,llama,llama_generalist,generalist,3,3,lack of use-cases in which DC is advantageous,lack of use-cases in which DC is advantageous,matched,correct_id,False,23,20260630_013208
llama_generalist_23_b4,llama,llama_generalist,generalist,4,4,"uncertain utility interaction (net metering, utility ownership, and agreed standards)","uncertain utility interaction (net metering, utility ownership, and agreed standards)",matched,correct_id,False,23,20260630_013208
llama_generalist_23_b5,llama,llama_generalist,generalist,5,5,lack of pilot projects,lack of pilot projects,matched,correct_id,False,23,20260630_013208
llama_normative_23_b1,llama,llama_normative,normative,1,1,"power losses, quality and safety issues","Power losses, quality, and safety issues",matched,correct_id,False,23,20260630_013208
llama_normative_23_b2,llama,llama_normative,normative,2,2,reduced reliability in DC devices,Reduced reliability in DC devices,matched,correct_id,False,23,20260630_013208
llama_normative_23_b3,llama,llama_normative,normative,3,3,lack of use-cases in which DC is advantageous,Lack of use-cases in which DC is advantageous,matched,correct_id,False,23,20260630_013208
llama_normative_23_b4,llama,llama_normative,normative,4,4,"uncertain utility interaction (net metering, utility ownership, and agreed standards)","Uncertain utility interaction (net metering, utility ownership, and agreed standards)",matched,correct_id,False,23,20260630_013208
llama_normative_23_b5,llama,llama_normative,normative,5,5,lack of pilot projects,Lack of pilot projects,matched,correct_id,False,23,20260630_013208
llama_subject-matter_23_b1,llama,llama_subject-matter,subject-matter,1,1,"power losses, quality and safety issues","Power losses, quality and safety issues",matched,correct_id,False,23,20260630_013208
llama_subject-matter_23_b2,llama,llama_subject-matter,subject-matter,2,2,reduced reliability in DC devices,Reduced reliability in DC devices,matched,correct_id,False,23,20260630_013208
llama_subject-matter_23_b3,llama,llama_subject-matter,subject-matter,3,3,lack of use-cases in which DC is advantageous,Lack of use-cases in which DC is advantageous,matched,correct_id,False,23,20260630_013208
llama_subject-matter_23_b4,llama,llama_subject-matter,subject-matter,4,4,"uncertain utility interaction (net metering, utility ownership, and agreed standards)","Uncertain utility interaction (net metering, utility ownership, and agreed standards)",matched,correct_id,False,23,20260630_013208
llama_subject-matter_23_b5,llama,llama_subject-matter,subject-matter,5,5,lack of pilot projects,Lack of pilot projects,matched,correct_id,False,23,20260630_013208
mistral_generalist_23_b1,mistral,mistral_generalist,generalist,1,1,"power losses, quality and safety issues","Power losses, quality, and safety issues",matched,correct_id,False,23,20260630_013208
mistral_generalist_23_b4,mistral,mistral_generalist,generalist,4,2,"uncertain utility interaction (net metering, utility ownership, and agreed standards)","Uncertain utility interaction (net metering, utility ownership, and agreed standards)",matched,corrected_from_label,False,23,20260630_013208
mistral_generalist_23_b5,mistral,mistral_generalist,generalist,5,3,lack of pilot projects,Lack of pilot projects,matched,corrected_from_label,False,23,20260630_013208
mistral_generalist_23_b7,mistral,mistral_generalist,generalist,7,4,incompatibility of DC systems components,Incompatibility of DC systems components,matched,corrected_from_label,False,23,20260630_013208
mistral_generalist_23_b8,mistral,mistral_generalist,generalist,8,5,misconception and lack of knowledge leads to lengthy/expensive design and permit process,Misconception and lack of knowledge leads to lengthy/expensive design and permit process,matched,corrected_from_label,False,23,20260630_013208
mistral_normative_23_b1,mistral,mistral_normative,normative,1,1,"power losses, quality and safety issues","power losses, quality and safety issues",matched,correct_id,False,23,20260630_013208
mistral_normative_23_b2,mistral,mistral_normative,normative,2,2,reduced reliability in DC devices,reduced reliability in DC devices,matched,correct_id,False,23,20260630_013208
mistral_normative_23_b4,mistral,mistral_normative,normative,4,3,"uncertain utility interaction (net metering, utility ownership, and agreed standards)","uncertain utility interaction (net metering, utility ownership, and agreed standards)",matched,corrected_from_label,False,23,20260630_013208
mistral_normative_23_b5,mistral,mistral_normative,normative,5,4,lack of pilot projects,lack of pilot projects,matched,corrected_from_label,False,23,20260630_013208
mistral_normative_23_b11,mistral,mistral_normative,normative,11,5,high costs of DC solutions,high costs of DC solutions,matched,corrected_from_label,False,23,20260630_013208
mistral_subject-matter_23_b1,mistral,mistral_subject-matter,subject-matter,1,1,"power losses, quality and safety issues","power losses, quality and safety issues",matched,correct_id,False,23,20260630_013208
mistral_subject-matter_23_b2,mistral,mistral_subject-matter,subject-matter,2,2,reduced reliability in DC devices,reduced reliability in DC devices,matched,correct_id,False,23,20260630_013208
mistral_subject-matter_23_b4,mistral,mistral_subject-matter,subject-matter,4,3,"uncertain utility interaction (net metering, utility ownership, and agreed standards)","uncertain utility interaction (net metering, utility ownership, and agreed standards)",matched,corrected_from_label,False,23,20260630_013208
mistral_subject-matter_23_b5,mistral,mistral_subject-matter,subject-matter,5,4,lack of pilot projects,lack of pilot projects,matched,corrected_from_label,False,23,20260630_013208
mistral_subject-matter_23_b7,mistral,mistral_subject-matter,subject-matter,7,5,incompatibility of DC systems components,incompatibility of DC systems components,matched,corrected_from_label,False,23,20260630_013208
phi4_generalist_24_b1,phi4,phi4_generalist,generalist,1,1,"power losses, quality and safety issues","power losses, quality and safety issues",matched,correct_id,False,24,20260630_013339
phi4_generalist_24_b3,phi4,phi4_generalist,generalist,3,3,lack of use-cases in which DC is advantageous,lack of use-cases in which DC is advantageous,matched,correct_id,False,24,20260630_013339
phi4_generalist_24_b4,phi4,phi4_generalist,generalist,4,4,"uncertain utility interaction (net metering, utility ownership, and agreed standards)","uncertain utility interaction (net metering, utility ownership, and agreed standards)",matched,correct_id,False,24,20260630_013339
phi4_generalist_24_b5,phi4,phi4_generalist,generalist,5,5,lack of pilot projects,lack of pilot projects,matched,correct_id,False,24,20260630_013339
phi4_generalist_24_b10,phi4,phi4_generalist,generalist,10,10,uncertain regulatory roadmap,uncertain regulatory roadmap,matched,correct_id,False,24,20260630_013339
phi4_normative_24_b1,phi4,phi4_normative,normative,1,1,"power losses, quality and safety issues","power losses, quality and safety issues",matched,correct_id,False,24,20260630_013339
phi4_normative_24_b2,phi4,phi4_normative,normative,2,2,reduced reliability in DC devices,reduced reliability in DC devices,matched,correct_id,False,24,20260630_013339
phi4_normative_24_b4,phi4,phi4_normative,normative,4,4,"uncertain utility interaction (net metering, utility ownership, and agreed standards)","uncertain utility interaction (net metering, utility ownership, and agreed standards)",matched,correct_id,False,24,20260630_013339
phi4_normative_24_b8,phi4,phi4_normative,normative,8,8,misconception and lack of knowledge leads to lengthy/expensive design and permit process,misconception and lack of knowledge leads to lengthy/expensive design and permit process,matched,correct_id,False,24,20260630_013339
phi4_normative_24_b10,phi4,phi4_normative,normative,10,10,uncertain regulatory roadmap,uncertain regulatory roadmap,matched,correct_id,False,24,20260630_013339
phi4_subject-matter_24_b1,phi4,phi4_subject-matter,subject-matter,1,1,"power losses, quality and safety issues","power losses, quality and safety issues",matched,correct_id,False,24,20260630_013339
phi4_subject-matter_24_b2,phi4,phi4_subject-matter,subject-matter,2,2,reduced reliability in DC devices,reduced reliability in DC devices,matched,correct_id,False,24,20260630_013339
phi4_subject-matter_24_b3,phi4,phi4_subject-matter,subject-matter,3,3,lack of use-cases in which DC is advantageous,lack of use-cases in which DC is advantageous,matched,correct_id,False,24,20260630_013339
phi4_subject-matter_24_b4,phi4,phi4_subject-matter,subject-matter,4,4,"uncertain utility interaction (net metering, utility ownership, and agreed standards)","uncertain utility interaction (net metering, utility ownership, and agreed standards)",matched,correct_id,False,24,20260630_013339
phi4_subject-matter_24_b7,phi4,phi4_subject-matter,subject-matter,7,5,incompatibility of DC systems components,incompatibility of DC systems components,matched,corrected_from_label,False,24,20260630_013339
gemma3_generalist_24_b1,gemma3,gemma3_generalist,generalist,1,1,"power losses, quality and safety issues","power losses, quality and safety issues",matched,correct_id,False,24,20260630_013339
gemma3_generalist_24_b5,gemma3,gemma3_generalist,generalist,5,2,lack of pilot projects,lack of pilot projects,matched,corrected_from_label,False,24,20260630_013339
gemma3_generalist_24_b6,gemma3,gemma3_generalist,generalist,6,3,public perception of DC and readiness to 'champion' installations from DC projects,public perception of DC and readiness to 'champion' installations from DC projects,matched,corrected_from_label,False,24,20260630_013339
gemma3_generalist_24_b8,gemma3,gemma3_generalist,generalist,8,4,misconception and lack of knowledge leads to lengthy/expensive design and permit process,misconception and lack of knowledge leads to lengthy/expensive design and permit process,matched,corrected_from_label,False,24,20260630_013339
gemma3_generalist_24_b11,gemma3,gemma3_generalist,generalist,11,5,high costs of DC solutions,high costs of DC solutions,matched,corrected_from_label,False,24,20260630_013339
gemma3_normative_24_b1,gemma3,gemma3_normative,normative,1,1,"power losses, quality and safety issues","power losses, quality and safety issues",matched,correct_id,False,24,20260630_013339
gemma3_normative_24_b4,gemma3,gemma3_normative,normative,4,4,"uncertain utility interaction (net metering, utility ownership, and agreed standards)","uncertain utility interaction (net metering, utility ownership, and agreed standards)",matched,correct_id,False,24,20260630_013339
gemma3_normative_24_b6,gemma3,gemma3_normative,normative,6,6,public perception of DC and readiness to 'champion' installations from DC projects,public perception of DC and readiness to 'champion' installations from DC projects,matched,correct_id,False,24,20260630_013339
gemma3_normative_24_b8,gemma3,gemma3_normative,normative,8,8,misconception and lack of knowledge leads to lengthy/expensive design and permit process,misconception and lack of knowledge leads to lengthy/expensive design and permit process,matched,correct_id,False,24,20260630_013339
gemma3_normative_24_b11,gemma3,gemma3_normative,normative,11,11,high costs of DC solutions,high costs of DC solutions,matched,correct_id,False,24,20260630_013339
gemma3_subject-matter_24_b1,gemma3,gemma3_subject-matter,subject-matter,1,1,"power losses, quality and safety issues","power losses, quality and safety issues",matched,correct_id,False,24,20260630_013339
gemma3_subject-matter_24_b5,gemma3,gemma3_subject-matter,subject-matter,5,2,lack of pilot projects,lack of pilot projects,matched,corrected_from_label,False,24,20260630_013339
gemma3_subject-matter_24_b6,gemma3,gemma3_subject-matter,subject-matter,6,3,public perception of DC and readiness to 'champion' installations from DC projects,public perception of DC and readiness to 'champion' installations from DC projects,matched,corrected_from_label,False,24,20260630_013339
gemma3_subject-matter_24_b8,gemma3,gemma3_subject-matter,subject-matter,8,4,misconception and lack of knowledge leads to lengthy/expensive design and permit process,misconception and lack of knowledge leads to lengthy/expensive design and permit process,matched,corrected_from_label,False,24,20260630_013339
gemma3_subject-matter_24_b10,gemma3,gemma3_subject-matter,subject-matter,10,5,uncertain regulatory roadmap,uncertain regulatory roadmap,matched,corrected_from_label,False,24,20260630_013339
llama_generalist_24_b1,llama,llama_generalist,generalist,1,1,"power losses, quality and safety issues","power losses, quality and safety issues",matched,correct_id,False,24,20260630_013339
llama_generalist_24_b2,llama,llama_generalist,generalist,2,2,reduced reliability in DC devices,reduced reliability in DC devices,matched,correct_id,False,24,20260630_013339
llama_generalist_24_b3,llama,llama_generalist,generalist,3,3,lack of use-cases in which DC is advantageous,lack of use-cases in which DC is advantageous,matched,correct_id,False,24,20260630_013339
llama_generalist_24_b4,llama,llama_generalist,generalist,4,4,"uncertain utility interaction (net metering, utility ownership, and agreed standards)","uncertain utility interaction (net metering, utility ownership, and agreed standards)",matched,correct_id,False,24,20260630_013339
llama_generalist_24_b5,llama,llama_generalist,generalist,5,5,lack of pilot projects,lack of pilot projects,matched,correct_id,False,24,20260630_013339
llama_normative_24_b1,llama,llama_normative,normative,1,1,"power losses, quality and safety issues","power losses, quality and safety issues",matched,correct_id,False,24,20260630_013339
llama_normative_24_b2,llama,llama_normative,normative,2,2,reduced reliability in DC devices,reduced reliability in DC devices,matched,correct_id,False,24,20260630_013339
llama_normative_24_b3,llama,llama_normative,normative,3,3,lack of use-cases in which DC is advantageous,lack of use-cases in which DC is advantageous,matched,correct_id,False,24,20260630_013339
llama_normative_24_b4,llama,llama_normative,normative,4,4,"uncertain utility interaction (net metering, utility ownership, and agreed standards)","uncertain utility interaction (net metering, utility ownership, and agreed standards)",matched,correct_id,False,24,20260630_013339
llama_normative_24_b5,llama,llama_normative,normative,5,5,lack of pilot projects,lack of pilot projects,matched,correct_id,False,24,20260630_013339
llama_subject-matter_24_b1,llama,llama_subject-matter,subject-matter,1,1,"power losses, quality and safety issues","Power losses, quality, and safety issues",matched,correct_id,False,24,20260630_013339
llama_subject-matter_24_b3,llama,llama_subject-matter,subject-matter,3,2,lack of use-cases in which DC is advantageous,Lack of use-cases in which DC is advantageous,matched,corrected_from_label,False,24,20260630_013339
llama_subject-matter_24_b4,llama,llama_subject-matter,subject-matter,4,3,"uncertain utility interaction (net metering, utility ownership, and agreed standards)","Uncertain utility interaction (net metering, utility ownership, and agreed standards)",matched,corrected_from_label,False,24,20260630_013339
llama_subject-matter_24_b5,llama,llama_subject-matter,subject-matter,5,4,lack of pilot projects,Lack of pilot projects,matched,corrected_from_label,False,24,20260630_013339
llama_subject-matter_24_b6,llama,llama_subject-matter,subject-matter,6,5,public perception of DC and readiness to 'champion' installations from DC projects,Public perception of DC and readiness to 'champion' installations from DC projects,matched,corrected_from_label,False,24,20260630_013339
mistral_generalist_24_b1,mistral,mistral_generalist,generalist,1,1,"power losses, quality and safety issues","power losses, quality and safety issues",matched,correct_id,False,24,20260630_013339
mistral_generalist_24_b2,mistral,mistral_generalist,generalist,2,2,reduced reliability in DC devices,reduced reliability in DC devices,matched,correct_id,False,24,20260630_013339
mistral_generalist_24_b4,mistral,mistral_generalist,generalist,4,3,"uncertain utility interaction (net metering, utility ownership, and agreed standards)","uncertain utility interaction (net metering, utility ownership, and agreed standards)",matched,corrected_from_label,False,24,20260630_013339
mistral_generalist_24_b5,mistral,mistral_generalist,generalist,5,4,lack of pilot projects,lack of pilot projects,matched,corrected_from_label,False,24,20260630_013339
mistral_generalist_24_b8,mistral,mistral_generalist,generalist,8,5,misconception and lack of knowledge leads to lengthy/expensive design and permit process,misconception and lack of knowledge leads to lengthy/expensive design and permit process,matched,corrected_from_label,False,24,20260630_013339
mistral_normative_24_b1,mistral,mistral_normative,normative,1,1,"power losses, quality and safety issues","power losses, quality and safety issues",matched,correct_id,False,24,20260630_013339
mistral_normative_24_b2,mistral,mistral_normative,normative,2,2,reduced reliability in DC devices,reduced reliability in DC devices,matched,correct_id,False,24,20260630_013339
mistral_normative_24_b4,mistral,mistral_normative,normative,4,3,"uncertain utility interaction (net metering, utility ownership, and agreed standards)","uncertain utility interaction (net metering, utility ownership, and agreed standards)",matched,corrected_from_label,False,24,20260630_013339
mistral_normative_24_b5,mistral,mistral_normative,normative,5,4,lack of pilot projects,lack of pilot projects,matched,corrected_from_label,False,24,20260630_013339
mistral_normative_24_b11,mistral,mistral_normative,normative,11,5,high costs of DC solutions,high costs of DC solutions,matched,corrected_from_label,False,24,20260630_013339
mistral_subject-matter_24_b1,mistral,mistral_subject-matter,subject-matter,1,1,"power losses, quality and safety issues","power losses, quality and safety issues",matched,correct_id,False,24,20260630_013339
mistral_subject-matter_24_b2,mistral,mistral_subject-matter,subject-matter,2,2,reduced reliability in DC devices,reduced reliability in DC devices,matched,correct_id,False,24,20260630_013339
mistral_subject-matter_24_b4,mistral,mistral_subject-matter,subject-matter,4,3,"uncertain utility interaction (net metering, utility ownership, and agreed standards)","uncertain utility interaction (net metering, utility ownership, and agreed standards)",matched,corrected_from_label,False,24,20260630_013339
mistral_subject-matter_24_b5,mistral,mistral_subject-matter,subject-matter,5,4,lack of pilot projects,lack of pilot projects,matched,corrected_from_label,False,24,20260630_013339
mistral_subject-matter_24_b10,mistral,mistral_subject-matter,subject-matter,10,5,uncertain regulatory roadmap,uncertain regulatory roadmap,matched,corrected_from_label,False,24,20260630_013339
phi4_generalist_25_b1,phi4,phi4_generalist,generalist,1,1,"power losses, quality and safety issues","power losses, quality and safety issues",matched,correct_id,False,25,20260630_013837
phi4_generalist_25_b3,phi4,phi4_generalist,generalist,3,3,lack of use-cases in which DC is advantageous,lack of use-cases in which DC is advantageous,matched,correct_id,False,25,20260630_013837
phi4_generalist_25_b4,phi4,phi4_generalist,generalist,4,4,"uncertain utility interaction (net metering, utility ownership, and agreed standards)","uncertain utility interaction (net metering, utility ownership, and agreed standards)",matched,correct_id,False,25,20260630_013837
phi4_generalist_25_b5,phi4,phi4_generalist,generalist,5,5,lack of pilot projects,lack of pilot projects,matched,correct_id,False,25,20260630_013837
phi4_generalist_25_b10,phi4,phi4_generalist,generalist,10,10,uncertain regulatory roadmap,uncertain regulatory roadmap,matched,correct_id,False,25,20260630_013837
phi4_normative_25_b1,phi4,phi4_normative,normative,1,1,"power losses, quality and safety issues","power losses, quality and safety issues",matched,correct_id,False,25,20260630_013837
phi4_normative_25_b4,phi4,phi4_normative,normative,4,4,"uncertain utility interaction (net metering, utility ownership, and agreed standards)","uncertain utility interaction (net metering, utility ownership, and agreed standards)",matched,correct_id,False,25,20260630_013837
phi4_normative_25_b6,phi4,phi4_normative,normative,6,6,public perception of DC and readiness to 'champion' installations from DC projects,public perception of DC and readiness to 'champion' installations from DC projects,matched,correct_id,False,25,20260630_013837
phi4_normative_25_b8,phi4,phi4_normative,normative,8,8,misconception and lack of knowledge leads to lengthy/expensive design and permit process,misconception and lack of knowledge leads to lengthy/expensive design and permit process,matched,correct_id,False,25,20260630_013837
phi4_normative_25_b10,phi4,phi4_normative,normative,10,10,uncertain regulatory roadmap,uncertain regulatory roadmap,matched,correct_id,False,25,20260630_013837
phi4_subject-matter_25_b1,phi4,phi4_subject-matter,subject-matter,1,1,"power losses, quality and safety issues","power losses, quality and safety issues",matched,correct_id,False,25,20260630_013837
phi4_subject-matter_25_b4,phi4,phi4_subject-matter,subject-matter,4,4,"uncertain utility interaction (net metering, utility ownership, and agreed standards)","uncertain utility interaction (net metering, utility ownership, and agreed standards)",matched,correct_id,False,25,20260630_013837
phi4_subject-matter_25_b5,phi4,phi4_subject-matter,subject-matter,5,5,lack of pilot projects,lack of pilot projects,matched,correct_id,False,25,20260630_013837
phi4_subject-matter_25_b8,phi4,phi4_subject-matter,subject-matter,8,8,misconception and lack of knowledge leads to lengthy/expensive design and permit process,misconception and lack of knowledge leads to lengthy/expensive design and permit process,matched,correct_id,False,25,20260630_013837
phi4_subject-matter_25_b10,phi4,phi4_subject-matter,subject-matter,10,10,uncertain regulatory roadmap,uncertain regulatory roadmap,matched,correct_id,False,25,20260630_013837
gemma3_generalist_25_b1,gemma3,gemma3_generalist,generalist,1,1,"power losses, quality and safety issues","power losses, quality and safety issues",matched,correct_id,False,25,20260630_013837
gemma3_generalist_25_b5,gemma3,gemma3_generalist,generalist,5,2,lack of pilot projects,lack of pilot projects,matched,corrected_from_label,False,25,20260630_013837
gemma3_generalist_25_b6,gemma3,gemma3_generalist,generalist,6,3,public perception of DC and readiness to 'champion' installations from DC projects,public perception of DC and readiness to 'champion' installations from DC projects,matched,corrected_from_label,False,25,20260630_013837
gemma3_generalist_25_b8,gemma3,gemma3_generalist,generalist,8,4,misconception and lack of knowledge leads to lengthy/expensive design and permit process,misconception and lack of knowledge leads to lengthy/expensive design and permit process,matched,corrected_from_label,False,25,20260630_013837
gemma3_generalist_25_b11,gemma3,gemma3_generalist,generalist,11,5,high costs of DC solutions,high costs of DC solutions,matched,corrected_from_label,False,25,20260630_013837
gemma3_normative_25_b1,gemma3,gemma3_normative,normative,1,1,"power losses, quality and safety issues","power losses, quality and safety issues",matched,correct_id,False,25,20260630_013837
gemma3_normative_25_b4,gemma3,gemma3_normative,normative,4,2,"uncertain utility interaction (net metering, utility ownership, and agreed standards)","uncertain utility interaction (net metering, utility ownership, and agreed standards)",matched,corrected_from_label,False,25,20260630_013837
gemma3_normative_25_b8,gemma3,gemma3_normative,normative,8,3,misconception and lack of knowledge leads to lengthy/expensive design and permit process,misconception and lack of knowledge leads to lengthy/expensive design and permit process,matched,corrected_from_label,False,25,20260630_013837
gemma3_normative_25_b6,gemma3,gemma3_normative,normative,6,4,public perception of DC and readiness to 'champion' installations from DC projects,public perception of DC and readiness to 'champion' installations from DC projects,matched,corrected_from_label,False,25,20260630_013837
gemma3_normative_25_b11,gemma3,gemma3_normative,normative,11,5,high costs of DC solutions,high costs of DC solutions,matched,corrected_from_label,False,25,20260630_013837
gemma3_subject-matter_25_b1,gemma3,gemma3_subject-matter,subject-matter,1,1,"power losses, quality and safety issues","power losses, quality and safety issues",matched,correct_id,False,25,20260630_013837
gemma3_subject-matter_25_b5,gemma3,gemma3_subject-matter,subject-matter,5,2,lack of pilot projects,lack of pilot projects,matched,corrected_from_label,False,25,20260630_013837
gemma3_subject-matter_25_b6,gemma3,gemma3_subject-matter,subject-matter,6,3,public perception of DC and readiness to 'champion' installations from DC projects,public perception of DC and readiness to 'champion' installations from DC projects,matched,corrected_from_label,False,25,20260630_013837
gemma3_subject-matter_25_b9,gemma3,gemma3_subject-matter,subject-matter,9,4,lack of enough trained personnel in DC systems,lack of enough trained personnel in DC systems,matched,corrected_from_label,False,25,20260630_013837
gemma3_subject-matter_25_b10,gemma3,gemma3_subject-matter,subject-matter,10,5,uncertain regulatory roadmap,uncertain regulatory roadmap,matched,corrected_from_label,False,25,20260630_013837
llama_generalist_25_b1,llama,llama_generalist,generalist,1,1,"power losses, quality and safety issues","power losses, quality and safety issues",matched,correct_id,False,25,20260630_013837
llama_generalist_25_b2,llama,llama_generalist,generalist,2,2,reduced reliability in DC devices,reduced reliability in DC devices,matched,correct_id,False,25,20260630_013837
llama_generalist_25_b3,llama,llama_generalist,generalist,3,3,lack of use-cases in which DC is advantageous,lack of use-cases in which DC is advantageous,matched,correct_id,False,25,20260630_013837
llama_generalist_25_b4,llama,llama_generalist,generalist,4,4,"uncertain utility interaction (net metering, utility ownership, and agreed standards)","uncertain utility interaction (net metering, utility ownership, and agreed standards)",matched,correct_id,False,25,20260630_013837
llama_generalist_25_b5,llama,llama_generalist,generalist,5,5,lack of pilot projects,lack of pilot projects,matched,correct_id,False,25,20260630_013837
llama_normative_25_b1,llama,llama_normative,normative,1,1,"power losses, quality and safety issues","Power losses, quality, and safety issues",matched,correct_id,False,25,20260630_013837
llama_normative_25_b3,llama,llama_normative,normative,3,2,lack of use-cases in which DC is advantageous,Lack of use-cases in which DC is advantageous,matched,corrected_from_label,False,25,20260630_013837
llama_normative_25_b4,llama,llama_normative,normative,4,3,"uncertain utility interaction (net metering, utility ownership, and agreed standards)","Uncertain utility interaction (net metering, utility ownership, and agreed standards)",matched,corrected_from_label,False,25,20260630_013837
llama_normative_25_b11,llama,llama_normative,normative,11,4,high costs of DC solutions,High costs of DC solutions,matched,corrected_from_label,False,25,20260630_013837
llama_normative_25_b9,llama,llama_normative,normative,9,5,lack of enough trained personnel in DC systems,Lack of enough trained personnel in DC systems,matched,corrected_from_label,False,25,20260630_013837
llama_subject-matter_25_b1,llama,llama_subject-matter,subject-matter,1,1,"power losses, quality and safety issues","Power losses, quality and safety issues",matched,correct_id,False,25,20260630_013837
llama_subject-matter_25_b2,llama,llama_subject-matter,subject-matter,2,2,reduced reliability in DC devices,Reduced reliability in DC devices,matched,correct_id,False,25,20260630_013837
llama_subject-matter_25_b4,llama,llama_subject-matter,subject-matter,4,3,"uncertain utility interaction (net metering, utility ownership, and agreed standards)","Uncertain utility interaction (net metering, utility ownership, and agreed standards)",matched,corrected_from_label,False,25,20260630_013837
llama_subject-matter_25_b5,llama,llama_subject-matter,subject-matter,5,4,lack of pilot projects,Lack of pilot projects,matched,corrected_from_label,False,25,20260630_013837
llama_subject-matter_25_b6,llama,llama_subject-matter,subject-matter,6,5,public perception of DC and readiness to 'champion' installations from DC projects,Public perception of DC and readiness to 'champion' installations from DC projects,matched,corrected_from_label,False,25,20260630_013837
mistral_generalist_25_b1,mistral,mistral_generalist,generalist,1,1,"power losses, quality and safety issues","power losses, quality and safety issues",matched,correct_id,False,25,20260630_013837
mistral_generalist_25_b2,mistral,mistral_generalist,generalist,2,2,reduced reliability in DC devices,reduced reliability in DC devices,matched,correct_id,False,25,20260630_013837
mistral_generalist_25_b4,mistral,mistral_generalist,generalist,4,3,"uncertain utility interaction (net metering, utility ownership, and agreed standards)","uncertain utility interaction (net metering, utility ownership, and agreed standards)",matched,corrected_from_label,False,25,20260630_013837
mistral_generalist_25_b3,mistral,mistral_generalist,generalist,3,4,lack of use-cases in which DC is advantageous,lack of use-cases in which DC is advantageous,matched,corrected_from_label,False,25,20260630_013837
mistral_generalist_25_b10,mistral,mistral_generalist,generalist,10,5,uncertain regulatory roadmap,uncertain regulatory roadmap,matched,corrected_from_label,False,25,20260630_013837
mistral_normative_25_b1,mistral,mistral_normative,normative,1,1,"power losses, quality and safety issues","power losses, quality and safety issues",matched,correct_id,False,25,20260630_013837
mistral_normative_25_b2,mistral,mistral_normative,normative,2,2,reduced reliability in DC devices,reduced reliability in DC devices,matched,correct_id,False,25,20260630_013837
mistral_normative_25_b4,mistral,mistral_normative,normative,4,3,"uncertain utility interaction (net metering, utility ownership, and agreed standards)","uncertain utility interaction (net metering, utility ownership, and agreed standards)",matched,corrected_from_label,False,25,20260630_013837
mistral_normative_25_b5,mistral,mistral_normative,normative,5,4,lack of pilot projects,lack of pilot projects,matched,corrected_from_label,False,25,20260630_013837
mistral_normative_25_b9,mistral,mistral_normative,normative,9,5,lack of enough trained personnel in DC systems,lack of enough trained personnel in DC systems,matched,corrected_from_label,False,25,20260630_013837
mistral_subject-matter_25_b1,mistral,mistral_subject-matter,subject-matter,1,1,"power losses, quality and safety issues","power losses, quality and safety issues",matched,correct_id,False,25,20260630_013837
mistral_subject-matter_25_b2,mistral,mistral_subject-matter,subject-matter,2,2,reduced reliability in DC devices,reduced reliability in DC devices,matched,correct_id,False,25,20260630_013837
mistral_subject-matter_25_b3,mistral,mistral_subject-matter,subject-matter,3,3,lack of use-cases in which DC is advantageous,lack of use-cases in which DC is advantageous,matched,correct_id,False,25,20260630_013837
mistral_subject-matter_25_b4,mistral,mistral_subject-matter,subject-matter,4,4,"uncertain utility interaction (net metering, utility ownership, and agreed standards)","uncertain utility interaction (net metering, utility ownership, and agreed standards)",matched,correct_id,False,25,20260630_013837
mistral_subject-matter_25_b5,mistral,mistral_subject-matter,subject-matter,5,5,lack of pilot projects,lack of pilot projects,matched,correct_id,False,25,20260630_013837
phi4_generalist_26_b1,phi4,phi4_generalist,generalist,1,1,"power losses, quality and safety issues","power losses, quality and safety issues",matched,correct_id,False,26,20260630_014012
phi4_generalist_26_b4,phi4,phi4_generalist,generalist,4,4,"uncertain utility interaction (net metering, utility ownership, and agreed standards)","uncertain utility interaction (net metering, utility ownership, and agreed standards)",matched,correct_id,False,26,20260630_014012
phi4_generalist_26_b5,phi4,phi4_generalist,generalist,5,5,lack of pilot projects,lack of pilot projects,matched,correct_id,False,26,20260630_014012
phi4_generalist_26_b8,phi4,phi4_generalist,generalist,8,8,misconception and lack of knowledge leads to lengthy/expensive design and permit process,misconception and lack of knowledge leads to lengthy/expensive design and permit process,matched,correct_id,False,26,20260630_014012
phi4_generalist_26_b10,phi4,phi4_generalist,generalist,10,10,uncertain regulatory roadmap,uncertain regulatory roadmap,matched,correct_id,False,26,20260630_014012
phi4_normative_26_b1,phi4,phi4_normative,normative,1,1,"power losses, quality and safety issues","power losses, quality and safety issues",matched,correct_id,False,26,20260630_014012
phi4_normative_26_b4,phi4,phi4_normative,normative,4,2,"uncertain utility interaction (net metering, utility ownership, and agreed standards)","uncertain utility interaction (net metering, utility ownership, and agreed standards)",matched,corrected_from_label,False,26,20260630_014012
phi4_normative_26_b5,phi4,phi4_normative,normative,5,4,lack of pilot projects,lack of pilot projects,matched,corrected_from_label,False,26,20260630_014012
phi4_normative_26_b6,phi4,phi4_normative,normative,6,6,public perception of DC and readiness to 'champion' installations from DC projects,public perception of DC and readiness to 'champion' installations from DC projects,matched,correct_id,False,26,20260630_014012
phi4_normative_26_b10,phi4,phi4_normative,normative,10,10,uncertain regulatory roadmap,uncertain regulatory roadmap,matched,correct_id,False,26,20260630_014012
phi4_subject-matter_26_b1,phi4,phi4_subject-matter,subject-matter,1,1,"power losses, quality and safety issues","power losses, quality and safety issues",matched,correct_id,False,26,20260630_014012
phi4_subject-matter_26_b4,phi4,phi4_subject-matter,subject-matter,4,2,"uncertain utility interaction (net metering, utility ownership, and agreed standards)","uncertain utility interaction (net metering, utility ownership, and agreed standards)",matched,corrected_from_label,False,26,20260630_014012
phi4_subject-matter_26_b5,phi4,phi4_subject-matter,subject-matter,5,4,lack of pilot projects,lack of pilot projects,matched,corrected_from_label,False,26,20260630_014012
phi4_subject-matter_26_b8,phi4,phi4_subject-matter,subject-matter,8,8,misconception and lack of knowledge leads to lengthy/expensive design and permit process,misconception and lack of knowledge leads to lengthy/expensive design and permit process,matched,correct_id,False,26,20260630_014012
phi4_subject-matter_26_b10,phi4,phi4_subject-matter,subject-matter,10,10,uncertain regulatory roadmap,uncertain regulatory roadmap,matched,correct_id,False,26,20260630_014012
gemma3_generalist_26_b1,gemma3,gemma3_generalist,generalist,1,1,"power losses, quality and safety issues","power losses, quality and safety issues",matched,correct_id,False,26,20260630_014012
gemma3_generalist_26_b5,gemma3,gemma3_generalist,generalist,5,2,lack of pilot projects,lack of pilot projects,matched,corrected_from_label,False,26,20260630_014012
gemma3_generalist_26_b6,gemma3,gemma3_generalist,generalist,6,3,public perception of DC and readiness to 'champion' installations from DC projects,public perception of DC and readiness to 'champion' installations from DC projects,matched,corrected_from_label,False,26,20260630_014012
gemma3_generalist_26_b8,gemma3,gemma3_generalist,generalist,8,4,misconception and lack of knowledge leads to lengthy/expensive design and permit process,misconception and lack of knowledge leads to lengthy/expensive design and permit process,matched,corrected_from_label,False,26,20260630_014012
gemma3_generalist_26_b11,gemma3,gemma3_generalist,generalist,11,5,high costs of DC solutions,high costs of DC solutions,matched,corrected_from_label,False,26,20260630_014012
gemma3_normative_26_b1,gemma3,gemma3_normative,normative,1,1,"power losses, quality and safety issues","power losses, quality and safety issues",matched,correct_id,False,26,20260630_014012
gemma3_normative_26_b4,gemma3,gemma3_normative,normative,4,4,"uncertain utility interaction (net metering, utility ownership, and agreed standards)","uncertain utility interaction (net metering, utility ownership, and agreed standards)",matched,correct_id,False,26,20260630_014012
gemma3_normative_26_b8,gemma3,gemma3_normative,normative,8,8,misconception and lack of knowledge leads to lengthy/expensive design and permit process,misconception and lack of knowledge leads to lengthy/expensive design and permit process,matched,correct_id,False,26,20260630_014012
gemma3_normative_26_b9,gemma3,gemma3_normative,normative,9,9,lack of enough trained personnel in DC systems,lack of enough trained personnel in DC systems,matched,correct_id,False,26,20260630_014012
gemma3_normative_26_b11,gemma3,gemma3_normative,normative,11,11,high costs of DC solutions,high costs of DC solutions,matched,correct_id,False,26,20260630_014012
gemma3_subject-matter_26_b1,gemma3,gemma3_subject-matter,subject-matter,1,1,"power losses, quality and safety issues","power losses, quality and safety issues",matched,correct_id,False,26,20260630_014012
gemma3_subject-matter_26_b5,gemma3,gemma3_subject-matter,subject-matter,5,2,lack of pilot projects,lack of pilot projects,matched,corrected_from_label,False,26,20260630_014012
gemma3_subject-matter_26_b6,gemma3,gemma3_subject-matter,subject-matter,6,3,public perception of DC and readiness to 'champion' installations from DC projects,public perception of DC and readiness to 'champion' installations from DC projects,matched,corrected_from_label,False,26,20260630_014012
gemma3_subject-matter_26_b9,gemma3,gemma3_subject-matter,subject-matter,9,4,lack of enough trained personnel in DC systems,lack of enough trained personnel in DC systems,matched,corrected_from_label,False,26,20260630_014012
gemma3_subject-matter_26_b11,gemma3,gemma3_subject-matter,subject-matter,11,5,high costs of DC solutions,high costs of DC solutions,matched,corrected_from_label,False,26,20260630_014012
llama_generalist_26_b3,llama,llama_generalist,generalist,3,1,lack of use-cases in which DC is advantageous,Lack of use-cases in which DC is advantageous,matched,corrected_from_label,False,26,20260630_014012
llama_generalist_26_b4,llama,llama_generalist,generalist,4,2,"uncertain utility interaction (net metering, utility ownership, and agreed standards)","Uncertain utility interaction (net metering, utility ownership, and agreed standards)",matched,corrected_from_label,False,26,20260630_014012
llama_generalist_26_b7,llama,llama_generalist,generalist,7,3,incompatibility of DC systems components,Incompatibility of DC systems components,matched,corrected_from_label,False,26,20260630_014012
llama_generalist_26_b6,llama,llama_generalist,generalist,6,4,public perception of DC and readiness to 'champion' installations from DC projects,Public perception of DC and readiness to 'champion' installations from DC projects,matched,corrected_from_label,False,26,20260630_014012
llama_generalist_26_b9,llama,llama_generalist,generalist,9,5,lack of enough trained personnel in DC systems,Lack of enough trained personnel in DC systems,matched,corrected_from_label,False,26,20260630_014012
llama_normative_26_b1,llama,llama_normative,normative,1,1,"power losses, quality and safety issues","Power losses, quality and safety issues",matched,correct_id,False,26,20260630_014012
llama_normative_26_b3,llama,llama_normative,normative,3,2,lack of use-cases in which DC is advantageous,Lack of use-cases in which DC is advantageous,matched,corrected_from_label,False,26,20260630_014012
llama_normative_26_b4,llama,llama_normative,normative,4,3,"uncertain utility interaction (net metering, utility ownership, and agreed standards)","Uncertain utility interaction (net metering, utility ownership, and agreed standards)",matched,corrected_from_label,False,26,20260630_014012
llama_normative_26_b5,llama,llama_normative,normative,5,4,lack of pilot projects,Lack of pilot projects,matched,corrected_from_label,False,26,20260630_014012
llama_normative_26_b6,llama,llama_normative,normative,6,5,public perception of DC and readiness to 'champion' installations from DC projects,Public perception of DC and readiness to 'champion' installations from DC projects,matched,corrected_from_label,False,26,20260630_014012
llama_subject-matter_26_b1,llama,llama_subject-matter,subject-matter,1,1,"power losses, quality and safety issues","Power losses, quality and safety issues",matched,correct_id,False,26,20260630_014012
llama_subject-matter_26_b2,llama,llama_subject-matter,subject-matter,2,2,reduced reliability in DC devices,Reduced reliability in DC devices,matched,correct_id,False,26,20260630_014012
llama_subject-matter_26_b4,llama,llama_subject-matter,subject-matter,4,3,"uncertain utility interaction (net metering, utility ownership, and agreed standards)","Uncertain utility interaction (net metering, utility ownership, and agreed standards)",matched,corrected_from_label,False,26,20260630_014012
llama_subject-matter_26_b3,llama,llama_subject-matter,subject-matter,3,4,lack of use-cases in which DC is advantageous,Lack of use-cases in which DC is advantageous,matched,corrected_from_label,False,26,20260630_014012
llama_subject-matter_26_b7,llama,llama_subject-matter,subject-matter,7,5,incompatibility of DC systems components,Incompatibility of DC systems components,matched,corrected_from_label,False,26,20260630_014012
mistral_generalist_26_b1,mistral,mistral_generalist,generalist,1,1,"power losses, quality and safety issues","power losses, quality and safety issues",matched,correct_id,False,26,20260630_014012
mistral_generalist_26_b2,mistral,mistral_generalist,generalist,2,2,reduced reliability in DC devices,reduced reliability in DC devices,matched,correct_id,False,26,20260630_014012
mistral_generalist_26_b4,mistral,mistral_generalist,generalist,4,3,"uncertain utility interaction (net metering, utility ownership, and agreed standards)","uncertain utility interaction (net metering, utility ownership, and agreed standards)",matched,corrected_from_label,False,26,20260630_014012
mistral_generalist_26_b5,mistral,mistral_generalist,generalist,5,4,lack of pilot projects,lack of pilot projects,matched,corrected_from_label,False,26,20260630_014012
mistral_generalist_26_b9,mistral,mistral_generalist,generalist,9,5,lack of enough trained personnel in DC systems,lack of enough trained personnel in DC systems,matched,corrected_from_label,False,26,20260630_014012
mistral_normative_26_b1,mistral,mistral_normative,normative,1,1,"power losses, quality and safety issues","power losses, quality and safety issues",matched,correct_id,False,26,20260630_014012
mistral_normative_26_b2,mistral,mistral_normative,normative,2,2,reduced reliability in DC devices,reduced reliability in DC devices,matched,correct_id,False,26,20260630_014012
mistral_normative_26_b4,mistral,mistral_normative,normative,4,3,"uncertain utility interaction (net metering, utility ownership, and agreed standards)","uncertain utility interaction (net metering, utility ownership, and agreed standards)",matched,corrected_from_label,False,26,20260630_014012
mistral_normative_26_b5,mistral,mistral_normative,normative,5,4,lack of pilot projects,lack of pilot projects,matched,corrected_from_label,False,26,20260630_014012
mistral_normative_26_b10,mistral,mistral_normative,normative,10,5,uncertain regulatory roadmap,uncertain regulatory roadmap,matched,corrected_from_label,False,26,20260630_014012
mistral_subject-matter_26_b1,mistral,mistral_subject-matter,subject-matter,1,1,"power losses, quality and safety issues","power losses, quality and safety issues",matched,correct_id,False,26,20260630_014012
mistral_subject-matter_26_b2,mistral,mistral_subject-matter,subject-matter,2,2,reduced reliability in DC devices,reduced reliability in DC devices,matched,correct_id,False,26,20260630_014012
mistral_subject-matter_26_b3,mistral,mistral_subject-matter,subject-matter,3,3,lack of use-cases in which DC is advantageous,lack of use-cases in which DC is advantageous,matched,correct_id,False,26,20260630_014012
mistral_subject-matter_26_b4,mistral,mistral_subject-matter,subject-matter,4,4,"uncertain utility interaction (net metering, utility ownership, and agreed standards)","uncertain utility interaction (net metering, utility ownership, and agreed standards)",matched,correct_id,False,26,20260630_014012
mistral_subject-matter_26_b5,mistral,mistral_subject-matter,subject-matter,5,5,lack of pilot projects,lack of pilot projects,matched,correct_id,False,26,20260630_014012
phi4_generalist_27_b1,phi4,phi4_generalist,generalist,1,1,"power losses, quality and safety issues","power losses, quality and safety issues",matched,correct_id,False,27,20260630_014341
phi4_generalist_27_b3,phi4,phi4_generalist,generalist,3,3,lack of use-cases in which DC is advantageous,lack of use-cases in which DC is advantageous,matched,correct_id,False,27,20260630_014341
phi4_generalist_27_b4,phi4,phi4_generalist,generalist,4,4,"uncertain utility interaction (net metering, utility ownership, and agreed standards)","uncertain utility interaction (net metering, utility ownership, and agreed standards)",matched,correct_id,False,27,20260630_014341
phi4_generalist_27_b5,phi4,phi4_generalist,generalist,5,5,lack of pilot projects,lack of pilot projects,matched,correct_id,False,27,20260630_014341
phi4_generalist_27_b10,phi4,phi4_generalist,generalist,10,10,uncertain regulatory roadmap,uncertain regulatory roadmap,matched,correct_id,False,27,20260630_014341
phi4_normative_27_b1,phi4,phi4_normative,normative,1,1,"power losses, quality and safety issues","power losses, quality and safety issues",matched,correct_id,False,27,20260630_014341
phi4_normative_27_b2,phi4,phi4_normative,normative,2,2,reduced reliability in DC devices,reduced reliability in DC devices,matched,correct_id,False,27,20260630_014341
phi4_normative_27_b4,phi4,phi4_normative,normative,4,4,"uncertain utility interaction (net metering, utility ownership, and agreed standards)","uncertain utility interaction (net metering, utility ownership, and agreed standards)",matched,correct_id,False,27,20260630_014341
phi4_normative_27_b8,phi4,phi4_normative,normative,8,8,misconception and lack of knowledge leads to lengthy/expensive design and permit process,misconception and lack of knowledge leads to lengthy/expensive design and permit process,matched,correct_id,False,27,20260630_014341
phi4_normative_27_b10,phi4,phi4_normative,normative,10,10,uncertain regulatory roadmap,uncertain regulatory roadmap,matched,correct_id,False,27,20260630_014341
phi4_subject-matter_27_b1,phi4,phi4_subject-matter,subject-matter,1,1,"power losses, quality and safety issues","power losses, quality and safety issues",matched,correct_id,False,27,20260630_014341
phi4_subject-matter_27_b3,phi4,phi4_subject-matter,subject-matter,3,3,lack of use-cases in which DC is advantageous,lack of use-cases in which DC is advantageous,matched,correct_id,False,27,20260630_014341
phi4_subject-matter_27_b4,phi4,phi4_subject-matter,subject-matter,4,4,"uncertain utility interaction (net metering, utility ownership, and agreed standards)","uncertain utility interaction (net metering, utility ownership, and agreed standards)",matched,correct_id,False,27,20260630_014341
phi4_subject-matter_27_b8,phi4,phi4_subject-matter,subject-matter,8,8,misconception and lack of knowledge leads to lengthy/expensive design and permit process,misconception and lack of knowledge leads to lengthy/expensive design and permit process,matched,correct_id,False,27,20260630_014341
phi4_subject-matter_27_b10,phi4,phi4_subject-matter,subject-matter,10,10,uncertain regulatory roadmap,uncertain regulatory roadmap,matched,correct_id,False,27,20260630_014341
gemma3_generalist_27_b1,gemma3,gemma3_generalist,generalist,1,1,"power losses, quality and safety issues","power losses, quality and safety issues",matched,correct_id,False,27,20260630_014341
gemma3_generalist_27_b5,gemma3,gemma3_generalist,generalist,5,2,lack of pilot projects,lack of pilot projects,matched,corrected_from_label,False,27,20260630_014341
gemma3_generalist_27_b6,gemma3,gemma3_generalist,generalist,6,3,public perception of DC and readiness to 'champion' installations from DC projects,public perception of DC and readiness to 'champion' installations from DC projects,matched,corrected_from_label,False,27,20260630_014341
gemma3_generalist_27_b8,gemma3,gemma3_generalist,generalist,8,4,misconception and lack of knowledge leads to lengthy/expensive design and permit process,misconception and lack of knowledge leads to lengthy/expensive design and permit process,matched,corrected_from_label,False,27,20260630_014341
gemma3_generalist_27_b11,gemma3,gemma3_generalist,generalist,11,5,high costs of DC solutions,high costs of DC solutions,matched,corrected_from_label,False,27,20260630_014341
gemma3_normative_27_b1,gemma3,gemma3_normative,normative,1,1,"power losses, quality and safety issues","power losses, quality and safety issues",matched,correct_id,False,27,20260630_014341
gemma3_normative_27_b4,gemma3,gemma3_normative,normative,4,4,"uncertain utility interaction (net metering, utility ownership, and agreed standards)","uncertain utility interaction (net metering, utility ownership, and agreed standards)",matched,correct_id,False,27,20260630_014341
gemma3_normative_27_b8,gemma3,gemma3_normative,normative,8,8,misconception and lack of knowledge leads to lengthy/expensive design and permit process,misconception and lack of knowledge leads to lengthy/expensive design and permit process,matched,correct_id,False,27,20260630_014341
gemma3_normative_27_b9,gemma3,gemma3_normative,normative,9,9,lack of enough trained personnel in DC systems,lack of enough trained personnel in DC systems,matched,correct_id,False,27,20260630_014341
gemma3_normative_27_b11,gemma3,gemma3_normative,normative,11,11,high costs of DC solutions,high costs of DC solutions,matched,correct_id,False,27,20260630_014341
gemma3_subject-matter_27_b1,gemma3,gemma3_subject-matter,subject-matter,1,1,"power losses, quality and safety issues","power losses, quality and safety issues",matched,correct_id,False,27,20260630_014341
gemma3_subject-matter_27_b5,gemma3,gemma3_subject-matter,subject-matter,5,2,lack of pilot projects,lack of pilot projects,matched,corrected_from_label,False,27,20260630_014341
gemma3_subject-matter_27_b6,gemma3,gemma3_subject-matter,subject-matter,6,3,public perception of DC and readiness to 'champion' installations from DC projects,public perception of DC and readiness to 'champion' installations from DC projects,matched,corrected_from_label,False,27,20260630_014341
gemma3_subject-matter_27_b9,gemma3,gemma3_subject-matter,subject-matter,9,4,lack of enough trained personnel in DC systems,lack of enough trained personnel in DC systems,matched,corrected_from_label,False,27,20260630_014341
gemma3_subject-matter_27_b11,gemma3,gemma3_subject-matter,subject-matter,11,5,high costs of DC solutions,high costs of DC solutions,matched,corrected_from_label,False,27,20260630_014341
llama_generalist_27_b1,llama,llama_generalist,generalist,1,1,"power losses, quality and safety issues","Power losses, quality and safety issues",matched,correct_id,False,27,20260630_014341
llama_generalist_27_b3,llama,llama_generalist,generalist,3,2,lack of use-cases in which DC is advantageous,Lack of use-cases in which DC is advantageous,matched,corrected_from_label,False,27,20260630_014341
llama_generalist_27_b4,llama,llama_generalist,generalist,4,3,"uncertain utility interaction (net metering, utility ownership, and agreed standards)","Uncertain utility interaction (net metering, utility ownership, and agreed standards)",matched,corrected_from_label,False,27,20260630_014341
llama_generalist_27_b5,llama,llama_generalist,generalist,5,4,lack of pilot projects,Lack of pilot projects,matched,corrected_from_label,False,27,20260630_014341
llama_generalist_27_b6,llama,llama_generalist,generalist,6,5,public perception of DC and readiness to 'champion' installations from DC projects,Public perception of DC and readiness to 'champion' installations from DC projects,matched,corrected_from_label,False,27,20260630_014341
llama_normative_27_b1,llama,llama_normative,normative,1,1,"power losses, quality and safety issues","Power losses, quality and safety issues",matched,correct_id,False,27,20260630_014341
llama_normative_27_b2,llama,llama_normative,normative,2,2,reduced reliability in DC devices,Reduced reliability in DC devices,matched,correct_id,False,27,20260630_014341
llama_normative_27_b4,llama,llama_normative,normative,4,3,"uncertain utility interaction (net metering, utility ownership, and agreed standards)","Uncertain utility interaction (net metering, utility ownership, and agreed standards)",matched,corrected_from_label,False,27,20260630_014341
llama_normative_27_b5,llama,llama_normative,normative,5,4,lack of pilot projects,Lack of pilot projects,matched,corrected_from_label,False,27,20260630_014341
llama_normative_27_b6,llama,llama_normative,normative,6,5,public perception of DC and readiness to 'champion' installations from DC projects,Public perception of DC and readiness to 'champion' installations from DC projects,matched,corrected_from_label,False,27,20260630_014341
llama_subject-matter_27_b1,llama,llama_subject-matter,subject-matter,1,1,"power losses, quality and safety issues","power losses, quality and safety issues",matched,correct_id,False,27,20260630_014341
llama_subject-matter_27_b3,llama,llama_subject-matter,subject-matter,3,2,lack of use-cases in which DC is advantageous,lack of use-cases in which DC is advantageous,matched,corrected_from_label,False,27,20260630_014341
llama_subject-matter_27_b4,llama,llama_subject-matter,subject-matter,4,3,"uncertain utility interaction (net metering, utility ownership, and agreed standards)","uncertain utility interaction (net metering, utility ownership, and agreed standards)",matched,corrected_from_label,False,27,20260630_014341
llama_subject-matter_27_b5,llama,llama_subject-matter,subject-matter,5,4,lack of pilot projects,lack of pilot projects,matched,corrected_from_label,False,27,20260630_014341
llama_subject-matter_27_b6,llama,llama_subject-matter,subject-matter,6,5,public perception of DC and readiness to 'champion' installations from DC projects,public perception of DC and readiness to 'champion' installations from DC projects,matched,corrected_from_label,False,27,20260630_014341
mistral_generalist_27_b1,mistral,mistral_generalist,generalist,1,1,"power losses, quality and safety issues","power losses, quality and safety issues",matched,correct_id,False,27,20260630_014341
mistral_generalist_27_b4,mistral,mistral_generalist,generalist,4,2,"uncertain utility interaction (net metering, utility ownership, and agreed standards)","uncertain utility interaction (net metering, utility ownership, and agreed standards)",matched,corrected_from_label,False,27,20260630_014341
mistral_generalist_27_b5,mistral,mistral_generalist,generalist,5,3,lack of pilot projects,lack of pilot projects,matched,corrected_from_label,False,27,20260630_014341
mistral_generalist_27_b7,mistral,mistral_generalist,generalist,7,4,incompatibility of DC systems components,incompatibility of DC systems components,matched,corrected_from_label,False,27,20260630_014341
mistral_generalist_27_b11,mistral,mistral_generalist,generalist,11,5,high costs of DC solutions,high costs of DC solutions,matched,corrected_from_label,False,27,20260630_014341
mistral_normative_27_b1,mistral,mistral_normative,normative,1,1,"power losses, quality and safety issues","Power losses, quality, and safety issues",matched,correct_id,False,27,20260630_014341
mistral_normative_27_b2,mistral,mistral_normative,normative,2,2,reduced reliability in DC devices,Reduced reliability in DC devices,matched,correct_id,False,27,20260630_014341
mistral_normative_27_b3,mistral,mistral_normative,normative,3,3,lack of use-cases in which DC is advantageous,Lack of use-cases in which DC is advantageous,matched,correct_id,False,27,20260630_014341
mistral_normative_27_b4,mistral,mistral_normative,normative,4,4,"uncertain utility interaction (net metering, utility ownership, and agreed standards)","Uncertain utility interaction (net metering, utility ownership, and agreed standards)",matched,correct_id,False,27,20260630_014341
mistral_normative_27_b5,mistral,mistral_normative,normative,5,5,lack of pilot projects,Lack of pilot projects,matched,correct_id,False,27,20260630_014341
mistral_subject-matter_27_b1,mistral,mistral_subject-matter,subject-matter,1,1,"power losses, quality and safety issues","power losses, quality and safety issues",matched,correct_id,False,27,20260630_014341
mistral_subject-matter_27_b2,mistral,mistral_subject-matter,subject-matter,2,2,reduced reliability in DC devices,reduced reliability in DC devices,matched,correct_id,False,27,20260630_014341
mistral_subject-matter_27_b4,mistral,mistral_subject-matter,subject-matter,4,3,"uncertain utility interaction (net metering, utility ownership, and agreed standards)","uncertain utility interaction (net metering, utility ownership, and agreed standards)",matched,corrected_from_label,False,27,20260630_014341
mistral_subject-matter_27_b5,mistral,mistral_subject-matter,subject-matter,5,4,lack of pilot projects,lack of pilot projects,matched,corrected_from_label,False,27,20260630_014341
mistral_subject-matter_27_b11,mistral,mistral_subject-matter,subject-matter,11,5,high costs of DC solutions,high costs of DC solutions,matched,corrected_from_label,False,27,20260630_014341
phi4_generalist_28_b1,phi4,phi4_generalist,generalist,1,1,"power losses, quality and safety issues","power losses, quality and safety issues",matched,correct_id,False,28,20260630_014700
phi4_generalist_28_b3,phi4,phi4_generalist,generalist,3,3,lack of use-cases in which DC is advantageous,lack of use-cases in which DC is advantageous,matched,correct_id,False,28,20260630_014700
phi4_generalist_28_b4,phi4,phi4_generalist,generalist,4,4,"uncertain utility interaction (net metering, utility ownership, and agreed standards)","uncertain utility interaction (net metering, utility ownership, and agreed standards)",matched,correct_id,False,28,20260630_014700
phi4_generalist_28_b5,phi4,phi4_generalist,generalist,5,5,lack of pilot projects,lack of pilot projects,matched,correct_id,False,28,20260630_014700
phi4_generalist_28_b9,phi4,phi4_generalist,generalist,9,9,lack of enough trained personnel in DC systems,lack of enough trained personnel in DC systems,matched,correct_id,False,28,20260630_014700
phi4_normative_28_b1,phi4,phi4_normative,normative,1,1,"power losses, quality and safety issues","power losses, quality and safety issues",matched,correct_id,False,28,20260630_014700
phi4_normative_28_b3,phi4,phi4_normative,normative,3,2,lack of use-cases in which DC is advantageous,lack of use-cases in which DC is advantageous,matched,corrected_from_label,False,28,20260630_014700
phi4_normative_28_b4,phi4,phi4_normative,normative,4,4,"uncertain utility interaction (net metering, utility ownership, and agreed standards)","uncertain utility interaction (net metering, utility ownership, and agreed standards)",matched,correct_id,False,28,20260630_014700
phi4_normative_28_b8,phi4,phi4_normative,normative,8,8,misconception and lack of knowledge leads to lengthy/expensive design and permit process,misconception and lack of knowledge leads to lengthy/expensive design and permit process,matched,correct_id,False,28,20260630_014700
phi4_normative_28_b10,phi4,phi4_normative,normative,10,10,uncertain regulatory roadmap,uncertain regulatory roadmap,matched,correct_id,False,28,20260630_014700
phi4_subject-matter_28_b1,phi4,phi4_subject-matter,subject-matter,1,1,"power losses, quality and safety issues","power losses, quality and safety issues",matched,correct_id,False,28,20260630_014700
phi4_subject-matter_28_b3,phi4,phi4_subject-matter,subject-matter,3,3,lack of use-cases in which DC is advantageous,lack of use-cases in which DC is advantageous,matched,correct_id,False,28,20260630_014700
phi4_subject-matter_28_b4,phi4,phi4_subject-matter,subject-matter,4,4,"uncertain utility interaction (net metering, utility ownership, and agreed standards)","uncertain utility interaction (net metering, utility ownership, and agreed standards)",matched,correct_id,False,28,20260630_014700
phi4_subject-matter_28_b5,phi4,phi4_subject-matter,subject-matter,5,5,lack of pilot projects,lack of pilot projects,matched,correct_id,False,28,20260630_014700
phi4_subject-matter_28_b9,phi4,phi4_subject-matter,subject-matter,9,9,lack of enough trained personnel in DC systems,lack of enough trained personnel in DC systems,matched,correct_id,False,28,20260630_014700
gemma3_generalist_28_b1,gemma3,gemma3_generalist,generalist,1,1,"power losses, quality and safety issues","power losses, quality and safety issues",matched,correct_id,False,28,20260630_014700
gemma3_generalist_28_b5,gemma3,gemma3_generalist,generalist,5,2,lack of pilot projects,lack of pilot projects,matched,corrected_from_label,False,28,20260630_014700
gemma3_generalist_28_b6,gemma3,gemma3_generalist,generalist,6,3,public perception of DC and readiness to 'champion' installations from DC projects,public perception of DC and readiness to 'champion' installations from DC projects,matched,corrected_from_label,False,28,20260630_014700
gemma3_generalist_28_b8,gemma3,gemma3_generalist,generalist,8,4,misconception and lack of knowledge leads to lengthy/expensive design and permit process,misconception and lack of knowledge leads to lengthy/expensive design and permit process,matched,corrected_from_label,False,28,20260630_014700
gemma3_generalist_28_b11,gemma3,gemma3_generalist,generalist,11,5,high costs of DC solutions,high costs of DC solutions,matched,corrected_from_label,False,28,20260630_014700
gemma3_normative_28_b1,gemma3,gemma3_normative,normative,1,1,"power losses, quality and safety issues","power losses, quality and safety issues",matched,correct_id,False,28,20260630_014700
gemma3_normative_28_b4,gemma3,gemma3_normative,normative,4,4,"uncertain utility interaction (net metering, utility ownership, and agreed standards)","uncertain utility interaction (net metering, utility ownership, and agreed standards)",matched,correct_id,False,28,20260630_014700
gemma3_normative_28_b6,gemma3,gemma3_normative,normative,6,6,public perception of DC and readiness to 'champion' installations from DC projects,public perception of DC and readiness to 'champion' installations from DC projects,matched,correct_id,False,28,20260630_014700
gemma3_normative_28_b8,gemma3,gemma3_normative,normative,8,8,misconception and lack of knowledge leads to lengthy/expensive design and permit process,misconception and lack of knowledge leads to lengthy/expensive design and permit process,matched,correct_id,False,28,20260630_014700
gemma3_normative_28_b11,gemma3,gemma3_normative,normative,11,11,high costs of DC solutions,high costs of DC solutions,matched,correct_id,False,28,20260630_014700
gemma3_subject-matter_28_b1,gemma3,gemma3_subject-matter,subject-matter,1,1,"power losses, quality and safety issues","power losses, quality and safety issues",matched,correct_id,False,28,20260630_014700
gemma3_subject-matter_28_b5,gemma3,gemma3_subject-matter,subject-matter,5,2,lack of pilot projects,lack of pilot projects,matched,corrected_from_label,False,28,20260630_014700
gemma3_subject-matter_28_b6,gemma3,gemma3_subject-matter,subject-matter,6,3,public perception of DC and readiness to 'champion' installations from DC projects,public perception of DC and readiness to 'champion' installations from DC projects,matched,corrected_from_label,False,28,20260630_014700
gemma3_subject-matter_28_b8,gemma3,gemma3_subject-matter,subject-matter,8,4,misconception and lack of knowledge leads to lengthy/expensive design and permit process,misconception and lack of knowledge leads to lengthy/expensive design and permit process,matched,corrected_from_label,False,28,20260630_014700
gemma3_subject-matter_28_b10,gemma3,gemma3_subject-matter,subject-matter,10,5,uncertain regulatory roadmap,uncertain regulatory roadmap,matched,corrected_from_label,False,28,20260630_014700
llama_generalist_28_b1,llama,llama_generalist,generalist,1,1,"power losses, quality and safety issues","power losses, quality and safety issues",matched,correct_id,False,28,20260630_014700
llama_generalist_28_b2,llama,llama_generalist,generalist,2,2,reduced reliability in DC devices,reduced reliability in DC devices,matched,correct_id,False,28,20260630_014700
llama_generalist_28_b3,llama,llama_generalist,generalist,3,3,lack of use-cases in which DC is advantageous,lack of use-cases in which DC is advantageous,matched,correct_id,False,28,20260630_014700
llama_generalist_28_b4,llama,llama_generalist,generalist,4,4,"uncertain utility interaction (net metering, utility ownership, and agreed standards)","uncertain utility interaction (net metering, utility ownership, and agreed standards)",matched,correct_id,False,28,20260630_014700
llama_generalist_28_b5,llama,llama_generalist,generalist,5,5,lack of pilot projects,lack of pilot projects,matched,correct_id,False,28,20260630_014700
llama_normative_28_b1,llama,llama_normative,normative,1,1,"power losses, quality and safety issues","Power losses, quality and safety issues",matched,correct_id,False,28,20260630_014700
llama_normative_28_b2,llama,llama_normative,normative,2,2,reduced reliability in DC devices,Reduced reliability in DC devices,matched,correct_id,False,28,20260630_014700
llama_normative_28_b3,llama,llama_normative,normative,3,3,lack of use-cases in which DC is advantageous,Lack of use-cases in which DC is advantageous,matched,correct_id,False,28,20260630_014700
llama_normative_28_b4,llama,llama_normative,normative,4,4,"uncertain utility interaction (net metering, utility ownership, and agreed standards)","Uncertain utility interaction (net metering, utility ownership, and agreed standards)",matched,correct_id,False,28,20260630_014700
llama_normative_28_b5,llama,llama_normative,normative,5,5,lack of pilot projects,Lack of pilot projects,matched,correct_id,False,28,20260630_014700
llama_subject-matter_28_b1,llama,llama_subject-matter,subject-matter,1,1,"power losses, quality and safety issues","Power losses, quality and safety issues",matched,correct_id,False,28,20260630_014700
llama_subject-matter_28_b2,llama,llama_subject-matter,subject-matter,2,2,reduced reliability in DC devices,Reduced reliability in DC devices,matched,correct_id,False,28,20260630_014700
llama_subject-matter_28_b3,llama,llama_subject-matter,subject-matter,3,3,lack of use-cases in which DC is advantageous,Lack of use-cases in which DC is advantageous,matched,correct_id,False,28,20260630_014700
llama_subject-matter_28_b4,llama,llama_subject-matter,subject-matter,4,4,"uncertain utility interaction (net metering, utility ownership, and agreed standards)","Uncertain utility interaction (net metering, utility ownership, and agreed standards)",matched,correct_id,False,28,20260630_014700
llama_subject-matter_28_b5,llama,llama_subject-matter,subject-matter,5,5,lack of pilot projects,Lack of pilot projects,matched,correct_id,False,28,20260630_014700
mistral_generalist_28_b1,mistral,mistral_generalist,generalist,1,1,"power losses, quality and safety issues","power losses, quality and safety issues",matched,correct_id,False,28,20260630_014700
mistral_generalist_28_b4,mistral,mistral_generalist,generalist,4,4,"uncertain utility interaction (net metering, utility ownership, and agreed standards)","uncertain utility interaction (net metering, utility ownership, and agreed standards)",matched,correct_id,False,28,20260630_014700
mistral_generalist_28_b5,mistral,mistral_generalist,generalist,5,5,lack of pilot projects,lack of pilot projects,matched,correct_id,False,28,20260630_014700
mistral_generalist_28_b8,mistral,mistral_generalist,generalist,8,8,misconception and lack of knowledge leads to lengthy/expensive design and permit process,misconception and lack of knowledge leads to lengthy/expensive design and permit process,matched,correct_id,False,28,20260630_014700
mistral_generalist_28_b9,mistral,mistral_generalist,generalist,9,9,lack of enough trained personnel in DC systems,lack of enough trained personnel in DC systems,matched,correct_id,False,28,20260630_014700
mistral_normative_28_b1,mistral,mistral_normative,normative,1,1,"power losses, quality and safety issues","power losses, quality and safety issues",matched,correct_id,False,28,20260630_014700
mistral_normative_28_b2,mistral,mistral_normative,normative,2,2,reduced reliability in DC devices,reduced reliability in DC devices,matched,correct_id,False,28,20260630_014700
mistral_normative_28_b4,mistral,mistral_normative,normative,4,3,"uncertain utility interaction (net metering, utility ownership, and agreed standards)","uncertain utility interaction (net metering, utility ownership, and agreed standards)",matched,corrected_from_label,False,28,20260630_014700
mistral_normative_28_b5,mistral,mistral_normative,normative,5,4,lack of pilot projects,lack of pilot projects,matched,corrected_from_label,False,28,20260630_014700
mistral_normative_28_b6,mistral,mistral_normative,normative,6,5,public perception of DC and readiness to 'champion' installations from DC projects,public perception of DC and readiness to 'champion' installations from DC projects,matched,corrected_from_label,False,28,20260630_014700
mistral_subject-matter_28_b1,mistral,mistral_subject-matter,subject-matter,1,1,"power losses, quality and safety issues","Power losses, quality, and safety issues",matched,correct_id,False,28,20260630_014700
mistral_subject-matter_28_b4,mistral,mistral_subject-matter,subject-matter,4,2,"uncertain utility interaction (net metering, utility ownership, and agreed standards)","Uncertain utility interaction (net metering, utility ownership, and agreed standards)",matched,corrected_from_label,False,28,20260630_014700
mistral_subject-matter_28_b5,mistral,mistral_subject-matter,subject-matter,5,3,lack of pilot projects,Lack of pilot projects,matched,corrected_from_label,False,28,20260630_014700
mistral_subject-matter_28_b7,mistral,mistral_subject-matter,subject-matter,7,4,incompatibility of DC systems components,Incompatibility of DC systems components,matched,corrected_from_label,False,28,20260630_014700
mistral_subject-matter_28_b8,mistral,mistral_subject-matter,subject-matter,8,5,misconception and lack of knowledge leads to lengthy/expensive design and permit process,Misconception and lack of knowledge leads to lengthy/expensive design and permit process,matched,corrected_from_label,False,28,20260630_014700
phi4_generalist_29_b1,phi4,phi4_generalist,generalist,1,1,"power losses, quality and safety issues","power losses, quality and safety issues",matched,correct_id,False,29,20260630_015150
phi4_generalist_29_b3,phi4,phi4_generalist,generalist,3,3,lack of use-cases in which DC is advantageous,lack of use-cases in which DC is advantageous,matched,correct_id,False,29,20260630_015150
phi4_generalist_29_b4,phi4,phi4_generalist,generalist,4,4,"uncertain utility interaction (net metering, utility ownership, and agreed standards)","uncertain utility interaction (net metering, utility ownership, and agreed standards)",matched,correct_id,False,29,20260630_015150
phi4_generalist_29_b5,phi4,phi4_generalist,generalist,5,5,lack of pilot projects,lack of pilot projects,matched,correct_id,False,29,20260630_015150
phi4_generalist_29_b9,phi4,phi4_generalist,generalist,9,9,lack of enough trained personnel in DC systems,lack of enough trained personnel in DC systems,matched,correct_id,False,29,20260630_015150
phi4_normative_29_b1,phi4,phi4_normative,normative,1,1,"power losses, quality and safety issues","power losses, quality and safety issues",matched,correct_id,False,29,20260630_015150
phi4_normative_29_b3,phi4,phi4_normative,normative,3,2,lack of use-cases in which DC is advantageous,lack of use-cases in which DC is advantageous,matched,corrected_from_label,False,29,20260630_015150
phi4_normative_29_b4,phi4,phi4_normative,normative,4,4,"uncertain utility interaction (net metering, utility ownership, and agreed standards)","uncertain utility interaction (net metering, utility ownership, and agreed standards)",matched,correct_id,False,29,20260630_015150
phi4_normative_29_b8,phi4,phi4_normative,normative,8,8,misconception and lack of knowledge leads to lengthy/expensive design and permit process,misconception and lack of knowledge leads to lengthy/expensive design and permit process,matched,correct_id,False,29,20260630_015150
phi4_normative_29_b10,phi4,phi4_normative,normative,10,10,uncertain regulatory roadmap,uncertain regulatory roadmap,matched,correct_id,False,29,20260630_015150
phi4_subject-matter_29_b1,phi4,phi4_subject-matter,subject-matter,1,1,"power losses, quality and safety issues","power losses, quality and safety issues",matched,correct_id,False,29,20260630_015150
phi4_subject-matter_29_b3,phi4,phi4_subject-matter,subject-matter,3,2,lack of use-cases in which DC is advantageous,lack of use-cases in which DC is advantageous,matched,corrected_from_label,False,29,20260630_015150
phi4_subject-matter_29_b4,phi4,phi4_subject-matter,subject-matter,4,4,"uncertain utility interaction (net metering, utility ownership, and agreed standards)","uncertain utility interaction (net metering, utility ownership, and agreed standards)",matched,correct_id,False,29,20260630_015150
phi4_subject-matter_29_b5,phi4,phi4_subject-matter,subject-matter,5,5,lack of pilot projects,lack of pilot projects,matched,correct_id,False,29,20260630_015150
phi4_subject-matter_29_b10,phi4,phi4_subject-matter,subject-matter,10,10,uncertain regulatory roadmap,uncertain regulatory roadmap,matched,correct_id,False,29,20260630_015150
gemma3_generalist_29_b1,gemma3,gemma3_generalist,generalist,1,1,"power losses, quality and safety issues","power losses, quality and safety issues",matched,correct_id,False,29,20260630_015150
gemma3_generalist_29_b5,gemma3,gemma3_generalist,generalist,5,2,lack of pilot projects,lack of pilot projects,matched,corrected_from_label,False,29,20260630_015150
gemma3_generalist_29_b6,gemma3,gemma3_generalist,generalist,6,3,public perception of DC and readiness to 'champion' installations from DC projects,public perception of DC and readiness to 'champion' installations from DC projects,matched,corrected_from_label,False,29,20260630_015150
gemma3_generalist_29_b8,gemma3,gemma3_generalist,generalist,8,4,misconception and lack of knowledge leads to lengthy/expensive design and permit process,misconception and lack of knowledge leads to lengthy/expensive design and permit process,matched,corrected_from_label,False,29,20260630_015150
gemma3_generalist_29_b11,gemma3,gemma3_generalist,generalist,11,5,high costs of DC solutions,high costs of DC solutions,matched,corrected_from_label,False,29,20260630_015150
gemma3_normative_29_b1,gemma3,gemma3_normative,normative,1,1,"power losses, quality and safety issues","power losses, quality and safety issues",matched,correct_id,False,29,20260630_015150
gemma3_normative_29_b4,gemma3,gemma3_normative,normative,4,4,"uncertain utility interaction (net metering, utility ownership, and agreed standards)","uncertain utility interaction (net metering, utility ownership, and agreed standards)",matched,correct_id,False,29,20260630_015150
gemma3_normative_29_b8,gemma3,gemma3_normative,normative,8,8,misconception and lack of knowledge leads to lengthy/expensive design and permit process,misconception and lack of knowledge leads to lengthy/expensive design and permit process,matched,correct_id,False,29,20260630_015150
gemma3_normative_29_b9,gemma3,gemma3_normative,normative,9,9,lack of enough trained personnel in DC systems,lack of enough trained personnel in DC systems,matched,correct_id,False,29,20260630_015150
gemma3_normative_29_b11,gemma3,gemma3_normative,normative,11,11,high costs of DC solutions,high costs of DC solutions,matched,correct_id,False,29,20260630_015150
gemma3_subject-matter_29_b1,gemma3,gemma3_subject-matter,subject-matter,1,1,"power losses, quality and safety issues","power losses, quality and safety issues",matched,correct_id,False,29,20260630_015150
gemma3_subject-matter_29_b4,gemma3,gemma3_subject-matter,subject-matter,4,2,"uncertain utility interaction (net metering, utility ownership, and agreed standards)","uncertain utility interaction (net metering, utility ownership, and agreed standards)",matched,corrected_from_label,False,29,20260630_015150
gemma3_subject-matter_29_b8,gemma3,gemma3_subject-matter,subject-matter,8,3,misconception and lack of knowledge leads to lengthy/expensive design and permit process,misconception and lack of knowledge leads to lengthy/expensive design and permit process,matched,corrected_from_label,False,29,20260630_015150
gemma3_subject-matter_29_b11,gemma3,gemma3_subject-matter,subject-matter,11,4,high costs of DC solutions,high costs of DC solutions,matched,corrected_from_label,False,29,20260630_015150
gemma3_subject-matter_29_b10,gemma3,gemma3_subject-matter,subject-matter,10,5,uncertain regulatory roadmap,uncertain regulatory roadmap,matched,corrected_from_label,False,29,20260630_015150
llama_generalist_29_b1,llama,llama_generalist,generalist,1,1,"power losses, quality and safety issues","Power losses, quality and safety issues",matched,correct_id,False,29,20260630_015150
llama_generalist_29_b3,llama,llama_generalist,generalist,3,2,lack of use-cases in which DC is advantageous,Lack of use-cases in which DC is advantageous,matched,corrected_from_label,False,29,20260630_015150
llama_generalist_29_b4,llama,llama_generalist,generalist,4,3,"uncertain utility interaction (net metering, utility ownership, and agreed standards)","Uncertain utility interaction (net metering, utility ownership, and agreed standards)",matched,corrected_from_label,False,29,20260630_015150
llama_generalist_29_b7,llama,llama_generalist,generalist,7,4,incompatibility of DC systems components,Incompatibility of DC systems components,matched,corrected_from_label,False,29,20260630_015150
llama_generalist_29_b11,llama,llama_generalist,generalist,11,5,high costs of DC solutions,High costs of DC solutions,matched,corrected_from_label,False,29,20260630_015150
llama_normative_29_b1,llama,llama_normative,normative,1,1,"power losses, quality and safety issues","power losses, quality and safety issues",matched,correct_id,False,29,20260630_015150
llama_normative_29_b2,llama,llama_normative,normative,2,2,reduced reliability in DC devices,reduced reliability in DC devices,matched,correct_id,False,29,20260630_015150
llama_normative_29_b3,llama,llama_normative,normative,3,3,lack of use-cases in which DC is advantageous,lack of use-cases in which DC is advantageous,matched,correct_id,False,29,20260630_015150
llama_normative_29_b4,llama,llama_normative,normative,4,4,"uncertain utility interaction (net metering, utility ownership, and agreed standards)","uncertain utility interaction (net metering, utility ownership, and agreed standards)",matched,correct_id,False,29,20260630_015150
llama_normative_29_b5,llama,llama_normative,normative,5,5,lack of pilot projects,lack of pilot projects,matched,correct_id,False,29,20260630_015150
llama_subject-matter_29_b1,llama,llama_subject-matter,subject-matter,1,1,"power losses, quality and safety issues","power losses, quality and safety issues",matched,correct_id,False,29,20260630_015150
llama_subject-matter_29_b2,llama,llama_subject-matter,subject-matter,2,2,reduced reliability in DC devices,reduced reliability in DC devices,matched,correct_id,False,29,20260630_015150
llama_subject-matter_29_b3,llama,llama_subject-matter,subject-matter,3,3,lack of use-cases in which DC is advantageous,lack of use-cases in which DC is advantageous,matched,correct_id,False,29,20260630_015150
llama_subject-matter_29_b4,llama,llama_subject-matter,subject-matter,4,4,"uncertain utility interaction (net metering, utility ownership, and agreed standards)","uncertain utility interaction (net metering, utility ownership, and agreed standards)",matched,correct_id,False,29,20260630_015150
llama_subject-matter_29_b5,llama,llama_subject-matter,subject-matter,5,5,lack of pilot projects,lack of pilot projects,matched,correct_id,False,29,20260630_015150
mistral_generalist_29_b1,mistral,mistral_generalist,generalist,1,1,"power losses, quality and safety issues","Power losses, quality, and safety issues",matched,correct_id,False,29,20260630_015150
mistral_generalist_29_b4,mistral,mistral_generalist,generalist,4,2,"uncertain utility interaction (net metering, utility ownership, and agreed standards)","Uncertain utility interaction (net metering, utility ownership, and agreed standards)",matched,corrected_from_label,False,29,20260630_015150
mistral_generalist_29_b3,mistral,mistral_generalist,generalist,3,3,lack of use-cases in which DC is advantageous,Lack of use-cases in which DC is advantageous,matched,correct_id,False,29,20260630_015150
mistral_generalist_29_b7,mistral,mistral_generalist,generalist,7,4,incompatibility of DC systems components,Incompatibility of DC systems components,matched,corrected_from_label,False,29,20260630_015150
mistral_generalist_29_b8,mistral,mistral_generalist,generalist,8,5,misconception and lack of knowledge leads to lengthy/expensive design and permit process,Misconception and lack of knowledge leads to lengthy/expensive design and permit process,matched,corrected_from_label,False,29,20260630_015150
mistral_normative_29_b1,mistral,mistral_normative,normative,1,1,"power losses, quality and safety issues","power losses, quality and safety issues",matched,correct_id,False,29,20260630_015150
mistral_normative_29_b4,mistral,mistral_normative,normative,4,2,"uncertain utility interaction (net metering, utility ownership, and agreed standards)","uncertain utility interaction (net metering, utility ownership, and agreed standards)",matched,corrected_from_label,False,29,20260630_015150
mistral_normative_29_b5,mistral,mistral_normative,normative,5,3,lack of pilot projects,lack of pilot projects,matched,corrected_from_label,False,29,20260630_015150
mistral_normative_29_b8,mistral,mistral_normative,normative,8,4,misconception and lack of knowledge leads to lengthy/expensive design and permit process,misconception and lack of knowledge leads to lengthy/expensive design and permit process,matched,corrected_from_label,False,29,20260630_015150
mistral_normative_29_b10,mistral,mistral_normative,normative,10,5,uncertain regulatory roadmap,uncertain regulatory roadmap,matched,corrected_from_label,False,29,20260630_015150
mistral_subject-matter_29_b1,mistral,mistral_subject-matter,subject-matter,1,1,"power losses, quality and safety issues","power losses, quality and safety issues",matched,correct_id,False,29,20260630_015150
mistral_subject-matter_29_b2,mistral,mistral_subject-matter,subject-matter,2,2,reduced reliability in DC devices,reduced reliability in DC devices,matched,correct_id,False,29,20260630_015150
mistral_subject-matter_29_b4,mistral,mistral_subject-matter,subject-matter,4,3,"uncertain utility interaction (net metering, utility ownership, and agreed standards)","uncertain utility interaction (net metering, utility ownership, and agreed standards)",matched,corrected_from_label,False,29,20260630_015150
mistral_subject-matter_29_b5,mistral,mistral_subject-matter,subject-matter,5,4,lack of pilot projects,lack of pilot projects,matched,corrected_from_label,False,29,20260630_015150
mistral_subject-matter_29_b11,mistral,mistral_subject-matter,subject-matter,11,5,high costs of DC solutions,high costs of DC solutions,matched,corrected_from_label,False,29,20260630_015150
phi4_generalist_30_b1,phi4,phi4_generalist,generalist,1,1,"power losses, quality and safety issues","power losses, quality and safety issues",matched,correct_id,False,30,20260630_080443
phi4_generalist_30_b3,phi4,phi4_generalist,generalist,3,3,lack of use-cases in which DC is advantageous,lack of use-cases in which DC is advantageous,matched,correct_id,False,30,20260630_080443
phi4_generalist_30_b4,phi4,phi4_generalist,generalist,4,4,"uncertain utility interaction (net metering, utility ownership, and agreed standards)","uncertain utility interaction (net metering, utility ownership, and agreed standards)",matched,correct_id,False,30,20260630_080443
phi4_generalist_30_b5,phi4,phi4_generalist,generalist,5,5,lack of pilot projects,lack of pilot projects,matched,correct_id,False,30,20260630_080443
phi4_generalist_30_b10,phi4,phi4_generalist,generalist,10,10,uncertain regulatory roadmap,uncertain regulatory roadmap,matched,correct_id,False,30,20260630_080443
phi4_normative_30_b1,phi4,phi4_normative,normative,1,1,"power losses, quality and safety issues","power losses, quality and safety issues",matched,correct_id,False,30,20260630_080443
phi4_normative_30_b3,phi4,phi4_normative,normative,3,3,lack of use-cases in which DC is advantageous,lack of use-cases in which DC is advantageous,matched,correct_id,False,30,20260630_080443
phi4_normative_30_b4,phi4,phi4_normative,normative,4,4,"uncertain utility interaction (net metering, utility ownership, and agreed standards)","uncertain utility interaction (net metering, utility ownership, and agreed standards)",matched,correct_id,False,30,20260630_080443
phi4_normative_30_b8,phi4,phi4_normative,normative,8,8,misconception and lack of knowledge leads to lengthy/expensive design and permit process,misconception and lack of knowledge leads to lengthy/expensive design and permit process,matched,correct_id,False,30,20260630_080443
phi4_normative_30_b10,phi4,phi4_normative,normative,10,10,uncertain regulatory roadmap,uncertain regulatory roadmap,matched,correct_id,False,30,20260630_080443
phi4_subject-matter_30_b1,phi4,phi4_subject-matter,subject-matter,1,1,"power losses, quality and safety issues","power losses, quality and safety issues",matched,correct_id,False,30,20260630_080443
phi4_subject-matter_30_b2,phi4,phi4_subject-matter,subject-matter,2,2,reduced reliability in DC devices,reduced reliability in DC devices,matched,correct_id,False,30,20260630_080443
phi4_subject-matter_30_b3,phi4,phi4_subject-matter,subject-matter,3,3,lack of use-cases in which DC is advantageous,lack of use-cases in which DC is advantageous,matched,correct_id,False,30,20260630_080443
phi4_subject-matter_30_b4,phi4,phi4_subject-matter,subject-matter,4,4,"uncertain utility interaction (net metering, utility ownership, and agreed standards)","uncertain utility interaction (net metering, utility ownership, and agreed standards)",matched,correct_id,False,30,20260630_080443
phi4_subject-matter_30_b5,phi4,phi4_subject-matter,subject-matter,5,5,lack of pilot projects,lack of pilot projects,matched,correct_id,False,30,20260630_080443
gemma3_generalist_30_b1,gemma3,gemma3_generalist,generalist,1,1,"power losses, quality and safety issues","power losses, quality and safety issues",matched,correct_id,False,30,20260630_080443
gemma3_generalist_30_b5,gemma3,gemma3_generalist,generalist,5,2,lack of pilot projects,lack of pilot projects,matched,corrected_from_label,False,30,20260630_080443
gemma3_generalist_30_b6,gemma3,gemma3_generalist,generalist,6,3,public perception of DC and readiness to 'champion' installations from DC projects,public perception of DC and readiness to 'champion' installations from DC projects,matched,corrected_from_label,False,30,20260630_080443
gemma3_generalist_30_b8,gemma3,gemma3_generalist,generalist,8,4,misconception and lack of knowledge leads to lengthy/expensive design and permit process,misconception and lack of knowledge leads to lengthy/expensive design and permit process,matched,corrected_from_label,False,30,20260630_080443
gemma3_generalist_30_b11,gemma3,gemma3_generalist,generalist,11,5,high costs of DC solutions,high costs of DC solutions,matched,corrected_from_label,False,30,20260630_080443
gemma3_normative_30_b1,gemma3,gemma3_normative,normative,1,1,"power losses, quality and safety issues","power losses, quality and safety issues",matched,correct_id,False,30,20260630_080443
gemma3_normative_30_b4,gemma3,gemma3_normative,normative,4,4,"uncertain utility interaction (net metering, utility ownership, and agreed standards)","uncertain utility interaction (net metering, utility ownership, and agreed standards)",matched,correct_id,False,30,20260630_080443
gemma3_normative_30_b6,gemma3,gemma3_normative,normative,6,6,public perception of DC and readiness to 'champion' installations from DC projects,public perception of DC and readiness to 'champion' installations from DC projects,matched,correct_id,False,30,20260630_080443
gemma3_normative_30_b8,gemma3,gemma3_normative,normative,8,8,misconception and lack of knowledge leads to lengthy/expensive design and permit process,misconception and lack of knowledge leads to lengthy/expensive design and permit process,matched,correct_id,False,30,20260630_080443
gemma3_normative_30_b11,gemma3,gemma3_normative,normative,11,11,high costs of DC solutions,high costs of DC solutions,matched,correct_id,False,30,20260630_080443
gemma3_subject-matter_30_b1,gemma3,gemma3_subject-matter,subject-matter,1,1,"power losses, quality and safety issues","power losses, quality and safety issues",matched,correct_id,False,30,20260630_080443
gemma3_subject-matter_30_b5,gemma3,gemma3_subject-matter,subject-matter,5,2,lack of pilot projects,lack of pilot projects,matched,corrected_from_label,False,30,20260630_080443
gemma3_subject-matter_30_b6,gemma3,gemma3_subject-matter,subject-matter,6,3,public perception of DC and readiness to 'champion' installations from DC projects,public perception of DC and readiness to 'champion' installations from DC projects,matched,corrected_from_label,False,30,20260630_080443
gemma3_subject-matter_30_b9,gemma3,gemma3_subject-matter,subject-matter,9,4,lack of enough trained personnel in DC systems,lack of enough trained personnel in DC systems,matched,corrected_from_label,False,30,20260630_080443
gemma3_subject-matter_30_b10,gemma3,gemma3_subject-matter,subject-matter,10,5,uncertain regulatory roadmap,uncertain regulatory roadmap,matched,corrected_from_label,False,30,20260630_080443
llama_generalist_30_b1,llama,llama_generalist,generalist,1,1,"power losses, quality and safety issues","Power losses, quality, and safety issues",matched,correct_id,False,30,20260630_080443
llama_generalist_30_b3,llama,llama_generalist,generalist,3,2,lack of use-cases in which DC is advantageous,Lack of use-cases in which DC is advantageous,matched,corrected_from_label,False,30,20260630_080443
llama_generalist_30_b4,llama,llama_generalist,generalist,4,3,"uncertain utility interaction (net metering, utility ownership, and agreed standards)","Uncertain utility interaction (net metering, utility ownership, and agreed standards)",matched,corrected_from_label,False,30,20260630_080443
llama_generalist_30_b5,llama,llama_generalist,generalist,5,4,lack of pilot projects,Lack of pilot projects,matched,corrected_from_label,False,30,20260630_080443
llama_generalist_30_b6,llama,llama_generalist,generalist,6,5,public perception of DC and readiness to 'champion' installations from DC projects,Public perception of DC and readiness to 'champion' installations from DC projects,matched,corrected_from_label,False,30,20260630_080443
llama_normative_30_b1,llama,llama_normative,normative,1,1,"power losses, quality and safety issues","Power losses, quality, and safety issues",matched,correct_id,False,30,20260630_080443
llama_normative_30_b3,llama,llama_normative,normative,3,2,lack of use-cases in which DC is advantageous,Lack of use-cases in which DC is advantageous,matched,corrected_from_label,False,30,20260630_080443
llama_normative_30_b4,llama,llama_normative,normative,4,3,"uncertain utility interaction (net metering, utility ownership, and agreed standards)","Uncertain utility interaction (net metering, utility ownership, and agreed standards)",matched,corrected_from_label,False,30,20260630_080443
llama_normative_30_b6,llama,llama_normative,normative,6,4,public perception of DC and readiness to 'champion' installations from DC projects,Public perception of DC and readiness to 'champion' installations from DC projects,matched,corrected_from_label,False,30,20260630_080443
llama_normative_30_b7,llama,llama_normative,normative,7,5,incompatibility of DC systems components,Incompatibility of DC systems components,matched,corrected_from_label,False,30,20260630_080443
llama_subject-matter_30_b1,llama,llama_subject-matter,subject-matter,1,1,"power losses, quality and safety issues","Power losses, quality and safety issues",matched,correct_id,False,30,20260630_080443
llama_subject-matter_30_b2,llama,llama_subject-matter,subject-matter,2,2,reduced reliability in DC devices,Reduced reliability in DC devices,matched,correct_id,False,30,20260630_080443
llama_subject-matter_30_b3,llama,llama_subject-matter,subject-matter,3,3,lack of use-cases in which DC is advantageous,Lack of use-cases in which DC is advantageous,matched,correct_id,False,30,20260630_080443
llama_subject-matter_30_b4,llama,llama_subject-matter,subject-matter,4,4,"uncertain utility interaction (net metering, utility ownership, and agreed standards)","Uncertain utility interaction (net metering, utility ownership, and agreed standards)",matched,correct_id,False,30,20260630_080443
llama_subject-matter_30_b5,llama,llama_subject-matter,subject-matter,5,5,lack of pilot projects,Lack of pilot projects,matched,correct_id,False,30,20260630_080443
mistral_generalist_30_b1,mistral,mistral_generalist,generalist,1,1,"power losses, quality and safety issues","Power losses, quality, and safety issues",matched,correct_id,False,30,20260630_080443
mistral_generalist_30_b4,mistral,mistral_generalist,generalist,4,2,"uncertain utility interaction (net metering, utility ownership, and agreed standards)","Uncertain utility interaction (net metering, utility ownership, and agreed standards)",matched,corrected_from_label,False,30,20260630_080443
mistral_generalist_30_b3,mistral,mistral_generalist,generalist,3,3,lack of use-cases in which DC is advantageous,Lack of use-cases in which DC is advantageous,matched,correct_id,False,30,20260630_080443
mistral_generalist_30_b7,mistral,mistral_generalist,generalist,7,4,incompatibility of DC systems components,Incompatibility of DC systems components,matched,corrected_from_label,False,30,20260630_080443
mistral_generalist_30_b5,mistral,mistral_generalist,generalist,5,5,lack of pilot projects,Lack of pilot projects,matched,correct_id,False,30,20260630_080443
mistral_normative_30_b1,mistral,mistral_normative,normative,1,1,"power losses, quality and safety issues","power losses, quality and safety issues",matched,correct_id,False,30,20260630_080443
mistral_normative_30_b3,mistral,mistral_normative,normative,3,2,lack of use-cases in which DC is advantageous,lack of use-cases in which DC is advantageous,matched,corrected_from_label,False,30,20260630_080443
mistral_normative_30_b4,mistral,mistral_normative,normative,4,3,"uncertain utility interaction (net metering, utility ownership, and agreed standards)","uncertain utility interaction (net metering, utility ownership, and agreed standards)",matched,corrected_from_label,False,30,20260630_080443
mistral_normative_30_b7,mistral,mistral_normative,normative,7,4,incompatibility of DC systems components,incompatibility of DC systems components,matched,corrected_from_label,False,30,20260630_080443
mistral_normative_30_b11,mistral,mistral_normative,normative,11,5,high costs of DC solutions,high costs of DC solutions,matched,corrected_from_label,False,30,20260630_080443
mistral_subject-matter_30_b1,mistral,mistral_subject-matter,subject-matter,1,1,"power losses, quality and safety issues","power losses, quality and safety issues",matched,correct_id,False,30,20260630_080443
mistral_subject-matter_30_b2,mistral,mistral_subject-matter,subject-matter,2,2,reduced reliability in DC devices,reduced reliability in DC devices,matched,correct_id,False,30,20260630_080443
mistral_subject-matter_30_b4,mistral,mistral_subject-matter,subject-matter,4,3,"uncertain utility interaction (net metering, utility ownership, and agreed standards)","uncertain utility interaction (net metering, utility ownership, and agreed standards)",matched,corrected_from_label,False,30,20260630_080443
mistral_subject-matter_30_b5,mistral,mistral_subject-matter,subject-matter,5,4,lack of pilot projects,lack of pilot projects,matched,corrected_from_label,False,30,20260630_080443
mistral_subject-matter_30_b10,mistral,mistral_subject-matter,subject-matter,10,5,uncertain regulatory roadmap,uncertain regulatory roadmap,matched,corrected_from_label,False,30,20260630_080443
phi4_generalist_31_b1,phi4,phi4_generalist,generalist,1,1,"power losses, quality and safety issues","power losses, quality and safety issues",matched,correct_id,False,31,20260630_081112
phi4_generalist_31_b3,phi4,phi4_generalist,generalist,3,3,lack of use-cases in which DC is advantageous,lack of use-cases in which DC is advantageous,matched,correct_id,False,31,20260630_081112
phi4_generalist_31_b4,phi4,phi4_generalist,generalist,4,4,"uncertain utility interaction (net metering, utility ownership, and agreed standards)","uncertain utility interaction (net metering, utility ownership, and agreed standards)",matched,correct_id,False,31,20260630_081112
phi4_generalist_31_b5,phi4,phi4_generalist,generalist,5,5,lack of pilot projects,lack of pilot projects,matched,correct_id,False,31,20260630_081112
phi4_generalist_31_b10,phi4,phi4_generalist,generalist,10,10,uncertain regulatory roadmap,uncertain regulatory roadmap,matched,correct_id,False,31,20260630_081112
phi4_normative_31_b1,phi4,phi4_normative,normative,1,1,"power losses, quality and safety issues","power losses, quality and safety issues",matched,correct_id,False,31,20260630_081112
phi4_normative_31_b4,phi4,phi4_normative,normative,4,4,"uncertain utility interaction (net metering, utility ownership, and agreed standards)","uncertain utility interaction (net metering, utility ownership, and agreed standards)",matched,correct_id,False,31,20260630_081112
phi4_normative_31_b6,phi4,phi4_normative,normative,6,6,public perception of DC and readiness to 'champion' installations from DC projects,public perception of DC and readiness to 'champion' installations from DC projects,matched,correct_id,False,31,20260630_081112
phi4_normative_31_b8,phi4,phi4_normative,normative,8,8,misconception and lack of knowledge leads to lengthy/expensive design and permit process,misconception and lack of knowledge leads to lengthy/expensive design and permit process,matched,correct_id,False,31,20260630_081112
phi4_normative_31_b10,phi4,phi4_normative,normative,10,10,uncertain regulatory roadmap,uncertain regulatory roadmap,matched,correct_id,False,31,20260630_081112
phi4_subject-matter_31_b1,phi4,phi4_subject-matter,subject-matter,1,1,"power losses, quality and safety issues","power losses, quality and safety issues",matched,correct_id,False,31,20260630_081112
phi4_subject-matter_31_b2,phi4,phi4_subject-matter,subject-matter,2,2,reduced reliability in DC devices,reduced reliability in DC devices,matched,correct_id,False,31,20260630_081112
phi4_subject-matter_31_b4,phi4,phi4_subject-matter,subject-matter,4,4,"uncertain utility interaction (net metering, utility ownership, and agreed standards)","uncertain utility interaction (net metering, utility ownership, and agreed standards)",matched,correct_id,False,31,20260630_081112
phi4_subject-matter_31_b8,phi4,phi4_subject-matter,subject-matter,8,8,misconception and lack of knowledge leads to lengthy/expensive design and permit process,misconception and lack of knowledge leads to lengthy/expensive design and permit process,matched,correct_id,False,31,20260630_081112
phi4_subject-matter_31_b10,phi4,phi4_subject-matter,subject-matter,10,10,uncertain regulatory roadmap,uncertain regulatory roadmap,matched,correct_id,False,31,20260630_081112
gemma3_generalist_31_b1,gemma3,gemma3_generalist,generalist,1,1,"power losses, quality and safety issues","power losses, quality and safety issues",matched,correct_id,False,31,20260630_081112
gemma3_generalist_31_b5,gemma3,gemma3_generalist,generalist,5,2,lack of pilot projects,lack of pilot projects,matched,corrected_from_label,False,31,20260630_081112
gemma3_generalist_31_b6,gemma3,gemma3_generalist,generalist,6,3,public perception of DC and readiness to 'champion' installations from DC projects,public perception of DC and readiness to 'champion' installations from DC projects,matched,corrected_from_label,False,31,20260630_081112
gemma3_generalist_31_b8,gemma3,gemma3_generalist,generalist,8,4,misconception and lack of knowledge leads to lengthy/expensive design and permit process,misconception and lack of knowledge leads to lengthy/expensive design and permit process,matched,corrected_from_label,False,31,20260630_081112
gemma3_generalist_31_b11,gemma3,gemma3_generalist,generalist,11,5,high costs of DC solutions,high costs of DC solutions,matched,corrected_from_label,False,31,20260630_081112
gemma3_normative_31_b1,gemma3,gemma3_normative,normative,1,1,"power losses, quality and safety issues","power losses, quality and safety issues",matched,correct_id,False,31,20260630_081112
gemma3_normative_31_b4,gemma3,gemma3_normative,normative,4,4,"uncertain utility interaction (net metering, utility ownership, and agreed standards)","uncertain utility interaction (net metering, utility ownership, and agreed standards)",matched,correct_id,False,31,20260630_081112
gemma3_normative_31_b8,gemma3,gemma3_normative,normative,8,8,misconception and lack of knowledge leads to lengthy/expensive design and permit process,misconception and lack of knowledge leads to lengthy/expensive design and permit process,matched,correct_id,False,31,20260630_081112
gemma3_normative_31_b9,gemma3,gemma3_normative,normative,9,9,lack of enough trained personnel in DC systems,lack of enough trained personnel in DC systems,matched,correct_id,False,31,20260630_081112
gemma3_normative_31_b11,gemma3,gemma3_normative,normative,11,11,high costs of DC solutions,high costs of DC solutions,matched,correct_id,False,31,20260630_081112
gemma3_subject-matter_31_b1,gemma3,gemma3_subject-matter,subject-matter,1,1,"power losses, quality and safety issues","power losses, quality and safety issues",matched,correct_id,False,31,20260630_081112
gemma3_subject-matter_31_b4,gemma3,gemma3_subject-matter,subject-matter,4,2,"uncertain utility interaction (net metering, utility ownership, and agreed standards)","uncertain utility interaction (net metering, utility ownership, and agreed standards)",matched,corrected_from_label,False,31,20260630_081112
gemma3_subject-matter_31_b8,gemma3,gemma3_subject-matter,subject-matter,8,3,misconception and lack of knowledge leads to lengthy/expensive design and permit process,misconception and lack of knowledge leads to lengthy/expensive design and permit process,matched,corrected_from_label,False,31,20260630_081112
gemma3_subject-matter_31_b9,gemma3,gemma3_subject-matter,subject-matter,9,4,lack of enough trained personnel in DC systems,lack of enough trained personnel in DC systems,matched,corrected_from_label,False,31,20260630_081112
gemma3_subject-matter_31_b11,gemma3,gemma3_subject-matter,subject-matter,11,5,high costs of DC solutions,high costs of DC solutions,matched,corrected_from_label,False,31,20260630_081112
llama_generalist_31_b1,llama,llama_generalist,generalist,1,1,"power losses, quality and safety issues","Power losses, quality and safety issues",matched,correct_id,False,31,20260630_081112
llama_generalist_31_b2,llama,llama_generalist,generalist,2,2,reduced reliability in DC devices,Reduced reliability in DC devices,matched,correct_id,False,31,20260630_081112
llama_generalist_31_b4,llama,llama_generalist,generalist,4,3,"uncertain utility interaction (net metering, utility ownership, and agreed standards)","Uncertain utility interaction (net metering, utility ownership, and agreed standards)",matched,corrected_from_label,False,31,20260630_081112
llama_generalist_31_b5,llama,llama_generalist,generalist,5,4,lack of pilot projects,Lack of pilot projects,matched,corrected_from_label,False,31,20260630_081112
llama_generalist_31_b6,llama,llama_generalist,generalist,6,5,public perception of DC and readiness to 'champion' installations from DC projects,Public perception of DC and readiness to 'champion' installations from DC projects,matched,corrected_from_label,False,31,20260630_081112
llama_normative_31_b1,llama,llama_normative,normative,1,1,"power losses, quality and safety issues","power losses, quality and safety issues",matched,correct_id,False,31,20260630_081112
llama_normative_31_b2,llama,llama_normative,normative,2,2,reduced reliability in DC devices,reduced reliability in DC devices,matched,correct_id,False,31,20260630_081112
llama_normative_31_b4,llama,llama_normative,normative,4,3,"uncertain utility interaction (net metering, utility ownership, and agreed standards)","uncertain utility interaction (net metering, utility ownership, and agreed standards)",matched,corrected_from_label,False,31,20260630_081112
llama_normative_31_b3,llama,llama_normative,normative,3,4,lack of use-cases in which DC is advantageous,lack of use-cases in which DC is advantageous,matched,corrected_from_label,False,31,20260630_081112
llama_normative_31_b6,llama,llama_normative,normative,6,5,public perception of DC and readiness to 'champion' installations from DC projects,public perception of DC and readiness to 'champion' installations from DC projects,matched,corrected_from_label,False,31,20260630_081112
llama_subject-matter_31_b1,llama,llama_subject-matter,subject-matter,1,1,"power losses, quality and safety issues","Power losses, quality, and safety issues",matched,correct_id,False,31,20260630_081112
llama_subject-matter_31_b3,llama,llama_subject-matter,subject-matter,3,2,lack of use-cases in which DC is advantageous,Lack of use-cases in which DC is advantageous,matched,corrected_from_label,False,31,20260630_081112
llama_subject-matter_31_b4,llama,llama_subject-matter,subject-matter,4,3,"uncertain utility interaction (net metering, utility ownership, and agreed standards)","Uncertain utility interaction (net metering, utility ownership, and agreed standards)",matched,corrected_from_label,False,31,20260630_081112
llama_subject-matter_31_b5,llama,llama_subject-matter,subject-matter,5,4,lack of pilot projects,Lack of pilot projects,matched,corrected_from_label,False,31,20260630_081112
llama_subject-matter_31_b6,llama,llama_subject-matter,subject-matter,6,5,public perception of DC and readiness to 'champion' installations from DC projects,Public perception of DC and readiness to 'champion' installations from DC projects,matched,corrected_from_label,False,31,20260630_081112
mistral_generalist_31_b1,mistral,mistral_generalist,generalist,1,1,"power losses, quality and safety issues","power losses, quality and safety issues",matched,correct_id,False,31,20260630_081112
mistral_generalist_31_b2,mistral,mistral_generalist,generalist,2,2,reduced reliability in DC devices,reduced reliability in DC devices,matched,correct_id,False,31,20260630_081112
mistral_generalist_31_b4,mistral,mistral_generalist,generalist,4,3,"uncertain utility interaction (net metering, utility ownership, and agreed standards)","uncertain utility interaction (net metering, utility ownership, and agreed standards)",matched,corrected_from_label,False,31,20260630_081112
mistral_generalist_31_b5,mistral,mistral_generalist,generalist,5,4,lack of pilot projects,lack of pilot projects,matched,corrected_from_label,False,31,20260630_081112
mistral_generalist_31_b9,mistral,mistral_generalist,generalist,9,5,lack of enough trained personnel in DC systems,lack of enough trained personnel in DC systems,matched,corrected_from_label,False,31,20260630_081112
mistral_normative_31_b1,mistral,mistral_normative,normative,1,1,"power losses, quality and safety issues","power losses, quality and safety issues",matched,correct_id,False,31,20260630_081112
mistral_normative_31_b2,mistral,mistral_normative,normative,2,2,reduced reliability in DC devices,reduced reliability in DC devices,matched,correct_id,False,31,20260630_081112
mistral_normative_31_b4,mistral,mistral_normative,normative,4,3,"uncertain utility interaction (net metering, utility ownership, and agreed standards)","uncertain utility interaction (net metering, utility ownership, and agreed standards)",matched,corrected_from_label,False,31,20260630_081112
mistral_normative_31_b5,mistral,mistral_normative,normative,5,4,lack of pilot projects,lack of pilot projects,matched,corrected_from_label,False,31,20260630_081112
mistral_normative_31_b6,mistral,mistral_normative,normative,6,5,public perception of DC and readiness to 'champion' installations from DC projects,public perception of DC and readiness to 'champion' installations from DC projects,matched,corrected_from_label,False,31,20260630_081112
mistral_subject-matter_31_b1,mistral,mistral_subject-matter,subject-matter,1,1,"power losses, quality and safety issues","power losses, quality, and safety issues",matched,correct_id,False,31,20260630_081112
mistral_subject-matter_31_b2,mistral,mistral_subject-matter,subject-matter,2,2,reduced reliability in DC devices,reduced reliability in DC devices,matched,correct_id,False,31,20260630_081112
mistral_subject-matter_31_b3,mistral,mistral_subject-matter,subject-matter,3,3,lack of use-cases in which DC is advantageous,lack of use-cases in which DC is advantageous,matched,correct_id,False,31,20260630_081112
mistral_subject-matter_31_b4,mistral,mistral_subject-matter,subject-matter,4,4,"uncertain utility interaction (net metering, utility ownership, and agreed standards)","uncertain utility interaction (net metering, utility ownership, and agreed standards)",matched,correct_id,False,31,20260630_081112
mistral_subject-matter_31_b11,mistral,mistral_subject-matter,subject-matter,11,5,high costs of DC solutions,high costs of DC solutions,matched,corrected_from_label,False,31,20260630_081112
phi4_generalist_32_b1,phi4,phi4_generalist,generalist,1,1,"power losses, quality and safety issues","power losses, quality and safety issues",matched,correct_id,False,32,20260630_081759
phi4_generalist_32_b3,phi4,phi4_generalist,generalist,3,3,lack of use-cases in which DC is advantageous,lack of use-cases in which DC is advantageous,matched,correct_id,False,32,20260630_081759
phi4_generalist_32_b4,phi4,phi4_generalist,generalist,4,4,"uncertain utility interaction (net metering, utility ownership, and agreed standards)","uncertain utility interaction (net metering, utility ownership, and agreed standards)",matched,correct_id,False,32,20260630_081759
phi4_generalist_32_b5,phi4,phi4_generalist,generalist,5,5,lack of pilot projects,lack of pilot projects,matched,correct_id,False,32,20260630_081759
phi4_generalist_32_b10,phi4,phi4_generalist,generalist,10,10,uncertain regulatory roadmap,uncertain regulatory roadmap,matched,correct_id,False,32,20260630_081759
phi4_normative_32_b1,phi4,phi4_normative,normative,1,1,"power losses, quality and safety issues","power losses, quality and safety issues",matched,correct_id,False,32,20260630_081759
phi4_normative_32_b4,phi4,phi4_normative,normative,4,4,"uncertain utility interaction (net metering, utility ownership, and agreed standards)","uncertain utility interaction (net metering, utility ownership, and agreed standards)",matched,correct_id,False,32,20260630_081759
phi4_normative_32_b5,phi4,phi4_normative,normative,5,5,lack of pilot projects,lack of pilot projects,matched,correct_id,False,32,20260630_081759
phi4_normative_32_b10,phi4,phi4_normative,normative,10,10,uncertain regulatory roadmap,uncertain regulatory roadmap,matched,correct_id,False,32,20260630_081759
phi4_normative_32_b11,phi4,phi4_normative,normative,11,11,high costs of DC solutions,high costs of DC solutions,matched,correct_id,False,32,20260630_081759
phi4_subject-matter_32_b1,phi4,phi4_subject-matter,subject-matter,1,1,"power losses, quality and safety issues","power losses, quality and safety issues",matched,correct_id,False,32,20260630_081759
phi4_subject-matter_32_b4,phi4,phi4_subject-matter,subject-matter,4,4,"uncertain utility interaction (net metering, utility ownership, and agreed standards)","uncertain utility interaction (net metering, utility ownership, and agreed standards)",matched,correct_id,False,32,20260630_081759
phi4_subject-matter_32_b5,phi4,phi4_subject-matter,subject-matter,5,5,lack of pilot projects,lack of pilot projects,matched,correct_id,False,32,20260630_081759
phi4_subject-matter_32_b9,phi4,phi4_subject-matter,subject-matter,9,9,lack of enough trained personnel in DC systems,lack of enough trained personnel in DC systems,matched,correct_id,False,32,20260630_081759
phi4_subject-matter_32_b10,phi4,phi4_subject-matter,subject-matter,10,10,uncertain regulatory roadmap,uncertain regulatory roadmap,matched,correct_id,False,32,20260630_081759
gemma3_generalist_32_b1,gemma3,gemma3_generalist,generalist,1,1,"power losses, quality and safety issues","power losses, quality and safety issues",matched,correct_id,False,32,20260630_081759
gemma3_generalist_32_b5,gemma3,gemma3_generalist,generalist,5,2,lack of pilot projects,lack of pilot projects,matched,corrected_from_label,False,32,20260630_081759
gemma3_generalist_32_b6,gemma3,gemma3_generalist,generalist,6,3,public perception of DC and readiness to 'champion' installations from DC projects,public perception of DC and readiness to 'champion' installations from DC projects,matched,corrected_from_label,False,32,20260630_081759
gemma3_generalist_32_b8,gemma3,gemma3_generalist,generalist,8,4,misconception and lack of knowledge leads to lengthy/expensive design and permit process,misconception and lack of knowledge leads to lengthy/expensive design and permit process,matched,corrected_from_label,False,32,20260630_081759
gemma3_generalist_32_b11,gemma3,gemma3_generalist,generalist,11,5,high costs of DC solutions,high costs of DC solutions,matched,corrected_from_label,False,32,20260630_081759
gemma3_normative_32_b1,gemma3,gemma3_normative,normative,1,1,"power losses, quality and safety issues","power losses, quality and safety issues",matched,correct_id,False,32,20260630_081759
gemma3_normative_32_b4,gemma3,gemma3_normative,normative,4,4,"uncertain utility interaction (net metering, utility ownership, and agreed standards)","uncertain utility interaction (net metering, utility ownership, and agreed standards)",matched,correct_id,False,32,20260630_081759
gemma3_normative_32_b8,gemma3,gemma3_normative,normative,8,8,misconception and lack of knowledge leads to lengthy/expensive design and permit process,misconception and lack of knowledge leads to lengthy/expensive design and permit process,matched,correct_id,False,32,20260630_081759
gemma3_normative_32_b9,gemma3,gemma3_normative,normative,9,9,lack of enough trained personnel in DC systems,lack of enough trained personnel in DC systems,matched,correct_id,False,32,20260630_081759
gemma3_normative_32_b11,gemma3,gemma3_normative,normative,11,11,high costs of DC solutions,high costs of DC solutions,matched,correct_id,False,32,20260630_081759
gemma3_subject-matter_32_b1,gemma3,gemma3_subject-matter,subject-matter,1,1,"power losses, quality and safety issues","power losses, quality and safety issues",matched,correct_id,False,32,20260630_081759
gemma3_subject-matter_32_b5,gemma3,gemma3_subject-matter,subject-matter,5,2,lack of pilot projects,lack of pilot projects,matched,corrected_from_label,False,32,20260630_081759
gemma3_subject-matter_32_b6,gemma3,gemma3_subject-matter,subject-matter,6,3,public perception of DC and readiness to 'champion' installations from DC projects,public perception of DC and readiness to 'champion' installations from DC projects,matched,corrected_from_label,False,32,20260630_081759
gemma3_subject-matter_32_b9,gemma3,gemma3_subject-matter,subject-matter,9,4,lack of enough trained personnel in DC systems,lack of enough trained personnel in DC systems,matched,corrected_from_label,False,32,20260630_081759
gemma3_subject-matter_32_b11,gemma3,gemma3_subject-matter,subject-matter,11,5,high costs of DC solutions,high costs of DC solutions,matched,corrected_from_label,False,32,20260630_081759
llama_generalist_32_b1,llama,llama_generalist,generalist,1,1,"power losses, quality and safety issues","Power losses, quality, and safety issues",matched,correct_id,False,32,20260630_081759
llama_generalist_32_b2,llama,llama_generalist,generalist,2,2,reduced reliability in DC devices,Reduced reliability in DC devices,matched,correct_id,False,32,20260630_081759
llama_generalist_32_b4,llama,llama_generalist,generalist,4,3,"uncertain utility interaction (net metering, utility ownership, and agreed standards)","Uncertain utility interaction (net metering, utility ownership, and agreed standards)",matched,corrected_from_label,False,32,20260630_081759
llama_generalist_32_b3,llama,llama_generalist,generalist,3,4,lack of use-cases in which DC is advantageous,Lack of use-cases in which DC is advantageous,matched,corrected_from_label,False,32,20260630_081759
llama_generalist_32_b6,llama,llama_generalist,generalist,6,5,public perception of DC and readiness to 'champion' installations from DC projects,Public perception of DC and readiness to 'champion' installations from DC projects,matched,corrected_from_label,False,32,20260630_081759
llama_normative_32_b5,llama,llama_normative,normative,5,5,lack of pilot projects,Lack of pilot projects,matched,correct_id,False,32,20260630_081759
llama_normative_32_b6,llama,llama_normative,normative,6,6,public perception of DC and readiness to 'champion' installations from DC projects,Public perception of DC and readiness to 'champion' installations from DC projects,matched,correct_id,False,32,20260630_081759
llama_normative_32_b7,llama,llama_normative,normative,7,7,incompatibility of DC systems components,Incompatibility of DC systems components,matched,correct_id,False,32,20260630_081759
llama_normative_32_b8,llama,llama_normative,normative,8,8,misconception and lack of knowledge leads to lengthy/expensive design and permit process,Misconception and lack of knowledge leads to lengthy/expensive design and permit process,matched,correct_id,False,32,20260630_081759
llama_normative_32_b9,llama,llama_normative,normative,9,9,lack of enough trained personnel in DC systems,Lack of enough trained personnel in DC systems,matched,correct_id,False,32,20260630_081759
llama_subject-matter_32_b1,llama,llama_subject-matter,subject-matter,1,1,"power losses, quality and safety issues","Power losses, quality and safety issues",matched,correct_id,False,32,20260630_081759
llama_subject-matter_32_b3,llama,llama_subject-matter,subject-matter,3,2,lack of use-cases in which DC is advantageous,Lack of use-cases in which DC is advantageous,matched,corrected_from_label,False,32,20260630_081759
llama_subject-matter_32_b4,llama,llama_subject-matter,subject-matter,4,3,"uncertain utility interaction (net metering, utility ownership, and agreed standards)","Uncertain utility interaction (net metering, utility ownership, and agreed standards)",matched,corrected_from_label,False,32,20260630_081759
llama_subject-matter_32_b5,llama,llama_subject-matter,subject-matter,5,4,lack of pilot projects,Lack of pilot projects,matched,corrected_from_label,False,32,20260630_081759
llama_subject-matter_32_b6,llama,llama_subject-matter,subject-matter,6,5,public perception of DC and readiness to 'champion' installations from DC projects,Public perception of DC and readiness to 'champion' installations from DC projects,matched,corrected_from_label,False,32,20260630_081759
mistral_generalist_32_b1,mistral,mistral_generalist,generalist,1,1,"power losses, quality and safety issues","power losses, quality and safety issues",matched,correct_id,False,32,20260630_081759
mistral_generalist_32_b4,mistral,mistral_generalist,generalist,4,4,"uncertain utility interaction (net metering, utility ownership, and agreed standards)","uncertain utility interaction (net metering, utility ownership, and agreed standards)",matched,correct_id,False,32,20260630_081759
mistral_generalist_32_b5,mistral,mistral_generalist,generalist,5,5,lack of pilot projects,lack of pilot projects,matched,correct_id,False,32,20260630_081759
mistral_generalist_32_b8,mistral,mistral_generalist,generalist,8,8,misconception and lack of knowledge leads to lengthy/expensive design and permit process,misconception and lack of knowledge leads to lengthy/expensive design and permit process,matched,correct_id,False,32,20260630_081759
mistral_generalist_32_b10,mistral,mistral_generalist,generalist,10,10,uncertain regulatory roadmap,uncertain regulatory roadmap,matched,correct_id,False,32,20260630_081759
mistral_normative_32_b1,mistral,mistral_normative,normative,1,1,"power losses, quality and safety issues","power losses, quality and safety issues",matched,correct_id,False,32,20260630_081759
mistral_normative_32_b2,mistral,mistral_normative,normative,2,2,reduced reliability in DC devices,reduced reliability in DC devices,matched,correct_id,False,32,20260630_081759
mistral_normative_32_b4,mistral,mistral_normative,normative,4,3,"uncertain utility interaction (net metering, utility ownership, and agreed standards)","uncertain utility interaction (net metering, utility ownership, and agreed standards)",matched,corrected_from_label,False,32,20260630_081759
mistral_normative_32_b5,mistral,mistral_normative,normative,5,4,lack of pilot projects,lack of pilot projects,matched,corrected_from_label,False,32,20260630_081759
mistral_normative_32_b11,mistral,mistral_normative,normative,11,5,high costs of DC solutions,high costs of DC solutions,matched,corrected_from_label,False,32,20260630_081759
mistral_subject-matter_32_b1,mistral,mistral_subject-matter,subject-matter,1,1,"power losses, quality and safety issues","power losses, quality and safety issues",matched,correct_id,False,32,20260630_081759
mistral_subject-matter_32_b2,mistral,mistral_subject-matter,subject-matter,2,2,reduced reliability in DC devices,reduced reliability in DC devices,matched,correct_id,False,32,20260630_081759
mistral_subject-matter_32_b4,mistral,mistral_subject-matter,subject-matter,4,3,"uncertain utility interaction (net metering, utility ownership, and agreed standards)","uncertain utility interaction (net metering, utility ownership, and agreed standards)",matched,corrected_from_label,False,32,20260630_081759
mistral_subject-matter_32_b5,mistral,mistral_subject-matter,subject-matter,5,4,lack of pilot projects,lack of pilot projects,matched,corrected_from_label,False,32,20260630_081759
mistral_subject-matter_32_b7,mistral,mistral_subject-matter,subject-matter,7,5,incompatibility of DC systems components,incompatibility of DC systems components,matched,corrected_from_label,False,32,20260630_081759
phi4_generalist_33_b1,phi4,phi4_generalist,generalist,1,1,"power losses, quality and safety issues","power losses, quality and safety issues",matched,correct_id,False,33,20260630_082439
phi4_generalist_33_b3,phi4,phi4_generalist,generalist,3,3,lack of use-cases in which DC is advantageous,lack of use-cases in which DC is advantageous,matched,correct_id,False,33,20260630_082439
phi4_generalist_33_b4,phi4,phi4_generalist,generalist,4,4,"uncertain utility interaction (net metering, utility ownership, and agreed standards)","uncertain utility interaction (net metering, utility ownership, and agreed standards)",matched,correct_id,False,33,20260630_082439
phi4_generalist_33_b5,phi4,phi4_generalist,generalist,5,5,lack of pilot projects,lack of pilot projects,matched,correct_id,False,33,20260630_082439
phi4_generalist_33_b10,phi4,phi4_generalist,generalist,10,10,uncertain regulatory roadmap,uncertain regulatory roadmap,matched,correct_id,False,33,20260630_082439
phi4_normative_33_b1,phi4,phi4_normative,normative,1,1,"power losses, quality and safety issues","power losses, quality and safety issues",matched,correct_id,False,33,20260630_082439
phi4_normative_33_b4,phi4,phi4_normative,normative,4,4,"uncertain utility interaction (net metering, utility ownership, and agreed standards)","uncertain utility interaction (net metering, utility ownership, and agreed standards)",matched,correct_id,False,33,20260630_082439
phi4_normative_33_b6,phi4,phi4_normative,normative,6,6,public perception of DC and readiness to 'champion' installations from DC projects,public perception of DC and readiness to 'champion' installations from DC projects,matched,correct_id,False,33,20260630_082439
phi4_normative_33_b8,phi4,phi4_normative,normative,8,8,misconception and lack of knowledge leads to lengthy/expensive design and permit process,misconception and lack of knowledge leads to lengthy/expensive design and permit process,matched,correct_id,False,33,20260630_082439
phi4_normative_33_b10,phi4,phi4_normative,normative,10,10,uncertain regulatory roadmap,uncertain regulatory roadmap,matched,correct_id,False,33,20260630_082439
phi4_subject-matter_33_b1,phi4,phi4_subject-matter,subject-matter,1,1,"power losses, quality and safety issues","power losses, quality and safety issues",matched,correct_id,False,33,20260630_082439
phi4_subject-matter_33_b4,phi4,phi4_subject-matter,subject-matter,4,4,"uncertain utility interaction (net metering, utility ownership, and agreed standards)","uncertain utility interaction (net metering, utility ownership, and agreed standards)",matched,correct_id,False,33,20260630_082439
phi4_subject-matter_33_b5,phi4,phi4_subject-matter,subject-matter,5,5,lack of pilot projects,lack of pilot projects,matched,correct_id,False,33,20260630_082439
phi4_subject-matter_33_b9,phi4,phi4_subject-matter,subject-matter,9,9,lack of enough trained personnel in DC systems,lack of enough trained personnel in DC systems,matched,correct_id,False,33,20260630_082439
phi4_subject-matter_33_b10,phi4,phi4_subject-matter,subject-matter,10,10,uncertain regulatory roadmap,uncertain regulatory roadmap,matched,correct_id,False,33,20260630_082439
gemma3_generalist_33_b1,gemma3,gemma3_generalist,generalist,1,1,"power losses, quality and safety issues","power losses, quality and safety issues",matched,correct_id,False,33,20260630_082439
gemma3_generalist_33_b5,gemma3,gemma3_generalist,generalist,5,2,lack of pilot projects,lack of pilot projects,matched,corrected_from_label,False,33,20260630_082439
gemma3_generalist_33_b6,gemma3,gemma3_generalist,generalist,6,3,public perception of DC and readiness to 'champion' installations from DC projects,public perception of DC and readiness to 'champion' installations from DC projects,matched,corrected_from_label,False,33,20260630_082439
gemma3_generalist_33_b8,gemma3,gemma3_generalist,generalist,8,4,misconception and lack of knowledge leads to lengthy/expensive design and permit process,misconception and lack of knowledge leads to lengthy/expensive design and permit process,matched,corrected_from_label,False,33,20260630_082439
gemma3_generalist_33_b11,gemma3,gemma3_generalist,generalist,11,5,high costs of DC solutions,high costs of DC solutions,matched,corrected_from_label,False,33,20260630_082439
gemma3_normative_33_b1,gemma3,gemma3_normative,normative,1,1,"power losses, quality and safety issues","power losses, quality and safety issues",matched,correct_id,False,33,20260630_082439
gemma3_normative_33_b4,gemma3,gemma3_normative,normative,4,4,"uncertain utility interaction (net metering, utility ownership, and agreed standards)","uncertain utility interaction (net metering, utility ownership, and agreed standards)",matched,correct_id,False,33,20260630_082439
gemma3_normative_33_b7,gemma3,gemma3_normative,normative,7,7,incompatibility of DC systems components,incompatibility of DC systems components,matched,correct_id,False,33,20260630_082439
gemma3_normative_33_b8,gemma3,gemma3_normative,normative,8,8,misconception and lack of knowledge leads to lengthy/expensive design and permit process,misconception and lack of knowledge leads to lengthy/expensive design and permit process,matched,correct_id,False,33,20260630_082439
gemma3_normative_33_b11,gemma3,gemma3_normative,normative,11,11,high costs of DC solutions,high costs of DC solutions,matched,correct_id,False,33,20260630_082439
gemma3_subject-matter_33_b1,gemma3,gemma3_subject-matter,subject-matter,1,1,"power losses, quality and safety issues","power losses, quality and safety issues",matched,correct_id,False,33,20260630_082439
gemma3_subject-matter_33_b5,gemma3,gemma3_subject-matter,subject-matter,5,2,lack of pilot projects,lack of pilot projects,matched,corrected_from_label,False,33,20260630_082439
gemma3_subject-matter_33_b6,gemma3,gemma3_subject-matter,subject-matter,6,3,public perception of DC and readiness to 'champion' installations from DC projects,public perception of DC and readiness to 'champion' installations from DC projects,matched,corrected_from_label,False,33,20260630_082439
gemma3_subject-matter_33_b9,gemma3,gemma3_subject-matter,subject-matter,9,4,lack of enough trained personnel in DC systems,lack of enough trained personnel in DC systems,matched,corrected_from_label,False,33,20260630_082439
gemma3_subject-matter_33_b10,gemma3,gemma3_subject-matter,subject-matter,10,5,uncertain regulatory roadmap,uncertain regulatory roadmap,matched,corrected_from_label,False,33,20260630_082439
llama_generalist_33_b1,llama,llama_generalist,generalist,1,1,"power losses, quality and safety issues","Power losses, quality, and safety issues",matched,correct_id,False,33,20260630_082439
llama_generalist_33_b2,llama,llama_generalist,generalist,2,2,reduced reliability in DC devices,Reduced reliability in DC devices,matched,correct_id,False,33,20260630_082439
llama_generalist_33_b3,llama,llama_generalist,generalist,3,3,lack of use-cases in which DC is advantageous,Lack of use-cases in which DC is advantageous,matched,correct_id,False,33,20260630_082439
llama_generalist_33_b4,llama,llama_generalist,generalist,4,4,"uncertain utility interaction (net metering, utility ownership, and agreed standards)","Uncertain utility interaction (net metering, utility ownership, and agreed standards)",matched,correct_id,False,33,20260630_082439
llama_generalist_33_b11,llama,llama_generalist,generalist,11,5,high costs of DC solutions,High costs of DC solutions,matched,corrected_from_label,False,33,20260630_082439
llama_normative_33_b3,llama,llama_normative,normative,3,1,lack of use-cases in which DC is advantageous,Lack of use-cases in which DC is advantageous,matched,corrected_from_label,False,33,20260630_082439
llama_normative_33_b1,llama,llama_normative,normative,1,2,"power losses, quality and safety issues","Power losses, quality and safety issues",matched,corrected_from_label,False,33,20260630_082439
llama_normative_33_b4,llama,llama_normative,normative,4,3,"uncertain utility interaction (net metering, utility ownership, and agreed standards)","Uncertain utility interaction (net metering, utility ownership, and agreed standards)",matched,corrected_from_label,False,33,20260630_082439
llama_normative_33_b11,llama,llama_normative,normative,11,4,high costs of DC solutions,High costs of DC solutions,matched,corrected_from_label,False,33,20260630_082439
llama_normative_33_b7,llama,llama_normative,normative,7,5,incompatibility of DC systems components,Incompatibility of DC systems components,matched,corrected_from_label,False,33,20260630_082439
llama_subject-matter_33_b1,llama,llama_subject-matter,subject-matter,1,1,"power losses, quality and safety issues","power losses, quality and safety issues",matched,correct_id,False,33,20260630_082439
llama_subject-matter_33_b3,llama,llama_subject-matter,subject-matter,3,2,lack of use-cases in which DC is advantageous,lack of use-cases in which DC is advantageous,matched,corrected_from_label,False,33,20260630_082439
llama_subject-matter_33_b4,llama,llama_subject-matter,subject-matter,4,3,"uncertain utility interaction (net metering, utility ownership, and agreed standards)","uncertain utility interaction (net metering, utility ownership, and agreed standards)",matched,corrected_from_label,False,33,20260630_082439
llama_subject-matter_33_b5,llama,llama_subject-matter,subject-matter,5,4,lack of pilot projects,lack of pilot projects,matched,corrected_from_label,False,33,20260630_082439
llama_subject-matter_33_b6,llama,llama_subject-matter,subject-matter,6,5,public perception of DC and readiness to 'champion' installations from DC projects,public perception of DC and readiness to 'champion' installations from DC projects,matched,corrected_from_label,False,33,20260630_082439
mistral_generalist_33_b1,mistral,mistral_generalist,generalist,1,1,"power losses, quality and safety issues","power losses, quality and safety issues",matched,correct_id,False,33,20260630_082439
mistral_generalist_33_b3,mistral,mistral_generalist,generalist,3,2,lack of use-cases in which DC is advantageous,lack of use-cases in which DC is advantageous,matched,corrected_from_label,False,33,20260630_082439
mistral_generalist_33_b4,mistral,mistral_generalist,generalist,4,3,"uncertain utility interaction (net metering, utility ownership, and agreed standards)","uncertain utility interaction (net metering, utility ownership, and agreed standards)",matched,corrected_from_label,False,33,20260630_082439
mistral_generalist_33_b5,mistral,mistral_generalist,generalist,5,4,lack of pilot projects,lack of pilot projects,matched,corrected_from_label,False,33,20260630_082439
mistral_generalist_33_b11,mistral,mistral_generalist,generalist,11,5,high costs of DC solutions,high costs of DC solutions,matched,corrected_from_label,False,33,20260630_082439
mistral_normative_33_b1,mistral,mistral_normative,normative,1,1,"power losses, quality and safety issues","power losses, quality and safety issues",matched,correct_id,False,33,20260630_082439
mistral_normative_33_b2,mistral,mistral_normative,normative,2,2,reduced reliability in DC devices,reduced reliability in DC devices,matched,correct_id,False,33,20260630_082439
mistral_normative_33_b4,mistral,mistral_normative,normative,4,3,"uncertain utility interaction (net metering, utility ownership, and agreed standards)","uncertain utility interaction (net metering, utility ownership, and agreed standards)",matched,corrected_from_label,False,33,20260630_082439
mistral_normative_33_b5,mistral,mistral_normative,normative,5,4,lack of pilot projects,lack of pilot projects,matched,corrected_from_label,False,33,20260630_082439
mistral_normative_33_b11,mistral,mistral_normative,normative,11,5,high costs of DC solutions,high costs of DC solutions,matched,corrected_from_label,False,33,20260630_082439
mistral_subject-matter_33_b1,mistral,mistral_subject-matter,subject-matter,1,1,"power losses, quality and safety issues","power losses, quality and safety issues",matched,correct_id,False,33,20260630_082439
mistral_subject-matter_33_b2,mistral,mistral_subject-matter,subject-matter,2,2,reduced reliability in DC devices,reduced reliability in DC devices,matched,correct_id,False,33,20260630_082439
mistral_subject-matter_33_b4,mistral,mistral_subject-matter,subject-matter,4,3,"uncertain utility interaction (net metering, utility ownership, and agreed standards)","uncertain utility interaction (net metering, utility ownership, and agreed standards)",matched,corrected_from_label,False,33,20260630_082439
mistral_subject-matter_33_b5,mistral,mistral_subject-matter,subject-matter,5,4,lack of pilot projects,lack of pilot projects,matched,corrected_from_label,False,33,20260630_082439
mistral_subject-matter_33_b7,mistral,mistral_subject-matter,subject-matter,7,5,incompatibility of DC systems components,incompatibility of DC systems components,matched,corrected_from_label,False,33,20260630_082439
phi4_generalist_34_b1,phi4,phi4_generalist,generalist,1,1,"power losses, quality and safety issues","power losses, quality and safety issues",matched,correct_id,False,34,20260630_082803
phi4_generalist_34_b3,phi4,phi4_generalist,generalist,3,3,lack of use-cases in which DC is advantageous,lack of use-cases in which DC is advantageous,matched,correct_id,False,34,20260630_082803
phi4_generalist_34_b4,phi4,phi4_generalist,generalist,4,4,"uncertain utility interaction (net metering, utility ownership, and agreed standards)","uncertain utility interaction (net metering, utility ownership, and agreed standards)",matched,correct_id,False,34,20260630_082803
phi4_generalist_34_b5,phi4,phi4_generalist,generalist,5,5,lack of pilot projects,lack of pilot projects,matched,correct_id,False,34,20260630_082803
phi4_generalist_34_b10,phi4,phi4_generalist,generalist,10,10,uncertain regulatory roadmap,uncertain regulatory roadmap,matched,correct_id,False,34,20260630_082803
phi4_normative_34_b1,phi4,phi4_normative,normative,1,1,"power losses, quality and safety issues","power losses, quality and safety issues",matched,correct_id,False,34,20260630_082803
phi4_normative_34_b4,phi4,phi4_normative,normative,4,2,"uncertain utility interaction (net metering, utility ownership, and agreed standards)","uncertain utility interaction (net metering, utility ownership, and agreed standards)",matched,corrected_from_label,False,34,20260630_082803
phi4_normative_34_b5,phi4,phi4_normative,normative,5,4,lack of pilot projects,lack of pilot projects,matched,corrected_from_label,False,34,20260630_082803
phi4_normative_34_b6,phi4,phi4_normative,normative,6,6,public perception of DC and readiness to 'champion' installations from DC projects,public perception of DC and readiness to 'champion' installations from DC projects,matched,correct_id,False,34,20260630_082803
phi4_normative_34_b10,phi4,phi4_normative,normative,10,10,uncertain regulatory roadmap,uncertain regulatory roadmap,matched,correct_id,False,34,20260630_082803
phi4_subject-matter_34_b1,phi4,phi4_subject-matter,subject-matter,1,1,"power losses, quality and safety issues","power losses, quality and safety issues",matched,correct_id,False,34,20260630_082803
phi4_subject-matter_34_b4,phi4,phi4_subject-matter,subject-matter,4,4,"uncertain utility interaction (net metering, utility ownership, and agreed standards)","uncertain utility interaction (net metering, utility ownership, and agreed standards)",matched,correct_id,False,34,20260630_082803
phi4_subject-matter_34_b5,phi4,phi4_subject-matter,subject-matter,5,5,lack of pilot projects,lack of pilot projects,matched,correct_id,False,34,20260630_082803
phi4_subject-matter_34_b9,phi4,phi4_subject-matter,subject-matter,9,9,lack of enough trained personnel in DC systems,lack of enough trained personnel in DC systems,matched,correct_id,False,34,20260630_082803
phi4_subject-matter_34_b10,phi4,phi4_subject-matter,subject-matter,10,10,uncertain regulatory roadmap,uncertain regulatory roadmap,matched,correct_id,False,34,20260630_082803
gemma3_generalist_34_b1,gemma3,gemma3_generalist,generalist,1,1,"power losses, quality and safety issues","power losses, quality and safety issues",matched,correct_id,False,34,20260630_082803
gemma3_generalist_34_b5,gemma3,gemma3_generalist,generalist,5,2,lack of pilot projects,lack of pilot projects,matched,corrected_from_label,False,34,20260630_082803
gemma3_generalist_34_b6,gemma3,gemma3_generalist,generalist,6,3,public perception of DC and readiness to 'champion' installations from DC projects,public perception of DC and readiness to 'champion' installations from DC projects,matched,corrected_from_label,False,34,20260630_082803
gemma3_generalist_34_b8,gemma3,gemma3_generalist,generalist,8,4,misconception and lack of knowledge leads to lengthy/expensive design and permit process,misconception and lack of knowledge leads to lengthy/expensive design and permit process,matched,corrected_from_label,False,34,20260630_082803
gemma3_generalist_34_b11,gemma3,gemma3_generalist,generalist,11,5,high costs of DC solutions,high costs of DC solutions,matched,corrected_from_label,False,34,20260630_082803
gemma3_normative_34_b1,gemma3,gemma3_normative,normative,1,1,"power losses, quality and safety issues","power losses, quality and safety issues",matched,correct_id,False,34,20260630_082803
gemma3_normative_34_b4,gemma3,gemma3_normative,normative,4,4,"uncertain utility interaction (net metering, utility ownership, and agreed standards)","uncertain utility interaction (net metering, utility ownership, and agreed standards)",matched,correct_id,False,34,20260630_082803
gemma3_normative_34_b8,gemma3,gemma3_normative,normative,8,8,misconception and lack of knowledge leads to lengthy/expensive design and permit process,misconception and lack of knowledge leads to lengthy/expensive design and permit process,matched,correct_id,False,34,20260630_082803
gemma3_normative_34_b9,gemma3,gemma3_normative,normative,9,9,lack of enough trained personnel in DC systems,lack of enough trained personnel in DC systems,matched,correct_id,False,34,20260630_082803
gemma3_normative_34_b11,gemma3,gemma3_normative,normative,11,11,high costs of DC solutions,high costs of DC solutions,matched,correct_id,False,34,20260630_082803
gemma3_subject-matter_34_b1,gemma3,gemma3_subject-matter,subject-matter,1,1,"power losses, quality and safety issues","power losses, quality and safety issues",matched,correct_id,False,34,20260630_082803
gemma3_subject-matter_34_b5,gemma3,gemma3_subject-matter,subject-matter,5,2,lack of pilot projects,lack of pilot projects,matched,corrected_from_label,False,34,20260630_082803
gemma3_subject-matter_34_b6,gemma3,gemma3_subject-matter,subject-matter,6,3,public perception of DC and readiness to 'champion' installations from DC projects,public perception of DC and readiness to 'champion' installations from DC projects,matched,corrected_from_label,False,34,20260630_082803
gemma3_subject-matter_34_b9,gemma3,gemma3_subject-matter,subject-matter,9,4,lack of enough trained personnel in DC systems,lack of enough trained personnel in DC systems,matched,corrected_from_label,False,34,20260630_082803
gemma3_subject-matter_34_b10,gemma3,gemma3_subject-matter,subject-matter,10,5,uncertain regulatory roadmap,uncertain regulatory roadmap,matched,corrected_from_label,False,34,20260630_082803
llama_generalist_34_b1,llama,llama_generalist,generalist,1,1,"power losses, quality and safety issues","power losses, quality and safety issues",matched,correct_id,False,34,20260630_082803
llama_generalist_34_b2,llama,llama_generalist,generalist,2,2,reduced reliability in DC devices,reduced reliability in DC devices,matched,correct_id,False,34,20260630_082803
llama_generalist_34_b3,llama,llama_generalist,generalist,3,3,lack of use-cases in which DC is advantageous,lack of use-cases in which DC is advantageous,matched,correct_id,False,34,20260630_082803
llama_generalist_34_b4,llama,llama_generalist,generalist,4,4,"uncertain utility interaction (net metering, utility ownership, and agreed standards)","uncertain utility interaction (net metering, utility ownership, and agreed standards)",matched,correct_id,False,34,20260630_082803
llama_generalist_34_b5,llama,llama_generalist,generalist,5,5,lack of pilot projects,lack of pilot projects,matched,correct_id,False,34,20260630_082803
llama_normative_34_b1,llama,llama_normative,normative,1,1,"power losses, quality and safety issues","Power losses, quality and safety issues",matched,correct_id,False,34,20260630_082803
llama_normative_34_b2,llama,llama_normative,normative,2,2,reduced reliability in DC devices,Reduced reliability in DC devices,matched,correct_id,False,34,20260630_082803
llama_normative_34_b3,llama,llama_normative,normative,3,3,lack of use-cases in which DC is advantageous,Lack of use-cases in which DC is advantageous,matched,correct_id,False,34,20260630_082803
llama_normative_34_b4,llama,llama_normative,normative,4,4,"uncertain utility interaction (net metering, utility ownership, and agreed standards)","Uncertain utility interaction (net metering, utility ownership, and agreed standards)",matched,correct_id,False,34,20260630_082803
llama_normative_34_b5,llama,llama_normative,normative,5,5,lack of pilot projects,Lack of pilot projects,matched,correct_id,False,34,20260630_082803
llama_subject-matter_34_b1,llama,llama_subject-matter,subject-matter,1,1,"power losses, quality and safety issues","Power losses, quality and safety issues",matched,correct_id,False,34,20260630_082803
llama_subject-matter_34_b2,llama,llama_subject-matter,subject-matter,2,2,reduced reliability in DC devices,Reduced reliability in DC devices,matched,correct_id,False,34,20260630_082803
llama_subject-matter_34_b3,llama,llama_subject-matter,subject-matter,3,3,lack of use-cases in which DC is advantageous,Lack of use-cases in which DC is advantageous,matched,correct_id,False,34,20260630_082803
llama_subject-matter_34_b4,llama,llama_subject-matter,subject-matter,4,4,"uncertain utility interaction (net metering, utility ownership, and agreed standards)","Uncertain utility interaction (net metering, utility ownership, and agreed standards)",matched,correct_id,False,34,20260630_082803
llama_subject-matter_34_b5,llama,llama_subject-matter,subject-matter,5,5,lack of pilot projects,Lack of pilot projects,matched,correct_id,False,34,20260630_082803
mistral_generalist_34_b1,mistral,mistral_generalist,generalist,1,1,"power losses, quality and safety issues","power losses, quality and safety issues",matched,correct_id,False,34,20260630_082803
mistral_generalist_34_b2,mistral,mistral_generalist,generalist,2,2,reduced reliability in DC devices,reduced reliability in DC devices,matched,correct_id,False,34,20260630_082803
mistral_generalist_34_b4,mistral,mistral_generalist,generalist,4,3,"uncertain utility interaction (net metering, utility ownership, and agreed standards)","uncertain utility interaction (net metering, utility ownership, and agreed standards)",matched,corrected_from_label,False,34,20260630_082803
mistral_generalist_34_b5,mistral,mistral_generalist,generalist,5,4,lack of pilot projects,lack of pilot projects,matched,corrected_from_label,False,34,20260630_082803
mistral_generalist_34_b9,mistral,mistral_generalist,generalist,9,5,lack of enough trained personnel in DC systems,lack of enough trained personnel in DC systems,matched,corrected_from_label,False,34,20260630_082803
mistral_normative_34_b1,mistral,mistral_normative,normative,1,1,"power losses, quality and safety issues","power losses, quality and safety issues",matched,correct_id,False,34,20260630_082803
mistral_normative_34_b2,mistral,mistral_normative,normative,2,2,reduced reliability in DC devices,reduced reliability in DC devices,matched,correct_id,False,34,20260630_082803
mistral_normative_34_b4,mistral,mistral_normative,normative,4,3,"uncertain utility interaction (net metering, utility ownership, and agreed standards)","uncertain utility interaction (net metering, utility ownership, and agreed standards)",matched,corrected_from_label,False,34,20260630_082803
mistral_normative_34_b5,mistral,mistral_normative,normative,5,4,lack of pilot projects,lack of pilot projects,matched,corrected_from_label,False,34,20260630_082803
mistral_normative_34_b11,mistral,mistral_normative,normative,11,5,high costs of DC solutions,high costs of DC solutions,matched,corrected_from_label,False,34,20260630_082803
mistral_subject-matter_34_b1,mistral,mistral_subject-matter,subject-matter,1,1,"power losses, quality and safety issues","power losses, quality and safety issues",matched,correct_id,False,34,20260630_082803
mistral_subject-matter_34_b2,mistral,mistral_subject-matter,subject-matter,2,2,reduced reliability in DC devices,reduced reliability in DC devices,matched,correct_id,False,34,20260630_082803
mistral_subject-matter_34_b4,mistral,mistral_subject-matter,subject-matter,4,3,"uncertain utility interaction (net metering, utility ownership, and agreed standards)","uncertain utility interaction (net metering, utility ownership, and agreed standards)",matched,corrected_from_label,False,34,20260630_082803
mistral_subject-matter_34_b5,mistral,mistral_subject-matter,subject-matter,5,4,lack of pilot projects,lack of pilot projects,matched,corrected_from_label,False,34,20260630_082803
mistral_subject-matter_34_b11,mistral,mistral_subject-matter,subject-matter,11,5,high costs of DC solutions,high costs of DC solutions,matched,corrected_from_label,False,34,20260630_082803
phi4_generalist_35_b1,phi4,phi4_generalist,generalist,1,1,"power losses, quality and safety issues","power losses, quality and safety issues",matched,correct_id,False,35,20260630_102142
phi4_generalist_35_b3,phi4,phi4_generalist,generalist,3,3,lack of use-cases in which DC is advantageous,lack of use-cases in which DC is advantageous,matched,correct_id,False,35,20260630_102142
phi4_generalist_35_b4,phi4,phi4_generalist,generalist,4,4,"uncertain utility interaction (net metering, utility ownership, and agreed standards)","uncertain utility interaction (net metering, utility ownership, and agreed standards)",matched,correct_id,False,35,20260630_102142
phi4_generalist_35_b5,phi4,phi4_generalist,generalist,5,5,lack of pilot projects,lack of pilot projects,matched,correct_id,False,35,20260630_102142
phi4_generalist_35_b9,phi4,phi4_generalist,generalist,9,9,lack of enough trained personnel in DC systems,lack of enough trained personnel in DC systems,matched,correct_id,False,35,20260630_102142
phi4_normative_35_b1,phi4,phi4_normative,normative,1,1,"power losses, quality and safety issues","power losses, quality and safety issues",matched,correct_id,False,35,20260630_102142
phi4_normative_35_b4,phi4,phi4_normative,normative,4,4,"uncertain utility interaction (net metering, utility ownership, and agreed standards)","uncertain utility interaction (net metering, utility ownership, and agreed standards)",matched,correct_id,False,35,20260630_102142
phi4_normative_35_b5,phi4,phi4_normative,normative,5,5,lack of pilot projects,lack of pilot projects,matched,correct_id,False,35,20260630_102142
phi4_normative_35_b6,phi4,phi4_normative,normative,6,6,public perception of DC and readiness to 'champion' installations from DC projects,public perception of DC and readiness to 'champion' installations from DC projects,matched,correct_id,False,35,20260630_102142
phi4_normative_35_b10,phi4,phi4_normative,normative,10,10,uncertain regulatory roadmap,uncertain regulatory roadmap,matched,correct_id,False,35,20260630_102142
phi4_subject-matter_35_b1,phi4,phi4_subject-matter,subject-matter,1,1,"power losses, quality and safety issues","power losses, quality and safety issues",matched,correct_id,False,35,20260630_102142
phi4_subject-matter_35_b4,phi4,phi4_subject-matter,subject-matter,4,4,"uncertain utility interaction (net metering, utility ownership, and agreed standards)","uncertain utility interaction (net metering, utility ownership, and agreed standards)",matched,correct_id,False,35,20260630_102142
phi4_subject-matter_35_b5,phi4,phi4_subject-matter,subject-matter,5,5,lack of pilot projects,lack of pilot projects,matched,correct_id,False,35,20260630_102142
phi4_subject-matter_35_b9,phi4,phi4_subject-matter,subject-matter,9,9,lack of enough trained personnel in DC systems,lack of enough trained personnel in DC systems,matched,correct_id,False,35,20260630_102142
phi4_subject-matter_35_b10,phi4,phi4_subject-matter,subject-matter,10,10,uncertain regulatory roadmap,uncertain regulatory roadmap,matched,correct_id,False,35,20260630_102142
gemma3_generalist_35_b1,gemma3,gemma3_generalist,generalist,1,1,"power losses, quality and safety issues","power losses, quality and safety issues",matched,correct_id,False,35,20260630_102142
gemma3_generalist_35_b5,gemma3,gemma3_generalist,generalist,5,2,lack of pilot projects,lack of pilot projects,matched,corrected_from_label,False,35,20260630_102142
gemma3_generalist_35_b6,gemma3,gemma3_generalist,generalist,6,3,public perception of DC and readiness to 'champion' installations from DC projects,public perception of DC and readiness to 'champion' installations from DC projects,matched,corrected_from_label,False,35,20260630_102142
gemma3_generalist_35_b8,gemma3,gemma3_generalist,generalist,8,4,misconception and lack of knowledge leads to lengthy/expensive design and permit process,misconception and lack of knowledge leads to lengthy/expensive design and permit process,matched,corrected_from_label,False,35,20260630_102142
gemma3_generalist_35_b11,gemma3,gemma3_generalist,generalist,11,5,high costs of DC solutions,high costs of DC solutions,matched,corrected_from_label,False,35,20260630_102142
gemma3_normative_35_b1,gemma3,gemma3_normative,normative,1,1,"power losses, quality and safety issues","power losses, quality and safety issues",matched,correct_id,False,35,20260630_102142
gemma3_normative_35_b4,gemma3,gemma3_normative,normative,4,4,"uncertain utility interaction (net metering, utility ownership, and agreed standards)","uncertain utility interaction (net metering, utility ownership, and agreed standards)",matched,correct_id,False,35,20260630_102142
gemma3_normative_35_b8,gemma3,gemma3_normative,normative,8,8,misconception and lack of knowledge leads to lengthy/expensive design and permit process,misconception and lack of knowledge leads to lengthy/expensive design and permit process,matched,correct_id,False,35,20260630_102142
gemma3_normative_35_b9,gemma3,gemma3_normative,normative,9,9,lack of enough trained personnel in DC systems,lack of enough trained personnel in DC systems,matched,correct_id,False,35,20260630_102142
gemma3_normative_35_b11,gemma3,gemma3_normative,normative,11,11,high costs of DC solutions,high costs of DC solutions,matched,correct_id,False,35,20260630_102142
gemma3_subject-matter_35_b1,gemma3,gemma3_subject-matter,subject-matter,1,1,"power losses, quality and safety issues","power losses, quality and safety issues",matched,correct_id,False,35,20260630_102142
gemma3_subject-matter_35_b4,gemma3,gemma3_subject-matter,subject-matter,4,2,"uncertain utility interaction (net metering, utility ownership, and agreed standards)","uncertain utility interaction (net metering, utility ownership, and agreed standards)",matched,corrected_from_label,False,35,20260630_102142
gemma3_subject-matter_35_b8,gemma3,gemma3_subject-matter,subject-matter,8,3,misconception and lack of knowledge leads to lengthy/expensive design and permit process,misconception and lack of knowledge leads to lengthy/expensive design and permit process,matched,corrected_from_label,False,35,20260630_102142
gemma3_subject-matter_35_b9,gemma3,gemma3_subject-matter,subject-matter,9,4,lack of enough trained personnel in DC systems,lack of enough trained personnel in DC systems,matched,corrected_from_label,False,35,20260630_102142
gemma3_subject-matter_35_b11,gemma3,gemma3_subject-matter,subject-matter,11,5,high costs of DC solutions,high costs of DC solutions,matched,corrected_from_label,False,35,20260630_102142
llama_generalist_35_b1,llama,llama_generalist,generalist,1,1,"power losses, quality and safety issues","Power losses, quality and safety issues",matched,correct_id,False,35,20260630_102142
llama_generalist_35_b3,llama,llama_generalist,generalist,3,2,lack of use-cases in which DC is advantageous,Lack of use-cases in which DC is advantageous,matched,corrected_from_label,False,35,20260630_102142
llama_generalist_35_b4,llama,llama_generalist,generalist,4,3,"uncertain utility interaction (net metering, utility ownership, and agreed standards)","Uncertain utility interaction (net metering, utility ownership, and agreed standards)",matched,corrected_from_label,False,35,20260630_102142
llama_generalist_35_b5,llama,llama_generalist,generalist,5,4,lack of pilot projects,Lack of pilot projects,matched,corrected_from_label,False,35,20260630_102142
llama_generalist_35_b6,llama,llama_generalist,generalist,6,5,public perception of DC and readiness to 'champion' installations from DC projects,Public perception of DC and readiness to 'champion' installations from DC projects,matched,corrected_from_label,False,35,20260630_102142
llama_normative_35_b7,llama,llama_normative,normative,7,1,incompatibility of DC systems components,Incompatibility of DC systems components,matched,corrected_from_label,False,35,20260630_102142
llama_normative_35_b3,llama,llama_normative,normative,3,2,lack of use-cases in which DC is advantageous,Lack of use-cases in which DC is advantageous,matched,corrected_from_label,False,35,20260630_102142
llama_normative_35_b4,llama,llama_normative,normative,4,3,"uncertain utility interaction (net metering, utility ownership, and agreed standards)","Uncertain utility interaction (net metering, utility ownership, and agreed standards)",matched,corrected_from_label,False,35,20260630_102142
llama_normative_35_b6,llama,llama_normative,normative,6,4,public perception of DC and readiness to 'champion' installations from DC projects,Public perception of DC and readiness to 'champion' installations from DC projects,matched,corrected_from_label,False,35,20260630_102142
llama_normative_35_b11,llama,llama_normative,normative,11,5,high costs of DC solutions,High costs of DC solutions,matched,corrected_from_label,False,35,20260630_102142
llama_subject-matter_35_b1,llama,llama_subject-matter,subject-matter,1,1,"power losses, quality and safety issues","Power losses, quality, and safety issues",matched,correct_id,False,35,20260630_102142
llama_subject-matter_35_b4,llama,llama_subject-matter,subject-matter,4,2,"uncertain utility interaction (net metering, utility ownership, and agreed standards)","Uncertain utility interaction (net metering, utility ownership, and agreed standards)",matched,corrected_from_label,False,35,20260630_102142
llama_subject-matter_35_b3,llama,llama_subject-matter,subject-matter,3,3,lack of use-cases in which DC is advantageous,Lack of use-cases in which DC is advantageous,matched,correct_id,False,35,20260630_102142
llama_subject-matter_35_b7,llama,llama_subject-matter,subject-matter,7,4,incompatibility of DC systems components,Incompatibility of DC systems components,matched,corrected_from_label,False,35,20260630_102142
llama_subject-matter_35_b8,llama,llama_subject-matter,subject-matter,8,5,misconception and lack of knowledge leads to lengthy/expensive design and permit process,Misconception and lack of knowledge leads to lengthy/expensive design and permit process,matched,corrected_from_label,False,35,20260630_102142
mistral_generalist_35_b1,mistral,mistral_generalist,generalist,1,1,"power losses, quality and safety issues","power losses, quality and safety issues",matched,correct_id,False,35,20260630_102142
mistral_generalist_35_b2,mistral,mistral_generalist,generalist,2,2,reduced reliability in DC devices,reduced reliability in DC devices,matched,correct_id,False,35,20260630_102142
mistral_generalist_35_b4,mistral,mistral_generalist,generalist,4,3,"uncertain utility interaction (net metering, utility ownership, and agreed standards)","uncertain utility interaction (net metering, utility ownership, and agreed standards)",matched,corrected_from_label,False,35,20260630_102142
mistral_generalist_35_b5,mistral,mistral_generalist,generalist,5,4,lack of pilot projects,lack of pilot projects,matched,corrected_from_label,False,35,20260630_102142
mistral_generalist_35_b9,mistral,mistral_generalist,generalist,9,5,lack of enough trained personnel in DC systems,lack of enough trained personnel in DC systems,matched,corrected_from_label,False,35,20260630_102142
mistral_normative_35_b1,mistral,mistral_normative,normative,1,1,"power losses, quality and safety issues","Power losses, quality, and safety issues",matched,correct_id,False,35,20260630_102142
mistral_normative_35_b4,mistral,mistral_normative,normative,4,2,"uncertain utility interaction (net metering, utility ownership, and agreed standards)","Uncertain utility interaction (net metering, utility ownership, and agreed standards)",matched,corrected_from_label,False,35,20260630_102142
mistral_normative_35_b3,mistral,mistral_normative,normative,3,3,lack of use-cases in which DC is advantageous,Lack of use-cases in which DC is advantageous,matched,correct_id,False,35,20260630_102142
mistral_normative_35_b7,mistral,mistral_normative,normative,7,4,incompatibility of DC systems components,Incompatibility of DC systems components,matched,corrected_from_label,False,35,20260630_102142
mistral_normative_35_b10,mistral,mistral_normative,normative,10,5,uncertain regulatory roadmap,Uncertain regulatory roadmap,matched,corrected_from_label,False,35,20260630_102142
mistral_subject-matter_35_b1,mistral,mistral_subject-matter,subject-matter,1,1,"power losses, quality and safety issues","power losses, quality, and safety issues",matched,correct_id,False,35,20260630_102142
mistral_subject-matter_35_b2,mistral,mistral_subject-matter,subject-matter,2,2,reduced reliability in DC devices,reduced reliability in DC devices,matched,correct_id,False,35,20260630_102142
mistral_subject-matter_35_b4,mistral,mistral_subject-matter,subject-matter,4,3,"uncertain utility interaction (net metering, utility ownership, and agreed standards)","uncertain utility interaction (net metering, utility ownership, and agreed standards)",matched,corrected_from_label,False,35,20260630_102142
mistral_subject-matter_35_b5,mistral,mistral_subject-matter,subject-matter,5,4,lack of pilot projects,lack of pilot projects,matched,corrected_from_label,False,35,20260630_102142
mistral_subject-matter_35_b10,mistral,mistral_subject-matter,subject-matter,10,5,uncertain regulatory roadmap,uncertain regulatory roadmap,matched,corrected_from_label,False,35,20260630_102142
phi4_generalist_36_b1,phi4,phi4_generalist,generalist,1,1,"power losses, quality and safety issues","power losses, quality and safety issues",matched,correct_id,False,36,20260630_102516
phi4_generalist_36_b2,phi4,phi4_generalist,generalist,2,2,reduced reliability in DC devices,reduced reliability in DC devices,matched,correct_id,False,36,20260630_102516
phi4_generalist_36_b3,phi4,phi4_generalist,generalist,3,3,lack of use-cases in which DC is advantageous,lack of use-cases in which DC is advantageous,matched,correct_id,False,36,20260630_102516
phi4_generalist_36_b4,phi4,phi4_generalist,generalist,4,4,"uncertain utility interaction (net metering, utility ownership, and agreed standards)","uncertain utility interaction (net metering, utility ownership, and agreed standards)",matched,correct_id,False,36,20260630_102516
phi4_generalist_36_b9,phi4,phi4_generalist,generalist,9,5,lack of enough trained personnel in DC systems,lack of enough trained personnel in DC systems,matched,corrected_from_label,False,36,20260630_102516
phi4_normative_36_b1,phi4,phi4_normative,normative,1,1,"power losses, quality and safety issues","power losses, quality and safety issues",matched,correct_id,False,36,20260630_102516
phi4_normative_36_b2,phi4,phi4_normative,normative,2,2,reduced reliability in DC devices,reduced reliability in DC devices,matched,correct_id,False,36,20260630_102516
phi4_normative_36_b3,phi4,phi4_normative,normative,3,3,lack of use-cases in which DC is advantageous,lack of use-cases in which DC is advantageous,matched,correct_id,False,36,20260630_102516
phi4_normative_36_b4,phi4,phi4_normative,normative,4,4,"uncertain utility interaction (net metering, utility ownership, and agreed standards)","uncertain utility interaction (net metering, utility ownership, and agreed standards)",matched,correct_id,False,36,20260630_102516
phi4_normative_36_b11,phi4,phi4_normative,normative,11,5,high costs of DC solutions,high costs of DC solutions,matched,corrected_from_label,False,36,20260630_102516
phi4_subject-matter_36_b1,phi4,phi4_subject-matter,subject-matter,1,1,"power losses, quality and safety issues","power losses, quality and safety issues",matched,correct_id,False,36,20260630_102516
phi4_subject-matter_36_b2,phi4,phi4_subject-matter,subject-matter,2,2,reduced reliability in DC devices,reduced reliability in DC devices,matched,correct_id,False,36,20260630_102516
phi4_subject-matter_36_b3,phi4,phi4_subject-matter,subject-matter,3,3,lack of use-cases in which DC is advantageous,lack of use-cases in which DC is advantageous,matched,correct_id,False,36,20260630_102516
phi4_subject-matter_36_b4,phi4,phi4_subject-matter,subject-matter,4,4,"uncertain utility interaction (net metering, utility ownership, and agreed standards)","uncertain utility interaction (net metering, utility ownership, and agreed standards)",matched,correct_id,False,36,20260630_102516
phi4_subject-matter_36_b9,phi4,phi4_subject-matter,subject-matter,9,5,lack of enough trained personnel in DC systems,lack of enough trained personnel in DC systems,matched,corrected_from_label,False,36,20260630_102516
gemma3_generalist_36_b1,gemma3,gemma3_generalist,generalist,1,1,"power losses, quality and safety issues","power losses, quality and safety issues",matched,correct_id,False,36,20260630_102516
gemma3_generalist_36_b5,gemma3,gemma3_generalist,generalist,5,2,lack of pilot projects,lack of pilot projects,matched,corrected_from_label,False,36,20260630_102516
gemma3_generalist_36_b6,gemma3,gemma3_generalist,generalist,6,3,public perception of DC and readiness to 'champion' installations from DC projects,public perception of DC and readiness to 'champion' installations from DC projects,matched,corrected_from_label,False,36,20260630_102516
gemma3_generalist_36_b8,gemma3,gemma3_generalist,generalist,8,4,misconception and lack of knowledge leads to lengthy/expensive design and permit process,misconception and lack of knowledge leads to lengthy/expensive design and permit process,matched,corrected_from_label,False,36,20260630_102516
gemma3_generalist_36_b11,gemma3,gemma3_generalist,generalist,11,5,high costs of DC solutions,high costs of DC solutions,matched,corrected_from_label,False,36,20260630_102516
gemma3_normative_36_b1,gemma3,gemma3_normative,normative,1,1,"power losses, quality and safety issues","power losses, quality and safety issues",matched,correct_id,False,36,20260630_102516
gemma3_normative_36_b4,gemma3,gemma3_normative,normative,4,4,"uncertain utility interaction (net metering, utility ownership, and agreed standards)","uncertain utility interaction (net metering, utility ownership, and agreed standards)",matched,correct_id,False,36,20260630_102516
gemma3_normative_36_b8,gemma3,gemma3_normative,normative,8,8,misconception and lack of knowledge leads to lengthy/expensive design and permit process,misconception and lack of knowledge leads to lengthy/expensive design and permit process,matched,correct_id,False,36,20260630_102516
gemma3_normative_36_b9,gemma3,gemma3_normative,normative,9,9,lack of enough trained personnel in DC systems,lack of enough trained personnel in DC systems,matched,correct_id,False,36,20260630_102516
gemma3_normative_36_b11,gemma3,gemma3_normative,normative,11,11,high costs of DC solutions,high costs of DC solutions,matched,correct_id,False,36,20260630_102516
gemma3_subject-matter_36_b1,gemma3,gemma3_subject-matter,subject-matter,1,1,"power losses, quality and safety issues","power losses, quality and safety issues",matched,correct_id,False,36,20260630_102516
gemma3_subject-matter_36_b5,gemma3,gemma3_subject-matter,subject-matter,5,2,lack of pilot projects,lack of pilot projects,matched,corrected_from_label,False,36,20260630_102516
gemma3_subject-matter_36_b6,gemma3,gemma3_subject-matter,subject-matter,6,3,public perception of DC and readiness to 'champion' installations from DC projects,public perception of DC and readiness to 'champion' installations from DC projects,matched,corrected_from_label,False,36,20260630_102516
gemma3_subject-matter_36_b9,gemma3,gemma3_subject-matter,subject-matter,9,4,lack of enough trained personnel in DC systems,lack of enough trained personnel in DC systems,matched,corrected_from_label,False,36,20260630_102516
gemma3_subject-matter_36_b10,gemma3,gemma3_subject-matter,subject-matter,10,5,uncertain regulatory roadmap,uncertain regulatory roadmap,matched,corrected_from_label,False,36,20260630_102516
llama_generalist_36_b1,llama,llama_generalist,generalist,1,1,"power losses, quality and safety issues","Power losses, quality, and safety issues",matched,correct_id,False,36,20260630_102516
llama_generalist_36_b2,llama,llama_generalist,generalist,2,2,reduced reliability in DC devices,Reduced reliability in DC devices,matched,correct_id,False,36,20260630_102516
llama_generalist_36_b3,llama,llama_generalist,generalist,3,3,lack of use-cases in which DC is advantageous,Lack of use-cases in which DC is advantageous,matched,correct_id,False,36,20260630_102516
llama_generalist_36_b4,llama,llama_generalist,generalist,4,4,"uncertain utility interaction (net metering, utility ownership, and agreed standards)","Uncertain utility interaction (net metering, utility ownership, and agreed standards)",matched,correct_id,False,36,20260630_102516
llama_generalist_36_b5,llama,llama_generalist,generalist,5,5,lack of pilot projects,Lack of pilot projects,matched,correct_id,False,36,20260630_102516
llama_normative_36_b1,llama,llama_normative,normative,1,1,"power losses, quality and safety issues","power losses, quality, and safety issues",matched,correct_id,False,36,20260630_102516
llama_normative_36_b3,llama,llama_normative,normative,3,2,lack of use-cases in which DC is advantageous,lack of use-cases in which DC is advantageous,matched,corrected_from_label,False,36,20260630_102516
llama_normative_36_b4,llama,llama_normative,normative,4,3,"uncertain utility interaction (net metering, utility ownership, and agreed standards)","uncertain utility interaction (net metering, utility ownership, and agreed standards)",matched,corrected_from_label,False,36,20260630_102516
llama_normative_36_b5,llama,llama_normative,normative,5,4,lack of pilot projects,lack of pilot projects,matched,corrected_from_label,False,36,20260630_102516
llama_normative_36_b6,llama,llama_normative,normative,6,5,public perception of DC and readiness to 'champion' installations from DC projects,public perception of DC and readiness to 'champion' installations from DC projects,matched,corrected_from_label,False,36,20260630_102516
llama_subject-matter_36_b1,llama,llama_subject-matter,subject-matter,1,1,"power losses, quality and safety issues","power losses, quality and safety issues",matched,correct_id,False,36,20260630_102516
llama_subject-matter_36_b2,llama,llama_subject-matter,subject-matter,2,2,reduced reliability in DC devices,reduced reliability in DC devices,matched,correct_id,False,36,20260630_102516
llama_subject-matter_36_b4,llama,llama_subject-matter,subject-matter,4,3,"uncertain utility interaction (net metering, utility ownership, and agreed standards)","uncertain utility interaction (net metering, utility ownership, and agreed standards)",matched,corrected_from_label,False,36,20260630_102516
llama_subject-matter_36_b5,llama,llama_subject-matter,subject-matter,5,4,lack of pilot projects,lack of pilot projects,matched,corrected_from_label,False,36,20260630_102516
llama_subject-matter_36_b6,llama,llama_subject-matter,subject-matter,6,5,public perception of DC and readiness to 'champion' installations from DC projects,public perception of DC and readiness to 'champion' installations from DC projects,matched,corrected_from_label,False,36,20260630_102516
mistral_generalist_36_b1,mistral,mistral_generalist,generalist,1,1,"power losses, quality and safety issues","power losses, quality and safety issues",matched,correct_id,False,36,20260630_102516
mistral_generalist_36_b2,mistral,mistral_generalist,generalist,2,2,reduced reliability in DC devices,reduced reliability in DC devices,matched,correct_id,False,36,20260630_102516
mistral_generalist_36_b4,mistral,mistral_generalist,generalist,4,3,"uncertain utility interaction (net metering, utility ownership, and agreed standards)","uncertain utility interaction (net metering, utility ownership, and agreed standards)",matched,corrected_from_label,False,36,20260630_102516
mistral_generalist_36_b5,mistral,mistral_generalist,generalist,5,4,lack of pilot projects,lack of pilot projects,matched,corrected_from_label,False,36,20260630_102516
mistral_generalist_36_b11,mistral,mistral_generalist,generalist,11,5,high costs of DC solutions,high costs of DC solutions,matched,corrected_from_label,False,36,20260630_102516
mistral_normative_36_b1,mistral,mistral_normative,normative,1,1,"power losses, quality and safety issues","power losses, quality, and safety issues",matched,correct_id,False,36,20260630_102516
mistral_normative_36_b2,mistral,mistral_normative,normative,2,2,reduced reliability in DC devices,reduced reliability in DC devices,matched,correct_id,False,36,20260630_102516
mistral_normative_36_b3,mistral,mistral_normative,normative,3,3,lack of use-cases in which DC is advantageous,lack of use-cases in which DC is advantageous,matched,correct_id,False,36,20260630_102516
mistral_normative_36_b4,mistral,mistral_normative,normative,4,4,"uncertain utility interaction (net metering, utility ownership, and agreed standards)","uncertain utility interaction (net metering, utility ownership, and agreed standards)",matched,correct_id,False,36,20260630_102516
mistral_normative_36_b11,mistral,mistral_normative,normative,11,5,high costs of DC solutions,high costs of DC solutions,matched,corrected_from_label,False,36,20260630_102516
mistral_subject-matter_36_b1,mistral,mistral_subject-matter,subject-matter,1,1,"power losses, quality and safety issues","power losses, quality and safety issues",matched,correct_id,False,36,20260630_102516
mistral_subject-matter_36_b2,mistral,mistral_subject-matter,subject-matter,2,2,reduced reliability in DC devices,reduced reliability in DC devices,matched,correct_id,False,36,20260630_102516
mistral_subject-matter_36_b4,mistral,mistral_subject-matter,subject-matter,4,3,"uncertain utility interaction (net metering, utility ownership, and agreed standards)","uncertain utility interaction (net metering, utility ownership, and agreed standards)",matched,corrected_from_label,False,36,20260630_102516
mistral_subject-matter_36_b5,mistral,mistral_subject-matter,subject-matter,5,4,lack of pilot projects,lack of pilot projects,matched,corrected_from_label,False,36,20260630_102516
mistral_subject-matter_36_b11,mistral,mistral_subject-matter,subject-matter,11,5,high costs of DC solutions,high costs of DC solutions,matched,corrected_from_label,False,36,20260630_102516
phi4_generalist_37_b1,phi4,phi4_generalist,generalist,1,1,"power losses, quality and safety issues","power losses, quality and safety issues",matched,correct_id,False,37,20260630_102838
phi4_generalist_37_b3,phi4,phi4_generalist,generalist,3,3,lack of use-cases in which DC is advantageous,lack of use-cases in which DC is advantageous,matched,correct_id,False,37,20260630_102838
phi4_generalist_37_b4,phi4,phi4_generalist,generalist,4,4,"uncertain utility interaction (net metering, utility ownership, and agreed standards)","uncertain utility interaction (net metering, utility ownership, and agreed standards)",matched,correct_id,False,37,20260630_102838
phi4_generalist_37_b8,phi4,phi4_generalist,generalist,8,8,misconception and lack of knowledge leads to lengthy/expensive design and permit process,misconception and lack of knowledge leads to lengthy/expensive design and permit process,matched,correct_id,False,37,20260630_102838
phi4_generalist_37_b10,phi4,phi4_generalist,generalist,10,10,uncertain regulatory roadmap,uncertain regulatory roadmap,matched,correct_id,False,37,20260630_102838
phi4_normative_37_b1,phi4,phi4_normative,normative,1,1,"power losses, quality and safety issues","power losses, quality and safety issues",matched,correct_id,False,37,20260630_102838
phi4_normative_37_b4,phi4,phi4_normative,normative,4,4,"uncertain utility interaction (net metering, utility ownership, and agreed standards)","uncertain utility interaction (net metering, utility ownership, and agreed standards)",matched,correct_id,False,37,20260630_102838
phi4_normative_37_b5,phi4,phi4_normative,normative,5,5,lack of pilot projects,lack of pilot projects,matched,correct_id,False,37,20260630_102838
phi4_normative_37_b9,phi4,phi4_normative,normative,9,9,lack of enough trained personnel in DC systems,lack of enough trained personnel in DC systems,matched,correct_id,False,37,20260630_102838
phi4_normative_37_b10,phi4,phi4_normative,normative,10,10,uncertain regulatory roadmap,uncertain regulatory roadmap,matched,correct_id,False,37,20260630_102838
phi4_subject-matter_37_b1,phi4,phi4_subject-matter,subject-matter,1,1,"power losses, quality and safety issues","power losses, quality and safety issues",matched,correct_id,False,37,20260630_102838
phi4_subject-matter_37_b4,phi4,phi4_subject-matter,subject-matter,4,2,"uncertain utility interaction (net metering, utility ownership, and agreed standards)","uncertain utility interaction (net metering, utility ownership, and agreed standards)",matched,corrected_from_label,False,37,20260630_102838
phi4_subject-matter_37_b5,phi4,phi4_subject-matter,subject-matter,5,4,lack of pilot projects,lack of pilot projects,matched,corrected_from_label,False,37,20260630_102838
phi4_subject-matter_37_b8,phi4,phi4_subject-matter,subject-matter,8,8,misconception and lack of knowledge leads to lengthy/expensive design and permit process,misconception and lack of knowledge leads to lengthy/expensive design and permit process,matched,correct_id,False,37,20260630_102838
phi4_subject-matter_37_b10,phi4,phi4_subject-matter,subject-matter,10,10,uncertain regulatory roadmap,uncertain regulatory roadmap,matched,correct_id,False,37,20260630_102838
gemma3_generalist_37_b1,gemma3,gemma3_generalist,generalist,1,1,"power losses, quality and safety issues","power losses, quality and safety issues",matched,correct_id,False,37,20260630_102838
gemma3_generalist_37_b5,gemma3,gemma3_generalist,generalist,5,2,lack of pilot projects,lack of pilot projects,matched,corrected_from_label,False,37,20260630_102838
gemma3_generalist_37_b6,gemma3,gemma3_generalist,generalist,6,3,public perception of DC and readiness to 'champion' installations from DC projects,public perception of DC and readiness to 'champion' installations from DC projects,matched,corrected_from_label,False,37,20260630_102838
gemma3_generalist_37_b8,gemma3,gemma3_generalist,generalist,8,4,misconception and lack of knowledge leads to lengthy/expensive design and permit process,misconception and lack of knowledge leads to lengthy/expensive design and permit process,matched,corrected_from_label,False,37,20260630_102838
gemma3_generalist_37_b11,gemma3,gemma3_generalist,generalist,11,5,high costs of DC solutions,high costs of DC solutions,matched,corrected_from_label,False,37,20260630_102838
gemma3_normative_37_b1,gemma3,gemma3_normative,normative,1,1,"power losses, quality and safety issues","power losses, quality and safety issues",matched,correct_id,False,37,20260630_102838
gemma3_normative_37_b4,gemma3,gemma3_normative,normative,4,4,"uncertain utility interaction (net metering, utility ownership, and agreed standards)","uncertain utility interaction (net metering, utility ownership, and agreed standards)",matched,correct_id,False,37,20260630_102838
gemma3_normative_37_b8,gemma3,gemma3_normative,normative,8,8,misconception and lack of knowledge leads to lengthy/expensive design and permit process,misconception and lack of knowledge leads to lengthy/expensive design and permit process,matched,correct_id,False,37,20260630_102838
gemma3_normative_37_b9,gemma3,gemma3_normative,normative,9,9,lack of enough trained personnel in DC systems,lack of enough trained personnel in DC systems,matched,correct_id,False,37,20260630_102838
gemma3_normative_37_b11,gemma3,gemma3_normative,normative,11,11,high costs of DC solutions,high costs of DC solutions,matched,correct_id,False,37,20260630_102838
gemma3_subject-matter_37_b1,gemma3,gemma3_subject-matter,subject-matter,1,1,"power losses, quality and safety issues","power losses, quality and safety issues",matched,correct_id,False,37,20260630_102838
gemma3_subject-matter_37_b5,gemma3,gemma3_subject-matter,subject-matter,5,2,lack of pilot projects,lack of pilot projects,matched,corrected_from_label,False,37,20260630_102838
gemma3_subject-matter_37_b6,gemma3,gemma3_subject-matter,subject-matter,6,3,public perception of DC and readiness to 'champion' installations from DC projects,public perception of DC and readiness to 'champion' installations from DC projects,matched,corrected_from_label,False,37,20260630_102838
gemma3_subject-matter_37_b8,gemma3,gemma3_subject-matter,subject-matter,8,4,misconception and lack of knowledge leads to lengthy/expensive design and permit process,misconception and lack of knowledge leads to lengthy/expensive design and permit process,matched,corrected_from_label,False,37,20260630_102838
gemma3_subject-matter_37_b10,gemma3,gemma3_subject-matter,subject-matter,10,5,uncertain regulatory roadmap,uncertain regulatory roadmap,matched,corrected_from_label,False,37,20260630_102838
llama_generalist_37_b1,llama,llama_generalist,generalist,1,1,"power losses, quality and safety issues","Power losses, quality and safety issues",matched,correct_id,False,37,20260630_102838
llama_generalist_37_b3,llama,llama_generalist,generalist,3,2,lack of use-cases in which DC is advantageous,Lack of use-cases in which DC is advantageous,matched,corrected_from_label,False,37,20260630_102838
llama_generalist_37_b4,llama,llama_generalist,generalist,4,3,"uncertain utility interaction (net metering, utility ownership, and agreed standards)","Uncertain utility interaction (net metering, utility ownership, and agreed standards)",matched,corrected_from_label,False,37,20260630_102838
llama_generalist_37_b5,llama,llama_generalist,generalist,5,4,lack of pilot projects,Lack of pilot projects,matched,corrected_from_label,False,37,20260630_102838
llama_generalist_37_b6,llama,llama_generalist,generalist,6,5,public perception of DC and readiness to 'champion' installations from DC projects,Public perception of DC and readiness to 'champion' installations from DC projects,matched,corrected_from_label,False,37,20260630_102838
llama_normative_37_b3,llama,llama_normative,normative,3,1,lack of use-cases in which DC is advantageous,Lack of use-cases in which DC is advantageous,matched,corrected_from_label,False,37,20260630_102838
llama_normative_37_b4,llama,llama_normative,normative,4,2,"uncertain utility interaction (net metering, utility ownership, and agreed standards)","Uncertain utility interaction (net metering, utility ownership, and agreed standards)",matched,corrected_from_label,False,37,20260630_102838
llama_normative_37_b7,llama,llama_normative,normative,7,3,incompatibility of DC systems components,Incompatibility of DC systems components,matched,corrected_from_label,False,37,20260630_102838
llama_normative_37_b6,llama,llama_normative,normative,6,4,public perception of DC and readiness to 'champion' installations from DC projects,Public perception of DC and readiness to 'champion' installations from DC projects,matched,corrected_from_label,False,37,20260630_102838
llama_normative_37_b9,llama,llama_normative,normative,9,5,lack of enough trained personnel in DC systems,Lack of enough trained personnel in DC systems,matched,corrected_from_label,False,37,20260630_102838
llama_subject-matter_37_b1,llama,llama_subject-matter,subject-matter,1,1,"power losses, quality and safety issues","power losses, quality and safety issues",matched,correct_id,False,37,20260630_102838
llama_subject-matter_37_b2,llama,llama_subject-matter,subject-matter,2,2,reduced reliability in DC devices,reduced reliability in DC devices,matched,correct_id,False,37,20260630_102838
llama_subject-matter_37_b4,llama,llama_subject-matter,subject-matter,4,3,"uncertain utility interaction (net metering, utility ownership, and agreed standards)","uncertain utility interaction (net metering, utility ownership, and agreed standards)",matched,corrected_from_label,False,37,20260630_102838
llama_subject-matter_37_b5,llama,llama_subject-matter,subject-matter,5,4,lack of pilot projects,lack of pilot projects,matched,corrected_from_label,False,37,20260630_102838
llama_subject-matter_37_b6,llama,llama_subject-matter,subject-matter,6,5,public perception of DC and readiness to 'champion' installations from DC projects,public perception of DC and readiness to 'champion' installations from DC projects,matched,corrected_from_label,False,37,20260630_102838
mistral_generalist_37_b1,mistral,mistral_generalist,generalist,1,1,"power losses, quality and safety issues","power losses, quality and safety issues",matched,correct_id,False,37,20260630_102838
mistral_generalist_37_b2,mistral,mistral_generalist,generalist,2,2,reduced reliability in DC devices,reduced reliability in DC devices,matched,correct_id,False,37,20260630_102838
mistral_generalist_37_b3,mistral,mistral_generalist,generalist,3,3,lack of use-cases in which DC is advantageous,lack of use-cases in which DC is advantageous,matched,correct_id,False,37,20260630_102838
mistral_generalist_37_b4,mistral,mistral_generalist,generalist,4,4,"uncertain utility interaction (net metering, utility ownership, and agreed standards)","uncertain utility interaction (net metering, utility ownership, and agreed standards)",matched,correct_id,False,37,20260630_102838
mistral_generalist_37_b11,mistral,mistral_generalist,generalist,11,5,high costs of DC solutions,high costs of DC solutions,matched,corrected_from_label,False,37,20260630_102838
mistral_normative_37_b1,mistral,mistral_normative,normative,1,1,"power losses, quality and safety issues","power losses, quality and safety issues",matched,correct_id,False,37,20260630_102838
mistral_normative_37_b2,mistral,mistral_normative,normative,2,2,reduced reliability in DC devices,reduced reliability in DC devices,matched,correct_id,False,37,20260630_102838
mistral_normative_37_b4,mistral,mistral_normative,normative,4,3,"uncertain utility interaction (net metering, utility ownership, and agreed standards)","uncertain utility interaction (net metering, utility ownership, and agreed standards)",matched,corrected_from_label,False,37,20260630_102838
mistral_normative_37_b5,mistral,mistral_normative,normative,5,4,lack of pilot projects,lack of pilot projects,matched,corrected_from_label,False,37,20260630_102838
mistral_normative_37_b9,mistral,mistral_normative,normative,9,5,lack of enough trained personnel in DC systems,lack of enough trained personnel in DC systems,matched,corrected_from_label,False,37,20260630_102838
mistral_subject-matter_37_b1,mistral,mistral_subject-matter,subject-matter,1,1,"power losses, quality and safety issues","power losses, quality and safety issues",matched,correct_id,False,37,20260630_102838
mistral_subject-matter_37_b2,mistral,mistral_subject-matter,subject-matter,2,2,reduced reliability in DC devices,reduced reliability in DC devices,matched,correct_id,False,37,20260630_102838
mistral_subject-matter_37_b4,mistral,mistral_subject-matter,subject-matter,4,3,"uncertain utility interaction (net metering, utility ownership, and agreed standards)","uncertain utility interaction (net metering, utility ownership, and agreed standards)",matched,corrected_from_label,False,37,20260630_102838
mistral_subject-matter_37_b5,mistral,mistral_subject-matter,subject-matter,5,4,lack of pilot projects,lack of pilot projects,matched,corrected_from_label,False,37,20260630_102838
mistral_subject-matter_37_b7,mistral,mistral_subject-matter,subject-matter,7,5,incompatibility of DC systems components,incompatibility of DC systems components,matched,corrected_from_label,False,37,20260630_102838
phi4_generalist_38_b1,phi4,phi4_generalist,generalist,1,1,"power losses, quality and safety issues","power losses, quality and safety issues",matched,correct_id,False,38,20260630_103532
phi4_generalist_38_b3,phi4,phi4_generalist,generalist,3,3,lack of use-cases in which DC is advantageous,lack of use-cases in which DC is advantageous,matched,correct_id,False,38,20260630_103532
phi4_generalist_38_b4,phi4,phi4_generalist,generalist,4,4,"uncertain utility interaction (net metering, utility ownership, and agreed standards)","uncertain utility interaction (net metering, utility ownership, and agreed standards)",matched,correct_id,False,38,20260630_103532
phi4_generalist_38_b8,phi4,phi4_generalist,generalist,8,8,misconception and lack of knowledge leads to lengthy/expensive design and permit process,misconception and lack of knowledge leads to lengthy/expensive design and permit process,matched,correct_id,False,38,20260630_103532
phi4_generalist_38_b10,phi4,phi4_generalist,generalist,10,10,uncertain regulatory roadmap,uncertain regulatory roadmap,matched,correct_id,False,38,20260630_103532
phi4_normative_38_b1,phi4,phi4_normative,normative,1,1,"power losses, quality and safety issues","power losses, quality and safety issues",matched,correct_id,False,38,20260630_103532
phi4_normative_38_b4,phi4,phi4_normative,normative,4,4,"uncertain utility interaction (net metering, utility ownership, and agreed standards)","uncertain utility interaction (net metering, utility ownership, and agreed standards)",matched,correct_id,False,38,20260630_103532
phi4_normative_38_b6,phi4,phi4_normative,normative,6,6,public perception of DC and readiness to 'champion' installations from DC projects,public perception of DC and readiness to 'champion' installations from DC projects,matched,correct_id,False,38,20260630_103532
phi4_normative_38_b8,phi4,phi4_normative,normative,8,8,misconception and lack of knowledge leads to lengthy/expensive design and permit process,misconception and lack of knowledge leads to lengthy/expensive design and permit process,matched,correct_id,False,38,20260630_103532
phi4_normative_38_b10,phi4,phi4_normative,normative,10,10,uncertain regulatory roadmap,uncertain regulatory roadmap,matched,correct_id,False,38,20260630_103532
phi4_subject-matter_38_b1,phi4,phi4_subject-matter,subject-matter,1,1,"power losses, quality and safety issues","power losses, quality and safety issues",matched,correct_id,False,38,20260630_103532
phi4_subject-matter_38_b4,phi4,phi4_subject-matter,subject-matter,4,4,"uncertain utility interaction (net metering, utility ownership, and agreed standards)","uncertain utility interaction (net metering, utility ownership, and agreed standards)",matched,correct_id,False,38,20260630_103532
phi4_subject-matter_38_b5,phi4,phi4_subject-matter,subject-matter,5,5,lack of pilot projects,lack of pilot projects,matched,correct_id,False,38,20260630_103532
phi4_subject-matter_38_b9,phi4,phi4_subject-matter,subject-matter,9,9,lack of enough trained personnel in DC systems,lack of enough trained personnel in DC systems,matched,correct_id,False,38,20260630_103532
phi4_subject-matter_38_b10,phi4,phi4_subject-matter,subject-matter,10,10,uncertain regulatory roadmap,uncertain regulatory roadmap,matched,correct_id,False,38,20260630_103532
gemma3_generalist_38_b1,gemma3,gemma3_generalist,generalist,1,1,"power losses, quality and safety issues","power losses, quality and safety issues",matched,correct_id,False,38,20260630_103532
gemma3_generalist_38_b5,gemma3,gemma3_generalist,generalist,5,2,lack of pilot projects,lack of pilot projects,matched,corrected_from_label,False,38,20260630_103532
gemma3_generalist_38_b6,gemma3,gemma3_generalist,generalist,6,3,public perception of DC and readiness to 'champion' installations from DC projects,public perception of DC and readiness to 'champion' installations from DC projects,matched,corrected_from_label,False,38,20260630_103532
gemma3_generalist_38_b8,gemma3,gemma3_generalist,generalist,8,4,misconception and lack of knowledge leads to lengthy/expensive design and permit process,misconception and lack of knowledge leads to lengthy/expensive design and permit process,matched,corrected_from_label,False,38,20260630_103532
gemma3_generalist_38_b11,gemma3,gemma3_generalist,generalist,11,5,high costs of DC solutions,high costs of DC solutions,matched,corrected_from_label,False,38,20260630_103532
gemma3_normative_38_b1,gemma3,gemma3_normative,normative,1,1,"power losses, quality and safety issues","power losses, quality and safety issues",matched,correct_id,False,38,20260630_103532
gemma3_normative_38_b4,gemma3,gemma3_normative,normative,4,2,"uncertain utility interaction (net metering, utility ownership, and agreed standards)","uncertain utility interaction (net metering, utility ownership, and agreed standards)",matched,corrected_from_label,False,38,20260630_103532
gemma3_normative_38_b8,gemma3,gemma3_normative,normative,8,3,misconception and lack of knowledge leads to lengthy/expensive design and permit process,misconception and lack of knowledge leads to lengthy/expensive design and permit process,matched,corrected_from_label,False,38,20260630_103532
gemma3_normative_38_b6,gemma3,gemma3_normative,normative,6,4,public perception of DC and readiness to 'champion' installations from DC projects,public perception of DC and readiness to 'champion' installations from DC projects,matched,corrected_from_label,False,38,20260630_103532
gemma3_normative_38_b11,gemma3,gemma3_normative,normative,11,5,high costs of DC solutions,high costs of DC solutions,matched,corrected_from_label,False,38,20260630_103532
gemma3_subject-matter_38_b1,gemma3,gemma3_subject-matter,subject-matter,1,1,"power losses, quality and safety issues","power losses, quality and safety issues",matched,correct_id,False,38,20260630_103532
gemma3_subject-matter_38_b5,gemma3,gemma3_subject-matter,subject-matter,5,2,lack of pilot projects,lack of pilot projects,matched,corrected_from_label,False,38,20260630_103532
gemma3_subject-matter_38_b6,gemma3,gemma3_subject-matter,subject-matter,6,3,public perception of DC and readiness to 'champion' installations from DC projects,public perception of DC and readiness to 'champion' installations from DC projects,matched,corrected_from_label,False,38,20260630_103532
gemma3_subject-matter_38_b9,gemma3,gemma3_subject-matter,subject-matter,9,4,lack of enough trained personnel in DC systems,lack of enough trained personnel in DC systems,matched,corrected_from_label,False,38,20260630_103532
gemma3_subject-matter_38_b11,gemma3,gemma3_subject-matter,subject-matter,11,5,high costs of DC solutions,high costs of DC solutions,matched,corrected_from_label,False,38,20260630_103532
llama_generalist_38_b1,llama,llama_generalist,generalist,1,1,"power losses, quality and safety issues","Power losses, quality, and safety issues",matched,correct_id,False,38,20260630_103532
llama_generalist_38_b3,llama,llama_generalist,generalist,3,2,lack of use-cases in which DC is advantageous,Lack of use-cases in which DC is advantageous,matched,corrected_from_label,False,38,20260630_103532
llama_generalist_38_b4,llama,llama_generalist,generalist,4,3,"uncertain utility interaction (net metering, utility ownership, and agreed standards)","Uncertain utility interaction (net metering, utility ownership, and agreed standards)",matched,corrected_from_label,False,38,20260630_103532
llama_generalist_38_b5,llama,llama_generalist,generalist,5,4,lack of pilot projects,Lack of pilot projects,matched,corrected_from_label,False,38,20260630_103532
llama_generalist_38_b6,llama,llama_generalist,generalist,6,5,public perception of DC and readiness to 'champion' installations from DC projects,Public perception of DC and readiness to 'champion' installations from DC projects,matched,corrected_from_label,False,38,20260630_103532
llama_normative_38_b1,llama,llama_normative,normative,1,1,"power losses, quality and safety issues","Power losses, quality, and safety issues",matched,correct_id,False,38,20260630_103532
llama_normative_38_b2,llama,llama_normative,normative,2,2,reduced reliability in DC devices,Reduced reliability in DC devices,matched,correct_id,False,38,20260630_103532
llama_normative_38_b3,llama,llama_normative,normative,3,3,lack of use-cases in which DC is advantageous,Lack of use-cases in which DC is advantageous,matched,correct_id,False,38,20260630_103532
llama_normative_38_b4,llama,llama_normative,normative,4,4,"uncertain utility interaction (net metering, utility ownership, and agreed standards)","Uncertain utility interaction (net metering, utility ownership, and agreed standards)",matched,correct_id,False,38,20260630_103532
llama_normative_38_b5,llama,llama_normative,normative,5,5,lack of pilot projects,Lack of pilot projects,matched,correct_id,False,38,20260630_103532
llama_subject-matter_38_b1,llama,llama_subject-matter,subject-matter,1,1,"power losses, quality and safety issues","power losses, quality and safety issues",matched,correct_id,False,38,20260630_103532
llama_subject-matter_38_b2,llama,llama_subject-matter,subject-matter,2,2,reduced reliability in DC devices,reduced reliability in DC devices,matched,correct_id,False,38,20260630_103532
llama_subject-matter_38_b3,llama,llama_subject-matter,subject-matter,3,3,lack of use-cases in which DC is advantageous,lack of use-cases in which DC is advantageous,matched,correct_id,False,38,20260630_103532
llama_subject-matter_38_b4,llama,llama_subject-matter,subject-matter,4,4,"uncertain utility interaction (net metering, utility ownership, and agreed standards)","uncertain utility interaction (net metering, utility ownership, and agreed standards)",matched,correct_id,False,38,20260630_103532
llama_subject-matter_38_b5,llama,llama_subject-matter,subject-matter,5,5,lack of pilot projects,lack of pilot projects,matched,correct_id,False,38,20260630_103532
mistral_generalist_38_b1,mistral,mistral_generalist,generalist,1,1,"power losses, quality and safety issues","Power losses, quality, and safety issues",matched,correct_id,False,38,20260630_103532
mistral_generalist_38_b4,mistral,mistral_generalist,generalist,4,2,"uncertain utility interaction (net metering, utility ownership, and agreed standards)","Uncertain utility interaction (net metering, utility ownership, and agreed standards)",matched,corrected_from_label,False,38,20260630_103532
mistral_generalist_38_b3,mistral,mistral_generalist,generalist,3,3,lack of use-cases in which DC is advantageous,Lack of use-cases in which DC is advantageous,matched,correct_id,False,38,20260630_103532
mistral_generalist_38_b7,mistral,mistral_generalist,generalist,7,4,incompatibility of DC systems components,Incompatibility of DC systems components,matched,corrected_from_label,False,38,20260630_103532
mistral_generalist_38_b5,mistral,mistral_generalist,generalist,5,5,lack of pilot projects,Lack of pilot projects,matched,correct_id,False,38,20260630_103532
mistral_normative_38_b1,mistral,mistral_normative,normative,1,1,"power losses, quality and safety issues","power losses, quality and safety issues",matched,correct_id,False,38,20260630_103532
mistral_normative_38_b2,mistral,mistral_normative,normative,2,2,reduced reliability in DC devices,reduced reliability in DC devices,matched,correct_id,False,38,20260630_103532
mistral_normative_38_b4,mistral,mistral_normative,normative,4,3,"uncertain utility interaction (net metering, utility ownership, and agreed standards)","uncertain utility interaction (net metering, utility ownership, and agreed standards)",matched,corrected_from_label,False,38,20260630_103532
mistral_normative_38_b5,mistral,mistral_normative,normative,5,4,lack of pilot projects,lack of pilot projects,matched,corrected_from_label,False,38,20260630_103532
mistral_normative_38_b11,mistral,mistral_normative,normative,11,5,high costs of DC solutions,high costs of DC solutions,matched,corrected_from_label,False,38,20260630_103532
mistral_subject-matter_38_b1,mistral,mistral_subject-matter,subject-matter,1,1,"power losses, quality and safety issues","power losses, quality and safety issues",matched,correct_id,False,38,20260630_103532
mistral_subject-matter_38_b4,mistral,mistral_subject-matter,subject-matter,4,4,"uncertain utility interaction (net metering, utility ownership, and agreed standards)","uncertain utility interaction (net metering, utility ownership, and agreed standards)",matched,correct_id,False,38,20260630_103532
mistral_subject-matter_38_b5,mistral,mistral_subject-matter,subject-matter,5,5,lack of pilot projects,lack of pilot projects,matched,correct_id,False,38,20260630_103532
mistral_subject-matter_38_b7,mistral,mistral_subject-matter,subject-matter,7,7,incompatibility of DC systems components,incompatibility of DC systems components,matched,correct_id,False,38,20260630_103532
mistral_subject-matter_38_b9,mistral,mistral_subject-matter,subject-matter,9,9,lack of enough trained personnel in DC systems,lack of enough trained personnel in DC systems,matched,correct_id,False,38,20260630_103532
phi4_generalist_39_b1,phi4,phi4_generalist,generalist,1,1,"power losses, quality and safety issues","power losses, quality and safety issues",matched,correct_id,False,39,20260630_103843
phi4_generalist_39_b4,phi4,phi4_generalist,generalist,4,4,"uncertain utility interaction (net metering, utility ownership, and agreed standards)","uncertain utility interaction (net metering, utility ownership, and agreed standards)",matched,correct_id,False,39,20260630_103843
phi4_generalist_39_b5,phi4,phi4_generalist,generalist,5,5,lack of pilot projects,lack of pilot projects,matched,correct_id,False,39,20260630_103843
phi4_generalist_39_b9,phi4,phi4_generalist,generalist,9,9,lack of enough trained personnel in DC systems,lack of enough trained personnel in DC systems,matched,correct_id,False,39,20260630_103843
phi4_generalist_39_b10,phi4,phi4_generalist,generalist,10,10,uncertain regulatory roadmap,uncertain regulatory roadmap,matched,correct_id,False,39,20260630_103843
phi4_normative_39_b1,phi4,phi4_normative,normative,1,1,"power losses, quality and safety issues","power losses, quality and safety issues",matched,correct_id,False,39,20260630_103843
phi4_normative_39_b2,phi4,phi4_normative,normative,2,2,reduced reliability in DC devices,reduced reliability in DC devices,matched,correct_id,False,39,20260630_103843
phi4_normative_39_b4,phi4,phi4_normative,normative,4,4,"uncertain utility interaction (net metering, utility ownership, and agreed standards)","uncertain utility interaction (net metering, utility ownership, and agreed standards)",matched,correct_id,False,39,20260630_103843
phi4_normative_39_b8,phi4,phi4_normative,normative,8,8,misconception and lack of knowledge leads to lengthy/expensive design and permit process,misconception and lack of knowledge leads to lengthy/expensive design and permit process,matched,correct_id,False,39,20260630_103843
phi4_normative_39_b10,phi4,phi4_normative,normative,10,10,uncertain regulatory roadmap,uncertain regulatory roadmap,matched,correct_id,False,39,20260630_103843
phi4_subject-matter_39_b1,phi4,phi4_subject-matter,subject-matter,1,1,"power losses, quality and safety issues","power losses, quality and safety issues",matched,correct_id,False,39,20260630_103843
phi4_subject-matter_39_b4,phi4,phi4_subject-matter,subject-matter,4,4,"uncertain utility interaction (net metering, utility ownership, and agreed standards)","uncertain utility interaction (net metering, utility ownership, and agreed standards)",matched,correct_id,False,39,20260630_103843
phi4_subject-matter_39_b5,phi4,phi4_subject-matter,subject-matter,5,5,lack of pilot projects,lack of pilot projects,matched,correct_id,False,39,20260630_103843
phi4_subject-matter_39_b8,phi4,phi4_subject-matter,subject-matter,8,8,misconception and lack of knowledge leads to lengthy/expensive design and permit process,misconception and lack of knowledge leads to lengthy/expensive design and permit process,matched,correct_id,False,39,20260630_103843
phi4_subject-matter_39_b10,phi4,phi4_subject-matter,subject-matter,10,10,uncertain regulatory roadmap,uncertain regulatory roadmap,matched,correct_id,False,39,20260630_103843
gemma3_generalist_39_b1,gemma3,gemma3_generalist,generalist,1,1,"power losses, quality and safety issues","power losses, quality and safety issues",matched,correct_id,False,39,20260630_103843
gemma3_generalist_39_b5,gemma3,gemma3_generalist,generalist,5,2,lack of pilot projects,lack of pilot projects,matched,corrected_from_label,False,39,20260630_103843
gemma3_generalist_39_b6,gemma3,gemma3_generalist,generalist,6,3,public perception of DC and readiness to 'champion' installations from DC projects,public perception of DC and readiness to 'champion' installations from DC projects,matched,corrected_from_label,False,39,20260630_103843
gemma3_generalist_39_b8,gemma3,gemma3_generalist,generalist,8,4,misconception and lack of knowledge leads to lengthy/expensive design and permit process,misconception and lack of knowledge leads to lengthy/expensive design and permit process,matched,corrected_from_label,False,39,20260630_103843
gemma3_generalist_39_b11,gemma3,gemma3_generalist,generalist,11,5,high costs of DC solutions,high costs of DC solutions,matched,corrected_from_label,False,39,20260630_103843
gemma3_normative_39_b1,gemma3,gemma3_normative,normative,1,1,"power losses, quality and safety issues","power losses, quality and safety issues",matched,correct_id,False,39,20260630_103843
gemma3_normative_39_b4,gemma3,gemma3_normative,normative,4,4,"uncertain utility interaction (net metering, utility ownership, and agreed standards)","uncertain utility interaction (net metering, utility ownership, and agreed standards)",matched,correct_id,False,39,20260630_103843
gemma3_normative_39_b8,gemma3,gemma3_normative,normative,8,8,misconception and lack of knowledge leads to lengthy/expensive design and permit process,misconception and lack of knowledge leads to lengthy/expensive design and permit process,matched,correct_id,False,39,20260630_103843
gemma3_normative_39_b9,gemma3,gemma3_normative,normative,9,9,lack of enough trained personnel in DC systems,lack of enough trained personnel in DC systems,matched,correct_id,False,39,20260630_103843
gemma3_normative_39_b11,gemma3,gemma3_normative,normative,11,11,high costs of DC solutions,high costs of DC solutions,matched,correct_id,False,39,20260630_103843
gemma3_subject-matter_39_b1,gemma3,gemma3_subject-matter,subject-matter,1,1,"power losses, quality and safety issues","power losses, quality and safety issues",matched,correct_id,False,39,20260630_103843
gemma3_subject-matter_39_b5,gemma3,gemma3_subject-matter,subject-matter,5,2,lack of pilot projects,lack of pilot projects,matched,corrected_from_label,False,39,20260630_103843
gemma3_subject-matter_39_b6,gemma3,gemma3_subject-matter,subject-matter,6,3,public perception of DC and readiness to 'champion' installations from DC projects,public perception of DC and readiness to 'champion' installations from DC projects,matched,corrected_from_label,False,39,20260630_103843
gemma3_subject-matter_39_b8,gemma3,gemma3_subject-matter,subject-matter,8,4,misconception and lack of knowledge leads to lengthy/expensive design and permit process,misconception and lack of knowledge leads to lengthy/expensive design and permit process,matched,corrected_from_label,False,39,20260630_103843
gemma3_subject-matter_39_b10,gemma3,gemma3_subject-matter,subject-matter,10,5,uncertain regulatory roadmap,uncertain regulatory roadmap,matched,corrected_from_label,False,39,20260630_103843
llama_generalist_39_b1,llama,llama_generalist,generalist,1,1,"power losses, quality and safety issues","Power losses, quality, and safety issues",matched,correct_id,False,39,20260630_103843
llama_generalist_39_b2,llama,llama_generalist,generalist,2,2,reduced reliability in DC devices,Reduced reliability in DC devices,matched,correct_id,False,39,20260630_103843
llama_generalist_39_b3,llama,llama_generalist,generalist,3,3,lack of use-cases in which DC is advantageous,Lack of use-cases in which DC is advantageous,matched,correct_id,False,39,20260630_103843
llama_generalist_39_b4,llama,llama_generalist,generalist,4,4,"uncertain utility interaction (net metering, utility ownership, and agreed standards)","Uncertain utility interaction (net metering, utility ownership, and agreed standards)",matched,correct_id,False,39,20260630_103843
llama_generalist_39_b5,llama,llama_generalist,generalist,5,5,lack of pilot projects,Lack of pilot projects,matched,correct_id,False,39,20260630_103843
llama_normative_39_b1,llama,llama_normative,normative,1,1,"power losses, quality and safety issues","power losses, quality and safety issues",matched,correct_id,False,39,20260630_103843
llama_normative_39_b2,llama,llama_normative,normative,2,2,reduced reliability in DC devices,reduced reliability in DC devices,matched,correct_id,False,39,20260630_103843
llama_normative_39_b3,llama,llama_normative,normative,3,3,lack of use-cases in which DC is advantageous,lack of use-cases in which DC is advantageous,matched,correct_id,False,39,20260630_103843
llama_normative_39_b4,llama,llama_normative,normative,4,4,"uncertain utility interaction (net metering, utility ownership, and agreed standards)","uncertain utility interaction (net metering, utility ownership, and agreed standards)",matched,correct_id,False,39,20260630_103843
llama_normative_39_b5,llama,llama_normative,normative,5,5,lack of pilot projects,lack of pilot projects,matched,correct_id,False,39,20260630_103843
llama_subject-matter_39_b1,llama,llama_subject-matter,subject-matter,1,1,"power losses, quality and safety issues","power losses, quality, and safety issues",matched,correct_id,False,39,20260630_103843
llama_subject-matter_39_b2,llama,llama_subject-matter,subject-matter,2,2,reduced reliability in DC devices,reduced reliability in DC devices,matched,correct_id,False,39,20260630_103843
llama_subject-matter_39_b3,llama,llama_subject-matter,subject-matter,3,3,lack of use-cases in which DC is advantageous,lack of use-cases in which DC is advantageous,matched,correct_id,False,39,20260630_103843
llama_subject-matter_39_b4,llama,llama_subject-matter,subject-matter,4,4,"uncertain utility interaction (net metering, utility ownership, and agreed standards)","uncertain utility interaction (net metering, utility ownership, and agreed standards)",matched,correct_id,False,39,20260630_103843
llama_subject-matter_39_b5,llama,llama_subject-matter,subject-matter,5,5,lack of pilot projects,lack of pilot projects,matched,correct_id,False,39,20260630_103843
mistral_generalist_39_b1,mistral,mistral_generalist,generalist,1,1,"power losses, quality and safety issues","power losses, quality and safety issues",matched,correct_id,False,39,20260630_103843
mistral_generalist_39_b2,mistral,mistral_generalist,generalist,2,2,reduced reliability in DC devices,reduced reliability in DC devices,matched,correct_id,False,39,20260630_103843
mistral_generalist_39_b3,mistral,mistral_generalist,generalist,3,3,lack of use-cases in which DC is advantageous,lack of use-cases in which DC is advantageous,matched,correct_id,False,39,20260630_103843
mistral_generalist_39_b4,mistral,mistral_generalist,generalist,4,4,"uncertain utility interaction (net metering, utility ownership, and agreed standards)","uncertain utility interaction (net metering, utility ownership, and agreed standards)",matched,correct_id,False,39,20260630_103843
mistral_generalist_39_b5,mistral,mistral_generalist,generalist,5,5,lack of pilot projects,lack of pilot projects,matched,correct_id,False,39,20260630_103843
mistral_normative_39_b1,mistral,mistral_normative,normative,1,1,"power losses, quality and safety issues","power losses, quality and safety issues",matched,correct_id,False,39,20260630_103843
mistral_normative_39_b2,mistral,mistral_normative,normative,2,2,reduced reliability in DC devices,reduced reliability in DC devices,matched,correct_id,False,39,20260630_103843
mistral_normative_39_b4,mistral,mistral_normative,normative,4,3,"uncertain utility interaction (net metering, utility ownership, and agreed standards)","uncertain utility interaction (net metering, utility ownership, and agreed standards)",matched,corrected_from_label,False,39,20260630_103843
mistral_normative_39_b5,mistral,mistral_normative,normative,5,4,lack of pilot projects,lack of pilot projects,matched,corrected_from_label,False,39,20260630_103843
mistral_normative_39_b6,mistral,mistral_normative,normative,6,5,public perception of DC and readiness to 'champion' installations from DC projects,public perception of DC and readiness to 'champion' installations from DC projects,matched,corrected_from_label,False,39,20260630_103843
mistral_subject-matter_39_b1,mistral,mistral_subject-matter,subject-matter,1,1,"power losses, quality and safety issues","power losses, quality and safety issues",matched,correct_id,False,39,20260630_103843
mistral_subject-matter_39_b2,mistral,mistral_subject-matter,subject-matter,2,2,reduced reliability in DC devices,reduced reliability in DC devices,matched,correct_id,False,39,20260630_103843
mistral_subject-matter_39_b4,mistral,mistral_subject-matter,subject-matter,4,3,"uncertain utility interaction (net metering, utility ownership, and agreed standards)","uncertain utility interaction (net metering, utility ownership, and agreed standards)",matched,corrected_from_label,False,39,20260630_103843
mistral_subject-matter_39_b5,mistral,mistral_subject-matter,subject-matter,5,4,lack of pilot projects,lack of pilot projects,matched,corrected_from_label,False,39,20260630_103843
mistral_subject-matter_39_b11,mistral,mistral_subject-matter,subject-matter,11,5,high costs of DC solutions,high costs of DC solutions,matched,corrected_from_label,False,39,20260630_103843
phi4_generalist_40_b1,phi4,phi4_generalist,generalist,1,1,"power losses, quality and safety issues","power losses, quality and safety issues",matched,correct_id,False,40,20260630_104017
phi4_generalist_40_b2,phi4,phi4_generalist,generalist,2,2,reduced reliability in DC devices,reduced reliability in DC devices,matched,correct_id,False,40,20260630_104017
phi4_generalist_40_b3,phi4,phi4_generalist,generalist,3,3,lack of use-cases in which DC is advantageous,lack of use-cases in which DC is advantageous,matched,correct_id,False,40,20260630_104017
phi4_generalist_40_b4,phi4,phi4_generalist,generalist,4,4,"uncertain utility interaction (net metering, utility ownership, and agreed standards)","uncertain utility interaction (net metering, utility ownership, and agreed standards)",matched,correct_id,False,40,20260630_104017
phi4_generalist_40_b9,phi4,phi4_generalist,generalist,9,5,lack of enough trained personnel in DC systems,lack of enough trained personnel in DC systems,matched,corrected_from_label,False,40,20260630_104017
phi4_normative_40_b1,phi4,phi4_normative,normative,1,1,"power losses, quality and safety issues","power losses, quality and safety issues",matched,correct_id,False,40,20260630_104017
phi4_normative_40_b3,phi4,phi4_normative,normative,3,2,lack of use-cases in which DC is advantageous,lack of use-cases in which DC is advantageous,matched,corrected_from_label,False,40,20260630_104017
phi4_normative_40_b4,phi4,phi4_normative,normative,4,4,"uncertain utility interaction (net metering, utility ownership, and agreed standards)","uncertain utility interaction (net metering, utility ownership, and agreed standards)",matched,correct_id,False,40,20260630_104017
phi4_normative_40_b6,phi4,phi4_normative,normative,6,6,public perception of DC and readiness to 'champion' installations from DC projects,public perception of DC and readiness to 'champion' installations from DC projects,matched,correct_id,False,40,20260630_104017
phi4_normative_40_b10,phi4,phi4_normative,normative,10,10,uncertain regulatory roadmap,uncertain regulatory roadmap,matched,correct_id,False,40,20260630_104017
phi4_subject-matter_40_b1,phi4,phi4_subject-matter,subject-matter,1,1,"power losses, quality and safety issues","power losses, quality and safety issues",matched,correct_id,False,40,20260630_104017
phi4_subject-matter_40_b2,phi4,phi4_subject-matter,subject-matter,2,2,reduced reliability in DC devices,reduced reliability in DC devices,matched,correct_id,False,40,20260630_104017
phi4_subject-matter_40_b3,phi4,phi4_subject-matter,subject-matter,3,3,lack of use-cases in which DC is advantageous,lack of use-cases in which DC is advantageous,matched,correct_id,False,40,20260630_104017
phi4_subject-matter_40_b4,phi4,phi4_subject-matter,subject-matter,4,4,"uncertain utility interaction (net metering, utility ownership, and agreed standards)","uncertain utility interaction (net metering, utility ownership, and agreed standards)",matched,correct_id,False,40,20260630_104017
phi4_subject-matter_40_b10,phi4,phi4_subject-matter,subject-matter,10,5,uncertain regulatory roadmap,uncertain regulatory roadmap,matched,corrected_from_label,False,40,20260630_104017
gemma3_generalist_40_b1,gemma3,gemma3_generalist,generalist,1,1,"power losses, quality and safety issues","power losses, quality and safety issues",matched,correct_id,False,40,20260630_104017
gemma3_generalist_40_b5,gemma3,gemma3_generalist,generalist,5,2,lack of pilot projects,lack of pilot projects,matched,corrected_from_label,False,40,20260630_104017
gemma3_generalist_40_b6,gemma3,gemma3_generalist,generalist,6,3,public perception of DC and readiness to 'champion' installations from DC projects,public perception of DC and readiness to 'champion' installations from DC projects,matched,corrected_from_label,False,40,20260630_104017
gemma3_generalist_40_b8,gemma3,gemma3_generalist,generalist,8,4,misconception and lack of knowledge leads to lengthy/expensive design and permit process,misconception and lack of knowledge leads to lengthy/expensive design and permit process,matched,corrected_from_label,False,40,20260630_104017
gemma3_generalist_40_b11,gemma3,gemma3_generalist,generalist,11,5,high costs of DC solutions,high costs of DC solutions,matched,corrected_from_label,False,40,20260630_104017
gemma3_normative_40_b1,gemma3,gemma3_normative,normative,1,1,"power losses, quality and safety issues","power losses, quality and safety issues",matched,correct_id,False,40,20260630_104017
gemma3_normative_40_b4,gemma3,gemma3_normative,normative,4,4,"uncertain utility interaction (net metering, utility ownership, and agreed standards)","uncertain utility interaction (net metering, utility ownership, and agreed standards)",matched,correct_id,False,40,20260630_104017
gemma3_normative_40_b8,gemma3,gemma3_normative,normative,8,8,misconception and lack of knowledge leads to lengthy/expensive design and permit process,misconception and lack of knowledge leads to lengthy/expensive design and permit process,matched,correct_id,False,40,20260630_104017
gemma3_normative_40_b9,gemma3,gemma3_normative,normative,9,9,lack of enough trained personnel in DC systems,lack of enough trained personnel in DC systems,matched,correct_id,False,40,20260630_104017
gemma3_normative_40_b11,gemma3,gemma3_normative,normative,11,11,high costs of DC solutions,high costs of DC solutions,matched,correct_id,False,40,20260630_104017
gemma3_subject-matter_40_b1,gemma3,gemma3_subject-matter,subject-matter,1,1,"power losses, quality and safety issues","power losses, quality and safety issues",matched,correct_id,False,40,20260630_104017
gemma3_subject-matter_40_b5,gemma3,gemma3_subject-matter,subject-matter,5,2,lack of pilot projects,lack of pilot projects,matched,corrected_from_label,False,40,20260630_104017
gemma3_subject-matter_40_b4,gemma3,gemma3_subject-matter,subject-matter,4,3,"uncertain utility interaction (net metering, utility ownership, and agreed standards)","uncertain utility interaction (net metering, utility ownership, and agreed standards)",matched,corrected_from_label,False,40,20260630_104017
gemma3_subject-matter_40_b8,gemma3,gemma3_subject-matter,subject-matter,8,4,misconception and lack of knowledge leads to lengthy/expensive design and permit process,misconception and lack of knowledge leads to lengthy/expensive design and permit process,matched,corrected_from_label,False,40,20260630_104017
gemma3_subject-matter_40_b10,gemma3,gemma3_subject-matter,subject-matter,10,5,uncertain regulatory roadmap,uncertain regulatory roadmap,matched,corrected_from_label,False,40,20260630_104017
llama_generalist_40_b1,llama,llama_generalist,generalist,1,1,"power losses, quality and safety issues","power losses, quality and safety issues",matched,correct_id,False,40,20260630_104017
llama_generalist_40_b2,llama,llama_generalist,generalist,2,2,reduced reliability in DC devices,reduced reliability in DC devices,matched,correct_id,False,40,20260630_104017
llama_generalist_40_b3,llama,llama_generalist,generalist,3,3,lack of use-cases in which DC is advantageous,lack of use-cases in which DC is advantageous,matched,correct_id,False,40,20260630_104017
llama_generalist_40_b4,llama,llama_generalist,generalist,4,4,"uncertain utility interaction (net metering, utility ownership, and agreed standards)","uncertain utility interaction (net metering, utility ownership, and agreed standards)",matched,correct_id,False,40,20260630_104017
llama_generalist_40_b5,llama,llama_generalist,generalist,5,5,lack of pilot projects,lack of pilot projects,matched,correct_id,False,40,20260630_104017
llama_normative_40_b1,llama,llama_normative,normative,1,1,"power losses, quality and safety issues","Power losses, quality and safety issues",matched,correct_id,False,40,20260630_104017
llama_normative_40_b2,llama,llama_normative,normative,2,2,reduced reliability in DC devices,Reduced reliability in DC devices,matched,correct_id,False,40,20260630_104017
llama_normative_40_b3,llama,llama_normative,normative,3,3,lack of use-cases in which DC is advantageous,Lack of use-cases in which DC is advantageous,matched,correct_id,False,40,20260630_104017
llama_normative_40_b4,llama,llama_normative,normative,4,4,"uncertain utility interaction (net metering, utility ownership, and agreed standards)","Uncertain utility interaction (net metering, utility ownership, and agreed standards)",matched,correct_id,False,40,20260630_104017
llama_normative_40_b5,llama,llama_normative,normative,5,5,lack of pilot projects,Lack of pilot projects,matched,correct_id,False,40,20260630_104017
llama_subject-matter_40_b1,llama,llama_subject-matter,subject-matter,1,1,"power losses, quality and safety issues","power losses, quality and safety issues",matched,correct_id,False,40,20260630_104017
llama_subject-matter_40_b2,llama,llama_subject-matter,subject-matter,2,2,reduced reliability in DC devices,reduced reliability in DC devices,matched,correct_id,False,40,20260630_104017
llama_subject-matter_40_b3,llama,llama_subject-matter,subject-matter,3,3,lack of use-cases in which DC is advantageous,lack of use-cases in which DC is advantageous,matched,correct_id,False,40,20260630_104017
llama_subject-matter_40_b4,llama,llama_subject-matter,subject-matter,4,4,"uncertain utility interaction (net metering, utility ownership, and agreed standards)","uncertain utility interaction (net metering, utility ownership, and agreed standards)",matched,correct_id,False,40,20260630_104017
llama_subject-matter_40_b5,llama,llama_subject-matter,subject-matter,5,5,lack of pilot projects,lack of pilot projects,matched,correct_id,False,40,20260630_104017
mistral_generalist_40_b1,mistral,mistral_generalist,generalist,1,1,"power losses, quality and safety issues","power losses, quality and safety issues",matched,correct_id,False,40,20260630_104017
mistral_generalist_40_b2,mistral,mistral_generalist,generalist,2,2,reduced reliability in DC devices,reduced reliability in DC devices,matched,correct_id,False,40,20260630_104017
mistral_generalist_40_b4,mistral,mistral_generalist,generalist,4,4,"uncertain utility interaction (net metering, utility ownership, and agreed standards)","uncertain utility interaction (net metering, utility ownership, and agreed standards)",matched,correct_id,False,40,20260630_104017
mistral_generalist_40_b5,mistral,mistral_generalist,generalist,5,5,lack of pilot projects,lack of pilot projects,matched,correct_id,False,40,20260630_104017
mistral_generalist_40_b9,mistral,mistral_generalist,generalist,9,9,lack of enough trained personnel in DC systems,lack of enough trained personnel in DC systems,matched,correct_id,False,40,20260630_104017
mistral_normative_40_b1,mistral,mistral_normative,normative,1,1,"power losses, quality and safety issues","power losses, quality and safety issues",matched,correct_id,False,40,20260630_104017
mistral_normative_40_b4,mistral,mistral_normative,normative,4,2,"uncertain utility interaction (net metering, utility ownership, and agreed standards)","uncertain utility interaction (net metering, utility ownership, and agreed standards)",matched,corrected_from_label,False,40,20260630_104017
mistral_normative_40_b5,mistral,mistral_normative,normative,5,3,lack of pilot projects,lack of pilot projects,matched,corrected_from_label,False,40,20260630_104017
mistral_normative_40_b7,mistral,mistral_normative,normative,7,4,incompatibility of DC systems components,incompatibility of DC systems components,matched,corrected_from_label,False,40,20260630_104017
mistral_normative_40_b10,mistral,mistral_normative,normative,10,5,uncertain regulatory roadmap,uncertain regulatory roadmap,matched,corrected_from_label,False,40,20260630_104017
mistral_subject-matter_40_b1,mistral,mistral_subject-matter,subject-matter,1,1,"power losses, quality and safety issues","power losses, quality and safety issues",matched,correct_id,False,40,20260630_104017
mistral_subject-matter_40_b2,mistral,mistral_subject-matter,subject-matter,2,2,reduced reliability in DC devices,reduced reliability in DC devices,matched,correct_id,False,40,20260630_104017
mistral_subject-matter_40_b4,mistral,mistral_subject-matter,subject-matter,4,3,"uncertain utility interaction (net metering, utility ownership, and agreed standards)","uncertain utility interaction (net metering, utility ownership, and agreed standards)",matched,corrected_from_label,False,40,20260630_104017
mistral_subject-matter_40_b5,mistral,mistral_subject-matter,subject-matter,5,4,lack of pilot projects,lack of pilot projects,matched,corrected_from_label,False,40,20260630_104017
mistral_subject-matter_40_b9,mistral,mistral_subject-matter,subject-matter,9,5,lack of enough trained personnel in DC systems,lack of enough trained personnel in DC systems,matched,corrected_from_label,False,40,20260630_104017
phi4_generalist_41_b1,phi4,phi4_generalist,generalist,1,1,"power losses, quality and safety issues","power losses, quality and safety issues",matched,correct_id,False,41,20260630_104332
phi4_generalist_41_b4,phi4,phi4_generalist,generalist,4,4,"uncertain utility interaction (net metering, utility ownership, and agreed standards)","uncertain utility interaction (net metering, utility ownership, and agreed standards)",matched,correct_id,False,41,20260630_104332
phi4_generalist_41_b5,phi4,phi4_generalist,generalist,5,5,lack of pilot projects,lack of pilot projects,matched,correct_id,False,41,20260630_104332
phi4_generalist_41_b8,phi4,phi4_generalist,generalist,8,8,misconception and lack of knowledge leads to lengthy/expensive design and permit process,misconception and lack of knowledge leads to lengthy/expensive design and permit process,matched,correct_id,False,41,20260630_104332
phi4_generalist_41_b10,phi4,phi4_generalist,generalist,10,10,uncertain regulatory roadmap,uncertain regulatory roadmap,matched,correct_id,False,41,20260630_104332
phi4_normative_41_b1,phi4,phi4_normative,normative,1,1,"power losses, quality and safety issues","power losses, quality and safety issues",matched,correct_id,False,41,20260630_104332
phi4_normative_41_b4,phi4,phi4_normative,normative,4,4,"uncertain utility interaction (net metering, utility ownership, and agreed standards)","uncertain utility interaction (net metering, utility ownership, and agreed standards)",matched,correct_id,False,41,20260630_104332
phi4_normative_41_b6,phi4,phi4_normative,normative,6,6,public perception of DC and readiness to 'champion' installations from DC projects,public perception of DC and readiness to 'champion' installations from DC projects,matched,correct_id,False,41,20260630_104332
phi4_normative_41_b9,phi4,phi4_normative,normative,9,9,lack of enough trained personnel in DC systems,lack of enough trained personnel in DC systems,matched,correct_id,False,41,20260630_104332
phi4_normative_41_b10,phi4,phi4_normative,normative,10,10,uncertain regulatory roadmap,uncertain regulatory roadmap,matched,correct_id,False,41,20260630_104332
phi4_subject-matter_41_b1,phi4,phi4_subject-matter,subject-matter,1,1,"power losses, quality and safety issues","power losses, quality and safety issues",matched,correct_id,False,41,20260630_104332
phi4_subject-matter_41_b4,phi4,phi4_subject-matter,subject-matter,4,4,"uncertain utility interaction (net metering, utility ownership, and agreed standards)","uncertain utility interaction (net metering, utility ownership, and agreed standards)",matched,correct_id,False,41,20260630_104332
phi4_subject-matter_41_b5,phi4,phi4_subject-matter,subject-matter,5,5,lack of pilot projects,lack of pilot projects,matched,correct_id,False,41,20260630_104332
phi4_subject-matter_41_b9,phi4,phi4_subject-matter,subject-matter,9,9,lack of enough trained personnel in DC systems,lack of enough trained personnel in DC systems,matched,correct_id,False,41,20260630_104332
phi4_subject-matter_41_b10,phi4,phi4_subject-matter,subject-matter,10,10,uncertain regulatory roadmap,uncertain regulatory roadmap,matched,correct_id,False,41,20260630_104332
gemma3_generalist_41_b1,gemma3,gemma3_generalist,generalist,1,1,"power losses, quality and safety issues","power losses, quality and safety issues",matched,correct_id,False,41,20260630_104332
gemma3_generalist_41_b5,gemma3,gemma3_generalist,generalist,5,2,lack of pilot projects,lack of pilot projects,matched,corrected_from_label,False,41,20260630_104332
gemma3_generalist_41_b6,gemma3,gemma3_generalist,generalist,6,3,public perception of DC and readiness to 'champion' installations from DC projects,public perception of DC and readiness to 'champion' installations from DC projects,matched,corrected_from_label,False,41,20260630_104332
gemma3_generalist_41_b8,gemma3,gemma3_generalist,generalist,8,4,misconception and lack of knowledge leads to lengthy/expensive design and permit process,misconception and lack of knowledge leads to lengthy/expensive design and permit process,matched,corrected_from_label,False,41,20260630_104332
gemma3_generalist_41_b11,gemma3,gemma3_generalist,generalist,11,5,high costs of DC solutions,high costs of DC solutions,matched,corrected_from_label,False,41,20260630_104332
gemma3_normative_41_b1,gemma3,gemma3_normative,normative,1,1,"power losses, quality and safety issues","power losses, quality and safety issues",matched,correct_id,False,41,20260630_104332
gemma3_normative_41_b4,gemma3,gemma3_normative,normative,4,4,"uncertain utility interaction (net metering, utility ownership, and agreed standards)","uncertain utility interaction (net metering, utility ownership, and agreed standards)",matched,correct_id,False,41,20260630_104332
gemma3_normative_41_b6,gemma3,gemma3_normative,normative,6,6,public perception of DC and readiness to 'champion' installations from DC projects,public perception of DC and readiness to 'champion' installations from DC projects,matched,correct_id,False,41,20260630_104332
gemma3_normative_41_b8,gemma3,gemma3_normative,normative,8,8,misconception and lack of knowledge leads to lengthy/expensive design and permit process,misconception and lack of knowledge leads to lengthy/expensive design and permit process,matched,correct_id,False,41,20260630_104332
gemma3_normative_41_b11,gemma3,gemma3_normative,normative,11,11,high costs of DC solutions,high costs of DC solutions,matched,correct_id,False,41,20260630_104332
gemma3_subject-matter_41_b1,gemma3,gemma3_subject-matter,subject-matter,1,1,"power losses, quality and safety issues","power losses, quality and safety issues",matched,correct_id,False,41,20260630_104332
gemma3_subject-matter_41_b5,gemma3,gemma3_subject-matter,subject-matter,5,2,lack of pilot projects,lack of pilot projects,matched,corrected_from_label,False,41,20260630_104332
gemma3_subject-matter_41_b6,gemma3,gemma3_subject-matter,subject-matter,6,3,public perception of DC and readiness to 'champion' installations from DC projects,public perception of DC and readiness to 'champion' installations from DC projects,matched,corrected_from_label,False,41,20260630_104332
gemma3_subject-matter_41_b4,gemma3,gemma3_subject-matter,subject-matter,4,4,"uncertain utility interaction (net metering, utility ownership, and agreed standards)","uncertain utility interaction (net metering, utility ownership, and agreed standards)",matched,correct_id,False,41,20260630_104332
gemma3_subject-matter_41_b11,gemma3,gemma3_subject-matter,subject-matter,11,5,high costs of DC solutions,high costs of DC solutions,matched,corrected_from_label,False,41,20260630_104332
llama_generalist_41_b3,llama,llama_generalist,generalist,3,1,lack of use-cases in which DC is advantageous,Lack of use-cases in which DC is advantageous,matched,corrected_from_label,False,41,20260630_104332
llama_generalist_41_b4,llama,llama_generalist,generalist,4,2,"uncertain utility interaction (net metering, utility ownership, and agreed standards)","Uncertain utility interaction (net metering, utility ownership, and agreed standards)",matched,corrected_from_label,False,41,20260630_104332
llama_generalist_41_b7,llama,llama_generalist,generalist,7,3,incompatibility of DC systems components,Incompatibility of DC systems components,matched,corrected_from_label,False,41,20260630_104332
llama_generalist_41_b6,llama,llama_generalist,generalist,6,4,public perception of DC and readiness to 'champion' installations from DC projects,Public perception of DC and readiness to 'champion' installations from DC projects,matched,corrected_from_label,False,41,20260630_104332
llama_generalist_41_b11,llama,llama_generalist,generalist,11,5,high costs of DC solutions,High costs of DC solutions,matched,corrected_from_label,False,41,20260630_104332
llama_normative_41_b3,llama,llama_normative,normative,3,1,lack of use-cases in which DC is advantageous,Lack of use-cases in which DC is advantageous,matched,corrected_from_label,False,41,20260630_104332
llama_normative_41_b4,llama,llama_normative,normative,4,2,"uncertain utility interaction (net metering, utility ownership, and agreed standards)","Uncertain utility interaction (net metering, utility ownership, and agreed standards)",matched,corrected_from_label,False,41,20260630_104332
llama_normative_41_b7,llama,llama_normative,normative,7,3,incompatibility of DC systems components,Incompatibility of DC systems components,matched,corrected_from_label,False,41,20260630_104332
llama_normative_41_b6,llama,llama_normative,normative,6,4,public perception of DC and readiness to 'champion' installations from DC projects,Public perception of DC and readiness to 'champion' installations from DC projects,matched,corrected_from_label,False,41,20260630_104332
llama_normative_41_b9,llama,llama_normative,normative,9,5,lack of enough trained personnel in DC systems,Lack of enough trained personnel in DC systems,matched,corrected_from_label,False,41,20260630_104332
llama_subject-matter_41_b1,llama,llama_subject-matter,subject-matter,1,1,"power losses, quality and safety issues","Power losses, quality, and safety issues",matched,correct_id,False,41,20260630_104332
llama_subject-matter_41_b3,llama,llama_subject-matter,subject-matter,3,2,lack of use-cases in which DC is advantageous,Lack of use-cases in which DC is advantageous,matched,corrected_from_label,False,41,20260630_104332
llama_subject-matter_41_b4,llama,llama_subject-matter,subject-matter,4,3,"uncertain utility interaction (net metering, utility ownership, and agreed standards)","Uncertain utility interaction (net metering, utility ownership, and agreed standards)",matched,corrected_from_label,False,41,20260630_104332
llama_subject-matter_41_b5,llama,llama_subject-matter,subject-matter,5,4,lack of pilot projects,Lack of pilot projects,matched,corrected_from_label,False,41,20260630_104332
llama_subject-matter_41_b6,llama,llama_subject-matter,subject-matter,6,5,public perception of DC and readiness to 'champion' installations from DC projects,Public perception of DC and readiness to 'champion' installations from DC projects,matched,corrected_from_label,False,41,20260630_104332
mistral_generalist_41_b1,mistral,mistral_generalist,generalist,1,1,"power losses, quality and safety issues","Power losses, quality, and safety issues",matched,correct_id,False,41,20260630_104332
mistral_generalist_41_b4,mistral,mistral_generalist,generalist,4,2,"uncertain utility interaction (net metering, utility ownership, and agreed standards)","Uncertain utility interaction (net metering, utility ownership, and agreed standards)",matched,corrected_from_label,False,41,20260630_104332
mistral_generalist_41_b5,mistral,mistral_generalist,generalist,5,3,lack of pilot projects,Lack of pilot projects,matched,corrected_from_label,False,41,20260630_104332
mistral_generalist_41_b7,mistral,mistral_generalist,generalist,7,4,incompatibility of DC systems components,Incompatibility of DC systems components,matched,corrected_from_label,False,41,20260630_104332
mistral_generalist_41_b11,mistral,mistral_generalist,generalist,11,5,high costs of DC solutions,High costs of DC solutions,matched,corrected_from_label,False,41,20260630_104332
mistral_normative_41_b1,mistral,mistral_normative,normative,1,1,"power losses, quality and safety issues","power losses, quality and safety issues",matched,correct_id,False,41,20260630_104332
mistral_normative_41_b2,mistral,mistral_normative,normative,2,2,reduced reliability in DC devices,reduced reliability in DC devices,matched,correct_id,False,41,20260630_104332
mistral_normative_41_b5,mistral,mistral_normative,normative,5,3,lack of pilot projects,lack of pilot projects,matched,corrected_from_label,False,41,20260630_104332
mistral_normative_41_b4,mistral,mistral_normative,normative,4,4,"uncertain utility interaction (net metering, utility ownership, and agreed standards)","uncertain utility interaction (net metering, utility ownership, and agreed standards)",matched,correct_id,False,41,20260630_104332
mistral_normative_41_b11,mistral,mistral_normative,normative,11,5,high costs of DC solutions,high costs of DC solutions,matched,corrected_from_label,False,41,20260630_104332
mistral_subject-matter_41_b1,mistral,mistral_subject-matter,subject-matter,1,1,"power losses, quality and safety issues","power losses, quality and safety issues",matched,correct_id,False,41,20260630_104332
mistral_subject-matter_41_b2,mistral,mistral_subject-matter,subject-matter,2,2,reduced reliability in DC devices,reduced reliability in DC devices,matched,correct_id,False,41,20260630_104332
mistral_subject-matter_41_b4,mistral,mistral_subject-matter,subject-matter,4,3,"uncertain utility interaction (net metering, utility ownership, and agreed standards)","uncertain utility interaction (net metering, utility ownership, and agreed standards)",matched,corrected_from_label,False,41,20260630_104332
mistral_subject-matter_41_b5,mistral,mistral_subject-matter,subject-matter,5,4,lack of pilot projects,lack of pilot projects,matched,corrected_from_label,False,41,20260630_104332
mistral_subject-matter_41_b9,mistral,mistral_subject-matter,subject-matter,9,5,lack of enough trained personnel in DC systems,lack of enough trained personnel in DC systems,matched,corrected_from_label,False,41,20260630_104332
phi4_generalist_42_b1,phi4,phi4_generalist,generalist,1,1,"power losses, quality and safety issues","power losses, quality and safety issues",matched,correct_id,False,42,20260630_104507
phi4_generalist_42_b3,phi4,phi4_generalist,generalist,3,3,lack of use-cases in which DC is advantageous,lack of use-cases in which DC is advantageous,matched,correct_id,False,42,20260630_104507
phi4_generalist_42_b4,phi4,phi4_generalist,generalist,4,4,"uncertain utility interaction (net metering, utility ownership, and agreed standards)","uncertain utility interaction (net metering, utility ownership, and agreed standards)",matched,correct_id,False,42,20260630_104507
phi4_generalist_42_b8,phi4,phi4_generalist,generalist,8,8,misconception and lack of knowledge leads to lengthy/expensive design and permit process,misconception and lack of knowledge leads to lengthy/expensive design and permit process,matched,correct_id,False,42,20260630_104507
phi4_generalist_42_b10,phi4,phi4_generalist,generalist,10,10,uncertain regulatory roadmap,uncertain regulatory roadmap,matched,correct_id,False,42,20260630_104507
phi4_normative_42_b1,phi4,phi4_normative,normative,1,1,"power losses, quality and safety issues","power losses, quality and safety issues",matched,correct_id,False,42,20260630_104507
phi4_normative_42_b3,phi4,phi4_normative,normative,3,3,lack of use-cases in which DC is advantageous,lack of use-cases in which DC is advantageous,matched,correct_id,False,42,20260630_104507
phi4_normative_42_b4,phi4,phi4_normative,normative,4,4,"uncertain utility interaction (net metering, utility ownership, and agreed standards)","uncertain utility interaction (net metering, utility ownership, and agreed standards)",matched,correct_id,False,42,20260630_104507
phi4_normative_42_b8,phi4,phi4_normative,normative,8,8,misconception and lack of knowledge leads to lengthy/expensive design and permit process,misconception and lack of knowledge leads to lengthy/expensive design and permit process,matched,correct_id,False,42,20260630_104507
phi4_normative_42_b10,phi4,phi4_normative,normative,10,10,uncertain regulatory roadmap,uncertain regulatory roadmap,matched,correct_id,False,42,20260630_104507
phi4_subject-matter_42_b1,phi4,phi4_subject-matter,subject-matter,1,1,"power losses, quality and safety issues","power losses, quality and safety issues",matched,correct_id,False,42,20260630_104507
phi4_subject-matter_42_b2,phi4,phi4_subject-matter,subject-matter,2,2,reduced reliability in DC devices,reduced reliability in DC devices,matched,correct_id,False,42,20260630_104507
phi4_subject-matter_42_b3,phi4,phi4_subject-matter,subject-matter,3,3,lack of use-cases in which DC is advantageous,lack of use-cases in which DC is advantageous,matched,correct_id,False,42,20260630_104507
phi4_subject-matter_42_b4,phi4,phi4_subject-matter,subject-matter,4,4,"uncertain utility interaction (net metering, utility ownership, and agreed standards)","uncertain utility interaction (net metering, utility ownership, and agreed standards)",matched,correct_id,False,42,20260630_104507
phi4_subject-matter_42_b9,phi4,phi4_subject-matter,subject-matter,9,9,lack of enough trained personnel in DC systems,lack of enough trained personnel in DC systems,matched,correct_id,False,42,20260630_104507
gemma3_generalist_42_b1,gemma3,gemma3_generalist,generalist,1,1,"power losses, quality and safety issues","power losses, quality and safety issues",matched,correct_id,False,42,20260630_104507
gemma3_generalist_42_b5,gemma3,gemma3_generalist,generalist,5,2,lack of pilot projects,lack of pilot projects,matched,corrected_from_label,False,42,20260630_104507
gemma3_generalist_42_b6,gemma3,gemma3_generalist,generalist,6,3,public perception of DC and readiness to 'champion' installations from DC projects,public perception of DC and readiness to 'champion' installations from DC projects,matched,corrected_from_label,False,42,20260630_104507
gemma3_generalist_42_b8,gemma3,gemma3_generalist,generalist,8,4,misconception and lack of knowledge leads to lengthy/expensive design and permit process,misconception and lack of knowledge leads to lengthy/expensive design and permit process,matched,corrected_from_label,False,42,20260630_104507
gemma3_generalist_42_b11,gemma3,gemma3_generalist,generalist,11,5,high costs of DC solutions,high costs of DC solutions,matched,corrected_from_label,False,42,20260630_104507
gemma3_normative_42_b1,gemma3,gemma3_normative,normative,1,1,"power losses, quality and safety issues","power losses, quality and safety issues",matched,correct_id,False,42,20260630_104507
gemma3_normative_42_b4,gemma3,gemma3_normative,normative,4,4,"uncertain utility interaction (net metering, utility ownership, and agreed standards)","uncertain utility interaction (net metering, utility ownership, and agreed standards)",matched,correct_id,False,42,20260630_104507
gemma3_normative_42_b6,gemma3,gemma3_normative,normative,6,6,public perception of DC and readiness to 'champion' installations from DC projects,public perception of DC and readiness to 'champion' installations from DC projects,matched,correct_id,False,42,20260630_104507
gemma3_normative_42_b8,gemma3,gemma3_normative,normative,8,8,misconception and lack of knowledge leads to lengthy/expensive design and permit process,misconception and lack of knowledge leads to lengthy/expensive design and permit process,matched,correct_id,False,42,20260630_104507
gemma3_normative_42_b11,gemma3,gemma3_normative,normative,11,11,high costs of DC solutions,high costs of DC solutions,matched,correct_id,False,42,20260630_104507
gemma3_subject-matter_42_b1,gemma3,gemma3_subject-matter,subject-matter,1,1,"power losses, quality and safety issues","power losses, quality and safety issues",matched,correct_id,False,42,20260630_104507
gemma3_subject-matter_42_b5,gemma3,gemma3_subject-matter,subject-matter,5,2,lack of pilot projects,lack of pilot projects,matched,corrected_from_label,False,42,20260630_104507
gemma3_subject-matter_42_b6,gemma3,gemma3_subject-matter,subject-matter,6,3,public perception of DC and readiness to 'champion' installations from DC projects,public perception of DC and readiness to 'champion' installations from DC projects,matched,corrected_from_label,False,42,20260630_104507
gemma3_subject-matter_42_b9,gemma3,gemma3_subject-matter,subject-matter,9,4,lack of enough trained personnel in DC systems,lack of enough trained personnel in DC systems,matched,corrected_from_label,False,42,20260630_104507
gemma3_subject-matter_42_b11,gemma3,gemma3_subject-matter,subject-matter,11,5,high costs of DC solutions,high costs of DC solutions,matched,corrected_from_label,False,42,20260630_104507
llama_generalist_42_b1,llama,llama_generalist,generalist,1,1,"power losses, quality and safety issues","Power losses, quality and safety issues",matched,correct_id,False,42,20260630_104507
llama_generalist_42_b3,llama,llama_generalist,generalist,3,2,lack of use-cases in which DC is advantageous,Lack of use-cases in which DC is advantageous,matched,corrected_from_label,False,42,20260630_104507
llama_generalist_42_b4,llama,llama_generalist,generalist,4,3,"uncertain utility interaction (net metering, utility ownership, and agreed standards)","Uncertain utility interaction (net metering, utility ownership, and agreed standards)",matched,corrected_from_label,False,42,20260630_104507
llama_generalist_42_b7,llama,llama_generalist,generalist,7,4,incompatibility of DC systems components,Incompatibility of DC systems components,matched,corrected_from_label,False,42,20260630_104507
llama_generalist_42_b11,llama,llama_generalist,generalist,11,5,high costs of DC solutions,High costs of DC solutions,matched,corrected_from_label,False,42,20260630_104507
llama_normative_42_b1,llama,llama_normative,normative,1,1,"power losses, quality and safety issues","Power losses, quality, and safety issues",matched,correct_id,False,42,20260630_104507
llama_normative_42_b2,llama,llama_normative,normative,2,2,reduced reliability in DC devices,Reduced reliability in DC devices,matched,correct_id,False,42,20260630_104507
llama_normative_42_b3,llama,llama_normative,normative,3,3,lack of use-cases in which DC is advantageous,Lack of use-cases in which DC is advantageous,matched,correct_id,False,42,20260630_104507
llama_normative_42_b4,llama,llama_normative,normative,4,4,"uncertain utility interaction (net metering, utility ownership, and agreed standards)","Uncertain utility interaction (net metering, utility ownership, and agreed standards)",matched,correct_id,False,42,20260630_104507
llama_normative_42_b5,llama,llama_normative,normative,5,5,lack of pilot projects,Lack of pilot projects,matched,correct_id,False,42,20260630_104507
llama_subject-matter_42_b1,llama,llama_subject-matter,subject-matter,1,1,"power losses, quality and safety issues","Power losses, quality, and safety issues",matched,correct_id,False,42,20260630_104507
llama_subject-matter_42_b3,llama,llama_subject-matter,subject-matter,3,2,lack of use-cases in which DC is advantageous,Lack of use-cases in which DC is advantageous,matched,corrected_from_label,False,42,20260630_104507
llama_subject-matter_42_b4,llama,llama_subject-matter,subject-matter,4,3,"uncertain utility interaction (net metering, utility ownership, and agreed standards)","Uncertain utility interaction (net metering, utility ownership, and agreed standards)",matched,corrected_from_label,False,42,20260630_104507
llama_subject-matter_42_b5,llama,llama_subject-matter,subject-matter,5,4,lack of pilot projects,Lack of pilot projects,matched,corrected_from_label,False,42,20260630_104507
llama_subject-matter_42_b6,llama,llama_subject-matter,subject-matter,6,5,public perception of DC and readiness to 'champion' installations from DC projects,Public perception of DC and readiness to 'champion' installations from DC projects,matched,corrected_from_label,False,42,20260630_104507
mistral_generalist_42_b1,mistral,mistral_generalist,generalist,1,1,"power losses, quality and safety issues","power losses, quality and safety issues",matched,correct_id,False,42,20260630_104507
mistral_generalist_42_b2,mistral,mistral_generalist,generalist,2,2,reduced reliability in DC devices,reduced reliability in DC devices,matched,correct_id,False,42,20260630_104507
mistral_generalist_42_b4,mistral,mistral_generalist,generalist,4,3,"uncertain utility interaction (net metering, utility ownership, and agreed standards)","uncertain utility interaction (net metering, utility ownership, and agreed standards)",matched,corrected_from_label,False,42,20260630_104507
mistral_generalist_42_b5,mistral,mistral_generalist,generalist,5,4,lack of pilot projects,lack of pilot projects,matched,corrected_from_label,False,42,20260630_104507
mistral_generalist_42_b9,mistral,mistral_generalist,generalist,9,5,lack of enough trained personnel in DC systems,lack of enough trained personnel in DC systems,matched,corrected_from_label,False,42,20260630_104507
mistral_normative_42_b1,mistral,mistral_normative,normative,1,1,"power losses, quality and safety issues","power losses, quality and safety issues",matched,correct_id,False,42,20260630_104507
mistral_normative_42_b4,mistral,mistral_normative,normative,4,2,"uncertain utility interaction (net metering, utility ownership, and agreed standards)","uncertain utility interaction (net metering, utility ownership, and agreed standards)",matched,corrected_from_label,False,42,20260630_104507
mistral_normative_42_b5,mistral,mistral_normative,normative,5,3,lack of pilot projects,lack of pilot projects,matched,corrected_from_label,False,42,20260630_104507
mistral_normative_42_b7,mistral,mistral_normative,normative,7,4,incompatibility of DC systems components,incompatibility of DC systems components,matched,corrected_from_label,False,42,20260630_104507
mistral_normative_42_b11,mistral,mistral_normative,normative,11,5,high costs of DC solutions,high costs of DC solutions,matched,corrected_from_label,False,42,20260630_104507
mistral_subject-matter_42_b1,mistral,mistral_subject-matter,subject-matter,1,1,"power losses, quality and safety issues","power losses, quality and safety issues",matched,correct_id,False,42,20260630_104507
mistral_subject-matter_42_b2,mistral,mistral_subject-matter,subject-matter,2,2,reduced reliability in DC devices,reduced reliability in DC devices,matched,correct_id,False,42,20260630_104507
mistral_subject-matter_42_b4,mistral,mistral_subject-matter,subject-matter,4,3,"uncertain utility interaction (net metering, utility ownership, and agreed standards)","uncertain utility interaction (net metering, utility ownership, and agreed standards)",matched,corrected_from_label,False,42,20260630_104507
mistral_subject-matter_42_b5,mistral,mistral_subject-matter,subject-matter,5,4,lack of pilot projects,lack of pilot projects,matched,corrected_from_label,False,42,20260630_104507
mistral_subject-matter_42_b9,mistral,mistral_subject-matter,subject-matter,9,5,lack of enough trained personnel in DC systems,lack of enough trained personnel in DC systems,matched,corrected_from_label,False,42,20260630_104507
phi4_generalist_43_b1,phi4,phi4_generalist,generalist,1,1,"power losses, quality and safety issues","power losses, quality and safety issues",matched,correct_id,False,43,20260630_105332
phi4_generalist_43_b2,phi4,phi4_generalist,generalist,2,2,reduced reliability in DC devices,reduced reliability in DC devices,matched,correct_id,False,43,20260630_105332
phi4_generalist_43_b3,phi4,phi4_generalist,generalist,3,3,lack of use-cases in which DC is advantageous,lack of use-cases in which DC is advantageous,matched,correct_id,False,43,20260630_105332
phi4_generalist_43_b8,phi4,phi4_generalist,generalist,8,8,misconception and lack of knowledge leads to lengthy/expensive design and permit process,misconception and lack of knowledge leads to lengthy/expensive design and permit process,matched,correct_id,False,43,20260630_105332
phi4_generalist_43_b10,phi4,phi4_generalist,generalist,10,10,uncertain regulatory roadmap,uncertain regulatory roadmap,matched,correct_id,False,43,20260630_105332
phi4_normative_43_b1,phi4,phi4_normative,normative,1,1,"power losses, quality and safety issues","power losses, quality and safety issues",matched,correct_id,False,43,20260630_105332
phi4_normative_43_b3,phi4,phi4_normative,normative,3,2,lack of use-cases in which DC is advantageous,lack of use-cases in which DC is advantageous,matched,corrected_from_label,False,43,20260630_105332
phi4_normative_43_b4,phi4,phi4_normative,normative,4,4,"uncertain utility interaction (net metering, utility ownership, and agreed standards)","uncertain utility interaction (net metering, utility ownership, and agreed standards)",matched,correct_id,False,43,20260630_105332
phi4_normative_43_b8,phi4,phi4_normative,normative,8,8,misconception and lack of knowledge leads to lengthy/expensive design and permit process,misconception and lack of knowledge leads to lengthy/expensive design and permit process,matched,correct_id,False,43,20260630_105332
phi4_normative_43_b10,phi4,phi4_normative,normative,10,10,uncertain regulatory roadmap,uncertain regulatory roadmap,matched,correct_id,False,43,20260630_105332
phi4_subject-matter_43_b1,phi4,phi4_subject-matter,subject-matter,1,1,"power losses, quality and safety issues","power losses, quality and safety issues",matched,correct_id,False,43,20260630_105332
phi4_subject-matter_43_b4,phi4,phi4_subject-matter,subject-matter,4,4,"uncertain utility interaction (net metering, utility ownership, and agreed standards)","uncertain utility interaction (net metering, utility ownership, and agreed standards)",matched,correct_id,False,43,20260630_105332
phi4_subject-matter_43_b5,phi4,phi4_subject-matter,subject-matter,5,5,lack of pilot projects,lack of pilot projects,matched,correct_id,False,43,20260630_105332
phi4_subject-matter_43_b9,phi4,phi4_subject-matter,subject-matter,9,9,lack of enough trained personnel in DC systems,lack of enough trained personnel in DC systems,matched,correct_id,False,43,20260630_105332
phi4_subject-matter_43_b10,phi4,phi4_subject-matter,subject-matter,10,10,uncertain regulatory roadmap,uncertain regulatory roadmap,matched,correct_id,False,43,20260630_105332
gemma3_generalist_43_b1,gemma3,gemma3_generalist,generalist,1,1,"power losses, quality and safety issues","power losses, quality and safety issues",matched,correct_id,False,43,20260630_105332
gemma3_generalist_43_b5,gemma3,gemma3_generalist,generalist,5,2,lack of pilot projects,lack of pilot projects,matched,corrected_from_label,False,43,20260630_105332
gemma3_generalist_43_b6,gemma3,gemma3_generalist,generalist,6,3,public perception of DC and readiness to 'champion' installations from DC projects,public perception of DC and readiness to 'champion' installations from DC projects,matched,corrected_from_label,False,43,20260630_105332
gemma3_generalist_43_b8,gemma3,gemma3_generalist,generalist,8,4,misconception and lack of knowledge leads to lengthy/expensive design and permit process,misconception and lack of knowledge leads to lengthy/expensive design and permit process,matched,corrected_from_label,False,43,20260630_105332
gemma3_generalist_43_b11,gemma3,gemma3_generalist,generalist,11,5,high costs of DC solutions,high costs of DC solutions,matched,corrected_from_label,False,43,20260630_105332
gemma3_normative_43_b1,gemma3,gemma3_normative,normative,1,1,"power losses, quality and safety issues","power losses, quality and safety issues",matched,correct_id,False,43,20260630_105332
gemma3_normative_43_b4,gemma3,gemma3_normative,normative,4,4,"uncertain utility interaction (net metering, utility ownership, and agreed standards)","uncertain utility interaction (net metering, utility ownership, and agreed standards)",matched,correct_id,False,43,20260630_105332
gemma3_normative_43_b8,gemma3,gemma3_normative,normative,8,8,misconception and lack of knowledge leads to lengthy/expensive design and permit process,misconception and lack of knowledge leads to lengthy/expensive design and permit process,matched,correct_id,False,43,20260630_105332
gemma3_normative_43_b9,gemma3,gemma3_normative,normative,9,9,lack of enough trained personnel in DC systems,lack of enough trained personnel in DC systems,matched,correct_id,False,43,20260630_105332
gemma3_normative_43_b11,gemma3,gemma3_normative,normative,11,11,high costs of DC solutions,high costs of DC solutions,matched,correct_id,False,43,20260630_105332
gemma3_subject-matter_43_b1,gemma3,gemma3_subject-matter,subject-matter,1,1,"power losses, quality and safety issues","power losses, quality and safety issues",matched,correct_id,False,43,20260630_105332
gemma3_subject-matter_43_b4,gemma3,gemma3_subject-matter,subject-matter,4,2,"uncertain utility interaction (net metering, utility ownership, and agreed standards)","uncertain utility interaction (net metering, utility ownership, and agreed standards)",matched,corrected_from_label,False,43,20260630_105332
gemma3_subject-matter_43_b7,gemma3,gemma3_subject-matter,subject-matter,7,3,incompatibility of DC systems components,incompatibility of DC systems components,matched,corrected_from_label,False,43,20260630_105332
gemma3_subject-matter_43_b8,gemma3,gemma3_subject-matter,subject-matter,8,4,misconception and lack of knowledge leads to lengthy/expensive design and permit process,misconception and lack of knowledge leads to lengthy/expensive design and permit process,matched,corrected_from_label,False,43,20260630_105332
gemma3_subject-matter_43_b11,gemma3,gemma3_subject-matter,subject-matter,11,5,high costs of DC solutions,high costs of DC solutions,matched,corrected_from_label,False,43,20260630_105332
llama_generalist_43_b1,llama,llama_generalist,generalist,1,1,"power losses, quality and safety issues","Power losses, quality, and safety issues",matched,correct_id,False,43,20260630_105332
llama_generalist_43_b3,llama,llama_generalist,generalist,3,2,lack of use-cases in which DC is advantageous,Lack of use-cases in which DC is advantageous,matched,corrected_from_label,False,43,20260630_105332
llama_generalist_43_b4,llama,llama_generalist,generalist,4,3,"uncertain utility interaction (net metering, utility ownership, and agreed standards)","Uncertain utility interaction (net metering, utility ownership, and agreed standards)",matched,corrected_from_label,False,43,20260630_105332
llama_generalist_43_b7,llama,llama_generalist,generalist,7,4,incompatibility of DC systems components,Incompatibility of DC systems components,matched,corrected_from_label,False,43,20260630_105332
llama_generalist_43_b6,llama,llama_generalist,generalist,6,5,public perception of DC and readiness to 'champion' installations from DC projects,Public perception of DC and readiness to 'champion' installations from DC projects,matched,corrected_from_label,False,43,20260630_105332
llama_normative_43_b1,llama,llama_normative,normative,1,1,"power losses, quality and safety issues","power losses, quality and safety issues",matched,correct_id,False,43,20260630_105332
llama_normative_43_b2,llama,llama_normative,normative,2,2,reduced reliability in DC devices,reduced reliability in DC devices,matched,correct_id,False,43,20260630_105332
llama_normative_43_b3,llama,llama_normative,normative,3,3,lack of use-cases in which DC is advantageous,lack of use-cases in which DC is advantageous,matched,correct_id,False,43,20260630_105332
llama_normative_43_b4,llama,llama_normative,normative,4,4,"uncertain utility interaction (net metering, utility ownership, and agreed standards)","uncertain utility interaction (net metering, utility ownership, and agreed standards)",matched,correct_id,False,43,20260630_105332
llama_normative_43_b5,llama,llama_normative,normative,5,5,lack of pilot projects,lack of pilot projects,matched,correct_id,False,43,20260630_105332
llama_subject-matter_43_b1,llama,llama_subject-matter,subject-matter,1,1,"power losses, quality and safety issues","Power losses, quality and safety issues",matched,correct_id,False,43,20260630_105332
llama_subject-matter_43_b4,llama,llama_subject-matter,subject-matter,4,2,"uncertain utility interaction (net metering, utility ownership, and agreed standards)","Uncertain utility interaction (net metering, utility ownership, and agreed standards)",matched,corrected_from_label,False,43,20260630_105332
llama_subject-matter_43_b3,llama,llama_subject-matter,subject-matter,3,3,lack of use-cases in which DC is advantageous,Lack of use-cases in which DC is advantageous,matched,correct_id,False,43,20260630_105332
llama_subject-matter_43_b7,llama,llama_subject-matter,subject-matter,7,4,incompatibility of DC systems components,Incompatibility of DC systems components,matched,corrected_from_label,False,43,20260630_105332
llama_subject-matter_43_b8,llama,llama_subject-matter,subject-matter,8,5,misconception and lack of knowledge leads to lengthy/expensive design and permit process,Misconception and lack of knowledge leads to lengthy/expensive design and permit process,matched,corrected_from_label,False,43,20260630_105332
mistral_generalist_43_b1,mistral,mistral_generalist,generalist,1,1,"power losses, quality and safety issues","Power losses, quality and safety issues",matched,correct_id,False,43,20260630_105332
mistral_generalist_43_b4,mistral,mistral_generalist,generalist,4,2,"uncertain utility interaction (net metering, utility ownership, and agreed standards)","Uncertain utility interaction (net metering, utility ownership, and agreed standards)",matched,corrected_from_label,False,43,20260630_105332
mistral_generalist_43_b5,mistral,mistral_generalist,generalist,5,3,lack of pilot projects,Lack of pilot projects,matched,corrected_from_label,False,43,20260630_105332
mistral_generalist_43_b7,mistral,mistral_generalist,generalist,7,4,incompatibility of DC systems components,Incompatibility of DC systems components,matched,corrected_from_label,False,43,20260630_105332
mistral_generalist_43_b9,mistral,mistral_generalist,generalist,9,5,lack of enough trained personnel in DC systems,Lack of enough trained personnel in DC systems,matched,corrected_from_label,False,43,20260630_105332
mistral_normative_43_b1,mistral,mistral_normative,normative,1,1,"power losses, quality and safety issues","power losses, quality and safety issues",matched,correct_id,False,43,20260630_105332
mistral_normative_43_b2,mistral,mistral_normative,normative,2,2,reduced reliability in DC devices,reduced reliability in DC devices,matched,correct_id,False,43,20260630_105332
mistral_normative_43_b4,mistral,mistral_normative,normative,4,3,"uncertain utility interaction (net metering, utility ownership, and agreed standards)","uncertain utility interaction (net metering, utility ownership, and agreed standards)",matched,corrected_from_label,False,43,20260630_105332
mistral_normative_43_b5,mistral,mistral_normative,normative,5,4,lack of pilot projects,lack of pilot projects,matched,corrected_from_label,False,43,20260630_105332
mistral_normative_43_b11,mistral,mistral_normative,normative,11,5,high costs of DC solutions,high costs of DC solutions,matched,corrected_from_label,False,43,20260630_105332
mistral_subject-matter_43_b1,mistral,mistral_subject-matter,subject-matter,1,1,"power losses, quality and safety issues","power losses, quality and safety issues",matched,correct_id,False,43,20260630_105332
mistral_subject-matter_43_b4,mistral,mistral_subject-matter,subject-matter,4,4,"uncertain utility interaction (net metering, utility ownership, and agreed standards)","uncertain utility interaction (net metering, utility ownership, and agreed standards)",matched,correct_id,False,43,20260630_105332
mistral_subject-matter_43_b5,mistral,mistral_subject-matter,subject-matter,5,5,lack of pilot projects,lack of pilot projects,matched,correct_id,False,43,20260630_105332
mistral_subject-matter_43_b8,mistral,mistral_subject-matter,subject-matter,8,8,misconception and lack of knowledge leads to lengthy/expensive design and permit process,misconception and lack of knowledge leads to lengthy/expensive design and permit process,matched,correct_id,False,43,20260630_105332
mistral_subject-matter_43_b9,mistral,mistral_subject-matter,subject-matter,9,9,lack of enough trained personnel in DC systems,lack of enough trained personnel in DC systems,matched,correct_id,False,43,20260630_105332
phi4_generalist_44_b1,phi4,phi4_generalist,generalist,1,1,"power losses, quality and safety issues","power losses, quality and safety issues",matched,correct_id,False,44,20260630_105705
phi4_generalist_44_b2,phi4,phi4_generalist,generalist,2,2,reduced reliability in DC devices,reduced reliability in DC devices,matched,correct_id,False,44,20260630_105705
phi4_generalist_44_b3,phi4,phi4_generalist,generalist,3,3,lack of use-cases in which DC is advantageous,lack of use-cases in which DC is advantageous,matched,correct_id,False,44,20260630_105705
phi4_generalist_44_b4,phi4,phi4_generalist,generalist,4,4,"uncertain utility interaction (net metering, utility ownership, and agreed standards)","uncertain utility interaction (net metering, utility ownership, and agreed standards)",matched,correct_id,False,44,20260630_105705
phi4_generalist_44_b9,phi4,phi4_generalist,generalist,9,9,lack of enough trained personnel in DC systems,lack of enough trained personnel in DC systems,matched,correct_id,False,44,20260630_105705
phi4_normative_44_b1,phi4,phi4_normative,normative,1,1,"power losses, quality and safety issues","power losses, quality and safety issues",matched,correct_id,False,44,20260630_105705
phi4_normative_44_b2,phi4,phi4_normative,normative,2,2,reduced reliability in DC devices,reduced reliability in DC devices,matched,correct_id,False,44,20260630_105705
phi4_normative_44_b4,phi4,phi4_normative,normative,4,4,"uncertain utility interaction (net metering, utility ownership, and agreed standards)","uncertain utility interaction (net metering, utility ownership, and agreed standards)",matched,correct_id,False,44,20260630_105705
phi4_normative_44_b6,phi4,phi4_normative,normative,6,6,public perception of DC and readiness to 'champion' installations from DC projects,public perception of DC and readiness to 'champion' installations from DC projects,matched,correct_id,False,44,20260630_105705
phi4_normative_44_b10,phi4,phi4_normative,normative,10,10,uncertain regulatory roadmap,uncertain regulatory roadmap,matched,correct_id,False,44,20260630_105705
phi4_subject-matter_44_b1,phi4,phi4_subject-matter,subject-matter,1,1,"power losses, quality and safety issues","power losses, quality and safety issues",matched,correct_id,False,44,20260630_105705
phi4_subject-matter_44_b4,phi4,phi4_subject-matter,subject-matter,4,4,"uncertain utility interaction (net metering, utility ownership, and agreed standards)","uncertain utility interaction (net metering, utility ownership, and agreed standards)",matched,correct_id,False,44,20260630_105705
phi4_subject-matter_44_b5,phi4,phi4_subject-matter,subject-matter,5,5,lack of pilot projects,lack of pilot projects,matched,correct_id,False,44,20260630_105705
phi4_subject-matter_44_b9,phi4,phi4_subject-matter,subject-matter,9,9,lack of enough trained personnel in DC systems,lack of enough trained personnel in DC systems,matched,correct_id,False,44,20260630_105705
phi4_subject-matter_44_b10,phi4,phi4_subject-matter,subject-matter,10,10,uncertain regulatory roadmap,uncertain regulatory roadmap,matched,correct_id,False,44,20260630_105705
gemma3_generalist_44_b1,gemma3,gemma3_generalist,generalist,1,1,"power losses, quality and safety issues","power losses, quality and safety issues",matched,correct_id,False,44,20260630_105705
gemma3_generalist_44_b5,gemma3,gemma3_generalist,generalist,5,2,lack of pilot projects,lack of pilot projects,matched,corrected_from_label,False,44,20260630_105705
gemma3_generalist_44_b6,gemma3,gemma3_generalist,generalist,6,3,public perception of DC and readiness to 'champion' installations from DC projects,public perception of DC and readiness to 'champion' installations from DC projects,matched,corrected_from_label,False,44,20260630_105705
gemma3_generalist_44_b8,gemma3,gemma3_generalist,generalist,8,4,misconception and lack of knowledge leads to lengthy/expensive design and permit process,misconception and lack of knowledge leads to lengthy/expensive design and permit process,matched,corrected_from_label,False,44,20260630_105705
gemma3_generalist_44_b11,gemma3,gemma3_generalist,generalist,11,5,high costs of DC solutions,high costs of DC solutions,matched,corrected_from_label,False,44,20260630_105705
gemma3_normative_44_b1,gemma3,gemma3_normative,normative,1,1,"power losses, quality and safety issues","power losses, quality and safety issues",matched,correct_id,False,44,20260630_105705
gemma3_normative_44_b4,gemma3,gemma3_normative,normative,4,4,"uncertain utility interaction (net metering, utility ownership, and agreed standards)","uncertain utility interaction (net metering, utility ownership, and agreed standards)",matched,correct_id,False,44,20260630_105705
gemma3_normative_44_b8,gemma3,gemma3_normative,normative,8,8,misconception and lack of knowledge leads to lengthy/expensive design and permit process,misconception and lack of knowledge leads to lengthy/expensive design and permit process,matched,correct_id,False,44,20260630_105705
gemma3_normative_44_b9,gemma3,gemma3_normative,normative,9,9,lack of enough trained personnel in DC systems,lack of enough trained personnel in DC systems,matched,correct_id,False,44,20260630_105705
gemma3_normative_44_b11,gemma3,gemma3_normative,normative,11,11,high costs of DC solutions,high costs of DC solutions,matched,correct_id,False,44,20260630_105705
gemma3_subject-matter_44_b1,gemma3,gemma3_subject-matter,subject-matter,1,1,"power losses, quality and safety issues","power losses, quality and safety issues",matched,correct_id,False,44,20260630_105705
gemma3_subject-matter_44_b4,gemma3,gemma3_subject-matter,subject-matter,4,2,"uncertain utility interaction (net metering, utility ownership, and agreed standards)","uncertain utility interaction (net metering, utility ownership, and agreed standards)",matched,corrected_from_label,False,44,20260630_105705
gemma3_subject-matter_44_b8,gemma3,gemma3_subject-matter,subject-matter,8,3,misconception and lack of knowledge leads to lengthy/expensive design and permit process,misconception and lack of knowledge leads to lengthy/expensive design and permit process,matched,corrected_from_label,False,44,20260630_105705
gemma3_subject-matter_44_b9,gemma3,gemma3_subject-matter,subject-matter,9,4,lack of enough trained personnel in DC systems,lack of enough trained personnel in DC systems,matched,corrected_from_label,False,44,20260630_105705
gemma3_subject-matter_44_b11,gemma3,gemma3_subject-matter,subject-matter,11,5,high costs of DC solutions,high costs of DC solutions,matched,corrected_from_label,False,44,20260630_105705
llama_generalist_44_b1,llama,llama_generalist,generalist,1,1,"power losses, quality and safety issues","power losses, quality and safety issues",matched,correct_id,False,44,20260630_105705
llama_generalist_44_b2,llama,llama_generalist,generalist,2,2,reduced reliability in DC devices,reduced reliability in DC devices,matched,correct_id,False,44,20260630_105705
llama_generalist_44_b3,llama,llama_generalist,generalist,3,3,lack of use-cases in which DC is advantageous,lack of use-cases in which DC is advantageous,matched,correct_id,False,44,20260630_105705
llama_generalist_44_b4,llama,llama_generalist,generalist,4,4,"uncertain utility interaction (net metering, utility ownership, and agreed standards)","uncertain utility interaction (net metering, utility ownership, and agreed standards)",matched,correct_id,False,44,20260630_105705
llama_generalist_44_b5,llama,llama_generalist,generalist,5,5,lack of pilot projects,lack of pilot projects,matched,correct_id,False,44,20260630_105705
llama_normative_44_b1,llama,llama_normative,normative,1,1,"power losses, quality and safety issues","Power losses, quality and safety issues",matched,correct_id,False,44,20260630_105705
llama_normative_44_b2,llama,llama_normative,normative,2,2,reduced reliability in DC devices,Reduced reliability in DC devices,matched,correct_id,False,44,20260630_105705
llama_normative_44_b3,llama,llama_normative,normative,3,3,lack of use-cases in which DC is advantageous,Lack of use-cases in which DC is advantageous,matched,correct_id,False,44,20260630_105705
llama_normative_44_b4,llama,llama_normative,normative,4,4,"uncertain utility interaction (net metering, utility ownership, and agreed standards)","Uncertain utility interaction (net metering, utility ownership, and agreed standards)",matched,correct_id,False,44,20260630_105705
llama_normative_44_b5,llama,llama_normative,normative,5,5,lack of pilot projects,Lack of pilot projects,matched,correct_id,False,44,20260630_105705
llama_subject-matter_44_b1,llama,llama_subject-matter,subject-matter,1,1,"power losses, quality and safety issues","Power losses, quality and safety issues",matched,correct_id,False,44,20260630_105705
llama_subject-matter_44_b2,llama,llama_subject-matter,subject-matter,2,2,reduced reliability in DC devices,Reduced reliability in DC devices,matched,correct_id,False,44,20260630_105705
llama_subject-matter_44_b3,llama,llama_subject-matter,subject-matter,3,3,lack of use-cases in which DC is advantageous,Lack of use-cases in which DC is advantageous,matched,correct_id,False,44,20260630_105705
llama_subject-matter_44_b4,llama,llama_subject-matter,subject-matter,4,4,"uncertain utility interaction (net metering, utility ownership, and agreed standards)","Uncertain utility interaction (net metering, utility ownership, and agreed standards)",matched,correct_id,False,44,20260630_105705
llama_subject-matter_44_b5,llama,llama_subject-matter,subject-matter,5,5,lack of pilot projects,Lack of pilot projects,matched,correct_id,False,44,20260630_105705
mistral_generalist_44_b1,mistral,mistral_generalist,generalist,1,1,"power losses, quality and safety issues","power losses, quality and safety issues",matched,correct_id,False,44,20260630_105705
mistral_generalist_44_b4,mistral,mistral_generalist,generalist,4,4,"uncertain utility interaction (net metering, utility ownership, and agreed standards)","uncertain utility interaction (net metering, utility ownership, and agreed standards)",matched,correct_id,False,44,20260630_105705
mistral_generalist_44_b5,mistral,mistral_generalist,generalist,5,5,lack of pilot projects,lack of pilot projects,matched,correct_id,False,44,20260630_105705
mistral_generalist_44_b8,mistral,mistral_generalist,generalist,8,8,misconception and lack of knowledge leads to lengthy/expensive design and permit process,misconception and lack of knowledge leads to lengthy/expensive design and permit process,matched,correct_id,False,44,20260630_105705
mistral_generalist_44_b9,mistral,mistral_generalist,generalist,9,9,lack of enough trained personnel in DC systems,lack of enough trained personnel in DC systems,matched,correct_id,False,44,20260630_105705
mistral_normative_44_b1,mistral,mistral_normative,normative,1,1,"power losses, quality and safety issues","power losses, quality and safety issues",matched,correct_id,False,44,20260630_105705
mistral_normative_44_b2,mistral,mistral_normative,normative,2,2,reduced reliability in DC devices,reduced reliability in DC devices,matched,correct_id,False,44,20260630_105705
mistral_normative_44_b4,mistral,mistral_normative,normative,4,3,"uncertain utility interaction (net metering, utility ownership, and agreed standards)","uncertain utility interaction (net metering, utility ownership, and agreed standards)",matched,corrected_from_label,False,44,20260630_105705
mistral_normative_44_b5,mistral,mistral_normative,normative,5,4,lack of pilot projects,lack of pilot projects,matched,corrected_from_label,False,44,20260630_105705
mistral_normative_44_b9,mistral,mistral_normative,normative,9,5,lack of enough trained personnel in DC systems,lack of enough trained personnel in DC systems,matched,corrected_from_label,False,44,20260630_105705
mistral_subject-matter_44_b1,mistral,mistral_subject-matter,subject-matter,1,1,"power losses, quality and safety issues","power losses, quality and safety issues",matched,correct_id,False,44,20260630_105705
mistral_subject-matter_44_b2,mistral,mistral_subject-matter,subject-matter,2,2,reduced reliability in DC devices,reduced reliability in DC devices,matched,correct_id,False,44,20260630_105705
mistral_subject-matter_44_b4,mistral,mistral_subject-matter,subject-matter,4,3,"uncertain utility interaction (net metering, utility ownership, and agreed standards)","uncertain utility interaction (net metering, utility ownership, and agreed standards)",matched,corrected_from_label,False,44,20260630_105705
mistral_subject-matter_44_b5,mistral,mistral_subject-matter,subject-matter,5,4,lack of pilot projects,lack of pilot projects,matched,corrected_from_label,False,44,20260630_105705
mistral_subject-matter_44_b10,mistral,mistral_subject-matter,subject-matter,10,5,uncertain regulatory roadmap,uncertain regulatory roadmap,matched,corrected_from_label,False,44,20260630_105705
phi4_generalist_45_b1,phi4,phi4_generalist,generalist,1,1,"power losses, quality and safety issues","power losses, quality and safety issues",matched,correct_id,False,45,20260630_105839
phi4_generalist_45_b3,phi4,phi4_generalist,generalist,3,3,lack of use-cases in which DC is advantageous,lack of use-cases in which DC is advantageous,matched,correct_id,False,45,20260630_105839
phi4_generalist_45_b4,phi4,phi4_generalist,generalist,4,4,"uncertain utility interaction (net metering, utility ownership, and agreed standards)","uncertain utility interaction (net metering, utility ownership, and agreed standards)",matched,correct_id,False,45,20260630_105839
phi4_generalist_45_b8,phi4,phi4_generalist,generalist,8,8,misconception and lack of knowledge leads to lengthy/expensive design and permit process,misconception and lack of knowledge leads to lengthy/expensive design and permit process,matched,correct_id,False,45,20260630_105839
phi4_generalist_45_b10,phi4,phi4_generalist,generalist,10,10,uncertain regulatory roadmap,uncertain regulatory roadmap,matched,correct_id,False,45,20260630_105839
phi4_normative_45_b1,phi4,phi4_normative,normative,1,1,"power losses, quality and safety issues","power losses, quality and safety issues",matched,correct_id,False,45,20260630_105839
phi4_normative_45_b4,phi4,phi4_normative,normative,4,4,"uncertain utility interaction (net metering, utility ownership, and agreed standards)","uncertain utility interaction (net metering, utility ownership, and agreed standards)",matched,correct_id,False,45,20260630_105839
phi4_normative_45_b6,phi4,phi4_normative,normative,6,6,public perception of DC and readiness to 'champion' installations from DC projects,public perception of DC and readiness to 'champion' installations from DC projects,matched,correct_id,False,45,20260630_105839
phi4_normative_45_b8,phi4,phi4_normative,normative,8,8,misconception and lack of knowledge leads to lengthy/expensive design and permit process,misconception and lack of knowledge leads to lengthy/expensive design and permit process,matched,correct_id,False,45,20260630_105839
phi4_normative_45_b10,phi4,phi4_normative,normative,10,10,uncertain regulatory roadmap,uncertain regulatory roadmap,matched,correct_id,False,45,20260630_105839
phi4_subject-matter_45_b1,phi4,phi4_subject-matter,subject-matter,1,1,"power losses, quality and safety issues","power losses, quality and safety issues",matched,correct_id,False,45,20260630_105839
phi4_subject-matter_45_b4,phi4,phi4_subject-matter,subject-matter,4,4,"uncertain utility interaction (net metering, utility ownership, and agreed standards)","uncertain utility interaction (net metering, utility ownership, and agreed standards)",matched,correct_id,False,45,20260630_105839
phi4_subject-matter_45_b5,phi4,phi4_subject-matter,subject-matter,5,5,lack of pilot projects,lack of pilot projects,matched,correct_id,False,45,20260630_105839
phi4_subject-matter_45_b9,phi4,phi4_subject-matter,subject-matter,9,9,lack of enough trained personnel in DC systems,lack of enough trained personnel in DC systems,matched,correct_id,False,45,20260630_105839
phi4_subject-matter_45_b10,phi4,phi4_subject-matter,subject-matter,10,10,uncertain regulatory roadmap,uncertain regulatory roadmap,matched,correct_id,False,45,20260630_105839
gemma3_generalist_45_b1,gemma3,gemma3_generalist,generalist,1,1,"power losses, quality and safety issues","power losses, quality and safety issues",matched,correct_id,False,45,20260630_105839
gemma3_generalist_45_b5,gemma3,gemma3_generalist,generalist,5,2,lack of pilot projects,lack of pilot projects,matched,corrected_from_label,False,45,20260630_105839
gemma3_generalist_45_b6,gemma3,gemma3_generalist,generalist,6,3,public perception of DC and readiness to 'champion' installations from DC projects,public perception of DC and readiness to 'champion' installations from DC projects,matched,corrected_from_label,False,45,20260630_105839
gemma3_generalist_45_b8,gemma3,gemma3_generalist,generalist,8,4,misconception and lack of knowledge leads to lengthy/expensive design and permit process,misconception and lack of knowledge leads to lengthy/expensive design and permit process,matched,corrected_from_label,False,45,20260630_105839
gemma3_generalist_45_b11,gemma3,gemma3_generalist,generalist,11,5,high costs of DC solutions,high costs of DC solutions,matched,corrected_from_label,False,45,20260630_105839
gemma3_normative_45_b1,gemma3,gemma3_normative,normative,1,1,"power losses, quality and safety issues","power losses, quality and safety issues",matched,correct_id,False,45,20260630_105839
gemma3_normative_45_b4,gemma3,gemma3_normative,normative,4,4,"uncertain utility interaction (net metering, utility ownership, and agreed standards)","uncertain utility interaction (net metering, utility ownership, and agreed standards)",matched,correct_id,False,45,20260630_105839
gemma3_normative_45_b6,gemma3,gemma3_normative,normative,6,6,public perception of DC and readiness to 'champion' installations from DC projects,public perception of DC and readiness to 'champion' installations from DC projects,matched,correct_id,False,45,20260630_105839
gemma3_normative_45_b8,gemma3,gemma3_normative,normative,8,8,misconception and lack of knowledge leads to lengthy/expensive design and permit process,misconception and lack of knowledge leads to lengthy/expensive design and permit process,matched,correct_id,False,45,20260630_105839
gemma3_normative_45_b11,gemma3,gemma3_normative,normative,11,11,high costs of DC solutions,high costs of DC solutions,matched,correct_id,False,45,20260630_105839
gemma3_subject-matter_45_b1,gemma3,gemma3_subject-matter,subject-matter,1,1,"power losses, quality and safety issues","power losses, quality and safety issues",matched,correct_id,False,45,20260630_105839
gemma3_subject-matter_45_b5,gemma3,gemma3_subject-matter,subject-matter,5,2,lack of pilot projects,lack of pilot projects,matched,corrected_from_label,False,45,20260630_105839
gemma3_subject-matter_45_b4,gemma3,gemma3_subject-matter,subject-matter,4,3,"uncertain utility interaction (net metering, utility ownership, and agreed standards)","uncertain utility interaction (net metering, utility ownership, and agreed standards)",matched,corrected_from_label,False,45,20260630_105839
gemma3_subject-matter_45_b8,gemma3,gemma3_subject-matter,subject-matter,8,4,misconception and lack of knowledge leads to lengthy/expensive design and permit process,misconception and lack of knowledge leads to lengthy/expensive design and permit process,matched,corrected_from_label,False,45,20260630_105839
gemma3_subject-matter_45_b11,gemma3,gemma3_subject-matter,subject-matter,11,5,high costs of DC solutions,high costs of DC solutions,matched,corrected_from_label,False,45,20260630_105839
llama_generalist_45_b1,llama,llama_generalist,generalist,1,1,"power losses, quality and safety issues","Power losses, quality, and safety issues",matched,correct_id,False,45,20260630_105839
llama_generalist_45_b3,llama,llama_generalist,generalist,3,2,lack of use-cases in which DC is advantageous,Lack of use-cases in which DC is advantageous,matched,corrected_from_label,False,45,20260630_105839
llama_generalist_45_b4,llama,llama_generalist,generalist,4,3,"uncertain utility interaction (net metering, utility ownership, and agreed standards)","Uncertain utility interaction (net metering, utility ownership, and agreed standards)",matched,corrected_from_label,False,45,20260630_105839
llama_generalist_45_b11,llama,llama_generalist,generalist,11,4,high costs of DC solutions,High costs of DC solutions,matched,corrected_from_label,False,45,20260630_105839
llama_generalist_45_b7,llama,llama_generalist,generalist,7,5,incompatibility of DC systems components,Incompatibility of DC systems components,matched,corrected_from_label,False,45,20260630_105839
llama_normative_45_b1,llama,llama_normative,normative,1,1,"power losses, quality and safety issues","power losses, quality and safety issues",matched,correct_id,False,45,20260630_105839
llama_normative_45_b2,llama,llama_normative,normative,2,2,reduced reliability in DC devices,reduced reliability in DC devices,matched,correct_id,False,45,20260630_105839
llama_normative_45_b3,llama,llama_normative,normative,3,3,lack of use-cases in which DC is advantageous,lack of use-cases in which DC is advantageous,matched,correct_id,False,45,20260630_105839
llama_normative_45_b4,llama,llama_normative,normative,4,4,"uncertain utility interaction (net metering, utility ownership, and agreed standards)","uncertain utility interaction (net metering, utility ownership, and agreed standards)",matched,correct_id,False,45,20260630_105839
llama_normative_45_b5,llama,llama_normative,normative,5,5,lack of pilot projects,lack of pilot projects,matched,correct_id,False,45,20260630_105839
llama_subject-matter_45_b1,llama,llama_subject-matter,subject-matter,1,1,"power losses, quality and safety issues","Power losses, quality, and safety issues",matched,correct_id,False,45,20260630_105839
llama_subject-matter_45_b3,llama,llama_subject-matter,subject-matter,3,2,lack of use-cases in which DC is advantageous,Lack of use-cases in which DC is advantageous,matched,corrected_from_label,False,45,20260630_105839
llama_subject-matter_45_b4,llama,llama_subject-matter,subject-matter,4,3,"uncertain utility interaction (net metering, utility ownership, and agreed standards)","Uncertain utility interaction (net metering, utility ownership, and agreed standards)",matched,corrected_from_label,False,45,20260630_105839
llama_subject-matter_45_b5,llama,llama_subject-matter,subject-matter,5,4,lack of pilot projects,Lack of pilot projects,matched,corrected_from_label,False,45,20260630_105839
llama_subject-matter_45_b6,llama,llama_subject-matter,subject-matter,6,5,public perception of DC and readiness to 'champion' installations from DC projects,Public perception of DC and readiness to 'champion' installations from DC projects,matched,corrected_from_label,False,45,20260630_105839
mistral_generalist_45_b1,mistral,mistral_generalist,generalist,1,1,"power losses, quality and safety issues","Power losses, quality, and safety issues",matched,correct_id,False,45,20260630_105839
mistral_generalist_45_b4,mistral,mistral_generalist,generalist,4,2,"uncertain utility interaction (net metering, utility ownership, and agreed standards)","Uncertain utility interaction (net metering, utility ownership, and agreed standards)",matched,corrected_from_label,False,45,20260630_105839
mistral_generalist_45_b5,mistral,mistral_generalist,generalist,5,3,lack of pilot projects,Lack of pilot projects,matched,corrected_from_label,False,45,20260630_105839
mistral_generalist_45_b7,mistral,mistral_generalist,generalist,7,4,incompatibility of DC systems components,Incompatibility of DC systems components,matched,corrected_from_label,False,45,20260630_105839
mistral_generalist_45_b8,mistral,mistral_generalist,generalist,8,5,misconception and lack of knowledge leads to lengthy/expensive design and permit process,Misconception and lack of knowledge leads to lengthy/expensive design and permit process,matched,corrected_from_label,False,45,20260630_105839
mistral_normative_45_b1,mistral,mistral_normative,normative,1,1,"power losses, quality and safety issues","power losses, quality and safety issues",matched,correct_id,False,45,20260630_105839
mistral_normative_45_b2,mistral,mistral_normative,normative,2,2,reduced reliability in DC devices,reduced reliability in DC devices,matched,correct_id,False,45,20260630_105839
mistral_normative_45_b4,mistral,mistral_normative,normative,4,3,"uncertain utility interaction (net metering, utility ownership, and agreed standards)","uncertain utility interaction (net metering, utility ownership, and agreed standards)",matched,corrected_from_label,False,45,20260630_105839
mistral_normative_45_b5,mistral,mistral_normative,normative,5,4,lack of pilot projects,lack of pilot projects,matched,corrected_from_label,False,45,20260630_105839
mistral_normative_45_b11,mistral,mistral_normative,normative,11,5,high costs of DC solutions,high costs of DC solutions,matched,corrected_from_label,False,45,20260630_105839
mistral_subject-matter_45_b1,mistral,mistral_subject-matter,subject-matter,1,1,"power losses, quality and safety issues","power losses, quality and safety issues",matched,correct_id,False,45,20260630_105839
mistral_subject-matter_45_b2,mistral,mistral_subject-matter,subject-matter,2,2,reduced reliability in DC devices,reduced reliability in DC devices,matched,correct_id,False,45,20260630_105839
mistral_subject-matter_45_b4,mistral,mistral_subject-matter,subject-matter,4,3,"uncertain utility interaction (net metering, utility ownership, and agreed standards)","uncertain utility interaction (net metering, utility ownership, and agreed standards)",matched,corrected_from_label,False,45,20260630_105839
mistral_subject-matter_45_b5,mistral,mistral_subject-matter,subject-matter,5,4,lack of pilot projects,lack of pilot projects,matched,corrected_from_label,False,45,20260630_105839
mistral_subject-matter_45_b11,mistral,mistral_subject-matter,subject-matter,11,5,high costs of DC solutions,high costs of DC solutions,matched,corrected_from_label,False,45,20260630_105839
phi4_generalist_46_b1,phi4,phi4_generalist,generalist,1,1,"power losses, quality and safety issues","power losses, quality and safety issues",matched,correct_id,False,46,20260630_110020
phi4_generalist_46_b4,phi4,phi4_generalist,generalist,4,4,"uncertain utility interaction (net metering, utility ownership, and agreed standards)","uncertain utility interaction (net metering, utility ownership, and agreed standards)",matched,correct_id,False,46,20260630_110020
phi4_generalist_46_b5,phi4,phi4_generalist,generalist,5,5,lack of pilot projects,lack of pilot projects,matched,correct_id,False,46,20260630_110020
phi4_generalist_46_b9,phi4,phi4_generalist,generalist,9,9,lack of enough trained personnel in DC systems,lack of enough trained personnel in DC systems,matched,correct_id,False,46,20260630_110020
phi4_generalist_46_b10,phi4,phi4_generalist,generalist,10,10,uncertain regulatory roadmap,uncertain regulatory roadmap,matched,correct_id,False,46,20260630_110020
phi4_normative_46_b1,phi4,phi4_normative,normative,1,1,"power losses, quality and safety issues","power losses, quality and safety issues",matched,correct_id,False,46,20260630_110020
phi4_normative_46_b2,phi4,phi4_normative,normative,2,2,reduced reliability in DC devices,reduced reliability in DC devices,matched,correct_id,False,46,20260630_110020
phi4_normative_46_b4,phi4,phi4_normative,normative,4,3,"uncertain utility interaction (net metering, utility ownership, and agreed standards)","uncertain utility interaction (net metering, utility ownership, and agreed standards)",matched,corrected_from_label,False,46,20260630_110020
phi4_normative_46_b6,phi4,phi4_normative,normative,6,6,public perception of DC and readiness to 'champion' installations from DC projects,public perception of DC and readiness to 'champion' installations from DC projects,matched,correct_id,False,46,20260630_110020
phi4_normative_46_b10,phi4,phi4_normative,normative,10,10,uncertain regulatory roadmap,uncertain regulatory roadmap,matched,correct_id,False,46,20260630_110020
phi4_subject-matter_46_b1,phi4,phi4_subject-matter,subject-matter,1,1,"power losses, quality and safety issues","power losses, quality and safety issues",matched,correct_id,False,46,20260630_110020
phi4_subject-matter_46_b2,phi4,phi4_subject-matter,subject-matter,2,2,reduced reliability in DC devices,reduced reliability in DC devices,matched,correct_id,False,46,20260630_110020
phi4_subject-matter_46_b4,phi4,phi4_subject-matter,subject-matter,4,4,"uncertain utility interaction (net metering, utility ownership, and agreed standards)","uncertain utility interaction (net metering, utility ownership, and agreed standards)",matched,correct_id,False,46,20260630_110020
phi4_subject-matter_46_b5,phi4,phi4_subject-matter,subject-matter,5,5,lack of pilot projects,lack of pilot projects,matched,correct_id,False,46,20260630_110020
phi4_subject-matter_46_b9,phi4,phi4_subject-matter,subject-matter,9,9,lack of enough trained personnel in DC systems,lack of enough trained personnel in DC systems,matched,correct_id,False,46,20260630_110020
gemma3_generalist_46_b1,gemma3,gemma3_generalist,generalist,1,1,"power losses, quality and safety issues","power losses, quality and safety issues",matched,correct_id,False,46,20260630_110020
gemma3_generalist_46_b5,gemma3,gemma3_generalist,generalist,5,2,lack of pilot projects,lack of pilot projects,matched,corrected_from_label,False,46,20260630_110020
gemma3_generalist_46_b6,gemma3,gemma3_generalist,generalist,6,3,public perception of DC and readiness to 'champion' installations from DC projects,public perception of DC and readiness to 'champion' installations from DC projects,matched,corrected_from_label,False,46,20260630_110020
gemma3_generalist_46_b8,gemma3,gemma3_generalist,generalist,8,4,misconception and lack of knowledge leads to lengthy/expensive design and permit process,misconception and lack of knowledge leads to lengthy/expensive design and permit process,matched,corrected_from_label,False,46,20260630_110020
gemma3_generalist_46_b11,gemma3,gemma3_generalist,generalist,11,5,high costs of DC solutions,high costs of DC solutions,matched,corrected_from_label,False,46,20260630_110020
gemma3_normative_46_b1,gemma3,gemma3_normative,normative,1,1,"power losses, quality and safety issues","power losses, quality and safety issues",matched,correct_id,False,46,20260630_110020
gemma3_normative_46_b4,gemma3,gemma3_normative,normative,4,4,"uncertain utility interaction (net metering, utility ownership, and agreed standards)","uncertain utility interaction (net metering, utility ownership, and agreed standards)",matched,correct_id,False,46,20260630_110020
gemma3_normative_46_b8,gemma3,gemma3_normative,normative,8,8,misconception and lack of knowledge leads to lengthy/expensive design and permit process,misconception and lack of knowledge leads to lengthy/expensive design and permit process,matched,correct_id,False,46,20260630_110020
gemma3_normative_46_b9,gemma3,gemma3_normative,normative,9,9,lack of enough trained personnel in DC systems,lack of enough trained personnel in DC systems,matched,correct_id,False,46,20260630_110020
gemma3_normative_46_b11,gemma3,gemma3_normative,normative,11,11,high costs of DC solutions,high costs of DC solutions,matched,correct_id,False,46,20260630_110020
gemma3_subject-matter_46_b1,gemma3,gemma3_subject-matter,subject-matter,1,1,"power losses, quality and safety issues","power losses, quality and safety issues",matched,correct_id,False,46,20260630_110020
gemma3_subject-matter_46_b5,gemma3,gemma3_subject-matter,subject-matter,5,2,lack of pilot projects,lack of pilot projects,matched,corrected_from_label,False,46,20260630_110020
gemma3_subject-matter_46_b6,gemma3,gemma3_subject-matter,subject-matter,6,3,public perception of DC and readiness to 'champion' installations from DC projects,public perception of DC and readiness to 'champion' installations from DC projects,matched,corrected_from_label,False,46,20260630_110020
gemma3_subject-matter_46_b9,gemma3,gemma3_subject-matter,subject-matter,9,4,lack of enough trained personnel in DC systems,lack of enough trained personnel in DC systems,matched,corrected_from_label,False,46,20260630_110020
gemma3_subject-matter_46_b10,gemma3,gemma3_subject-matter,subject-matter,10,5,uncertain regulatory roadmap,uncertain regulatory roadmap,matched,corrected_from_label,False,46,20260630_110020
llama_generalist_46_b1,llama,llama_generalist,generalist,1,1,"power losses, quality and safety issues","Power losses, quality, and safety issues",matched,correct_id,False,46,20260630_110020
llama_generalist_46_b2,llama,llama_generalist,generalist,2,2,reduced reliability in DC devices,Reduced reliability in DC devices,matched,correct_id,False,46,20260630_110020
llama_generalist_46_b3,llama,llama_generalist,generalist,3,3,lack of use-cases in which DC is advantageous,Lack of use-cases in which DC is advantageous,matched,correct_id,False,46,20260630_110020
llama_generalist_46_b4,llama,llama_generalist,generalist,4,4,"uncertain utility interaction (net metering, utility ownership, and agreed standards)","Uncertain utility interaction (net metering, utility ownership, and agreed standards)",matched,correct_id,False,46,20260630_110020
llama_generalist_46_b5,llama,llama_generalist,generalist,5,5,lack of pilot projects,Lack of pilot projects,matched,correct_id,False,46,20260630_110020
llama_normative_46_b1,llama,llama_normative,normative,1,1,"power losses, quality and safety issues","power losses, quality and safety issues",matched,correct_id,False,46,20260630_110020
llama_normative_46_b2,llama,llama_normative,normative,2,2,reduced reliability in DC devices,reduced reliability in DC devices,matched,correct_id,False,46,20260630_110020
llama_normative_46_b3,llama,llama_normative,normative,3,3,lack of use-cases in which DC is advantageous,lack of use-cases in which DC is advantageous,matched,correct_id,False,46,20260630_110020
llama_normative_46_b4,llama,llama_normative,normative,4,4,"uncertain utility interaction (net metering, utility ownership, and agreed standards)","uncertain utility interaction (net metering, utility ownership, and agreed standards)",matched,correct_id,False,46,20260630_110020
llama_normative_46_b5,llama,llama_normative,normative,5,5,lack of pilot projects,lack of pilot projects,matched,correct_id,False,46,20260630_110020
llama_subject-matter_46_b1,llama,llama_subject-matter,subject-matter,1,1,"power losses, quality and safety issues","Power losses, quality, and safety issues",matched,correct_id,False,46,20260630_110020
llama_subject-matter_46_b2,llama,llama_subject-matter,subject-matter,2,2,reduced reliability in DC devices,Reduced reliability in DC devices,matched,correct_id,False,46,20260630_110020
llama_subject-matter_46_b3,llama,llama_subject-matter,subject-matter,3,3,lack of use-cases in which DC is advantageous,Lack of use-cases in which DC is advantageous,matched,correct_id,False,46,20260630_110020
llama_subject-matter_46_b4,llama,llama_subject-matter,subject-matter,4,4,"uncertain utility interaction (net metering, utility ownership, and agreed standards)","Uncertain utility interaction (net metering, utility ownership, and agreed standards)",matched,correct_id,False,46,20260630_110020
llama_subject-matter_46_b5,llama,llama_subject-matter,subject-matter,5,5,lack of pilot projects,Lack of pilot projects,matched,correct_id,False,46,20260630_110020
mistral_generalist_46_b1,mistral,mistral_generalist,generalist,1,1,"power losses, quality and safety issues","power losses, quality and safety issues",matched,correct_id,False,46,20260630_110020
mistral_generalist_46_b2,mistral,mistral_generalist,generalist,2,2,reduced reliability in DC devices,reduced reliability in DC devices,matched,correct_id,False,46,20260630_110020
mistral_generalist_46_b3,mistral,mistral_generalist,generalist,3,3,lack of use-cases in which DC is advantageous,lack of use-cases in which DC is advantageous,matched,correct_id,False,46,20260630_110020
mistral_generalist_46_b4,mistral,mistral_generalist,generalist,4,4,"uncertain utility interaction (net metering, utility ownership, and agreed standards)","uncertain utility interaction (net metering, utility ownership, and agreed standards)",matched,correct_id,False,46,20260630_110020
mistral_generalist_46_b5,mistral,mistral_generalist,generalist,5,5,lack of pilot projects,lack of pilot projects,matched,correct_id,False,46,20260630_110020
mistral_normative_46_b1,mistral,mistral_normative,normative,1,1,"power losses, quality and safety issues","power losses, quality and safety issues",matched,correct_id,False,46,20260630_110020
mistral_normative_46_b2,mistral,mistral_normative,normative,2,2,reduced reliability in DC devices,reduced reliability in DC devices,matched,correct_id,False,46,20260630_110020
mistral_normative_46_b4,mistral,mistral_normative,normative,4,3,"uncertain utility interaction (net metering, utility ownership, and agreed standards)","uncertain utility interaction (net metering, utility ownership, and agreed standards)",matched,corrected_from_label,False,46,20260630_110020
mistral_normative_46_b5,mistral,mistral_normative,normative,5,4,lack of pilot projects,lack of pilot projects,matched,corrected_from_label,False,46,20260630_110020
mistral_normative_46_b9,mistral,mistral_normative,normative,9,5,lack of enough trained personnel in DC systems,lack of enough trained personnel in DC systems,matched,corrected_from_label,False,46,20260630_110020
mistral_subject-matter_46_b1,mistral,mistral_subject-matter,subject-matter,1,1,"power losses, quality and safety issues","power losses, quality and safety issues",matched,correct_id,False,46,20260630_110020
mistral_subject-matter_46_b2,mistral,mistral_subject-matter,subject-matter,2,2,reduced reliability in DC devices,reduced reliability in DC devices,matched,correct_id,False,46,20260630_110020
mistral_subject-matter_46_b3,mistral,mistral_subject-matter,subject-matter,3,3,lack of use-cases in which DC is advantageous,lack of use-cases in which DC is advantageous,matched,correct_id,False,46,20260630_110020
mistral_subject-matter_46_b4,mistral,mistral_subject-matter,subject-matter,4,4,"uncertain utility interaction (net metering, utility ownership, and agreed standards)","uncertain utility interaction (net metering, utility ownership, and agreed standards)",matched,correct_id,False,46,20260630_110020
mistral_subject-matter_46_b5,mistral,mistral_subject-matter,subject-matter,5,5,lack of pilot projects,lack of pilot projects,matched,correct_id,False,46,20260630_110020
phi4_generalist_47_b1,phi4,phi4_generalist,generalist,1,1,"power losses, quality and safety issues","power losses, quality and safety issues",matched,correct_id,False,47,20260630_110154
phi4_generalist_47_b3,phi4,phi4_generalist,generalist,3,3,lack of use-cases in which DC is advantageous,lack of use-cases in which DC is advantageous,matched,correct_id,False,47,20260630_110154
phi4_generalist_47_b4,phi4,phi4_generalist,generalist,4,4,"uncertain utility interaction (net metering, utility ownership, and agreed standards)","uncertain utility interaction (net metering, utility ownership, and agreed standards)",matched,correct_id,False,47,20260630_110154
phi4_generalist_47_b8,phi4,phi4_generalist,generalist,8,8,misconception and lack of knowledge leads to lengthy/expensive design and permit process,misconception and lack of knowledge leads to lengthy/expensive design and permit process,matched,correct_id,False,47,20260630_110154
phi4_generalist_47_b10,phi4,phi4_generalist,generalist,10,10,uncertain regulatory roadmap,uncertain regulatory roadmap,matched,correct_id,False,47,20260630_110154
phi4_normative_47_b1,phi4,phi4_normative,normative,1,1,"power losses, quality and safety issues","power losses, quality and safety issues",matched,correct_id,False,47,20260630_110154
phi4_normative_47_b3,phi4,phi4_normative,normative,3,3,lack of use-cases in which DC is advantageous,lack of use-cases in which DC is advantageous,matched,correct_id,False,47,20260630_110154
phi4_normative_47_b4,phi4,phi4_normative,normative,4,4,"uncertain utility interaction (net metering, utility ownership, and agreed standards)","uncertain utility interaction (net metering, utility ownership, and agreed standards)",matched,correct_id,False,47,20260630_110154
phi4_normative_47_b8,phi4,phi4_normative,normative,8,8,misconception and lack of knowledge leads to lengthy/expensive design and permit process,misconception and lack of knowledge leads to lengthy/expensive design and permit process,matched,correct_id,False,47,20260630_110154
phi4_normative_47_b10,phi4,phi4_normative,normative,10,10,uncertain regulatory roadmap,uncertain regulatory roadmap,matched,correct_id,False,47,20260630_110154
phi4_subject-matter_47_b1,phi4,phi4_subject-matter,subject-matter,1,1,"power losses, quality and safety issues","power losses, quality and safety issues",matched,correct_id,False,47,20260630_110154
phi4_subject-matter_47_b2,phi4,phi4_subject-matter,subject-matter,2,2,reduced reliability in DC devices,reduced reliability in DC devices,matched,correct_id,False,47,20260630_110154
phi4_subject-matter_47_b3,phi4,phi4_subject-matter,subject-matter,3,3,lack of use-cases in which DC is advantageous,lack of use-cases in which DC is advantageous,matched,correct_id,False,47,20260630_110154
phi4_subject-matter_47_b4,phi4,phi4_subject-matter,subject-matter,4,4,"uncertain utility interaction (net metering, utility ownership, and agreed standards)","uncertain utility interaction (net metering, utility ownership, and agreed standards)",matched,correct_id,False,47,20260630_110154
phi4_subject-matter_47_b5,phi4,phi4_subject-matter,subject-matter,5,5,lack of pilot projects,lack of pilot projects,matched,correct_id,False,47,20260630_110154
gemma3_generalist_47_b1,gemma3,gemma3_generalist,generalist,1,1,"power losses, quality and safety issues","power losses, quality and safety issues",matched,correct_id,False,47,20260630_110154
gemma3_generalist_47_b5,gemma3,gemma3_generalist,generalist,5,2,lack of pilot projects,lack of pilot projects,matched,corrected_from_label,False,47,20260630_110154
gemma3_generalist_47_b6,gemma3,gemma3_generalist,generalist,6,3,public perception of DC and readiness to 'champion' installations from DC projects,public perception of DC and readiness to 'champion' installations from DC projects,matched,corrected_from_label,False,47,20260630_110154
gemma3_generalist_47_b9,gemma3,gemma3_generalist,generalist,9,4,lack of enough trained personnel in DC systems,lack of enough trained personnel in DC systems,matched,corrected_from_label,False,47,20260630_110154
gemma3_generalist_47_b11,gemma3,gemma3_generalist,generalist,11,5,high costs of DC solutions,high costs of DC solutions,matched,corrected_from_label,False,47,20260630_110154
gemma3_normative_47_b1,gemma3,gemma3_normative,normative,1,1,"power losses, quality and safety issues","power losses, quality and safety issues",matched,correct_id,False,47,20260630_110154
gemma3_normative_47_b4,gemma3,gemma3_normative,normative,4,4,"uncertain utility interaction (net metering, utility ownership, and agreed standards)","uncertain utility interaction (net metering, utility ownership, and agreed standards)",matched,correct_id,False,47,20260630_110154
gemma3_normative_47_b8,gemma3,gemma3_normative,normative,8,8,misconception and lack of knowledge leads to lengthy/expensive design and permit process,misconception and lack of knowledge leads to lengthy/expensive design and permit process,matched,correct_id,False,47,20260630_110154
gemma3_normative_47_b9,gemma3,gemma3_normative,normative,9,9,lack of enough trained personnel in DC systems,lack of enough trained personnel in DC systems,matched,correct_id,False,47,20260630_110154
gemma3_normative_47_b11,gemma3,gemma3_normative,normative,11,11,high costs of DC solutions,high costs of DC solutions,matched,correct_id,False,47,20260630_110154
gemma3_subject-matter_47_b1,gemma3,gemma3_subject-matter,subject-matter,1,1,"power losses, quality and safety issues","power losses, quality and safety issues",matched,correct_id,False,47,20260630_110154
gemma3_subject-matter_47_b5,gemma3,gemma3_subject-matter,subject-matter,5,2,lack of pilot projects,lack of pilot projects,matched,corrected_from_label,False,47,20260630_110154
gemma3_subject-matter_47_b6,gemma3,gemma3_subject-matter,subject-matter,6,3,public perception of DC and readiness to 'champion' installations from DC projects,public perception of DC and readiness to 'champion' installations from DC projects,matched,corrected_from_label,False,47,20260630_110154
gemma3_subject-matter_47_b8,gemma3,gemma3_subject-matter,subject-matter,8,4,misconception and lack of knowledge leads to lengthy/expensive design and permit process,misconception and lack of knowledge leads to lengthy/expensive design and permit process,matched,corrected_from_label,False,47,20260630_110154
gemma3_subject-matter_47_b10,gemma3,gemma3_subject-matter,subject-matter,10,5,uncertain regulatory roadmap,uncertain regulatory roadmap,matched,corrected_from_label,False,47,20260630_110154
llama_generalist_47_b1,llama,llama_generalist,generalist,1,1,"power losses, quality and safety issues","power losses, quality and safety issues",matched,correct_id,False,47,20260630_110154
llama_generalist_47_b2,llama,llama_generalist,generalist,2,2,reduced reliability in DC devices,reduced reliability in DC devices,matched,correct_id,False,47,20260630_110154
llama_generalist_47_b4,llama,llama_generalist,generalist,4,3,"uncertain utility interaction (net metering, utility ownership, and agreed standards)","uncertain utility interaction (net metering, utility ownership, and agreed standards)",matched,corrected_from_label,False,47,20260630_110154
llama_generalist_47_b5,llama,llama_generalist,generalist,5,4,lack of pilot projects,lack of pilot projects,matched,corrected_from_label,False,47,20260630_110154
llama_generalist_47_b6,llama,llama_generalist,generalist,6,5,public perception of DC and readiness to 'champion' installations from DC projects,public perception of DC and readiness to 'champion' installations from DC projects,matched,corrected_from_label,False,47,20260630_110154
llama_normative_47_b1,llama,llama_normative,normative,1,1,"power losses, quality and safety issues","power losses, quality and safety issues",matched,correct_id,False,47,20260630_110154
llama_normative_47_b2,llama,llama_normative,normative,2,2,reduced reliability in DC devices,reduced reliability in DC devices,matched,correct_id,False,47,20260630_110154
llama_normative_47_b3,llama,llama_normative,normative,3,3,lack of use-cases in which DC is advantageous,lack of use-cases in which DC is advantageous,matched,correct_id,False,47,20260630_110154
llama_normative_47_b4,llama,llama_normative,normative,4,4,"uncertain utility interaction (net metering, utility ownership, and agreed standards)","uncertain utility interaction (net metering, utility ownership, and agreed standards)",matched,correct_id,False,47,20260630_110154
llama_normative_47_b5,llama,llama_normative,normative,5,5,lack of pilot projects,lack of pilot projects,matched,correct_id,False,47,20260630_110154
llama_subject-matter_47_b3,llama,llama_subject-matter,subject-matter,3,1,lack of use-cases in which DC is advantageous,Lack of use-cases in which DC is advantageous,matched,corrected_from_label,False,47,20260630_110154
llama_subject-matter_47_b4,llama,llama_subject-matter,subject-matter,4,2,"uncertain utility interaction (net metering, utility ownership, and agreed standards)","Uncertain utility interaction (net metering, utility ownership, and agreed standards)",matched,corrected_from_label,False,47,20260630_110154
llama_subject-matter_47_b7,llama,llama_subject-matter,subject-matter,7,3,incompatibility of DC systems components,Incompatibility of DC systems components,matched,corrected_from_label,False,47,20260630_110154
llama_subject-matter_47_b6,llama,llama_subject-matter,subject-matter,6,4,public perception of DC and readiness to 'champion' installations from DC projects,Public perception of DC and readiness to 'champion' installations from DC projects,matched,corrected_from_label,False,47,20260630_110154
llama_subject-matter_47_b9,llama,llama_subject-matter,subject-matter,9,5,lack of enough trained personnel in DC systems,Lack of enough trained personnel in DC systems,matched,corrected_from_label,False,47,20260630_110154
mistral_generalist_47_b1,mistral,mistral_generalist,generalist,1,1,"power losses, quality and safety issues","Power losses, quality, and safety issues",matched,correct_id,False,47,20260630_110154
mistral_generalist_47_b4,mistral,mistral_generalist,generalist,4,2,"uncertain utility interaction (net metering, utility ownership, and agreed standards)","Uncertain utility interaction (net metering, utility ownership, and agreed standards)",matched,corrected_from_label,False,47,20260630_110154
mistral_generalist_47_b5,mistral,mistral_generalist,generalist,5,3,lack of pilot projects,Lack of pilot projects,matched,corrected_from_label,False,47,20260630_110154
mistral_generalist_47_b7,mistral,mistral_generalist,generalist,7,4,incompatibility of DC systems components,Incompatibility of DC systems components,matched,corrected_from_label,False,47,20260630_110154
mistral_generalist_47_b9,mistral,mistral_generalist,generalist,9,5,lack of enough trained personnel in DC systems,Lack of enough trained personnel in DC systems,matched,corrected_from_label,False,47,20260630_110154
mistral_normative_47_b1,mistral,mistral_normative,normative,1,1,"power losses, quality and safety issues","power losses, quality and safety issues",matched,correct_id,False,47,20260630_110154
mistral_normative_47_b2,mistral,mistral_normative,normative,2,2,reduced reliability in DC devices,reduced reliability in DC devices,matched,correct_id,False,47,20260630_110154
mistral_normative_47_b4,mistral,mistral_normative,normative,4,3,"uncertain utility interaction (net metering, utility ownership, and agreed standards)","uncertain utility interaction (net metering, utility ownership, and agreed standards)",matched,corrected_from_label,False,47,20260630_110154
mistral_normative_47_b3,mistral,mistral_normative,normative,3,4,lack of use-cases in which DC is advantageous,lack of use-cases in which DC is advantageous,matched,corrected_from_label,False,47,20260630_110154
mistral_normative_47_b5,mistral,mistral_normative,normative,5,5,lack of pilot projects,lack of pilot projects,matched,correct_id,False,47,20260630_110154
mistral_subject-matter_47_b1,mistral,mistral_subject-matter,subject-matter,1,1,"power losses, quality and safety issues","power losses, quality and safety issues",matched,correct_id,False,47,20260630_110154
mistral_subject-matter_47_b6,mistral,mistral_subject-matter,subject-matter,6,6,public perception of DC and readiness to 'champion' installations from DC projects,public perception of DC and readiness to 'champion' installations from DC projects,matched,correct_id,False,47,20260630_110154
mistral_subject-matter_47_b7,mistral,mistral_subject-matter,subject-matter,7,7,incompatibility of DC systems components,incompatibility of DC systems components,matched,correct_id,False,47,20260630_110154
mistral_subject-matter_47_b8,mistral,mistral_subject-matter,subject-matter,8,8,misconception and lack of knowledge leads to lengthy/expensive design and permit process,misconception and lack of knowledge leads to lengthy/expensive design and permit process,matched,correct_id,False,47,20260630_110154
mistral_subject-matter_47_b10,mistral,mistral_subject-matter,subject-matter,10,10,uncertain regulatory roadmap,uncertain regulatory roadmap,matched,correct_id,False,47,20260630_110154
phi4_generalist_48_b1,phi4,phi4_generalist,generalist,1,1,"power losses, quality and safety issues","power losses, quality and safety issues",matched,correct_id,False,48,20260630_115059
phi4_generalist_48_b3,phi4,phi4_generalist,generalist,3,3,lack of use-cases in which DC is advantageous,lack of use-cases in which DC is advantageous,matched,correct_id,False,48,20260630_115059
phi4_generalist_48_b4,phi4,phi4_generalist,generalist,4,4,"uncertain utility interaction (net metering, utility ownership, and agreed standards)","uncertain utility interaction (net metering, utility ownership, and agreed standards)",matched,correct_id,False,48,20260630_115059
phi4_generalist_48_b5,phi4,phi4_generalist,generalist,5,5,lack of pilot projects,lack of pilot projects,matched,correct_id,False,48,20260630_115059
phi4_generalist_48_b10,phi4,phi4_generalist,generalist,10,10,uncertain regulatory roadmap,uncertain regulatory roadmap,matched,correct_id,False,48,20260630_115059
phi4_normative_48_b1,phi4,phi4_normative,normative,1,1,"power losses, quality and safety issues","power losses, quality and safety issues",matched,correct_id,False,48,20260630_115059
phi4_normative_48_b4,phi4,phi4_normative,normative,4,4,"uncertain utility interaction (net metering, utility ownership, and agreed standards)","uncertain utility interaction (net metering, utility ownership, and agreed standards)",matched,correct_id,False,48,20260630_115059
phi4_normative_48_b6,phi4,phi4_normative,normative,6,6,public perception of DC and readiness to 'champion' installations from DC projects,public perception of DC and readiness to 'champion' installations from DC projects,matched,correct_id,False,48,20260630_115059
phi4_normative_48_b8,phi4,phi4_normative,normative,8,8,misconception and lack of knowledge leads to lengthy/expensive design and permit process,misconception and lack of knowledge leads to lengthy/expensive design and permit process,matched,correct_id,False,48,20260630_115059
phi4_normative_48_b10,phi4,phi4_normative,normative,10,10,uncertain regulatory roadmap,uncertain regulatory roadmap,matched,correct_id,False,48,20260630_115059
phi4_subject-matter_48_b1,phi4,phi4_subject-matter,subject-matter,1,1,"power losses, quality and safety issues","power losses, quality and safety issues",matched,correct_id,False,48,20260630_115059
phi4_subject-matter_48_b3,phi4,phi4_subject-matter,subject-matter,3,3,lack of use-cases in which DC is advantageous,lack of use-cases in which DC is advantageous,matched,correct_id,False,48,20260630_115059
phi4_subject-matter_48_b4,phi4,phi4_subject-matter,subject-matter,4,4,"uncertain utility interaction (net metering, utility ownership, and agreed standards)","uncertain utility interaction (net metering, utility ownership, and agreed standards)",matched,correct_id,False,48,20260630_115059
phi4_subject-matter_48_b8,phi4,phi4_subject-matter,subject-matter,8,8,misconception and lack of knowledge leads to lengthy/expensive design and permit process,misconception and lack of knowledge leads to lengthy/expensive design and permit process,matched,correct_id,False,48,20260630_115059
phi4_subject-matter_48_b10,phi4,phi4_subject-matter,subject-matter,10,10,uncertain regulatory roadmap,uncertain regulatory roadmap,matched,correct_id,False,48,20260630_115059
gemma3_generalist_48_b1,gemma3,gemma3_generalist,generalist,1,1,"power losses, quality and safety issues","power losses, quality and safety issues",matched,correct_id,False,48,20260630_115059
gemma3_generalist_48_b5,gemma3,gemma3_generalist,generalist,5,2,lack of pilot projects,lack of pilot projects,matched,corrected_from_label,False,48,20260630_115059
gemma3_generalist_48_b6,gemma3,gemma3_generalist,generalist,6,3,public perception of DC and readiness to 'champion' installations from DC projects,public perception of DC and readiness to 'champion' installations from DC projects,matched,corrected_from_label,False,48,20260630_115059
gemma3_generalist_48_b8,gemma3,gemma3_generalist,generalist,8,4,misconception and lack of knowledge leads to lengthy/expensive design and permit process,misconception and lack of knowledge leads to lengthy/expensive design and permit process,matched,corrected_from_label,False,48,20260630_115059
gemma3_generalist_48_b11,gemma3,gemma3_generalist,generalist,11,5,high costs of DC solutions,high costs of DC solutions,matched,corrected_from_label,False,48,20260630_115059
gemma3_normative_48_b1,gemma3,gemma3_normative,normative,1,1,"power losses, quality and safety issues","power losses, quality and safety issues",matched,correct_id,False,48,20260630_115059
gemma3_normative_48_b4,gemma3,gemma3_normative,normative,4,2,"uncertain utility interaction (net metering, utility ownership, and agreed standards)","uncertain utility interaction (net metering, utility ownership, and agreed standards)",matched,corrected_from_label,False,48,20260630_115059
gemma3_normative_48_b8,gemma3,gemma3_normative,normative,8,3,misconception and lack of knowledge leads to lengthy/expensive design and permit process,misconception and lack of knowledge leads to lengthy/expensive design and permit process,matched,corrected_from_label,False,48,20260630_115059
gemma3_normative_48_b9,gemma3,gemma3_normative,normative,9,4,lack of enough trained personnel in DC systems,lack of enough trained personnel in DC systems,matched,corrected_from_label,False,48,20260630_115059
gemma3_normative_48_b11,gemma3,gemma3_normative,normative,11,5,high costs of DC solutions,high costs of DC solutions,matched,corrected_from_label,False,48,20260630_115059
gemma3_subject-matter_48_b1,gemma3,gemma3_subject-matter,subject-matter,1,1,"power losses, quality and safety issues","power losses, quality and safety issues",matched,correct_id,False,48,20260630_115059
gemma3_subject-matter_48_b5,gemma3,gemma3_subject-matter,subject-matter,5,2,lack of pilot projects,lack of pilot projects,matched,corrected_from_label,False,48,20260630_115059
gemma3_subject-matter_48_b6,gemma3,gemma3_subject-matter,subject-matter,6,3,public perception of DC and readiness to 'champion' installations from DC projects,public perception of DC and readiness to 'champion' installations from DC projects,matched,corrected_from_label,False,48,20260630_115059
gemma3_subject-matter_48_b10,gemma3,gemma3_subject-matter,subject-matter,10,4,uncertain regulatory roadmap,uncertain regulatory roadmap,matched,corrected_from_label,False,48,20260630_115059
gemma3_subject-matter_48_b11,gemma3,gemma3_subject-matter,subject-matter,11,5,high costs of DC solutions,high costs of DC solutions,matched,corrected_from_label,False,48,20260630_115059
llama_generalist_48_b1,llama,llama_generalist,generalist,1,1,"power losses, quality and safety issues","power losses, quality, and safety issues",matched,correct_id,False,48,20260630_115059
llama_generalist_48_b2,llama,llama_generalist,generalist,2,2,reduced reliability in DC devices,reduced reliability in DC devices,matched,correct_id,False,48,20260630_115059
llama_generalist_48_b3,llama,llama_generalist,generalist,3,3,lack of use-cases in which DC is advantageous,lack of use-cases in which DC is advantageous,matched,correct_id,False,48,20260630_115059
llama_generalist_48_b4,llama,llama_generalist,generalist,4,4,"uncertain utility interaction (net metering, utility ownership, and agreed standards)","uncertain utility interaction (net metering, utility ownership, and agreed standards)",matched,correct_id,False,48,20260630_115059
llama_generalist_48_b5,llama,llama_generalist,generalist,5,5,lack of pilot projects,lack of pilot projects,matched,correct_id,False,48,20260630_115059
llama_normative_48_b1,llama,llama_normative,normative,1,1,"power losses, quality and safety issues","power losses, quality and safety issues",matched,correct_id,False,48,20260630_115059
llama_normative_48_b2,llama,llama_normative,normative,2,2,reduced reliability in DC devices,reduced reliability in DC devices,matched,correct_id,False,48,20260630_115059
llama_normative_48_b4,llama,llama_normative,normative,4,3,"uncertain utility interaction (net metering, utility ownership, and agreed standards)","uncertain utility interaction (net metering, utility ownership, and agreed standards)",matched,corrected_from_label,False,48,20260630_115059
llama_normative_48_b5,llama,llama_normative,normative,5,4,lack of pilot projects,lack of pilot projects,matched,corrected_from_label,False,48,20260630_115059
llama_normative_48_b6,llama,llama_normative,normative,6,5,public perception of DC and readiness to 'champion' installations from DC projects,public perception of DC and readiness to 'champion' installations from DC projects,matched,corrected_from_label,False,48,20260630_115059
llama_subject-matter_48_b1,llama,llama_subject-matter,subject-matter,1,1,"power losses, quality and safety issues","Power losses, quality, and safety issues",matched,correct_id,False,48,20260630_115059
llama_subject-matter_48_b3,llama,llama_subject-matter,subject-matter,3,2,lack of use-cases in which DC is advantageous,Lack of use-cases in which DC is advantageous,matched,corrected_from_label,False,48,20260630_115059
llama_subject-matter_48_b4,llama,llama_subject-matter,subject-matter,4,3,"uncertain utility interaction (net metering, utility ownership, and agreed standards)","Uncertain utility interaction (net metering, utility ownership, and agreed standards)",matched,corrected_from_label,False,48,20260630_115059
llama_subject-matter_48_b7,llama,llama_subject-matter,subject-matter,7,4,incompatibility of DC systems components,Incompatibility of DC systems components,matched,corrected_from_label,False,48,20260630_115059
llama_subject-matter_48_b8,llama,llama_subject-matter,subject-matter,8,5,misconception and lack of knowledge leads to lengthy/expensive design and permit process,Misconception and lack of knowledge leads to lengthy/expensive design and permit process,matched,corrected_from_label,False,48,20260630_115059
mistral_generalist_48_b1,mistral,mistral_generalist,generalist,1,1,"power losses, quality and safety issues","Power losses, quality, and safety issues",matched,correct_id,False,48,20260630_115059
mistral_generalist_48_b3,mistral,mistral_generalist,generalist,3,2,lack of use-cases in which DC is advantageous,Lack of use-cases in which DC is advantageous,matched,corrected_from_label,False,48,20260630_115059
mistral_generalist_48_b4,mistral,mistral_generalist,generalist,4,3,"uncertain utility interaction (net metering, utility ownership, and agreed standards)","Uncertain utility interaction (net metering, utility ownership, and agreed standards)",matched,corrected_from_label,False,48,20260630_115059
mistral_generalist_48_b5,mistral,mistral_generalist,generalist,5,4,lack of pilot projects,Lack of pilot projects,matched,corrected_from_label,False,48,20260630_115059
mistral_generalist_48_b7,mistral,mistral_generalist,generalist,7,5,incompatibility of DC systems components,Incompatibility of DC systems components,matched,corrected_from_label,False,48,20260630_115059
mistral_normative_48_b1,mistral,mistral_normative,normative,1,1,"power losses, quality and safety issues","power losses, quality and safety issues",matched,correct_id,False,48,20260630_115059
mistral_normative_48_b2,mistral,mistral_normative,normative,2,2,reduced reliability in DC devices,reduced reliability in DC devices,matched,correct_id,False,48,20260630_115059
mistral_normative_48_b4,mistral,mistral_normative,normative,4,3,"uncertain utility interaction (net metering, utility ownership, and agreed standards)","uncertain utility interaction (net metering, utility ownership, and agreed standards)",matched,corrected_from_label,False,48,20260630_115059
mistral_normative_48_b5,mistral,mistral_normative,normative,5,4,lack of pilot projects,lack of pilot projects,matched,corrected_from_label,False,48,20260630_115059
mistral_normative_48_b7,mistral,mistral_normative,normative,7,5,incompatibility of DC systems components,incompatibility of DC systems components,matched,corrected_from_label,False,48,20260630_115059
mistral_subject-matter_48_b1,mistral,mistral_subject-matter,subject-matter,1,1,"power losses, quality and safety issues","power losses, quality and safety issues",matched,correct_id,False,48,20260630_115059
mistral_subject-matter_48_b4,mistral,mistral_subject-matter,subject-matter,4,4,"uncertain utility interaction (net metering, utility ownership, and agreed standards)","uncertain utility interaction (net metering, utility ownership, and agreed standards)",matched,correct_id,False,48,20260630_115059
mistral_subject-matter_48_b5,mistral,mistral_subject-matter,subject-matter,5,5,lack of pilot projects,lack of pilot projects,matched,correct_id,False,48,20260630_115059
mistral_subject-matter_48_b7,mistral,mistral_subject-matter,subject-matter,7,7,incompatibility of DC systems components,incompatibility of DC systems components,matched,correct_id,False,48,20260630_115059
mistral_subject-matter_48_b9,mistral,mistral_subject-matter,subject-matter,9,9,lack of enough trained personnel in DC systems,lack of enough trained personnel in DC systems,matched,correct_id,False,48,20260630_115059
phi4_generalist_49_b1,phi4,phi4_generalist,generalist,1,1,"power losses, quality and safety issues","power losses, quality and safety issues",matched,correct_id,False,49,20260630_115234
phi4_generalist_49_b3,phi4,phi4_generalist,generalist,3,3,lack of use-cases in which DC is advantageous,lack of use-cases in which DC is advantageous,matched,correct_id,False,49,20260630_115234
phi4_generalist_49_b4,phi4,phi4_generalist,generalist,4,4,"uncertain utility interaction (net metering, utility ownership, and agreed standards)","uncertain utility interaction (net metering, utility ownership, and agreed standards)",matched,correct_id,False,49,20260630_115234
phi4_generalist_49_b5,phi4,phi4_generalist,generalist,5,5,lack of pilot projects,lack of pilot projects,matched,correct_id,False,49,20260630_115234
phi4_generalist_49_b10,phi4,phi4_generalist,generalist,10,10,uncertain regulatory roadmap,uncertain regulatory roadmap,matched,correct_id,False,49,20260630_115234
phi4_normative_49_b1,phi4,phi4_normative,normative,1,1,"power losses, quality and safety issues","power losses, quality and safety issues",matched,correct_id,False,49,20260630_115234
phi4_normative_49_b3,phi4,phi4_normative,normative,3,3,lack of use-cases in which DC is advantageous,lack of use-cases in which DC is advantageous,matched,correct_id,False,49,20260630_115234
phi4_normative_49_b4,phi4,phi4_normative,normative,4,4,"uncertain utility interaction (net metering, utility ownership, and agreed standards)","uncertain utility interaction (net metering, utility ownership, and agreed standards)",matched,correct_id,False,49,20260630_115234
phi4_normative_49_b5,phi4,phi4_normative,normative,5,5,lack of pilot projects,lack of pilot projects,matched,correct_id,False,49,20260630_115234
phi4_normative_49_b10,phi4,phi4_normative,normative,10,10,uncertain regulatory roadmap,uncertain regulatory roadmap,matched,correct_id,False,49,20260630_115234
phi4_subject-matter_49_b1,phi4,phi4_subject-matter,subject-matter,1,1,"power losses, quality and safety issues","power losses, quality and safety issues",matched,correct_id,False,49,20260630_115234
phi4_subject-matter_49_b4,phi4,phi4_subject-matter,subject-matter,4,4,"uncertain utility interaction (net metering, utility ownership, and agreed standards)","uncertain utility interaction (net metering, utility ownership, and agreed standards)",matched,correct_id,False,49,20260630_115234
phi4_subject-matter_49_b5,phi4,phi4_subject-matter,subject-matter,5,5,lack of pilot projects,lack of pilot projects,matched,correct_id,False,49,20260630_115234
phi4_subject-matter_49_b8,phi4,phi4_subject-matter,subject-matter,8,8,misconception and lack of knowledge leads to lengthy/expensive design and permit process,misconception and lack of knowledge leads to lengthy/expensive design and permit process,matched,correct_id,False,49,20260630_115234
phi4_subject-matter_49_b10,phi4,phi4_subject-matter,subject-matter,10,10,uncertain regulatory roadmap,uncertain regulatory roadmap,matched,correct_id,False,49,20260630_115234
gemma3_generalist_49_b1,gemma3,gemma3_generalist,generalist,1,1,"power losses, quality and safety issues","power losses, quality and safety issues",matched,correct_id,False,49,20260630_115234
gemma3_generalist_49_b5,gemma3,gemma3_generalist,generalist,5,2,lack of pilot projects,lack of pilot projects,matched,corrected_from_label,False,49,20260630_115234
gemma3_generalist_49_b6,gemma3,gemma3_generalist,generalist,6,3,public perception of DC and readiness to 'champion' installations from DC projects,public perception of DC and readiness to 'champion' installations from DC projects,matched,corrected_from_label,False,49,20260630_115234
gemma3_generalist_49_b8,gemma3,gemma3_generalist,generalist,8,4,misconception and lack of knowledge leads to lengthy/expensive design and permit process,misconception and lack of knowledge leads to lengthy/expensive design and permit process,matched,corrected_from_label,False,49,20260630_115234
gemma3_generalist_49_b11,gemma3,gemma3_generalist,generalist,11,5,high costs of DC solutions,high costs of DC solutions,matched,corrected_from_label,False,49,20260630_115234
gemma3_normative_49_b1,gemma3,gemma3_normative,normative,1,1,"power losses, quality and safety issues","power losses, quality and safety issues",matched,correct_id,False,49,20260630_115234
gemma3_normative_49_b4,gemma3,gemma3_normative,normative,4,2,"uncertain utility interaction (net metering, utility ownership, and agreed standards)","uncertain utility interaction (net metering, utility ownership, and agreed standards)",matched,corrected_from_label,False,49,20260630_115234
gemma3_normative_49_b8,gemma3,gemma3_normative,normative,8,3,misconception and lack of knowledge leads to lengthy/expensive design and permit process,misconception and lack of knowledge leads to lengthy/expensive design and permit process,matched,corrected_from_label,False,49,20260630_115234
gemma3_normative_49_b6,gemma3,gemma3_normative,normative,6,4,public perception of DC and readiness to 'champion' installations from DC projects,public perception of DC and readiness to 'champion' installations from DC projects,matched,corrected_from_label,False,49,20260630_115234
gemma3_normative_49_b11,gemma3,gemma3_normative,normative,11,5,high costs of DC solutions,high costs of DC solutions,matched,corrected_from_label,False,49,20260630_115234
gemma3_subject-matter_49_b1,gemma3,gemma3_subject-matter,subject-matter,1,1,"power losses, quality and safety issues","power losses, quality and safety issues",matched,correct_id,False,49,20260630_115234
gemma3_subject-matter_49_b4,gemma3,gemma3_subject-matter,subject-matter,4,2,"uncertain utility interaction (net metering, utility ownership, and agreed standards)","uncertain utility interaction (net metering, utility ownership, and agreed standards)",matched,corrected_from_label,False,49,20260630_115234
gemma3_subject-matter_49_b8,gemma3,gemma3_subject-matter,subject-matter,8,3,misconception and lack of knowledge leads to lengthy/expensive design and permit process,misconception and lack of knowledge leads to lengthy/expensive design and permit process,matched,corrected_from_label,False,49,20260630_115234
gemma3_subject-matter_49_b9,gemma3,gemma3_subject-matter,subject-matter,9,4,lack of enough trained personnel in DC systems,lack of enough trained personnel in DC systems,matched,corrected_from_label,False,49,20260630_115234
gemma3_subject-matter_49_b11,gemma3,gemma3_subject-matter,subject-matter,11,5,high costs of DC solutions,high costs of DC solutions,matched,corrected_from_label,False,49,20260630_115234
llama_generalist_49_b1,llama,llama_generalist,generalist,1,1,"power losses, quality and safety issues","Power losses, quality, and safety issues",matched,correct_id,False,49,20260630_115234
llama_generalist_49_b4,llama,llama_generalist,generalist,4,2,"uncertain utility interaction (net metering, utility ownership, and agreed standards)","Uncertain utility interaction (net metering, utility ownership, and agreed standards)",matched,corrected_from_label,False,49,20260630_115234
llama_generalist_49_b3,llama,llama_generalist,generalist,3,3,lack of use-cases in which DC is advantageous,Lack of use-cases in which DC is advantageous,matched,correct_id,False,49,20260630_115234
llama_generalist_49_b7,llama,llama_generalist,generalist,7,4,incompatibility of DC systems components,Incompatibility of DC systems components,matched,corrected_from_label,False,49,20260630_115234
llama_generalist_49_b6,llama,llama_generalist,generalist,6,5,public perception of DC and readiness to 'champion' installations from DC projects,Public perception of DC and readiness to 'champion' installations from DC projects,matched,corrected_from_label,False,49,20260630_115234
llama_normative_49_b5,llama,llama_normative,normative,5,5,lack of pilot projects,Lack of pilot projects,matched,correct_id,False,49,20260630_115234
llama_normative_49_b7,llama,llama_normative,normative,7,7,incompatibility of DC systems components,Incompatibility of DC systems components,matched,correct_id,False,49,20260630_115234
llama_normative_49_b8,llama,llama_normative,normative,8,8,misconception and lack of knowledge leads to lengthy/expensive design and permit process,Misconception and lack of knowledge leads to lengthy/expensive design and permit process,matched,correct_id,False,49,20260630_115234
llama_normative_49_b9,llama,llama_normative,normative,9,9,lack of enough trained personnel in DC systems,Lack of enough trained personnel in DC systems,matched,correct_id,False,49,20260630_115234
llama_normative_49_b10,llama,llama_normative,normative,10,10,uncertain regulatory roadmap,Uncertain regulatory roadmap,matched,correct_id,False,49,20260630_115234
llama_subject-matter_49_b1,llama,llama_subject-matter,subject-matter,1,1,"power losses, quality and safety issues","Power losses, quality and safety issues",matched,correct_id,False,49,20260630_115234
llama_subject-matter_49_b4,llama,llama_subject-matter,subject-matter,4,2,"uncertain utility interaction (net metering, utility ownership, and agreed standards)","Uncertain utility interaction (net metering, utility ownership, and agreed standards)",matched,corrected_from_label,False,49,20260630_115234
llama_subject-matter_49_b5,llama,llama_subject-matter,subject-matter,5,3,lack of pilot projects,Lack of pilot projects,matched,corrected_from_label,False,49,20260630_115234
llama_subject-matter_49_b7,llama,llama_subject-matter,subject-matter,7,4,incompatibility of DC systems components,Incompatibility of DC systems components,matched,corrected_from_label,False,49,20260630_115234
llama_subject-matter_49_b11,llama,llama_subject-matter,subject-matter,11,5,high costs of DC solutions,High costs of DC solutions,matched,corrected_from_label,False,49,20260630_115234
mistral_generalist_49_b1,mistral,mistral_generalist,generalist,1,1,"power losses, quality and safety issues","power losses, quality and safety issues",matched,correct_id,False,49,20260630_115234
mistral_generalist_49_b2,mistral,mistral_generalist,generalist,2,2,reduced reliability in DC devices,reduced reliability in DC devices,matched,correct_id,False,49,20260630_115234
mistral_generalist_49_b4,mistral,mistral_generalist,generalist,4,3,"uncertain utility interaction (net metering, utility ownership, and agreed standards)","uncertain utility interaction (net metering, utility ownership, and agreed standards)",matched,corrected_from_label,False,49,20260630_115234
mistral_generalist_49_b5,mistral,mistral_generalist,generalist,5,4,lack of pilot projects,lack of pilot projects,matched,corrected_from_label,False,49,20260630_115234
mistral_generalist_49_b9,mistral,mistral_generalist,generalist,9,5,lack of enough trained personnel in DC systems,lack of enough trained personnel in DC systems,matched,corrected_from_label,False,49,20260630_115234
mistral_normative_49_b1,mistral,mistral_normative,normative,1,1,"power losses, quality and safety issues","power losses, quality and safety issues",matched,correct_id,False,49,20260630_115234
mistral_normative_49_b2,mistral,mistral_normative,normative,2,2,reduced reliability in DC devices,reduced reliability in DC devices,matched,correct_id,False,49,20260630_115234
mistral_normative_49_b4,mistral,mistral_normative,normative,4,3,"uncertain utility interaction (net metering, utility ownership, and agreed standards)","uncertain utility interaction (net metering, utility ownership, and agreed standards)",matched,corrected_from_label,False,49,20260630_115234
mistral_normative_49_b5,mistral,mistral_normative,normative,5,4,lack of pilot projects,lack of pilot projects,matched,corrected_from_label,False,49,20260630_115234
mistral_normative_49_b11,mistral,mistral_normative,normative,11,5,high costs of DC solutions,high costs of DC solutions,matched,corrected_from_label,False,49,20260630_115234
mistral_subject-matter_49_b1,mistral,mistral_subject-matter,subject-matter,1,1,"power losses, quality and safety issues","power losses, quality and safety issues",matched,correct_id,False,49,20260630_115234
mistral_subject-matter_49_b2,mistral,mistral_subject-matter,subject-matter,2,2,reduced reliability in DC devices,reduced reliability in DC devices,matched,correct_id,False,49,20260630_115234
mistral_subject-matter_49_b4,mistral,mistral_subject-matter,subject-matter,4,3,"uncertain utility interaction (net metering, utility ownership, and agreed standards)","uncertain utility interaction (net metering, utility ownership, and agreed standards)",matched,corrected_from_label,False,49,20260630_115234
mistral_subject-matter_49_b5,mistral,mistral_subject-matter,subject-matter,5,4,lack of pilot projects,lack of pilot projects,matched,corrected_from_label,False,49,20260630_115234
mistral_subject-matter_49_b10,mistral,mistral_subject-matter,subject-matter,10,5,uncertain regulatory roadmap,uncertain regulatory roadmap,matched,corrected_from_label,False,49,20260630_115234
