base_model,cliffs_delta
gemma3,0.16134674012855832
llama,0.2855878787878788
mistral,0.2506060606060606
phi4,0.15151515151515152
