row_id,base_model,variant_id,model,barrier_id,official_label,model_label,label_status,barrier_id_status,is_hallucinated,iteration,timestamp,truncated
generalist_llama_51_b1,llama,generalist_llama,generalist,1,"power losses, quality and safety issues","power losses, quality and safety issues",matched,correct_id,False,51,20250808_103537,no
generalist_llama_51_b2,llama,generalist_llama,generalist,2,reduced reliability in DC devices,reduced reliability in DC devices,matched,correct_id,False,51,20250808_103537,no
generalist_llama_51_b3,llama,generalist_llama,generalist,3,"uncertain utility interaction (net metering, utility ownership, and agreed standards)","uncertain utility interaction (net metering, utility ownership, and agreed standards)",matched,wrong_id_matchable,False,51,20250808_103537,no
generalist_llama_51_b4,llama,generalist_llama,generalist,4,lack of pilot projects,lack of pilot projects,matched,wrong_id_matchable,False,51,20250808_103537,no
generalist_llama_51_b5,llama,generalist_llama,generalist,5,public perception of DC and readiness to 'champion' installations from DC projects,public perception of DC and readiness to 'champion' installations from DC projects,matched,wrong_id_matchable,False,51,20250808_103537,no
generalist2_llama_51_b1,llama,generalist2_llama,generalist2,1,"power losses, quality and safety issues","power losses, quality and safety issues",matched,correct_id,False,51,20250808_103537,no
generalist2_llama_51_b2,llama,generalist2_llama,generalist2,2,reduced reliability in DC devices,reduced reliability in DC devices,matched,correct_id,False,51,20250808_103537,no
generalist2_llama_51_b3,llama,generalist2_llama,generalist2,3,lack of use-cases in which DC is advantageous,lack of use-cases in which DC is advantageous,matched,correct_id,False,51,20250808_103537,no
generalist2_llama_51_b4,llama,generalist2_llama,generalist2,4,"uncertain utility interaction (net metering, utility ownership, and agreed standards)","uncertain utility interaction (net metering, utility ownership, and agreed standards)",matched,correct_id,False,51,20250808_103537,no
generalist2_llama_51_b5,llama,generalist2_llama,generalist2,5,lack of pilot projects,lack of pilot projects,matched,correct_id,False,51,20250808_103537,no
normative_llama_51_b1,llama,normative_llama,normative,1,,"Power losses, quality, and safety issues: The performance of DC systems is highly dependent on managing power losses and maintaining electrical quality to ensure safety and reliability in applications.",hallucinated_label,outside_range_id,True,51,20250808_103537,no
normative_llama_51_b2,llama,normative_llama,normative,2,,"Reduced reliability in DC devices: DC systems may be more prone to equipment failures or reduced reliability compared to traditional AC systems, which could impact the effectiveness of demonstration projects.",hallucinated_label,outside_range_id,True,51,20250808_103537,no
normative_llama_51_b3,llama,normative_llama,normative,3,,Lack of use-cases in which DC is advantageous: The benefits and advantages of DC technologies in different industries need to be further explored and demonstrated to increase acceptance and adoption.,hallucinated_label,outside_range_id,True,51,20250808_103537,no
normative_llama_51_b4,llama,normative_llama,normative,4,,"Uncertain utility interaction (net metering, utility ownership, and agreed standards): Clear policies and regulations regarding net metering, utility ownership, and agreed standards are essential for the successful integration of DC technologies into energy systems.",hallucinated_label,outside_range_id,True,51,20250808_103537,no
normative_llama_51_b5,llama,normative_llama,normative,5,,Lack of pilot projects: Demonstration projects and pilot applications are crucial in validating the feasibility and advantages of DC solutions and promoting wider adoption in different sectors.,hallucinated_label,outside_range_id,True,51,20250808_103537,no
normative2_llama_51_b1,llama,normative2_llama,normative2,1,"power losses, quality and safety issues","power losses, quality and safety issues",matched,correct_id,False,51,20250808_103537,no
normative2_llama_51_b2,llama,normative2_llama,normative2,2,reduced reliability in DC devices,reduced reliability in DC devices,matched,correct_id,False,51,20250808_103537,no
normative2_llama_51_b3,llama,normative2_llama,normative2,3,"uncertain utility interaction (net metering, utility ownership, and agreed standards)","uncertainty in utility interaction (net metering, utility ownership, and agreed standards)",matched,wrong_id_matchable,False,51,20250808_103537,no
normative2_llama_51_b4,llama,normative2_llama,normative2,4,lack of pilot projects,lack of pilot projects,matched,wrong_id_matchable,False,51,20250808_103537,no
normative2_llama_51_b5,llama,normative2_llama,normative2,5,public perception of DC and readiness to 'champion' installations from DC projects,public perception of DC and readiness to 'champion' installations from DC projects,matched,wrong_id_matchable,False,51,20250808_103537,no
subject_matter_llama_51_b1,llama,subject_matter_llama,subject_matter,1,"power losses, quality and safety issues","Power losses, quality, and safety issues (Barrier 1)",matched,correct_id,False,51,20250808_103537,no
subject_matter_llama_51_b2,llama,subject_matter_llama,subject_matter,2,lack of use-cases in which DC is advantageous,Lack of use-cases in which DC is advantageous (Barrier 3),matched,wrong_id_matchable,False,51,20250808_103537,no
subject_matter_llama_51_b3,llama,subject_matter_llama,subject_matter,3,"uncertain utility interaction (net metering, utility ownership, and agreed standards)","Uncertainty in utility interaction (net metering, utility ownership, and agreed standards) (Barrier 4)",matched,wrong_id_matchable,False,51,20250808_103537,no
subject_matter_llama_51_b4,llama,subject_matter_llama,subject_matter,4,,Lack of pilot projects (Barrier 5),hallucinated_label,outside_range_id,True,51,20250808_103537,no
subject_matter_llama_51_b5,llama,subject_matter_llama,subject_matter,5,public perception of DC and readiness to 'champion' installations from DC projects,Public perception of DC and readiness to 'champion' installations from DC projects (Barrier 6),matched,wrong_id_matchable,False,51,20250808_103537,no
subject_matter2_llama_51_b1,llama,subject_matter2_llama,subject_matter2,1,"power losses, quality and safety issues","power losses, quality and safety issues",matched,correct_id,False,51,20250808_103537,no
subject_matter2_llama_51_b2,llama,subject_matter2_llama,subject_matter2,2,reduced reliability in DC devices,reduced reliability in DC devices,matched,correct_id,False,51,20250808_103537,no
subject_matter2_llama_51_b3,llama,subject_matter2_llama,subject_matter2,3,public perception of DC and readiness to 'champion' installations from DC projects,public perception of DC and readiness to 'champion' installations from DC projects,matched,wrong_id_matchable,False,51,20250808_103537,no
subject_matter2_llama_51_b4,llama,subject_matter2_llama,subject_matter2,4,"uncertain utility interaction (net metering, utility ownership, and agreed standards)","uncertain utility interaction (net metering, utility ownership, and agreed standards)",matched,correct_id,False,51,20250808_103537,no
subject_matter2_llama_51_b5,llama,subject_matter2_llama,subject_matter2,5,lack of enough trained personnel in DC systems,lack of enough trained personnel in DC systems,matched,wrong_id_matchable,False,51,20250808_103537,no
generalist_mistral_51_b1,mistral,generalist_mistral,generalist,1,"power losses, quality and safety issues","power losses, quality, and safety issues",matched,correct_id,False,51,20250808_103537,no
generalist_mistral_51_b2,mistral,generalist_mistral,generalist,2,reduced reliability in DC devices,reduced reliability in DC devices,matched,correct_id,False,51,20250808_103537,no
generalist_mistral_51_b3,mistral,generalist_mistral,generalist,3,lack of use-cases in which DC is advantageous,lack of use-cases in which DC is advantageous,matched,correct_id,False,51,20250808_103537,no
generalist_mistral_51_b4,mistral,generalist_mistral,generalist,4,"uncertain utility interaction (net metering, utility ownership, and agreed standards)","uncertain utility interaction (net metering, utility ownership, and agreed standards)",matched,correct_id,False,51,20250808_103537,no
generalist_mistral_51_b5,mistral,generalist_mistral,generalist,5,lack of pilot projects,lack of pilot projects,matched,correct_id,False,51,20250808_103537,no
generalist2_mistral_51_b1,mistral,generalist2_mistral,generalist2,1,"power losses, quality and safety issues","power losses, quality and safety issues",matched,correct_id,False,51,20250808_103537,no
generalist2_mistral_51_b2,mistral,generalist2_mistral,generalist2,2,reduced reliability in DC devices,reduced reliability in DC devices,matched,correct_id,False,51,20250808_103537,no
generalist2_mistral_51_b3,mistral,generalist2_mistral,generalist2,3,lack of pilot projects,lack of pilot projects,matched,wrong_id_matchable,False,51,20250808_103537,no
generalist2_mistral_51_b4,mistral,generalist2_mistral,generalist2,4,"uncertain utility interaction (net metering, utility ownership, and agreed standards)","uncertain utility interaction (net metering, utility ownership, and agreed standards)",matched,correct_id,False,51,20250808_103537,no
generalist2_mistral_51_b5,mistral,generalist2_mistral,generalist2,5,high costs of DC solutions,high costs of DC solutions,matched,wrong_id_matchable,False,51,20250808_103537,no
normative_mistral_51_b1,mistral,normative_mistral,normative,1,"power losses, quality and safety issues","power losses, quality and safety issues",matched,correct_id,False,51,20250808_103537,no
normative_mistral_51_b2,mistral,normative_mistral,normative,2,reduced reliability in DC devices,reduced reliability in DC devices,matched,correct_id,False,51,20250808_103537,no
normative_mistral_51_b3,mistral,normative_mistral,normative,3,lack of pilot projects,lack of pilot projects,matched,wrong_id_matchable,False,51,20250808_103537,no
normative_mistral_51_b4,mistral,normative_mistral,normative,4,"uncertain utility interaction (net metering, utility ownership, and agreed standards)","uncertain utility interaction (net metering, utility ownership, and agreed standards)",matched,correct_id,False,51,20250808_103537,no
normative_mistral_51_b5,mistral,normative_mistral,normative,5,uncertain regulatory roadmap,uncertainty in the regulatory roadmap,matched,wrong_id_matchable,False,51,20250808_103537,no
normative_mistral_51_b6,mistral,normative_mistral,normative,6,,"lack of enough trained personnel in DC systems (optional, if not already included in ""lack of pilot projects"")",hallucinated_label,outside_range_id,True,51,20250808_103537,yes
normative2_mistral_51_b1,mistral,normative2_mistral,normative2,1,"power losses, quality and safety issues","power losses, quality and safety issues",matched,correct_id,False,51,20250808_103537,no
normative2_mistral_51_b4,mistral,normative2_mistral,normative2,4,"uncertain utility interaction (net metering, utility ownership, and agreed standards)","uncertain utility interaction (net metering, utility ownership, and agreed standards)",matched,correct_id,False,51,20250808_103537,no
normative2_mistral_51_b5,mistral,normative2_mistral,normative2,5,lack of pilot projects,lack of pilot projects,matched,correct_id,False,51,20250808_103537,no
normative2_mistral_51_b8,mistral,normative2_mistral,normative2,8,misconception and lack of knowledge leads to lengthy/expensive design and permit process,misconception and lack of knowledge leads to lengthy/expensive design and permit process,matched,correct_id,False,51,20250808_103537,no
normative2_mistral_51_b9,mistral,normative2_mistral,normative2,9,lack of enough trained personnel in DC systems,lack of enough trained personnel in DC systems,matched,correct_id,False,51,20250808_103537,no
normative2_mistral_51_b10,mistral,normative2_mistral,normative2,10,uncertain regulatory roadmap,uncertain regulatory roadmap,matched,correct_id,False,51,20250808_103537,yes
subject_matter_mistral_51_b1,mistral,subject_matter_mistral,subject_matter,1,"power losses, quality and safety issues","power losses, quality and safety issues",matched,correct_id,False,51,20250808_103537,no
subject_matter_mistral_51_b2,mistral,subject_matter_mistral,subject_matter,2,reduced reliability in DC devices,reduced reliability in DC devices,matched,correct_id,False,51,20250808_103537,no
subject_matter_mistral_51_b3,mistral,subject_matter_mistral,subject_matter,3,"uncertain utility interaction (net metering, utility ownership, and agreed standards)","uncertain utility interaction (net metering, utility ownership, and agreed standards)",matched,wrong_id_matchable,False,51,20250808_103537,no
subject_matter_mistral_51_b4,mistral,subject_matter_mistral,subject_matter,4,lack of pilot projects,lack of pilot projects,matched,wrong_id_matchable,False,51,20250808_103537,no
subject_matter_mistral_51_b5,mistral,subject_matter_mistral,subject_matter,5,lack of enough trained personnel in DC systems,lack of enough trained personnel in DC systems,matched,wrong_id_matchable,False,51,20250808_103537,no
subject_matter2_mistral_51_b1,mistral,subject_matter2_mistral,subject_matter2,1,"power losses, quality and safety issues","power losses, quality and safety issues",matched,correct_id,False,51,20250808_103537,no
subject_matter2_mistral_51_b2,mistral,subject_matter2_mistral,subject_matter2,2,reduced reliability in DC devices,reduced reliability in DC devices,matched,correct_id,False,51,20250808_103537,no
subject_matter2_mistral_51_b3,mistral,subject_matter2_mistral,subject_matter2,3,"uncertain utility interaction (net metering, utility ownership, and agreed standards)","uncertain utility interaction (net metering, utility ownership, and agreed standards)",matched,wrong_id_matchable,False,51,20250808_103537,no
subject_matter2_mistral_51_b4,mistral,subject_matter2_mistral,subject_matter2,4,lack of pilot projects,lack of pilot projects,matched,wrong_id_matchable,False,51,20250808_103537,no
subject_matter2_mistral_51_b5,mistral,subject_matter2_mistral,subject_matter2,5,public perception of DC and readiness to 'champion' installations from DC projects,public perception of DC and readiness to 'champion' installations from DC projects,matched,wrong_id_matchable,False,51,20250808_103537,no
generalist_gemma3_51_b1,gemma3,generalist_gemma3,generalist,1,"power losses, quality and safety issues","power losses, quality and safety issues",matched,correct_id,False,51,20250808_103537,no
generalist_gemma3_51_b4,gemma3,generalist_gemma3,generalist,4,"uncertain utility interaction (net metering, utility ownership, and agreed standards)","uncertain utility interaction (net metering, utility ownership, and agreed standards)",matched,correct_id,False,51,20250808_103537,no
generalist_gemma3_51_b7,gemma3,generalist_gemma3,generalist,7,incompatibility of DC systems components,incompatibility of DC systems components,matched,correct_id,False,51,20250808_103537,no
generalist_gemma3_51_b8,gemma3,generalist_gemma3,generalist,8,misconception and lack of knowledge leads to lengthy/expensive design and permit process,misconception and lack of knowledge leads to lengthy/expensive design and permit process,matched,correct_id,False,51,20250808_103537,no
generalist_gemma3_51_b11,gemma3,generalist_gemma3,generalist,11,high costs of DC solutions,high costs of DC solutions,matched,correct_id,False,51,20250808_103537,no
generalist2_gemma3_51_b1,gemma3,generalist2_gemma3,generalist2,1,"power losses, quality and safety issues","power losses, quality and safety issues",matched,correct_id,False,51,20250808_103537,no
generalist2_gemma3_51_b4,gemma3,generalist2_gemma3,generalist2,4,"uncertain utility interaction (net metering, utility ownership, and agreed standards)","uncertain utility interaction (net metering, utility ownership, and agreed standards)",matched,correct_id,False,51,20250808_103537,no
generalist2_gemma3_51_b7,gemma3,generalist2_gemma3,generalist2,7,incompatibility of DC systems components,incompatibility of DC systems components,matched,correct_id,False,51,20250808_103537,no
generalist2_gemma3_51_b8,gemma3,generalist2_gemma3,generalist2,8,misconception and lack of knowledge leads to lengthy/expensive design and permit process,misconception and lack of knowledge leads to lengthy/expensive design and permit process,matched,correct_id,False,51,20250808_103537,no
generalist2_gemma3_51_b11,gemma3,generalist2_gemma3,generalist2,11,high costs of DC solutions,high costs of DC solutions,matched,correct_id,False,51,20250808_103537,no
normative_gemma3_51_b1,gemma3,normative_gemma3,normative,1,"power losses, quality and safety issues","power losses, quality and safety issues",matched,correct_id,False,51,20250808_103537,no
normative_gemma3_51_b4,gemma3,normative_gemma3,normative,4,"uncertain utility interaction (net metering, utility ownership, and agreed standards)","uncertain utility interaction (net metering, utility ownership, and agreed standards)",matched,correct_id,False,51,20250808_103537,no
normative_gemma3_51_b7,gemma3,normative_gemma3,normative,7,incompatibility of DC systems components,incompatibility of DC systems components,matched,correct_id,False,51,20250808_103537,no
normative_gemma3_51_b9,gemma3,normative_gemma3,normative,9,lack of enough trained personnel in DC systems,lack of enough trained personnel in DC systems,matched,correct_id,False,51,20250808_103537,no
normative_gemma3_51_b11,gemma3,normative_gemma3,normative,11,high costs of DC solutions,high costs of DC solutions,matched,correct_id,False,51,20250808_103537,no
normative2_gemma3_51_b1,gemma3,normative2_gemma3,normative2,1,"power losses, quality and safety issues","power losses, quality and safety issues",matched,correct_id,False,51,20250808_103537,no
normative2_gemma3_51_b4,gemma3,normative2_gemma3,normative2,4,"uncertain utility interaction (net metering, utility ownership, and agreed standards)","uncertain utility interaction (net metering, utility ownership, and agreed standards)",matched,correct_id,False,51,20250808_103537,no
normative2_gemma3_51_b7,gemma3,normative2_gemma3,normative2,7,incompatibility of DC systems components,incompatibility of DC systems components,matched,correct_id,False,51,20250808_103537,no
normative2_gemma3_51_b8,gemma3,normative2_gemma3,normative2,8,misconception and lack of knowledge leads to lengthy/expensive design and permit process,misconception and lack of knowledge leads to lengthy/expensive design and permit process,matched,correct_id,False,51,20250808_103537,no
normative2_gemma3_51_b11,gemma3,normative2_gemma3,normative2,11,high costs of DC solutions,high costs of DC solutions,matched,correct_id,False,51,20250808_103537,no
subject_matter_gemma3_51_b1,gemma3,subject_matter_gemma3,subject_matter,1,"power losses, quality and safety issues","power losses, quality and safety issues",matched,correct_id,False,51,20250808_103537,no
subject_matter_gemma3_51_b4,gemma3,subject_matter_gemma3,subject_matter,4,"uncertain utility interaction (net metering, utility ownership, and agreed standards)","uncertain utility interaction (net metering, utility ownership, and agreed standards)",matched,correct_id,False,51,20250808_103537,no
subject_matter_gemma3_51_b7,gemma3,subject_matter_gemma3,subject_matter,7,incompatibility of DC systems components,incompatibility of DC systems components,matched,correct_id,False,51,20250808_103537,no
subject_matter_gemma3_51_b9,gemma3,subject_matter_gemma3,subject_matter,9,lack of enough trained personnel in DC systems,lack of enough trained personnel in DC systems,matched,correct_id,False,51,20250808_103537,no
subject_matter_gemma3_51_b11,gemma3,subject_matter_gemma3,subject_matter,11,high costs of DC solutions,high costs of DC solutions,matched,correct_id,False,51,20250808_103537,no
subject_matter2_gemma3_51_b1,gemma3,subject_matter2_gemma3,subject_matter2,1,"power losses, quality and safety issues","power losses, quality and safety issues",matched,correct_id,False,51,20250808_103537,no
subject_matter2_gemma3_51_b4,gemma3,subject_matter2_gemma3,subject_matter2,4,"uncertain utility interaction (net metering, utility ownership, and agreed standards)","uncertain utility interaction (net metering, utility ownership, and agreed standards)",matched,correct_id,False,51,20250808_103537,no
subject_matter2_gemma3_51_b7,gemma3,subject_matter2_gemma3,subject_matter2,7,incompatibility of DC systems components,incompatibility of DC systems components,matched,correct_id,False,51,20250808_103537,no
subject_matter2_gemma3_51_b9,gemma3,subject_matter2_gemma3,subject_matter2,9,lack of enough trained personnel in DC systems,lack of enough trained personnel in DC systems,matched,correct_id,False,51,20250808_103537,no
subject_matter2_gemma3_51_b11,gemma3,subject_matter2_gemma3,subject_matter2,11,high costs of DC solutions,high costs of DC solutions,matched,correct_id,False,51,20250808_103537,no
generalist_llama_52_b1,llama,generalist_llama,generalist,1,"power losses, quality and safety issues","power losses, quality and safety issues",matched,correct_id,False,52,20250808_104128,no
generalist_llama_52_b2,llama,generalist_llama,generalist,2,reduced reliability in DC devices,reduced reliability in DC devices,matched,correct_id,False,52,20250808_104128,no
generalist_llama_52_b3,llama,generalist_llama,generalist,3,lack of use-cases in which DC is advantageous,lack of use-cases in which DC is advantageous,matched,correct_id,False,52,20250808_104128,no
generalist_llama_52_b4,llama,generalist_llama,generalist,4,"uncertain utility interaction (net metering, utility ownership, and agreed standards)","uncertain utility interaction (net metering, utility ownership, and agreed standards)",matched,correct_id,False,52,20250808_104128,no
generalist_llama_52_b5,llama,generalist_llama,generalist,5,lack of pilot projects,lack of pilot projects,matched,correct_id,False,52,20250808_104128,no
generalist_llama_52_b6,llama,generalist_llama,generalist,6,public perception of DC and readiness to 'champion' installations from DC projects,public perception of DC and readiness to 'champion' installations from DC projects,matched,correct_id,False,52,20250808_104128,yes
generalist_llama_52_b7,llama,generalist_llama,generalist,7,incompatibility of DC systems components,incompatibility of DC systems components,matched,correct_id,False,52,20250808_104128,yes
generalist2_llama_52_b5,llama,generalist2_llama,generalist2,5,"power losses, quality and safety issues","power losses, quality and safety issues",matched,wrong_id_matchable,False,52,20250808_104128,no
generalist2_llama_52_b7,llama,generalist2_llama,generalist2,7,incompatibility of DC systems components,incompatibility of DC systems components,matched,correct_id,False,52,20250808_104128,no
generalist2_llama_52_b8,llama,generalist2_llama,generalist2,8,misconception and lack of knowledge leads to lengthy/expensive design and permit process,misconception and lack of knowledge leads to lengthy/expensive design and permit process,matched,correct_id,False,52,20250808_104128,no
generalist2_llama_52_b9,llama,generalist2_llama,generalist2,9,lack of enough trained personnel in DC systems,lack of enough trained personnel in DC systems,matched,correct_id,False,52,20250808_104128,no
generalist2_llama_52_b10,llama,generalist2_llama,generalist2,10,uncertain regulatory roadmap,uncertain regulatory roadmap,matched,correct_id,False,52,20250808_104128,no
normative_llama_52_b1,llama,normative_llama,normative,1,"power losses, quality and safety issues","power losses, quality and safety issues",matched,correct_id,False,52,20250808_104128,no
normative_llama_52_b2,llama,normative_llama,normative,2,reduced reliability in DC devices,reduced reliability in DC devices,matched,correct_id,False,52,20250808_104128,no
normative_llama_52_b3,llama,normative_llama,normative,3,lack of use-cases in which DC is advantageous,lack of use-cases in which DC is advantageous,matched,correct_id,False,52,20250808_104128,no
normative_llama_52_b4,llama,normative_llama,normative,4,"uncertain utility interaction (net metering, utility ownership, and agreed standards)","uncertain utility interaction (net metering, utility ownership, and agreed standards)",matched,correct_id,False,52,20250808_104128,no
normative_llama_52_b5,llama,normative_llama,normative,5,lack of pilot projects,lack of pilot projects,matched,correct_id,False,52,20250808_104128,no
normative_llama_52_b6,llama,normative_llama,normative,6,public perception of DC and readiness to 'champion' installations from DC projects,public perception of DC and readiness to 'champion' installations from DC projects,matched,correct_id,False,52,20250808_104128,yes
normative_llama_52_b7,llama,normative_llama,normative,7,incompatibility of DC systems components,incompatibility of DC systems components,matched,correct_id,False,52,20250808_104128,yes
normative_llama_52_b8,llama,normative_llama,normative,8,misconception and lack of knowledge leads to lengthy/expensive design and permit process,misconception and lack of knowledge leads to lengthy/expensive design and permit process,matched,correct_id,False,52,20250808_104128,yes
normative_llama_52_b9,llama,normative_llama,normative,9,lack of enough trained personnel in DC systems,lack of enough trained personnel in DC systems,matched,correct_id,False,52,20250808_104128,yes
normative_llama_52_b10,llama,normative_llama,normative,10,uncertain regulatory roadmap,uncertain regulatory roadmap,matched,correct_id,False,52,20250808_104128,yes
normative2_llama_52_b1,llama,normative2_llama,normative2,1,"power losses, quality and safety issues","Power losses, quality, and safety issues",matched,correct_id,False,52,20250808_104128,no
normative2_llama_52_b2,llama,normative2_llama,normative2,2,reduced reliability in DC devices,Reduced reliability in DC devices,matched,correct_id,False,52,20250808_104128,no
normative2_llama_52_b3,llama,normative2_llama,normative2,3,lack of use-cases in which DC is advantageous,Lack of use-cases in which DC is advantageous,matched,correct_id,False,52,20250808_104128,no
normative2_llama_52_b4,llama,normative2_llama,normative2,4,"uncertain utility interaction (net metering, utility ownership, and agreed standards)","Uncertain utility interaction (net metering, utility ownership, and agreed standards)",matched,correct_id,False,52,20250808_104128,no
normative2_llama_52_b5,llama,normative2_llama,normative2,5,lack of pilot projects,Lack of pilot projects,matched,correct_id,False,52,20250808_104128,no
subject_matter_llama_52_b1,llama,subject_matter_llama,subject_matter,1,"power losses, quality and safety issues","Power losses, quality, and safety issues",matched,correct_id,False,52,20250808_104128,no
subject_matter_llama_52_b2,llama,subject_matter_llama,subject_matter,2,lack of use-cases in which DC is advantageous,Lack of use-cases in which DC is advantageous,matched,wrong_id_matchable,False,52,20250808_104128,no
subject_matter_llama_52_b3,llama,subject_matter_llama,subject_matter,3,"uncertain utility interaction (net metering, utility ownership, and agreed standards)","Uncertain utility interaction (net metering, utility ownership, and agreed standards)",matched,wrong_id_matchable,False,52,20250808_104128,no
subject_matter_llama_52_b4,llama,subject_matter_llama,subject_matter,4,incompatibility of DC systems components,Incompatibility of DC systems components,matched,wrong_id_matchable,False,52,20250808_104128,no
subject_matter_llama_52_b5,llama,subject_matter_llama,subject_matter,5,public perception of DC and readiness to 'champion' installations from DC projects,Public perception of DC and readiness to 'champion' installations from DC projects,matched,wrong_id_matchable,False,52,20250808_104128,no
subject_matter2_llama_52_b1,llama,subject_matter2_llama,subject_matter2,1,"power losses, quality and safety issues","Power losses, quality and safety issues",matched,correct_id,False,52,20250808_104128,no
subject_matter2_llama_52_b2,llama,subject_matter2_llama,subject_matter2,2,reduced reliability in DC devices,Reduced reliability in DC devices,matched,correct_id,False,52,20250808_104128,no
subject_matter2_llama_52_b3,llama,subject_matter2_llama,subject_matter2,3,lack of use-cases in which DC is advantageous,Lack of use-cases in which DC is advantageous,matched,correct_id,False,52,20250808_104128,no
subject_matter2_llama_52_b4,llama,subject_matter2_llama,subject_matter2,4,"uncertain utility interaction (net metering, utility ownership, and agreed standards)","Uncertain utility interaction (net metering, utility ownership, and agreed standards)",matched,correct_id,False,52,20250808_104128,no
subject_matter2_llama_52_b5,llama,subject_matter2_llama,subject_matter2,5,lack of pilot projects,Lack of pilot projects,matched,correct_id,False,52,20250808_104128,no
generalist_mistral_52_b1,mistral,generalist_mistral,generalist,1,"power losses, quality and safety issues","power losses, quality and safety issues",matched,correct_id,False,52,20250808_104128,no
generalist_mistral_52_b2,mistral,generalist_mistral,generalist,2,reduced reliability in DC devices,reduced reliability in DC devices,matched,correct_id,False,52,20250808_104128,no
generalist_mistral_52_b3,mistral,generalist_mistral,generalist,3,"uncertain utility interaction (net metering, utility ownership, and agreed standards)","uncertain utility interaction (net metering, utility ownership, and agreed standards)",matched,wrong_id_matchable,False,52,20250808_104128,no
generalist_mistral_52_b4,mistral,generalist_mistral,generalist,4,lack of pilot projects,lack of pilot projects,matched,wrong_id_matchable,False,52,20250808_104128,no
generalist_mistral_52_b5,mistral,generalist_mistral,generalist,5,public perception of DC and readiness to 'champion' installations from DC projects,public perception of DC and readiness to 'champion' installations from DC projects,matched,wrong_id_matchable,False,52,20250808_104128,no
generalist2_mistral_52_b1,mistral,generalist2_mistral,generalist2,1,"power losses, quality and safety issues","power losses, quality and safety issues",matched,correct_id,False,52,20250808_104128,no
generalist2_mistral_52_b2,mistral,generalist2_mistral,generalist2,2,reduced reliability in DC devices,reduced reliability in DC devices,matched,correct_id,False,52,20250808_104128,no
generalist2_mistral_52_b3,mistral,generalist2_mistral,generalist2,3,"uncertain utility interaction (net metering, utility ownership, and agreed standards)","uncertain utility interaction (net metering, utility ownership, and agreed standards)",matched,wrong_id_matchable,False,52,20250808_104128,no
generalist2_mistral_52_b4,mistral,generalist2_mistral,generalist2,4,lack of pilot projects,lack of pilot projects,matched,wrong_id_matchable,False,52,20250808_104128,no
generalist2_mistral_52_b5,mistral,generalist2_mistral,generalist2,5,public perception of DC and readiness to 'champion' installations from DC projects,public perception of DC and readiness to 'champion' installations from DC projects,matched,wrong_id_matchable,False,52,20250808_104128,no
normative_mistral_52_b1,mistral,normative_mistral,normative,1,"power losses, quality and safety issues","power losses, quality and safety issues",matched,correct_id,False,52,20250808_104128,no
normative_mistral_52_b2,mistral,normative_mistral,normative,2,reduced reliability in DC devices,reduced reliability in DC devices,matched,correct_id,False,52,20250808_104128,no
normative_mistral_52_b3,mistral,normative_mistral,normative,3,"uncertain utility interaction (net metering, utility ownership, and agreed standards)","uncertain utility interaction (net metering, utility ownership, and agreed standards)",matched,wrong_id_matchable,False,52,20250808_104128,no
normative_mistral_52_b4,mistral,normative_mistral,normative,4,lack of pilot projects,lack of pilot projects,matched,wrong_id_matchable,False,52,20250808_104128,no
normative_mistral_52_b5,mistral,normative_mistral,normative,5,public perception of DC and readiness to 'champion' installations from DC projects,public perception of DC and readiness to 'champion' installations from DC projects,matched,wrong_id_matchable,False,52,20250808_104128,no
normative2_mistral_52_b1,mistral,normative2_mistral,normative2,1,"power losses, quality and safety issues","Power losses, quality, and safety issues",matched,correct_id,False,52,20250808_104128,no
normative2_mistral_52_b2,mistral,normative2_mistral,normative2,2,reduced reliability in DC devices,Reduced reliability in DC devices,matched,correct_id,False,52,20250808_104128,no
normative2_mistral_52_b3,mistral,normative2_mistral,normative2,3,lack of use-cases in which DC is advantageous,Lack of use-cases in which DC is advantageous,matched,correct_id,False,52,20250808_104128,no
normative2_mistral_52_b4,mistral,normative2_mistral,normative2,4,"uncertain utility interaction (net metering, utility ownership, and agreed standards)","Uncertain utility interaction (net metering, utility ownership, and agreed standards)",matched,correct_id,False,52,20250808_104128,no
normative2_mistral_52_b5,mistral,normative2_mistral,normative2,5,lack of pilot projects,Lack of pilot projects,matched,correct_id,False,52,20250808_104128,no
normative2_mistral_52_b6,mistral,normative2_mistral,normative2,6,public perception of DC and readiness to 'champion' installations from DC projects,Public perception of DC and readiness to 'champion' installations from DC projects,matched,correct_id,False,52,20250808_104128,yes
subject_matter_mistral_52_b1,mistral,subject_matter_mistral,subject_matter,1,"power losses, quality and safety issues","power losses, quality and safety issues",matched,correct_id,False,52,20250808_104128,no
subject_matter_mistral_52_b2,mistral,subject_matter_mistral,subject_matter,2,reduced reliability in DC devices,reduced reliability in DC devices,matched,correct_id,False,52,20250808_104128,no
subject_matter_mistral_52_b3,mistral,subject_matter_mistral,subject_matter,3,"uncertain utility interaction (net metering, utility ownership, and agreed standards)","uncertain utility interaction (net metering, utility ownership, and agreed standards)",matched,wrong_id_matchable,False,52,20250808_104128,no
subject_matter_mistral_52_b4,mistral,subject_matter_mistral,subject_matter,4,lack of pilot projects,lack of pilot projects,matched,wrong_id_matchable,False,52,20250808_104128,no
subject_matter_mistral_52_b5,mistral,subject_matter_mistral,subject_matter,5,uncertain regulatory roadmap,uncertain regulatory roadmap,matched,wrong_id_matchable,False,52,20250808_104128,no
subject_matter2_mistral_52_b1,mistral,subject_matter2_mistral,subject_matter2,1,"power losses, quality and safety issues","power losses, quality and safety issues (Barrier 1)",matched,correct_id,False,52,20250808_104128,no
subject_matter2_mistral_52_b2,mistral,subject_matter2_mistral,subject_matter2,2,,reduced reliability in DC devices (Barrier 2),hallucinated_label,outside_range_id,True,52,20250808_104128,no
subject_matter2_mistral_52_b3,mistral,subject_matter2_mistral,subject_matter2,3,,lack of pilot projects (Barrier 5),hallucinated_label,outside_range_id,True,52,20250808_104128,no
subject_matter2_mistral_52_b4,mistral,subject_matter2_mistral,subject_matter2,4,"uncertain utility interaction (net metering, utility ownership, and agreed standards)","uncertain utility interaction (net metering, utility ownership, and agreed standards) (Barrier 4)",matched,correct_id,False,52,20250808_104128,no
subject_matter2_mistral_52_b5,mistral,subject_matter2_mistral,subject_matter2,5,,high costs of DC solutions (Barrier 10),hallucinated_label,outside_range_id,True,52,20250808_104128,no
generalist_gemma3_52_b1,gemma3,generalist_gemma3,generalist,1,"power losses, quality and safety issues","power losses, quality and safety issues",matched,correct_id,False,52,20250808_104128,no
generalist_gemma3_52_b4,gemma3,generalist_gemma3,generalist,4,"uncertain utility interaction (net metering, utility ownership, and agreed standards)","uncertain utility interaction (net metering, utility ownership, and agreed standards)",matched,correct_id,False,52,20250808_104128,no
generalist_gemma3_52_b7,gemma3,generalist_gemma3,generalist,7,incompatibility of DC systems components,incompatibility of DC systems components,matched,correct_id,False,52,20250808_104128,no
generalist_gemma3_52_b8,gemma3,generalist_gemma3,generalist,8,misconception and lack of knowledge leads to lengthy/expensive design and permit process,misconception and lack of knowledge leads to lengthy/expensive design and permit process,matched,correct_id,False,52,20250808_104128,no
generalist_gemma3_52_b11,gemma3,generalist_gemma3,generalist,11,high costs of DC solutions,high costs of DC solutions,matched,correct_id,False,52,20250808_104128,no
generalist2_gemma3_52_b1,gemma3,generalist2_gemma3,generalist2,1,"power losses, quality and safety issues","power losses, quality and safety issues",matched,correct_id,False,52,20250808_104128,no
generalist2_gemma3_52_b4,gemma3,generalist2_gemma3,generalist2,4,"uncertain utility interaction (net metering, utility ownership, and agreed standards)","uncertain utility interaction (net metering, utility ownership, and agreed standards)",matched,correct_id,False,52,20250808_104128,no
generalist2_gemma3_52_b7,gemma3,generalist2_gemma3,generalist2,7,incompatibility of DC systems components,incompatibility of DC systems components,matched,correct_id,False,52,20250808_104128,no
generalist2_gemma3_52_b9,gemma3,generalist2_gemma3,generalist2,9,lack of enough trained personnel in DC systems,lack of enough trained personnel in DC systems,matched,correct_id,False,52,20250808_104128,no
generalist2_gemma3_52_b11,gemma3,generalist2_gemma3,generalist2,11,high costs of DC solutions,high costs of DC solutions,matched,correct_id,False,52,20250808_104128,no
normative_gemma3_52_b1,gemma3,normative_gemma3,normative,1,"power losses, quality and safety issues","power losses, quality and safety issues",matched,correct_id,False,52,20250808_104128,no
normative_gemma3_52_b4,gemma3,normative_gemma3,normative,4,"uncertain utility interaction (net metering, utility ownership, and agreed standards)","uncertain utility interaction (net metering, utility ownership, and agreed standards)",matched,correct_id,False,52,20250808_104128,no
normative_gemma3_52_b6,gemma3,normative_gemma3,normative,6,public perception of DC and readiness to 'champion' installations from DC projects,public perception of DC and readiness to 'champion' installations from DC projects,matched,correct_id,False,52,20250808_104128,no
normative_gemma3_52_b8,gemma3,normative_gemma3,normative,8,misconception and lack of knowledge leads to lengthy/expensive design and permit process,misconception and lack of knowledge leads to lengthy/expensive design and permit process,matched,correct_id,False,52,20250808_104128,no
normative_gemma3_52_b11,gemma3,normative_gemma3,normative,11,high costs of DC solutions,high costs of DC solutions,matched,correct_id,False,52,20250808_104128,no
normative2_gemma3_52_b1,gemma3,normative2_gemma3,normative2,1,"power losses, quality and safety issues","power losses, quality and safety issues",matched,correct_id,False,52,20250808_104128,no
normative2_gemma3_52_b4,gemma3,normative2_gemma3,normative2,4,"uncertain utility interaction (net metering, utility ownership, and agreed standards)","uncertain utility interaction (net metering, utility ownership, and agreed standards)",matched,correct_id,False,52,20250808_104128,no
normative2_gemma3_52_b6,gemma3,normative2_gemma3,normative2,6,public perception of DC and readiness to 'champion' installations from DC projects,public perception of DC and readiness to 'champion' installations from DC projects,matched,correct_id,False,52,20250808_104128,no
normative2_gemma3_52_b8,gemma3,normative2_gemma3,normative2,8,misconception and lack of knowledge leads to lengthy/expensive design and permit process,misconception and lack of knowledge leads to lengthy/expensive design and permit process,matched,correct_id,False,52,20250808_104128,no
normative2_gemma3_52_b11,gemma3,normative2_gemma3,normative2,11,high costs of DC solutions,high costs of DC solutions,matched,correct_id,False,52,20250808_104128,no
subject_matter_gemma3_52_b1,gemma3,subject_matter_gemma3,subject_matter,1,"power losses, quality and safety issues","power losses, quality and safety issues",matched,correct_id,False,52,20250808_104128,no
subject_matter_gemma3_52_b4,gemma3,subject_matter_gemma3,subject_matter,4,"uncertain utility interaction (net metering, utility ownership, and agreed standards)","uncertain utility interaction (net metering, utility ownership, and agreed standards)",matched,correct_id,False,52,20250808_104128,no
subject_matter_gemma3_52_b7,gemma3,subject_matter_gemma3,subject_matter,7,incompatibility of DC systems components,incompatibility of DC systems components,matched,correct_id,False,52,20250808_104128,no
subject_matter_gemma3_52_b9,gemma3,subject_matter_gemma3,subject_matter,9,lack of enough trained personnel in DC systems,lack of enough trained personnel in DC systems,matched,correct_id,False,52,20250808_104128,no
subject_matter_gemma3_52_b11,gemma3,subject_matter_gemma3,subject_matter,11,high costs of DC solutions,high costs of DC solutions,matched,correct_id,False,52,20250808_104128,no
subject_matter2_gemma3_52_b1,gemma3,subject_matter2_gemma3,subject_matter2,1,"power losses, quality and safety issues","power losses, quality and safety issues",matched,correct_id,False,52,20250808_104128,no
subject_matter2_gemma3_52_b4,gemma3,subject_matter2_gemma3,subject_matter2,4,"uncertain utility interaction (net metering, utility ownership, and agreed standards)","uncertain utility interaction (net metering, utility ownership, and agreed standards)",matched,correct_id,False,52,20250808_104128,no
subject_matter2_gemma3_52_b7,gemma3,subject_matter2_gemma3,subject_matter2,7,incompatibility of DC systems components,incompatibility of DC systems components,matched,correct_id,False,52,20250808_104128,no
subject_matter2_gemma3_52_b9,gemma3,subject_matter2_gemma3,subject_matter2,9,lack of enough trained personnel in DC systems,lack of enough trained personnel in DC systems,matched,correct_id,False,52,20250808_104128,no
subject_matter2_gemma3_52_b11,gemma3,subject_matter2_gemma3,subject_matter2,11,high costs of DC solutions,high costs of DC solutions,matched,correct_id,False,52,20250808_104128,no
generalist_llama_53_b1,llama,generalist_llama,generalist,1,lack of use-cases in which DC is advantageous,Lack of use-cases in which DC is advantageous,matched,wrong_id_matchable,False,53,20250808_114134,no
generalist_llama_53_b2,llama,generalist_llama,generalist,2,"uncertain utility interaction (net metering, utility ownership, and agreed standards)","Uncertain utility interaction (net metering, utility ownership, and agreed standards)",matched,wrong_id_matchable,False,53,20250808_114134,no
generalist_llama_53_b3,llama,generalist_llama,generalist,3,incompatibility of DC systems components,Incompatibility of DC systems components,matched,wrong_id_matchable,False,53,20250808_114134,no
generalist_llama_53_b4,llama,generalist_llama,generalist,4,misconception and lack of knowledge leads to lengthy/expensive design and permit process,Misconception and lack of knowledge leads to lengthy/expensive design and permit process,matched,wrong_id_matchable,False,53,20250808_114134,no
generalist_llama_53_b5,llama,generalist_llama,generalist,5,high costs of DC solutions,High costs of DC solutions,matched,wrong_id_matchable,False,53,20250808_114134,no
generalist2_llama_53_b1,llama,generalist2_llama,generalist2,1,"power losses, quality and safety issues","Power losses, quality, and safety issues (Barrier 1)",matched,correct_id,False,53,20250808_114134,no
generalist2_llama_53_b2,llama,generalist2_llama,generalist2,2,,Lack of use-cases where DC is advantageous (Barrier 3),hallucinated_label,outside_range_id,True,53,20250808_114134,no
generalist2_llama_53_b3,llama,generalist2_llama,generalist2,3,"uncertain utility interaction (net metering, utility ownership, and agreed standards)","Uncertain utility interaction (net metering, utility ownership, and agreed standards) (Barrier 5)",matched,wrong_id_matchable,False,53,20250808_114134,no
generalist2_llama_53_b4,llama,generalist2_llama,generalist2,4,public perception of DC and readiness to 'champion' installations from DC projects,Public perception of DC and readiness to 'champion' installations from DC projects (Barrier 6),matched,wrong_id_matchable,False,53,20250808_114134,no
generalist2_llama_53_b5,llama,generalist2_llama,generalist2,5,incompatibility of DC systems components,Incompatibility of DC systems components (Barrier 7),matched,wrong_id_matchable,False,53,20250808_114134,no
normative_llama_53_b1,llama,normative_llama,normative,1,"power losses, quality and safety issues","Power losses, quality, and safety issues",matched,correct_id,False,53,20250808_114134,no
normative_llama_53_b2,llama,normative_llama,normative,2,reduced reliability in DC devices,Reduced reliability in DC devices,matched,correct_id,False,53,20250808_114134,no
normative_llama_53_b3,llama,normative_llama,normative,3,lack of use-cases in which DC is advantageous,Lack of use-cases in which DC is advantageous,matched,correct_id,False,53,20250808_114134,no
normative_llama_53_b4,llama,normative_llama,normative,4,"uncertain utility interaction (net metering, utility ownership, and agreed standards)","Uncertain utility interaction (net metering, utility ownership, and agreed standards)",matched,correct_id,False,53,20250808_114134,no
normative_llama_53_b5,llama,normative_llama,normative,5,lack of pilot projects,Lack of pilot projects,matched,correct_id,False,53,20250808_114134,no
normative2_llama_53_b1,llama,normative2_llama,normative2,1,"power losses, quality and safety issues","Power losses, quality, and safety issues",matched,correct_id,False,53,20250808_114134,no
normative2_llama_53_b2,llama,normative2_llama,normative2,2,reduced reliability in DC devices,Reduced reliability in DC devices,matched,correct_id,False,53,20250808_114134,no
normative2_llama_53_b3,llama,normative2_llama,normative2,3,lack of use-cases in which DC is advantageous,Lack of use-cases in which DC is advantageous,matched,correct_id,False,53,20250808_114134,no
normative2_llama_53_b4,llama,normative2_llama,normative2,4,"uncertain utility interaction (net metering, utility ownership, and agreed standards)","Uncertain utility interaction (net metering, utility ownership, and agreed standards)",matched,correct_id,False,53,20250808_114134,no
normative2_llama_53_b5,llama,normative2_llama,normative2,5,lack of pilot projects,Lack of pilot projects,matched,correct_id,False,53,20250808_114134,no
subject_matter_llama_53_b1,llama,subject_matter_llama,subject_matter,1,,"Power losses, quality, and safety issues (Barrier #1)",hallucinated_label,outside_range_id,True,53,20250808_114134,no
subject_matter_llama_53_b2,llama,subject_matter_llama,subject_matter,2,,Reduced reliability in DC devices (Barrier #2),hallucinated_label,outside_range_id,True,53,20250808_114134,no
subject_matter_llama_53_b3,llama,subject_matter_llama,subject_matter,3,lack of use-cases in which DC is advantageous,Lack of use-cases in which DC is advantageous (Barrier #3),matched,correct_id,False,53,20250808_114134,no
subject_matter_llama_53_b4,llama,subject_matter_llama,subject_matter,4,"uncertain utility interaction (net metering, utility ownership, and agreed standards)","Uncertain utility interaction (net metering, utility ownership, and agreed standards) (Barrier #4)",matched,correct_id,False,53,20250808_114134,no
subject_matter_llama_53_b5,llama,subject_matter_llama,subject_matter,5,,Lack of pilot projects (Barrier #5),hallucinated_label,outside_range_id,True,53,20250808_114134,no
subject_matter_llama_53_b6,llama,subject_matter_llama,subject_matter,6,public perception of DC and readiness to 'champion' installations from DC projects,Public perception of DC and readiness to 'champion' installations from DC projects (Barrier #6),matched,correct_id,False,53,20250808_114134,yes
subject_matter2_llama_53_b1,llama,subject_matter2_llama,subject_matter2,1,,"Power losses, quality, and safety issues - The use of DC technologies can be affected by power losses and potential safety concerns. To ensure reliable and safe operation, special attention must be given to proper design and implementation of these systems.",hallucinated_label,outside_range_id,True,53,20250808_114134,no
subject_matter2_llama_53_b2,llama,subject_matter2_llama,subject_matter2,2,,"Reduced reliability in DC devices - One of the challenges with DC systems is their susceptibility to reduced reliability. This can result from various factors such as component failures or system aging, which may impact the overall performance of the system.",hallucinated_label,outside_range_id,True,53,20250808_114134,no
subject_matter2_llama_53_b3,llama,subject_matter2_llama,subject_matter2,3,,"Lack of use-cases where DC is advantageous - While there are some clear advantages to using DC technologies, it is important to identify and explore situations where their benefits become more apparent. This will help in promoting the adoption of these systems in real-world settings.",hallucinated_label,outside_range_id,True,53,20250808_114134,no
subject_matter2_llama_53_b4,llama,subject_matter2_llama,subject_matter2,4,,"Uncertainty in utility interaction (net metering, utility ownership, and agreed standards) - The integration of DC technologies into existing power grids raises questions about how utilities will interact with them. It is important to establish clear guidelines for net metering and other relevant aspects of utility ownership and standards.",hallucinated_label,outside_range_id,True,53,20250808_114134,no
subject_matter2_llama_53_b5,llama,subject_matter2_llama,subject_matter2,5,,"Lack of pilot projects - To gain acceptance and confidence in the use of DC technologies, it is necessary to demonstrate their effectiveness through pilot projects that can showcase their advantages and potential challenges.",hallucinated_label,outside_range_id,True,53,20250808_114134,no
generalist_mistral_53_b1,mistral,generalist_mistral,generalist,1,"power losses, quality and safety issues","power losses, quality and safety issues",matched,correct_id,False,53,20250808_114134,no
generalist_mistral_53_b2,mistral,generalist_mistral,generalist,2,reduced reliability in DC devices,reduced reliability in DC devices,matched,correct_id,False,53,20250808_114134,no
generalist_mistral_53_b3,mistral,generalist_mistral,generalist,3,"uncertain utility interaction (net metering, utility ownership, and agreed standards)","uncertain utility interaction (net metering, utility ownership, and agreed standards)",matched,wrong_id_matchable,False,53,20250808_114134,no
generalist_mistral_53_b4,mistral,generalist_mistral,generalist,4,lack of pilot projects,lack of pilot projects,matched,wrong_id_matchable,False,53,20250808_114134,no
generalist_mistral_53_b5,mistral,generalist_mistral,generalist,5,public perception of DC and readiness to 'champion' installations from DC projects,public perception of DC and readiness to 'champion' installations from DC projects,matched,wrong_id_matchable,False,53,20250808_114134,no
generalist2_mistral_53_b1,mistral,generalist2_mistral,generalist2,1,"power losses, quality and safety issues","power losses, quality, and safety issues",matched,correct_id,False,53,20250808_114134,no
generalist2_mistral_53_b2,mistral,generalist2_mistral,generalist2,2,reduced reliability in DC devices,reduced reliability in DC devices,matched,correct_id,False,53,20250808_114134,no
generalist2_mistral_53_b3,mistral,generalist2_mistral,generalist2,3,lack of use-cases in which DC is advantageous,lack of use-cases in which DC is advantageous,matched,correct_id,False,53,20250808_114134,no
generalist2_mistral_53_b4,mistral,generalist2_mistral,generalist2,4,"uncertain utility interaction (net metering, utility ownership, and agreed standards)","uncertain utility interaction (net metering, utility ownership, and agreed standards)",matched,correct_id,False,53,20250808_114134,no
generalist2_mistral_53_b5,mistral,generalist2_mistral,generalist2,5,lack of pilot projects,lack of pilot projects,matched,correct_id,False,53,20250808_114134,no
generalist2_mistral_53_b6,mistral,generalist2_mistral,generalist2,6,,public perception of DC and readiness to 'champion' installations from DC projects (I am combining this with number 10 as they are related to societal acceptance and regulatory issues),hallucinated_label,outside_range_id,True,53,20250808_114134,yes
generalist2_mistral_53_b7,mistral,generalist2_mistral,generalist2,7,,"incompatibility of DC systems components (left out due to duplication, as it is addressed by the project through delivering 30 DC-related solutions including hardware components such as cables and converters)",hallucinated_label,outside_range_id,True,53,20250808_114134,yes
generalist2_mistral_53_b8,mistral,generalist2_mistral,generalist2,8,,"misconception and lack of knowledge leads to lengthy/expensive design and permit process (I am combining this with number 9 as they are related to a lack of trained personnel in DC systems, making the design and permit process potentially complex and time-consuming)",hallucinated_label,outside_range_id,True,53,20250808_114134,yes
generalist2_mistral_53_b9,mistral,generalist2_mistral,generalist2,9,,lack of enough trained personnel in DC systems and design and permit process complexity (combined from numbers 8 and 9),hallucinated_label,outside_range_id,True,53,20250808_114134,yes
generalist2_mistral_53_b10,mistral,generalist2_mistral,generalist2,10,,uncertain regulatory roadmap (added back as it was combined with public perception and is an important barrier on its own),hallucinated_label,outside_range_id,True,53,20250808_114134,yes
normative_mistral_53_b1,mistral,normative_mistral,normative,1,"power losses, quality and safety issues","power losses, quality and safety issues",matched,correct_id,False,53,20250808_114134,no
normative_mistral_53_b2,mistral,normative_mistral,normative,2,reduced reliability in DC devices,reduced reliability in DC devices,matched,correct_id,False,53,20250808_114134,no
normative_mistral_53_b3,mistral,normative_mistral,normative,3,"uncertain utility interaction (net metering, utility ownership, and agreed standards)","uncertain utility interaction (net metering, utility ownership, and agreed standards)",matched,wrong_id_matchable,False,53,20250808_114134,no
normative_mistral_53_b4,mistral,normative_mistral,normative,4,lack of pilot projects,lack of pilot projects,matched,wrong_id_matchable,False,53,20250808_114134,no
normative_mistral_53_b5,mistral,normative_mistral,normative,5,public perception of DC and readiness to 'champion' installations from DC projects,public perception of DC and readiness to 'champion' installations from DC projects,matched,wrong_id_matchable,False,53,20250808_114134,no
normative2_mistral_53_b1,mistral,normative2_mistral,normative2,1,"power losses, quality and safety issues","power losses, quality and safety issues",matched,correct_id,False,53,20250808_114134,no
normative2_mistral_53_b2,mistral,normative2_mistral,normative2,2,reduced reliability in DC devices,reduced reliability in DC devices,matched,correct_id,False,53,20250808_114134,no
normative2_mistral_53_b3,mistral,normative2_mistral,normative2,3,lack of pilot projects,lack of pilot projects,matched,wrong_id_matchable,False,53,20250808_114134,no
normative2_mistral_53_b4,mistral,normative2_mistral,normative2,4,"uncertain utility interaction (net metering, utility ownership, and agreed standards)","uncertain utility interaction (net metering, utility ownership, and agreed standards)",matched,correct_id,False,53,20250808_114134,no
normative2_mistral_53_b5,mistral,normative2_mistral,normative2,5,uncertain regulatory roadmap,uncertain regulatory roadmap,matched,wrong_id_matchable,False,53,20250808_114134,no
subject_matter_mistral_53_b1,mistral,subject_matter_mistral,subject_matter,1,"power losses, quality and safety issues","power losses, quality and safety issues",matched,correct_id,False,53,20250808_114134,no
subject_matter_mistral_53_b2,mistral,subject_matter_mistral,subject_matter,2,reduced reliability in DC devices,reduced reliability in DC devices,matched,correct_id,False,53,20250808_114134,no
subject_matter_mistral_53_b3,mistral,subject_matter_mistral,subject_matter,3,lack of pilot projects,lack of pilot projects,matched,wrong_id_matchable,False,53,20250808_114134,no
subject_matter_mistral_53_b4,mistral,subject_matter_mistral,subject_matter,4,"uncertain utility interaction (net metering, utility ownership, and agreed standards)","uncertain utility interaction (net metering, utility ownership, and agreed standards)",matched,correct_id,False,53,20250808_114134,no
subject_matter_mistral_53_b5,mistral,subject_matter_mistral,subject_matter,5,uncertain regulatory roadmap,uncertainty in regulatory roadmap,matched,wrong_id_matchable,False,53,20250808_114134,no
subject_matter_mistral_53_b6,mistral,subject_matter_mistral,subject_matter,6,,"lack of enough trained personnel in DC systems (optional, if there's room for five selections)",hallucinated_label,outside_range_id,True,53,20250808_114134,yes
subject_matter2_mistral_53_b1,mistral,subject_matter2_mistral,subject_matter2,1,"power losses, quality and safety issues","power losses, quality and safety issues",matched,correct_id,False,53,20250808_114134,no
subject_matter2_mistral_53_b2,mistral,subject_matter2_mistral,subject_matter2,2,reduced reliability in DC devices,reduced reliability in DC devices,matched,correct_id,False,53,20250808_114134,no
subject_matter2_mistral_53_b3,mistral,subject_matter2_mistral,subject_matter2,3,"uncertain utility interaction (net metering, utility ownership, and agreed standards)","uncertainty of utility interaction (net metering, utility ownership, and agreed standards)",matched,wrong_id_matchable,False,53,20250808_114134,no
subject_matter2_mistral_53_b4,mistral,subject_matter2_mistral,subject_matter2,4,lack of pilot projects,lack of pilot projects,matched,wrong_id_matchable,False,53,20250808_114134,no
subject_matter2_mistral_53_b5,mistral,subject_matter2_mistral,subject_matter2,5,uncertain regulatory roadmap,uncertain regulatory roadmap,matched,wrong_id_matchable,False,53,20250808_114134,no
generalist_gemma3_53_b1,gemma3,generalist_gemma3,generalist,1,"power losses, quality and safety issues","power losses, quality and safety issues",matched,correct_id,False,53,20250808_114134,no
generalist_gemma3_53_b3,gemma3,generalist_gemma3,generalist,3,lack of use-cases in which DC is advantageous,lack of use-cases in which DC is advantageous,matched,correct_id,False,53,20250808_114134,no
generalist_gemma3_53_b4,gemma3,generalist_gemma3,generalist,4,"uncertain utility interaction (net metering, utility ownership, and agreed standards)","uncertain utility interaction (net metering, utility ownership, and agreed standards)",matched,correct_id,False,53,20250808_114134,no
generalist_gemma3_53_b6,gemma3,generalist_gemma3,generalist,6,public perception of DC and readiness to 'champion' installations from DC projects,public perception of DC and readiness to 'champion' installations from DC projects,matched,correct_id,False,53,20250808_114134,no
generalist_gemma3_53_b11,gemma3,generalist_gemma3,generalist,11,high costs of DC solutions,high costs of DC solutions,matched,correct_id,False,53,20250808_114134,no
generalist2_gemma3_53_b1,gemma3,generalist2_gemma3,generalist2,1,"power losses, quality and safety issues","power losses, quality and safety issues",matched,correct_id,False,53,20250808_114134,no
generalist2_gemma3_53_b4,gemma3,generalist2_gemma3,generalist2,4,"uncertain utility interaction (net metering, utility ownership, and agreed standards)","uncertain utility interaction (net metering, utility ownership, and agreed standards)",matched,correct_id,False,53,20250808_114134,no
generalist2_gemma3_53_b7,gemma3,generalist2_gemma3,generalist2,7,incompatibility of DC systems components,incompatibility of DC systems components,matched,correct_id,False,53,20250808_114134,no
generalist2_gemma3_53_b8,gemma3,generalist2_gemma3,generalist2,8,misconception and lack of knowledge leads to lengthy/expensive design and permit process,misconception and lack of knowledge leads to lengthy/expensive design and permit process,matched,correct_id,False,53,20250808_114134,no
generalist2_gemma3_53_b11,gemma3,generalist2_gemma3,generalist2,11,high costs of DC solutions,high costs of DC solutions,matched,correct_id,False,53,20250808_114134,no
normative_gemma3_53_b1,gemma3,normative_gemma3,normative,1,"power losses, quality and safety issues","power losses, quality and safety issues",matched,correct_id,False,53,20250808_114134,no
normative_gemma3_53_b4,gemma3,normative_gemma3,normative,4,"uncertain utility interaction (net metering, utility ownership, and agreed standards)","uncertain utility interaction (net metering, utility ownership, and agreed standards)",matched,correct_id,False,53,20250808_114134,no
normative_gemma3_53_b7,gemma3,normative_gemma3,normative,7,incompatibility of DC systems components,incompatibility of DC systems components,matched,correct_id,False,53,20250808_114134,no
normative_gemma3_53_b8,gemma3,normative_gemma3,normative,8,misconception and lack of knowledge leads to lengthy/expensive design and permit process,misconception and lack of knowledge leads to lengthy/expensive design and permit process,matched,correct_id,False,53,20250808_114134,no
normative_gemma3_53_b11,gemma3,normative_gemma3,normative,11,high costs of DC solutions,high costs of DC solutions,matched,correct_id,False,53,20250808_114134,no
normative2_gemma3_53_b1,gemma3,normative2_gemma3,normative2,1,"power losses, quality and safety issues","power losses, quality and safety issues",matched,correct_id,False,53,20250808_114134,no
normative2_gemma3_53_b4,gemma3,normative2_gemma3,normative2,4,"uncertain utility interaction (net metering, utility ownership, and agreed standards)","uncertain utility interaction (net metering, utility ownership, and agreed standards)",matched,correct_id,False,53,20250808_114134,no
normative2_gemma3_53_b6,gemma3,normative2_gemma3,normative2,6,public perception of DC and readiness to 'champion' installations from DC projects,public perception of DC and readiness to 'champion' installations from DC projects,matched,correct_id,False,53,20250808_114134,no
normative2_gemma3_53_b8,gemma3,normative2_gemma3,normative2,8,misconception and lack of knowledge leads to lengthy/expensive design and permit process,misconception and lack of knowledge leads to lengthy/expensive design and permit process,matched,correct_id,False,53,20250808_114134,no
normative2_gemma3_53_b11,gemma3,normative2_gemma3,normative2,11,high costs of DC solutions,high costs of DC solutions,matched,correct_id,False,53,20250808_114134,no
subject_matter_gemma3_53_b1,gemma3,subject_matter_gemma3,subject_matter,1,"power losses, quality and safety issues","power losses, quality and safety issues",matched,correct_id,False,53,20250808_114134,no
subject_matter_gemma3_53_b4,gemma3,subject_matter_gemma3,subject_matter,4,"uncertain utility interaction (net metering, utility ownership, and agreed standards)","uncertain utility interaction (net metering, utility ownership, and agreed standards)",matched,correct_id,False,53,20250808_114134,no
subject_matter_gemma3_53_b7,gemma3,subject_matter_gemma3,subject_matter,7,incompatibility of DC systems components,incompatibility of DC systems components,matched,correct_id,False,53,20250808_114134,no
subject_matter_gemma3_53_b9,gemma3,subject_matter_gemma3,subject_matter,9,lack of enough trained personnel in DC systems,lack of enough trained personnel in DC systems,matched,correct_id,False,53,20250808_114134,no
subject_matter_gemma3_53_b11,gemma3,subject_matter_gemma3,subject_matter,11,high costs of DC solutions,high costs of DC solutions,matched,correct_id,False,53,20250808_114134,no
subject_matter2_gemma3_53_b1,gemma3,subject_matter2_gemma3,subject_matter2,1,"power losses, quality and safety issues","power losses, quality and safety issues",matched,correct_id,False,53,20250808_114134,no
subject_matter2_gemma3_53_b4,gemma3,subject_matter2_gemma3,subject_matter2,4,"uncertain utility interaction (net metering, utility ownership, and agreed standards)","uncertain utility interaction (net metering, utility ownership, and agreed standards)",matched,correct_id,False,53,20250808_114134,no
subject_matter2_gemma3_53_b7,gemma3,subject_matter2_gemma3,subject_matter2,7,incompatibility of DC systems components,incompatibility of DC systems components,matched,correct_id,False,53,20250808_114134,no
subject_matter2_gemma3_53_b9,gemma3,subject_matter2_gemma3,subject_matter2,9,lack of enough trained personnel in DC systems,lack of enough trained personnel in DC systems,matched,correct_id,False,53,20250808_114134,no
subject_matter2_gemma3_53_b11,gemma3,subject_matter2_gemma3,subject_matter2,11,high costs of DC solutions,high costs of DC solutions,matched,correct_id,False,53,20250808_114134,no
generalist_llama_54_b1,llama,generalist_llama,generalist,1,lack of use-cases in which DC is advantageous,Lack of use-cases in which DC is advantageous,matched,wrong_id_matchable,False,54,20250808_115016,no
generalist_llama_54_b2,llama,generalist_llama,generalist,2,incompatibility of DC systems components,Incompatibility of DC systems components,matched,wrong_id_matchable,False,54,20250808_115016,no
generalist_llama_54_b3,llama,generalist_llama,generalist,3,high costs of DC solutions,High costs of DC solutions,matched,wrong_id_matchable,False,54,20250808_115016,no
generalist_llama_54_b4,llama,generalist_llama,generalist,4,"uncertain utility interaction (net metering, utility ownership, and agreed standards)","Uncertainty in utility interaction (net metering, utility ownership, and agreed standards)",matched,correct_id,False,54,20250808_115016,no
generalist_llama_54_b5,llama,generalist_llama,generalist,5,public perception of DC and readiness to 'champion' installations from DC projects,Public perception of DC and readiness to 'champion' installations from DC projects,matched,wrong_id_matchable,False,54,20250808_115016,no
generalist2_llama_54_b1,llama,generalist2_llama,generalist2,1,"power losses, quality and safety issues","Power losses, quality, and safety issues",matched,correct_id,False,54,20250808_115016,no
generalist2_llama_54_b2,llama,generalist2_llama,generalist2,2,reduced reliability in DC devices,Reduced reliability in DC devices,matched,correct_id,False,54,20250808_115016,no
generalist2_llama_54_b3,llama,generalist2_llama,generalist2,3,lack of use-cases in which DC is advantageous,Lack of use-cases where DC is advantageous,matched,correct_id,False,54,20250808_115016,no
generalist2_llama_54_b4,llama,generalist2_llama,generalist2,4,"uncertain utility interaction (net metering, utility ownership, and agreed standards)","Uncertain utility interaction (net metering, utility ownership, and agreed standards)",matched,correct_id,False,54,20250808_115016,no
generalist2_llama_54_b5,llama,generalist2_llama,generalist2,5,lack of pilot projects,Lack of pilot projects,matched,correct_id,False,54,20250808_115016,no
normative_llama_54_b1,llama,normative_llama,normative,1,"power losses, quality and safety issues","Power losses, quality, and safety issues",matched,correct_id,False,54,20250808_115016,no
normative_llama_54_b2,llama,normative_llama,normative,2,lack of use-cases in which DC is advantageous,Lack of use-cases in which DC is advantageous,matched,wrong_id_matchable,False,54,20250808_115016,no
normative_llama_54_b3,llama,normative_llama,normative,3,"uncertain utility interaction (net metering, utility ownership, and agreed standards)","Uncertain utility interaction (net metering, utility ownership, and agreed standards)",matched,wrong_id_matchable,False,54,20250808_115016,no
normative_llama_54_b4,llama,normative_llama,normative,4,incompatibility of DC systems components,Incompatibility of DC systems components,matched,wrong_id_matchable,False,54,20250808_115016,no
normative_llama_54_b5,llama,normative_llama,normative,5,public perception of DC and readiness to 'champion' installations from DC projects,Public perception of DC and readiness to 'champion' installations from DC projects,matched,wrong_id_matchable,False,54,20250808_115016,no
normative2_llama_54_b1,llama,normative2_llama,normative2,1,"power losses, quality and safety issues","Power losses, quality, and safety issues (Barrier 1)",matched,correct_id,False,54,20250808_115016,no
normative2_llama_54_b2,llama,normative2_llama,normative2,2,,Reduced reliability in DC devices (Barrier 2),hallucinated_label,outside_range_id,True,54,20250808_115016,no
normative2_llama_54_b3,llama,normative2_llama,normative2,3,lack of use-cases in which DC is advantageous,Lack of use-cases in which DC is advantageous (Barrier 3),matched,correct_id,False,54,20250808_115016,no
normative2_llama_54_b4,llama,normative2_llama,normative2,4,"uncertain utility interaction (net metering, utility ownership, and agreed standards)","Uncertain utility interaction (net metering, utility ownership, and agreed standards) (Barrier 5)",matched,correct_id,False,54,20250808_115016,no
normative2_llama_54_b5,llama,normative2_llama,normative2,5,,Lack of pilot projects (Barrier 6),hallucinated_label,outside_range_id,True,54,20250808_115016,no
subject_matter_llama_54_b1,llama,subject_matter_llama,subject_matter,1,"power losses, quality and safety issues","Power losses, quality, and safety issues",matched,correct_id,False,54,20250808_115016,no
subject_matter_llama_54_b2,llama,subject_matter_llama,subject_matter,2,reduced reliability in DC devices,Reduced reliability in DC devices,matched,correct_id,False,54,20250808_115016,no
subject_matter_llama_54_b3,llama,subject_matter_llama,subject_matter,3,lack of use-cases in which DC is advantageous,Lack of use-cases in which DC is advantageous,matched,correct_id,False,54,20250808_115016,no
subject_matter_llama_54_b4,llama,subject_matter_llama,subject_matter,4,"uncertain utility interaction (net metering, utility ownership, and agreed standards)","Uncertain utility interaction (net metering, utility ownership, and agreed standards)",matched,correct_id,False,54,20250808_115016,no
subject_matter_llama_54_b5,llama,subject_matter_llama,subject_matter,5,lack of pilot projects,Lack of pilot projects,matched,correct_id,False,54,20250808_115016,no
subject_matter2_llama_54_b1,llama,subject_matter2_llama,subject_matter2,1,"power losses, quality and safety issues","Power losses, quality, and safety issues",matched,correct_id,False,54,20250808_115016,no
subject_matter2_llama_54_b2,llama,subject_matter2_llama,subject_matter2,2,reduced reliability in DC devices,Reduced reliability in DC devices,matched,correct_id,False,54,20250808_115016,no
subject_matter2_llama_54_b3,llama,subject_matter2_llama,subject_matter2,3,lack of use-cases in which DC is advantageous,Lack of use-cases in which DC is advantageous,matched,correct_id,False,54,20250808_115016,no
subject_matter2_llama_54_b4,llama,subject_matter2_llama,subject_matter2,4,"uncertain utility interaction (net metering, utility ownership, and agreed standards)","Uncertain utility interaction (net metering, utility ownership, and agreed standards)",matched,correct_id,False,54,20250808_115016,no
subject_matter2_llama_54_b5,llama,subject_matter2_llama,subject_matter2,5,lack of pilot projects,Lack of pilot projects,matched,correct_id,False,54,20250808_115016,no
generalist_mistral_54_b1,mistral,generalist_mistral,generalist,1,"power losses, quality and safety issues","power losses, quality and safety issues",matched,correct_id,False,54,20250808_115016,no
generalist_mistral_54_b2,mistral,generalist_mistral,generalist,2,reduced reliability in DC devices,reduced reliability in DC devices,matched,correct_id,False,54,20250808_115016,no
generalist_mistral_54_b3,mistral,generalist_mistral,generalist,3,"uncertain utility interaction (net metering, utility ownership, and agreed standards)","uncertain utility interaction (net metering, utility ownership, and agreed standards)",matched,wrong_id_matchable,False,54,20250808_115016,no
generalist_mistral_54_b4,mistral,generalist_mistral,generalist,4,lack of pilot projects,lack of pilot projects,matched,wrong_id_matchable,False,54,20250808_115016,no
generalist_mistral_54_b5,mistral,generalist_mistral,generalist,5,public perception of DC and readiness to 'champion' installations from DC projects,public perception of DC and readiness to 'champion' installations from DC projects,matched,wrong_id_matchable,False,54,20250808_115016,no
generalist2_mistral_54_b1,mistral,generalist2_mistral,generalist2,1,"power losses, quality and safety issues","power losses, quality and safety issues",matched,correct_id,False,54,20250808_115016,no
generalist2_mistral_54_b2,mistral,generalist2_mistral,generalist2,2,reduced reliability in DC devices,reduced reliability in DC devices,matched,correct_id,False,54,20250808_115016,no
generalist2_mistral_54_b3,mistral,generalist2_mistral,generalist2,3,"uncertain utility interaction (net metering, utility ownership, and agreed standards)","uncertain utility interaction (net metering, utility ownership, and agreed standards)",matched,wrong_id_matchable,False,54,20250808_115016,no
generalist2_mistral_54_b4,mistral,generalist2_mistral,generalist2,4,lack of pilot projects,lack of pilot projects,matched,wrong_id_matchable,False,54,20250808_115016,no
generalist2_mistral_54_b5,mistral,generalist2_mistral,generalist2,5,public perception of DC and readiness to 'champion' installations from DC projects,public perception of DC and readiness to 'champion' installations from DC projects,matched,wrong_id_matchable,False,54,20250808_115016,no
normative_mistral_54_b1,mistral,normative_mistral,normative,1,"power losses, quality and safety issues","power losses, quality and safety issues",matched,correct_id,False,54,20250808_115016,no
normative_mistral_54_b2,mistral,normative_mistral,normative,2,reduced reliability in DC devices,reduced reliability in DC devices,matched,correct_id,False,54,20250808_115016,no
normative_mistral_54_b3,mistral,normative_mistral,normative,3,"uncertain utility interaction (net metering, utility ownership, and agreed standards)","uncertain utility interaction (net metering, utility ownership, and agreed standards)",matched,wrong_id_matchable,False,54,20250808_115016,no
normative_mistral_54_b4,mistral,normative_mistral,normative,4,lack of pilot projects,lack of pilot projects,matched,wrong_id_matchable,False,54,20250808_115016,no
normative_mistral_54_b5,mistral,normative_mistral,normative,5,public perception of DC and readiness to 'champion' installations from DC projects,public perception of DC and readiness to 'champion' installations from DC projects,matched,wrong_id_matchable,False,54,20250808_115016,no
normative2_mistral_54_b1,mistral,normative2_mistral,normative2,1,"power losses, quality and safety issues","power losses, quality, and safety issues (Barrier 1)",matched,correct_id,False,54,20250808_115016,no
normative2_mistral_54_b2,mistral,normative2_mistral,normative2,2,,reduced reliability in DC devices (Barrier 2),hallucinated_label,outside_range_id,True,54,20250808_115016,no
normative2_mistral_54_b3,mistral,normative2_mistral,normative2,3,"uncertain utility interaction (net metering, utility ownership, and agreed standards)","uncertain utility interaction (net metering, utility ownership, and agreed standards) (Barrier 4)",matched,wrong_id_matchable,False,54,20250808_115016,no
normative2_mistral_54_b4,mistral,normative2_mistral,normative2,4,,lack of pilot projects (Barrier 5),hallucinated_label,outside_range_id,True,54,20250808_115016,no
normative2_mistral_54_b5,mistral,normative2_mistral,normative2,5,,high costs of DC solutions (Barrier 11),hallucinated_label,outside_range_id,True,54,20250808_115016,no
subject_matter_mistral_54_b1,mistral,subject_matter_mistral,subject_matter,1,"power losses, quality and safety issues","power losses, quality and safety issues",matched,correct_id,False,54,20250808_115016,no
subject_matter_mistral_54_b4,mistral,subject_matter_mistral,subject_matter,4,"uncertain utility interaction (net metering, utility ownership, and agreed standards)","uncertain utility interaction (net metering, utility ownership, and agreed standards)",matched,correct_id,False,54,20250808_115016,no
subject_matter_mistral_54_b5,mistral,subject_matter_mistral,subject_matter,5,lack of pilot projects,lack of pilot projects,matched,correct_id,False,54,20250808_115016,no
subject_matter_mistral_54_b7,mistral,subject_matter_mistral,subject_matter,7,incompatibility of DC systems components,incompatibility of DC systems components,matched,correct_id,False,54,20250808_115016,no
subject_matter_mistral_54_b8,mistral,subject_matter_mistral,subject_matter,8,misconception and lack of knowledge leads to lengthy/expensive design and permit process,misconception and lack of knowledge leads to lengthy/expensive design and permit process,matched,correct_id,False,54,20250808_115016,no
subject_matter_mistral_54_b10,mistral,subject_matter_mistral,subject_matter,10,uncertain regulatory roadmap,uncertain regulatory roadmap,matched,correct_id,False,54,20250808_115016,yes
subject_matter2_mistral_54_b1,mistral,subject_matter2_mistral,subject_matter2,1,"power losses, quality and safety issues","power losses, quality and safety issues",matched,correct_id,False,54,20250808_115016,no
subject_matter2_mistral_54_b2,mistral,subject_matter2_mistral,subject_matter2,2,reduced reliability in DC devices,reduced reliability in DC devices,matched,correct_id,False,54,20250808_115016,no
subject_matter2_mistral_54_b3,mistral,subject_matter2_mistral,subject_matter2,3,"uncertain utility interaction (net metering, utility ownership, and agreed standards)","uncertain utility interaction (net metering, utility ownership, and agreed standards)",matched,wrong_id_matchable,False,54,20250808_115016,no
subject_matter2_mistral_54_b4,mistral,subject_matter2_mistral,subject_matter2,4,lack of pilot projects,lack of pilot projects,matched,wrong_id_matchable,False,54,20250808_115016,no
subject_matter2_mistral_54_b5,mistral,subject_matter2_mistral,subject_matter2,5,uncertain regulatory roadmap,uncertain regulatory roadmap,matched,wrong_id_matchable,False,54,20250808_115016,no
generalist_gemma3_54_b1,gemma3,generalist_gemma3,generalist,1,"power losses, quality and safety issues","power losses, quality and safety issues",matched,correct_id,False,54,20250808_115016,no
generalist_gemma3_54_b4,gemma3,generalist_gemma3,generalist,4,"uncertain utility interaction (net metering, utility ownership, and agreed standards)","uncertain utility interaction (net metering, utility ownership, and agreed standards)",matched,correct_id,False,54,20250808_115016,no
generalist_gemma3_54_b7,gemma3,generalist_gemma3,generalist,7,incompatibility of DC systems components,incompatibility of DC systems components,matched,correct_id,False,54,20250808_115016,no
generalist_gemma3_54_b8,gemma3,generalist_gemma3,generalist,8,misconception and lack of knowledge leads to lengthy/expensive design and permit process,misconception and lack of knowledge leads to lengthy/expensive design and permit process,matched,correct_id,False,54,20250808_115016,no
generalist_gemma3_54_b11,gemma3,generalist_gemma3,generalist,11,high costs of DC solutions,high costs of DC solutions,matched,correct_id,False,54,20250808_115016,no
generalist2_gemma3_54_b1,gemma3,generalist2_gemma3,generalist2,1,"power losses, quality and safety issues","power losses, quality and safety issues",matched,correct_id,False,54,20250808_115016,no
generalist2_gemma3_54_b4,gemma3,generalist2_gemma3,generalist2,4,"uncertain utility interaction (net metering, utility ownership, and agreed standards)","uncertain utility interaction (net metering, utility ownership, and agreed standards)",matched,correct_id,False,54,20250808_115016,no
generalist2_gemma3_54_b7,gemma3,generalist2_gemma3,generalist2,7,incompatibility of DC systems components,incompatibility of DC systems components,matched,correct_id,False,54,20250808_115016,no
generalist2_gemma3_54_b8,gemma3,generalist2_gemma3,generalist2,8,misconception and lack of knowledge leads to lengthy/expensive design and permit process,misconception and lack of knowledge leads to lengthy/expensive design and permit process,matched,correct_id,False,54,20250808_115016,no
generalist2_gemma3_54_b11,gemma3,generalist2_gemma3,generalist2,11,high costs of DC solutions,high costs of DC solutions,matched,correct_id,False,54,20250808_115016,no
normative_gemma3_54_b1,gemma3,normative_gemma3,normative,1,"power losses, quality and safety issues","power losses, quality and safety issues",matched,correct_id,False,54,20250808_115016,no
normative_gemma3_54_b4,gemma3,normative_gemma3,normative,4,"uncertain utility interaction (net metering, utility ownership, and agreed standards)","uncertain utility interaction (net metering, utility ownership, and agreed standards)",matched,correct_id,False,54,20250808_115016,no
normative_gemma3_54_b7,gemma3,normative_gemma3,normative,7,incompatibility of DC systems components,incompatibility of DC systems components,matched,correct_id,False,54,20250808_115016,no
normative_gemma3_54_b8,gemma3,normative_gemma3,normative,8,misconception and lack of knowledge leads to lengthy/expensive design and permit process,misconception and lack of knowledge leads to lengthy/expensive design and permit process,matched,correct_id,False,54,20250808_115016,no
normative_gemma3_54_b11,gemma3,normative_gemma3,normative,11,high costs of DC solutions,high costs of DC solutions,matched,correct_id,False,54,20250808_115016,no
normative2_gemma3_54_b1,gemma3,normative2_gemma3,normative2,1,"power losses, quality and safety issues","power losses, quality and safety issues",matched,correct_id,False,54,20250808_115016,no
normative2_gemma3_54_b4,gemma3,normative2_gemma3,normative2,4,"uncertain utility interaction (net metering, utility ownership, and agreed standards)","uncertain utility interaction (net metering, utility ownership, and agreed standards)",matched,correct_id,False,54,20250808_115016,no
normative2_gemma3_54_b7,gemma3,normative2_gemma3,normative2,7,incompatibility of DC systems components,incompatibility of DC systems components,matched,correct_id,False,54,20250808_115016,no
normative2_gemma3_54_b8,gemma3,normative2_gemma3,normative2,8,misconception and lack of knowledge leads to lengthy/expensive design and permit process,misconception and lack of knowledge leads to lengthy/expensive design and permit process,matched,correct_id,False,54,20250808_115016,no
normative2_gemma3_54_b11,gemma3,normative2_gemma3,normative2,11,high costs of DC solutions,high costs of DC solutions,matched,correct_id,False,54,20250808_115016,no
subject_matter_gemma3_54_b1,gemma3,subject_matter_gemma3,subject_matter,1,"power losses, quality and safety issues","power losses, quality and safety issues",matched,correct_id,False,54,20250808_115016,no
subject_matter_gemma3_54_b4,gemma3,subject_matter_gemma3,subject_matter,4,"uncertain utility interaction (net metering, utility ownership, and agreed standards)","uncertain utility interaction (net metering, utility ownership, and agreed standards)",matched,correct_id,False,54,20250808_115016,no
subject_matter_gemma3_54_b7,gemma3,subject_matter_gemma3,subject_matter,7,incompatibility of DC systems components,incompatibility of DC systems components,matched,correct_id,False,54,20250808_115016,no
subject_matter_gemma3_54_b9,gemma3,subject_matter_gemma3,subject_matter,9,lack of enough trained personnel in DC systems,lack of enough trained personnel in DC systems,matched,correct_id,False,54,20250808_115016,no
subject_matter_gemma3_54_b11,gemma3,subject_matter_gemma3,subject_matter,11,high costs of DC solutions,high costs of DC solutions,matched,correct_id,False,54,20250808_115016,no
subject_matter2_gemma3_54_b1,gemma3,subject_matter2_gemma3,subject_matter2,1,"power losses, quality and safety issues","power losses, quality and safety issues",matched,correct_id,False,54,20250808_115016,no
subject_matter2_gemma3_54_b4,gemma3,subject_matter2_gemma3,subject_matter2,4,"uncertain utility interaction (net metering, utility ownership, and agreed standards)","uncertain utility interaction (net metering, utility ownership, and agreed standards)",matched,correct_id,False,54,20250808_115016,no
subject_matter2_gemma3_54_b7,gemma3,subject_matter2_gemma3,subject_matter2,7,incompatibility of DC systems components,incompatibility of DC systems components,matched,correct_id,False,54,20250808_115016,no
subject_matter2_gemma3_54_b8,gemma3,subject_matter2_gemma3,subject_matter2,8,misconception and lack of knowledge leads to lengthy/expensive design and permit process,misconception and lack of knowledge leads to lengthy/expensive design and permit process,matched,correct_id,False,54,20250808_115016,no
subject_matter2_gemma3_54_b11,gemma3,subject_matter2_gemma3,subject_matter2,11,high costs of DC solutions,high costs of DC solutions,matched,correct_id,False,54,20250808_115016,no
generalist_llama_55_b1,llama,generalist_llama,generalist,1,lack of use-cases in which DC is advantageous,Lack of use-cases in which DC is advantageous,matched,wrong_id_matchable,False,55,20250808_121210,no
generalist_llama_55_b2,llama,generalist_llama,generalist,2,"uncertain utility interaction (net metering, utility ownership, and agreed standards)","Uncertain utility interaction (net metering, utility ownership, and agreed standards)",matched,wrong_id_matchable,False,55,20250808_121210,no
generalist_llama_55_b3,llama,generalist_llama,generalist,3,incompatibility of DC systems components,Incompatibility of DC systems components,matched,wrong_id_matchable,False,55,20250808_121210,no
generalist_llama_55_b4,llama,generalist_llama,generalist,4,high costs of DC solutions,High costs of DC solutions,matched,wrong_id_matchable,False,55,20250808_121210,no
generalist_llama_55_b5,llama,generalist_llama,generalist,5,public perception of DC and readiness to 'champion' installations from DC projects,Public perception of DC and readiness to 'champion' installations from DC projects,matched,wrong_id_matchable,False,55,20250808_121210,no
generalist2_llama_55_b1,llama,generalist2_llama,generalist2,1,"power losses, quality and safety issues","Power losses, quality, and safety issues",matched,correct_id,False,55,20250808_121210,no
generalist2_llama_55_b2,llama,generalist2_llama,generalist2,2,reduced reliability in DC devices,Reduced reliability in DC devices,matched,correct_id,False,55,20250808_121210,no
generalist2_llama_55_b3,llama,generalist2_llama,generalist2,3,lack of use-cases in which DC is advantageous,Lack of use-cases in which DC is advantageous,matched,correct_id,False,55,20250808_121210,no
generalist2_llama_55_b4,llama,generalist2_llama,generalist2,4,"uncertain utility interaction (net metering, utility ownership, and agreed standards)","Uncertain utility interaction (net metering, utility ownership, and agreed standards)",matched,correct_id,False,55,20250808_121210,no
generalist2_llama_55_b5,llama,generalist2_llama,generalist2,5,lack of pilot projects,Lack of pilot projects,matched,correct_id,False,55,20250808_121210,no
normative_llama_55_b5,llama,normative_llama,normative,5,public perception of DC and readiness to 'champion' installations from DC projects,public perception of DC and readiness to 'champion' installations from DC projects,matched,wrong_id_matchable,False,55,20250808_121210,no
normative_llama_55_b7,llama,normative_llama,normative,7,incompatibility of DC systems components,incompatibility of DC systems components,matched,correct_id,False,55,20250808_121210,no
normative_llama_55_b9,llama,normative_llama,normative,9,lack of enough trained personnel in DC systems,lack of enough trained personnel in DC systems,matched,correct_id,False,55,20250808_121210,no
normative_llama_55_b10,llama,normative_llama,normative,10,uncertain regulatory roadmap,uncertain regulatory roadmap,matched,correct_id,False,55,20250808_121210,no
normative_llama_55_b11,llama,normative_llama,normative,11,high costs of DC solutions,high costs of DC solutions,matched,correct_id,False,55,20250808_121210,no
normative2_llama_55_b1,llama,normative2_llama,normative2,1,"power losses, quality and safety issues","Power losses, quality and safety issues",matched,correct_id,False,55,20250808_121210,no
normative2_llama_55_b2,llama,normative2_llama,normative2,2,lack of use-cases in which DC is advantageous,Lack of use-cases in which DC is advantageous,matched,wrong_id_matchable,False,55,20250808_121210,no
normative2_llama_55_b3,llama,normative2_llama,normative2,3,"uncertain utility interaction (net metering, utility ownership, and agreed standards)","Uncertain utility interaction (net metering, utility ownership, and agreed standards)",matched,wrong_id_matchable,False,55,20250808_121210,no
normative2_llama_55_b4,llama,normative2_llama,normative2,4,public perception of DC and readiness to 'champion' installations from DC projects,Public perception of DC and readiness to 'champion' installations from DC projects,matched,wrong_id_matchable,False,55,20250808_121210,no
normative2_llama_55_b5,llama,normative2_llama,normative2,5,incompatibility of DC systems components,Incompatibility of DC systems components,matched,wrong_id_matchable,False,55,20250808_121210,no
subject_matter_llama_55_b1,llama,subject_matter_llama,subject_matter,1,"power losses, quality and safety issues","Power losses, quality, and safety issues",matched,correct_id,False,55,20250808_121210,no
subject_matter_llama_55_b2,llama,subject_matter_llama,subject_matter,2,reduced reliability in DC devices,Reduced reliability in DC devices,matched,correct_id,False,55,20250808_121210,no
subject_matter_llama_55_b3,llama,subject_matter_llama,subject_matter,3,lack of use-cases in which DC is advantageous,Lack of use-cases in which DC is advantageous,matched,correct_id,False,55,20250808_121210,no
subject_matter_llama_55_b4,llama,subject_matter_llama,subject_matter,4,"uncertain utility interaction (net metering, utility ownership, and agreed standards)","Uncertain utility interaction (net metering, utility ownership, and agreed standards)",matched,correct_id,False,55,20250808_121210,no
subject_matter_llama_55_b5,llama,subject_matter_llama,subject_matter,5,lack of pilot projects,Lack of pilot projects,matched,correct_id,False,55,20250808_121210,no
subject_matter2_llama_55_b1,llama,subject_matter2_llama,subject_matter2,1,"power losses, quality and safety issues","Power losses, quality, and safety issues",matched,correct_id,False,55,20250808_121210,no
subject_matter2_llama_55_b2,llama,subject_matter2_llama,subject_matter2,2,lack of use-cases in which DC is advantageous,Lack of use-cases in which DC is advantageous,matched,wrong_id_matchable,False,55,20250808_121210,no
subject_matter2_llama_55_b3,llama,subject_matter2_llama,subject_matter2,3,"uncertain utility interaction (net metering, utility ownership, and agreed standards)","Uncertain utility interaction (net metering, utility ownership, and agreed standards)",matched,wrong_id_matchable,False,55,20250808_121210,no
subject_matter2_llama_55_b4,llama,subject_matter2_llama,subject_matter2,4,incompatibility of DC systems components,Incompatibility of DC systems components,matched,wrong_id_matchable,False,55,20250808_121210,no
subject_matter2_llama_55_b5,llama,subject_matter2_llama,subject_matter2,5,public perception of DC and readiness to 'champion' installations from DC projects,Public perception of DC and readiness to 'champion' installations from DC projects,matched,wrong_id_matchable,False,55,20250808_121210,no
generalist_mistral_55_b1,mistral,generalist_mistral,generalist,1,"power losses, quality and safety issues","power losses, quality and safety issues",matched,correct_id,False,55,20250808_121210,no
generalist_mistral_55_b2,mistral,generalist_mistral,generalist,2,reduced reliability in DC devices,reduced reliability in DC devices,matched,correct_id,False,55,20250808_121210,no
generalist_mistral_55_b3,mistral,generalist_mistral,generalist,3,lack of use-cases in which DC is advantageous,lack of use-cases in which DC is advantageous,matched,correct_id,False,55,20250808_121210,no
generalist_mistral_55_b4,mistral,generalist_mistral,generalist,4,"uncertain utility interaction (net metering, utility ownership, and agreed standards)","uncertain utility interaction (net metering, utility ownership, and agreed standards)",matched,correct_id,False,55,20250808_121210,no
generalist_mistral_55_b5,mistral,generalist_mistral,generalist,5,lack of pilot projects,lack of pilot projects,matched,correct_id,False,55,20250808_121210,no
generalist2_mistral_55_b1,mistral,generalist2_mistral,generalist2,1,"power losses, quality and safety issues","power losses, quality and safety issues",matched,correct_id,False,55,20250808_121210,no
generalist2_mistral_55_b2,mistral,generalist2_mistral,generalist2,2,reduced reliability in DC devices,reduced reliability in DC devices,matched,correct_id,False,55,20250808_121210,no
generalist2_mistral_55_b3,mistral,generalist2_mistral,generalist2,3,lack of use-cases in which DC is advantageous,lack of use-cases in which DC is advantageous,matched,correct_id,False,55,20250808_121210,no
generalist2_mistral_55_b4,mistral,generalist2_mistral,generalist2,4,"uncertain utility interaction (net metering, utility ownership, and agreed standards)","uncertain utility interaction (net metering, utility ownership, and agreed standards)",matched,correct_id,False,55,20250808_121210,no
generalist2_mistral_55_b5,mistral,generalist2_mistral,generalist2,5,lack of pilot projects,lack of pilot projects,matched,correct_id,False,55,20250808_121210,no
generalist2_mistral_55_b6,mistral,generalist2_mistral,generalist2,6,public perception of DC and readiness to 'champion' installations from DC projects,public perception of DC and readiness to 'champion' installations from DC projects,matched,correct_id,False,55,20250808_121210,yes
normative_mistral_55_b1,mistral,normative_mistral,normative,1,"power losses, quality and safety issues","power losses, quality and safety issues",matched,correct_id,False,55,20250808_121210,no
normative_mistral_55_b2,mistral,normative_mistral,normative,2,reduced reliability in DC devices,reduced reliability in DC devices,matched,correct_id,False,55,20250808_121210,no
normative_mistral_55_b3,mistral,normative_mistral,normative,3,"uncertain utility interaction (net metering, utility ownership, and agreed standards)","uncertain utility interaction (net metering, utility ownership, and agreed standards)",matched,wrong_id_matchable,False,55,20250808_121210,no
normative_mistral_55_b4,mistral,normative_mistral,normative,4,lack of pilot projects,lack of pilot projects,matched,wrong_id_matchable,False,55,20250808_121210,no
normative_mistral_55_b5,mistral,normative_mistral,normative,5,high costs of DC solutions,high costs of DC solutions,matched,wrong_id_matchable,False,55,20250808_121210,no
normative2_mistral_55_b1,mistral,normative2_mistral,normative2,1,"power losses, quality and safety issues","power losses, quality and safety issues",matched,correct_id,False,55,20250808_121210,no
normative2_mistral_55_b2,mistral,normative2_mistral,normative2,2,reduced reliability in DC devices,reduced reliability in DC devices,matched,correct_id,False,55,20250808_121210,no
normative2_mistral_55_b3,mistral,normative2_mistral,normative2,3,"uncertain utility interaction (net metering, utility ownership, and agreed standards)","uncertain utility interaction (net metering, utility ownership, and agreed standards)",matched,wrong_id_matchable,False,55,20250808_121210,no
normative2_mistral_55_b4,mistral,normative2_mistral,normative2,4,lack of pilot projects,lack of pilot projects,matched,wrong_id_matchable,False,55,20250808_121210,no
normative2_mistral_55_b5,mistral,normative2_mistral,normative2,5,incompatibility of DC systems components,incompatibility of DC systems components,matched,wrong_id_matchable,False,55,20250808_121210,no
subject_matter_mistral_55_b1,mistral,subject_matter_mistral,subject_matter,1,"power losses, quality and safety issues","power losses, quality and safety issues",matched,correct_id,False,55,20250808_121210,no
subject_matter_mistral_55_b2,mistral,subject_matter_mistral,subject_matter,2,reduced reliability in DC devices,reduced reliability in DC devices,matched,correct_id,False,55,20250808_121210,no
subject_matter_mistral_55_b3,mistral,subject_matter_mistral,subject_matter,3,"uncertain utility interaction (net metering, utility ownership, and agreed standards)","uncertain utility interaction (net metering, utility ownership, and agreed standards)",matched,wrong_id_matchable,False,55,20250808_121210,no
subject_matter_mistral_55_b4,mistral,subject_matter_mistral,subject_matter,4,lack of pilot projects,lack of pilot projects,matched,wrong_id_matchable,False,55,20250808_121210,no
subject_matter_mistral_55_b5,mistral,subject_matter_mistral,subject_matter,5,uncertain regulatory roadmap,uncertain regulatory roadmap,matched,wrong_id_matchable,False,55,20250808_121210,no
subject_matter2_mistral_55_b1,mistral,subject_matter2_mistral,subject_matter2,1,"power losses, quality and safety issues","power losses, quality and safety issues",matched,correct_id,False,55,20250808_121210,no
subject_matter2_mistral_55_b2,mistral,subject_matter2_mistral,subject_matter2,2,reduced reliability in DC devices,reduced reliability in DC devices,matched,correct_id,False,55,20250808_121210,no
subject_matter2_mistral_55_b3,mistral,subject_matter2_mistral,subject_matter2,3,"uncertain utility interaction (net metering, utility ownership, and agreed standards)","uncertain utility interaction (net metering, utility ownership, and agreed standards)",matched,wrong_id_matchable,False,55,20250808_121210,no
subject_matter2_mistral_55_b4,mistral,subject_matter2_mistral,subject_matter2,4,lack of pilot projects,lack of pilot projects,matched,wrong_id_matchable,False,55,20250808_121210,no
subject_matter2_mistral_55_b5,mistral,subject_matter2_mistral,subject_matter2,5,uncertain regulatory roadmap,uncertain regulatory roadmap,matched,wrong_id_matchable,False,55,20250808_121210,no
generalist_gemma3_55_b1,gemma3,generalist_gemma3,generalist,1,"power losses, quality and safety issues","power losses, quality and safety issues",matched,correct_id,False,55,20250808_121210,no
generalist_gemma3_55_b4,gemma3,generalist_gemma3,generalist,4,"uncertain utility interaction (net metering, utility ownership, and agreed standards)","uncertain utility interaction (net metering, utility ownership, and agreed standards)",matched,correct_id,False,55,20250808_121210,no
generalist_gemma3_55_b7,gemma3,generalist_gemma3,generalist,7,incompatibility of DC systems components,incompatibility of DC systems components,matched,correct_id,False,55,20250808_121210,no
generalist_gemma3_55_b8,gemma3,generalist_gemma3,generalist,8,misconception and lack of knowledge leads to lengthy/expensive design and permit process,misconception and lack of knowledge leads to lengthy/expensive design and permit process,matched,correct_id,False,55,20250808_121210,no
generalist_gemma3_55_b11,gemma3,generalist_gemma3,generalist,11,high costs of DC solutions,high costs of DC solutions,matched,correct_id,False,55,20250808_121210,no
generalist2_gemma3_55_b1,gemma3,generalist2_gemma3,generalist2,1,"power losses, quality and safety issues","power losses, quality and safety issues",matched,correct_id,False,55,20250808_121210,no
generalist2_gemma3_55_b4,gemma3,generalist2_gemma3,generalist2,4,"uncertain utility interaction (net metering, utility ownership, and agreed standards)","uncertain utility interaction (net metering, utility ownership, and agreed standards)",matched,correct_id,False,55,20250808_121210,no
generalist2_gemma3_55_b7,gemma3,generalist2_gemma3,generalist2,7,incompatibility of DC systems components,incompatibility of DC systems components,matched,correct_id,False,55,20250808_121210,no
generalist2_gemma3_55_b9,gemma3,generalist2_gemma3,generalist2,9,lack of enough trained personnel in DC systems,lack of enough trained personnel in DC systems,matched,correct_id,False,55,20250808_121210,no
generalist2_gemma3_55_b11,gemma3,generalist2_gemma3,generalist2,11,high costs of DC solutions,high costs of DC solutions,matched,correct_id,False,55,20250808_121210,no
normative_gemma3_55_b1,gemma3,normative_gemma3,normative,1,"power losses, quality and safety issues","power losses, quality and safety issues",matched,correct_id,False,55,20250808_121210,no
normative_gemma3_55_b4,gemma3,normative_gemma3,normative,4,"uncertain utility interaction (net metering, utility ownership, and agreed standards)","uncertain utility interaction (net metering, utility ownership, and agreed standards)",matched,correct_id,False,55,20250808_121210,no
normative_gemma3_55_b7,gemma3,normative_gemma3,normative,7,incompatibility of DC systems components,incompatibility of DC systems components,matched,correct_id,False,55,20250808_121210,no
normative_gemma3_55_b8,gemma3,normative_gemma3,normative,8,misconception and lack of knowledge leads to lengthy/expensive design and permit process,misconception and lack of knowledge leads to lengthy/expensive design and permit process,matched,correct_id,False,55,20250808_121210,no
normative_gemma3_55_b11,gemma3,normative_gemma3,normative,11,high costs of DC solutions,high costs of DC solutions,matched,correct_id,False,55,20250808_121210,no
normative2_gemma3_55_b1,gemma3,normative2_gemma3,normative2,1,"power losses, quality and safety issues","power losses, quality and safety issues",matched,correct_id,False,55,20250808_121210,no
normative2_gemma3_55_b4,gemma3,normative2_gemma3,normative2,4,"uncertain utility interaction (net metering, utility ownership, and agreed standards)","uncertain utility interaction (net metering, utility ownership, and agreed standards)",matched,correct_id,False,55,20250808_121210,no
normative2_gemma3_55_b7,gemma3,normative2_gemma3,normative2,7,incompatibility of DC systems components,incompatibility of DC systems components,matched,correct_id,False,55,20250808_121210,no
normative2_gemma3_55_b8,gemma3,normative2_gemma3,normative2,8,misconception and lack of knowledge leads to lengthy/expensive design and permit process,misconception and lack of knowledge leads to lengthy/expensive design and permit process,matched,correct_id,False,55,20250808_121210,no
normative2_gemma3_55_b11,gemma3,normative2_gemma3,normative2,11,high costs of DC solutions,high costs of DC solutions,matched,correct_id,False,55,20250808_121210,no
subject_matter_gemma3_55_b1,gemma3,subject_matter_gemma3,subject_matter,1,"power losses, quality and safety issues","power losses, quality and safety issues",matched,correct_id,False,55,20250808_121210,no
subject_matter_gemma3_55_b4,gemma3,subject_matter_gemma3,subject_matter,4,"uncertain utility interaction (net metering, utility ownership, and agreed standards)","uncertain utility interaction (net metering, utility ownership, and agreed standards)",matched,correct_id,False,55,20250808_121210,no
subject_matter_gemma3_55_b7,gemma3,subject_matter_gemma3,subject_matter,7,incompatibility of DC systems components,incompatibility of DC systems components,matched,correct_id,False,55,20250808_121210,no
subject_matter_gemma3_55_b9,gemma3,subject_matter_gemma3,subject_matter,9,lack of enough trained personnel in DC systems,lack of enough trained personnel in DC systems,matched,correct_id,False,55,20250808_121210,no
subject_matter_gemma3_55_b11,gemma3,subject_matter_gemma3,subject_matter,11,high costs of DC solutions,high costs of DC solutions,matched,correct_id,False,55,20250808_121210,no
subject_matter2_gemma3_55_b1,gemma3,subject_matter2_gemma3,subject_matter2,1,"power losses, quality and safety issues","power losses, quality and safety issues",matched,correct_id,False,55,20250808_121210,no
subject_matter2_gemma3_55_b4,gemma3,subject_matter2_gemma3,subject_matter2,4,"uncertain utility interaction (net metering, utility ownership, and agreed standards)","uncertain utility interaction (net metering, utility ownership, and agreed standards)",matched,correct_id,False,55,20250808_121210,no
subject_matter2_gemma3_55_b7,gemma3,subject_matter2_gemma3,subject_matter2,7,incompatibility of DC systems components,incompatibility of DC systems components,matched,correct_id,False,55,20250808_121210,no
subject_matter2_gemma3_55_b9,gemma3,subject_matter2_gemma3,subject_matter2,9,lack of enough trained personnel in DC systems,lack of enough trained personnel in DC systems,matched,correct_id,False,55,20250808_121210,no
subject_matter2_gemma3_55_b11,gemma3,subject_matter2_gemma3,subject_matter2,11,high costs of DC solutions,high costs of DC solutions,matched,correct_id,False,55,20250808_121210,no
generalist_llama_56_b1,llama,generalist_llama,generalist,1,"power losses, quality and safety issues","Power losses, quality, and safety issues",matched,correct_id,False,56,20250808_122553,no
generalist_llama_56_b2,llama,generalist_llama,generalist,2,reduced reliability in DC devices,Reduced reliability in DC devices,matched,correct_id,False,56,20250808_122553,no
generalist_llama_56_b3,llama,generalist_llama,generalist,3,lack of use-cases in which DC is advantageous,Lack of use-cases in which DC is advantageous,matched,correct_id,False,56,20250808_122553,no
generalist_llama_56_b4,llama,generalist_llama,generalist,4,"uncertain utility interaction (net metering, utility ownership, and agreed standards)","Uncertain utility interaction (net metering, utility ownership, and agreed standards)",matched,correct_id,False,56,20250808_122553,no
generalist_llama_56_b5,llama,generalist_llama,generalist,5,lack of pilot projects,Lack of pilot projects,matched,correct_id,False,56,20250808_122553,no
generalist_llama_56_b6,llama,generalist_llama,generalist,6,public perception of DC and readiness to 'champion' installations from DC projects,Public perception of DC and readiness to 'champion' installations from DC projects,matched,correct_id,False,56,20250808_122553,yes
generalist_llama_56_b7,llama,generalist_llama,generalist,7,incompatibility of DC systems components,Incompatibility of DC systems components,matched,correct_id,False,56,20250808_122553,yes
generalist_llama_56_b8,llama,generalist_llama,generalist,8,misconception and lack of knowledge leads to lengthy/expensive design and permit process,Misconception and lack of knowledge leads to lengthy/expensive design and permit process,matched,correct_id,False,56,20250808_122553,yes
generalist_llama_56_b9,llama,generalist_llama,generalist,9,lack of enough trained personnel in DC systems,Lack of enough trained personnel in DC systems,matched,correct_id,False,56,20250808_122553,yes
generalist_llama_56_b10,llama,generalist_llama,generalist,10,uncertain regulatory roadmap,Uncertain regulatory roadmap,matched,correct_id,False,56,20250808_122553,yes
generalist2_llama_56_b1,llama,generalist2_llama,generalist2,1,"power losses, quality and safety issues","Power losses, quality, and safety issues",matched,correct_id,False,56,20250808_122553,no
generalist2_llama_56_b2,llama,generalist2_llama,generalist2,2,reduced reliability in DC devices,Reduced reliability in DC devices,matched,correct_id,False,56,20250808_122553,no
generalist2_llama_56_b3,llama,generalist2_llama,generalist2,3,lack of use-cases in which DC is advantageous,Lack of use-cases in which DC is advantageous,matched,correct_id,False,56,20250808_122553,no
generalist2_llama_56_b4,llama,generalist2_llama,generalist2,4,"uncertain utility interaction (net metering, utility ownership, and agreed standards)","Uncertain utility interaction (net metering, utility ownership, and agreed standards)",matched,correct_id,False,56,20250808_122553,no
generalist2_llama_56_b5,llama,generalist2_llama,generalist2,5,lack of pilot projects,Lack of pilot projects,matched,correct_id,False,56,20250808_122553,no
generalist2_llama_56_b6,llama,generalist2_llama,generalist2,6,public perception of DC and readiness to 'champion' installations from DC projects,Public perception of DC and readiness to 'champion' installations from DC projects,matched,correct_id,False,56,20250808_122553,yes
generalist2_llama_56_b7,llama,generalist2_llama,generalist2,7,incompatibility of DC systems components,Incompatibility of DC systems components,matched,correct_id,False,56,20250808_122553,yes
generalist2_llama_56_b8,llama,generalist2_llama,generalist2,8,misconception and lack of knowledge leads to lengthy/expensive design and permit process,Misconception and lack of knowledge leads to lengthy/expensive design and permit process,matched,correct_id,False,56,20250808_122553,yes
generalist2_llama_56_b9,llama,generalist2_llama,generalist2,9,lack of enough trained personnel in DC systems,Lack of enough trained personnel in DC systems,matched,correct_id,False,56,20250808_122553,yes
generalist2_llama_56_b10,llama,generalist2_llama,generalist2,10,uncertain regulatory roadmap,Uncertain regulatory roadmap,matched,correct_id,False,56,20250808_122553,yes
normative_llama_56_b1,llama,normative_llama,normative,1,"power losses, quality and safety issues","power losses, quality and safety issues",matched,correct_id,False,56,20250808_122553,no
normative_llama_56_b2,llama,normative_llama,normative,2,reduced reliability in DC devices,reduced reliability in DC devices,matched,correct_id,False,56,20250808_122553,no
normative_llama_56_b3,llama,normative_llama,normative,3,lack of use-cases in which DC is advantageous,lack of use-cases in which DC is advantageous,matched,correct_id,False,56,20250808_122553,no
normative_llama_56_b4,llama,normative_llama,normative,4,"uncertain utility interaction (net metering, utility ownership, and agreed standards)","uncertain utility interaction (net metering, utility ownership, and agreed standards)",matched,correct_id,False,56,20250808_122553,no
normative_llama_56_b5,llama,normative_llama,normative,5,lack of pilot projects,lack of pilot projects,matched,correct_id,False,56,20250808_122553,no
normative2_llama_56_b1,llama,normative2_llama,normative2,1,"power losses, quality and safety issues","Power losses, quality, and safety issues",matched,correct_id,False,56,20250808_122553,no
normative2_llama_56_b2,llama,normative2_llama,normative2,2,"uncertain utility interaction (net metering, utility ownership, and agreed standards)","Uncertainty regarding utility interaction (net metering, utility ownership, and agreed standards)",matched,wrong_id_matchable,False,56,20250808_122553,no
normative2_llama_56_b3,llama,normative2_llama,normative2,3,lack of use-cases in which DC is advantageous,Lack of use-cases in which DC is advantageous,matched,correct_id,False,56,20250808_122553,no
normative2_llama_56_b4,llama,normative2_llama,normative2,4,public perception of DC and readiness to 'champion' installations from DC projects,Public perception of DC and readiness to 'champion' installations from DC projects,matched,wrong_id_matchable,False,56,20250808_122553,no
normative2_llama_56_b5,llama,normative2_llama,normative2,5,incompatibility of DC systems components,Incompatibility of DC systems components,matched,wrong_id_matchable,False,56,20250808_122553,no
subject_matter_llama_56_b1,llama,subject_matter_llama,subject_matter,1,"power losses, quality and safety issues","Power losses, quality, and safety issues",matched,correct_id,False,56,20250808_122553,no
subject_matter_llama_56_b2,llama,subject_matter_llama,subject_matter,2,reduced reliability in DC devices,Reduced reliability in DC devices,matched,correct_id,False,56,20250808_122553,no
subject_matter_llama_56_b3,llama,subject_matter_llama,subject_matter,3,lack of use-cases in which DC is advantageous,Lack of use-cases in which DC is advantageous,matched,correct_id,False,56,20250808_122553,no
subject_matter_llama_56_b4,llama,subject_matter_llama,subject_matter,4,"uncertain utility interaction (net metering, utility ownership, and agreed standards)","Uncertain utility interaction (net metering, utility ownership, and agreed standards)",matched,correct_id,False,56,20250808_122553,no
subject_matter_llama_56_b5,llama,subject_matter_llama,subject_matter,5,lack of pilot projects,Lack of pilot projects,matched,correct_id,False,56,20250808_122553,no
subject_matter2_llama_56_b1,llama,subject_matter2_llama,subject_matter2,1,"power losses, quality and safety issues","Power losses, quality, and safety issues (Barrier 1)",matched,correct_id,False,56,20250808_122553,no
subject_matter2_llama_56_b2,llama,subject_matter2_llama,subject_matter2,2,,Reduced reliability in DC devices (Barrier 2),hallucinated_label,outside_range_id,True,56,20250808_122553,no
subject_matter2_llama_56_b3,llama,subject_matter2_llama,subject_matter2,3,lack of use-cases in which DC is advantageous,Lack of use-cases in which DC is advantageous (Barrier 3),matched,correct_id,False,56,20250808_122553,no
subject_matter2_llama_56_b4,llama,subject_matter2_llama,subject_matter2,4,"uncertain utility interaction (net metering, utility ownership, and agreed standards)","Uncertain utility interaction (net metering, utility ownership, and agreed standards) (Barrier 4)",matched,correct_id,False,56,20250808_122553,no
subject_matter2_llama_56_b5,llama,subject_matter2_llama,subject_matter2,5,,Lack of pilot projects (Barrier 5),hallucinated_label,outside_range_id,True,56,20250808_122553,no
subject_matter2_llama_56_b6,llama,subject_matter2_llama,subject_matter2,6,public perception of DC and readiness to 'champion' installations from DC projects,Public perception of DC and readiness to 'champion' installations from DC projects (Barrier 6),matched,correct_id,False,56,20250808_122553,yes
subject_matter2_llama_56_b7,llama,subject_matter2_llama,subject_matter2,7,incompatibility of DC systems components,Incompatibility of DC systems components (Barrier 7),matched,correct_id,False,56,20250808_122553,yes
subject_matter2_llama_56_b8,llama,subject_matter2_llama,subject_matter2,8,misconception and lack of knowledge leads to lengthy/expensive design and permit process,Misconception and lack of knowledge leads to lengthy/expensive design and permit process (Barrier 8),matched,correct_id,False,56,20250808_122553,yes
subject_matter2_llama_56_b9,llama,subject_matter2_llama,subject_matter2,9,lack of enough trained personnel in DC systems,Lack of enough trained personnel in DC systems (Barrier 9),matched,correct_id,False,56,20250808_122553,yes
subject_matter2_llama_56_b10,llama,subject_matter2_llama,subject_matter2,10,,Uncertain regulatory roadmap (Barrier 10),hallucinated_label,outside_range_id,True,56,20250808_122553,yes
generalist_mistral_56_b1,mistral,generalist_mistral,generalist,1,"power losses, quality and safety issues","power losses, quality and safety issues",matched,correct_id,False,56,20250808_122553,no
generalist_mistral_56_b2,mistral,generalist_mistral,generalist,2,reduced reliability in DC devices,reduced reliability in DC devices,matched,correct_id,False,56,20250808_122553,no
generalist_mistral_56_b3,mistral,generalist_mistral,generalist,3,lack of use-cases in which DC is advantageous,lack of use-cases in which DC is advantageous,matched,correct_id,False,56,20250808_122553,no
generalist_mistral_56_b4,mistral,generalist_mistral,generalist,4,"uncertain utility interaction (net metering, utility ownership, and agreed standards)","uncertain utility interaction (net metering, utility ownership, and agreed standards)",matched,correct_id,False,56,20250808_122553,no
generalist_mistral_56_b5,mistral,generalist_mistral,generalist,5,lack of pilot projects,lack of pilot projects,matched,correct_id,False,56,20250808_122553,no
generalist2_mistral_56_b1,mistral,generalist2_mistral,generalist2,1,"power losses, quality and safety issues","power losses, quality, and safety issues",matched,correct_id,False,56,20250808_122553,no
generalist2_mistral_56_b2,mistral,generalist2_mistral,generalist2,2,reduced reliability in DC devices,reduced reliability in DC devices,matched,correct_id,False,56,20250808_122553,no
generalist2_mistral_56_b3,mistral,generalist2_mistral,generalist2,3,lack of use-cases in which DC is advantageous,lack of use-cases in which DC is advantageous,matched,correct_id,False,56,20250808_122553,no
generalist2_mistral_56_b4,mistral,generalist2_mistral,generalist2,4,"uncertain utility interaction (net metering, utility ownership, and agreed standards)","uncertain utility interaction (net metering, utility ownership, and agreed standards)",matched,correct_id,False,56,20250808_122553,no
generalist2_mistral_56_b5,mistral,generalist2_mistral,generalist2,5,lack of pilot projects,lack of pilot projects,matched,correct_id,False,56,20250808_122553,no
generalist2_mistral_56_b6,mistral,generalist2_mistral,generalist2,6,,public perception of DC and readiness to 'champion' installations from DC projects (I consider this as a social challenge),hallucinated_label,outside_range_id,True,56,20250808_122553,yes
generalist2_mistral_56_b7,mistral,generalist2_mistral,generalist2,7,,incompatibility of DC systems components (technical challenge),hallucinated_label,outside_range_id,True,56,20250808_122553,yes
generalist2_mistral_56_b8,mistral,generalist2_mistral,generalist2,8,,misconception and lack of knowledge leads to lengthy/expensive design and permit process (I consider this as a technical or administrative challenge),hallucinated_label,outside_range_id,True,56,20250808_122553,yes
normative_mistral_56_b1,mistral,normative_mistral,normative,1,"power losses, quality and safety issues","power losses, quality and safety issues",matched,correct_id,False,56,20250808_122553,no
normative_mistral_56_b2,mistral,normative_mistral,normative,2,reduced reliability in DC devices,reduced reliability in DC devices,matched,correct_id,False,56,20250808_122553,no
normative_mistral_56_b3,mistral,normative_mistral,normative,3,"uncertain utility interaction (net metering, utility ownership, and agreed standards)","uncertain utility interaction (net metering, utility ownership, and agreed standards)",matched,wrong_id_matchable,False,56,20250808_122553,no
normative_mistral_56_b4,mistral,normative_mistral,normative,4,lack of pilot projects,lack of pilot projects,matched,wrong_id_matchable,False,56,20250808_122553,no
normative_mistral_56_b5,mistral,normative_mistral,normative,5,public perception of DC and readiness to 'champion' installations from DC projects,public perception of DC and readiness to 'champion' installations from DC projects,matched,wrong_id_matchable,False,56,20250808_122553,no
normative2_mistral_56_b1,mistral,normative2_mistral,normative2,1,"power losses, quality and safety issues","power losses, quality and safety issues",matched,correct_id,False,56,20250808_122553,no
normative2_mistral_56_b2,mistral,normative2_mistral,normative2,2,reduced reliability in DC devices,reduced reliability in DC devices,matched,correct_id,False,56,20250808_122553,no
normative2_mistral_56_b3,mistral,normative2_mistral,normative2,3,lack of pilot projects,lack of pilot projects,matched,wrong_id_matchable,False,56,20250808_122553,no
normative2_mistral_56_b4,mistral,normative2_mistral,normative2,4,"uncertain utility interaction (net metering, utility ownership, and agreed standards)","uncertain utility interaction (net metering, utility ownership, and agreed standards)",matched,correct_id,False,56,20250808_122553,no
normative2_mistral_56_b5,mistral,normative2_mistral,normative2,5,uncertain regulatory roadmap,uncertainty of regulatory roadmap,matched,wrong_id_matchable,False,56,20250808_122553,no
normative2_mistral_56_b6,mistral,normative2_mistral,normative2,6,,"lack of trained personnel in DC systems (optional, if not already mentioned in 9)",hallucinated_label,outside_range_id,True,56,20250808_122553,yes
subject_matter_mistral_56_b1,mistral,subject_matter_mistral,subject_matter,1,"power losses, quality and safety issues","power losses, quality and safety issues",matched,correct_id,False,56,20250808_122553,no
subject_matter_mistral_56_b2,mistral,subject_matter_mistral,subject_matter,2,reduced reliability in DC devices,reduced reliability in DC devices,matched,correct_id,False,56,20250808_122553,no
subject_matter_mistral_56_b3,mistral,subject_matter_mistral,subject_matter,3,lack of use-cases in which DC is advantageous,lack of use-cases in which DC is advantageous,matched,correct_id,False,56,20250808_122553,no
subject_matter_mistral_56_b4,mistral,subject_matter_mistral,subject_matter,4,"uncertain utility interaction (net metering, utility ownership, and agreed standards)","uncertain utility interaction (net metering, utility ownership, and agreed standards)",matched,correct_id,False,56,20250808_122553,no
subject_matter_mistral_56_b5,mistral,subject_matter_mistral,subject_matter,5,lack of pilot projects,lack of pilot projects,matched,correct_id,False,56,20250808_122553,no
subject_matter_mistral_56_b6,mistral,subject_matter_mistral,subject_matter,6,,public perception of DC and readiness to 'champion' installations from DC projects (this one replaces the barrier number 10 as it seems more relevant in the context provided),hallucinated_label,outside_range_id,True,56,20250808_122553,yes
subject_matter_mistral_56_b7,mistral,subject_matter_mistral,subject_matter,7,,"incompatibility of DC systems components (this one replaces the barrier number 9 as it is a more direct technical challenge compared to the lack of trained personnel, which could be addressed through training programs)",hallucinated_label,outside_range_id,True,56,20250808_122553,yes
subject_matter_mistral_56_b8,mistral,subject_matter_mistral,subject_matter,8,,uncertain regulatory roadmap (this one replaces the barrier number 6 as it directly addresses the regulatory uncertainties mentioned in the project context),hallucinated_label,outside_range_id,True,56,20250808_122553,yes
subject_matter2_mistral_56_b1,mistral,subject_matter2_mistral,subject_matter2,1,"power losses, quality and safety issues","power losses, quality and safety issues",matched,correct_id,False,56,20250808_122553,no
subject_matter2_mistral_56_b2,mistral,subject_matter2_mistral,subject_matter2,2,reduced reliability in DC devices,reduced reliability in DC devices,matched,correct_id,False,56,20250808_122553,no
subject_matter2_mistral_56_b3,mistral,subject_matter2_mistral,subject_matter2,3,lack of pilot projects,lack of pilot projects,matched,wrong_id_matchable,False,56,20250808_122553,no
subject_matter2_mistral_56_b4,mistral,subject_matter2_mistral,subject_matter2,4,"uncertain utility interaction (net metering, utility ownership, and agreed standards)","uncertain utility interaction (net metering, utility ownership, and agreed standards)",matched,correct_id,False,56,20250808_122553,no
subject_matter2_mistral_56_b5,mistral,subject_matter2_mistral,subject_matter2,5,uncertain regulatory roadmap,uncertain regulatory roadmap,matched,wrong_id_matchable,False,56,20250808_122553,no
subject_matter2_mistral_56_b6,mistral,subject_matter2_mistral,subject_matter2,6,,lack of enough trained personnel in DC systems (this is a follow-up to the lack of trained personnel being a barrier due to its potential impact on the deployment and maintenance of DC technologies),hallucinated_label,outside_range_id,True,56,20250808_122553,yes
generalist_gemma3_56_b1,gemma3,generalist_gemma3,generalist,1,"power losses, quality and safety issues","power losses, quality and safety issues",matched,correct_id,False,56,20250808_122553,no
generalist_gemma3_56_b4,gemma3,generalist_gemma3,generalist,4,"uncertain utility interaction (net metering, utility ownership, and agreed standards)","uncertain utility interaction (net metering, utility ownership, and agreed standards)",matched,correct_id,False,56,20250808_122553,no
generalist_gemma3_56_b7,gemma3,generalist_gemma3,generalist,7,incompatibility of DC systems components,incompatibility of DC systems components,matched,correct_id,False,56,20250808_122553,no
generalist_gemma3_56_b8,gemma3,generalist_gemma3,generalist,8,misconception and lack of knowledge leads to lengthy/expensive design and permit process,misconception and lack of knowledge leads to lengthy/expensive design and permit process,matched,correct_id,False,56,20250808_122553,no
generalist_gemma3_56_b11,gemma3,generalist_gemma3,generalist,11,high costs of DC solutions,high costs of DC solutions,matched,correct_id,False,56,20250808_122553,no
generalist2_gemma3_56_b1,gemma3,generalist2_gemma3,generalist2,1,"power losses, quality and safety issues","power losses, quality and safety issues",matched,correct_id,False,56,20250808_122553,no
generalist2_gemma3_56_b4,gemma3,generalist2_gemma3,generalist2,4,"uncertain utility interaction (net metering, utility ownership, and agreed standards)","uncertain utility interaction (net metering, utility ownership, and agreed standards)",matched,correct_id,False,56,20250808_122553,no
generalist2_gemma3_56_b7,gemma3,generalist2_gemma3,generalist2,7,incompatibility of DC systems components,incompatibility of DC systems components,matched,correct_id,False,56,20250808_122553,no
generalist2_gemma3_56_b8,gemma3,generalist2_gemma3,generalist2,8,misconception and lack of knowledge leads to lengthy/expensive design and permit process,misconception and lack of knowledge leads to lengthy/expensive design and permit process,matched,correct_id,False,56,20250808_122553,no
generalist2_gemma3_56_b11,gemma3,generalist2_gemma3,generalist2,11,high costs of DC solutions,high costs of DC solutions,matched,correct_id,False,56,20250808_122553,no
normative_gemma3_56_b1,gemma3,normative_gemma3,normative,1,"power losses, quality and safety issues","power losses, quality and safety issues",matched,correct_id,False,56,20250808_122553,no
normative_gemma3_56_b4,gemma3,normative_gemma3,normative,4,"uncertain utility interaction (net metering, utility ownership, and agreed standards)","uncertain utility interaction (net metering, utility ownership, and agreed standards)",matched,correct_id,False,56,20250808_122553,no
normative_gemma3_56_b7,gemma3,normative_gemma3,normative,7,incompatibility of DC systems components,incompatibility of DC systems components,matched,correct_id,False,56,20250808_122553,no
normative_gemma3_56_b8,gemma3,normative_gemma3,normative,8,misconception and lack of knowledge leads to lengthy/expensive design and permit process,misconception and lack of knowledge leads to lengthy/expensive design and permit process,matched,correct_id,False,56,20250808_122553,no
normative_gemma3_56_b11,gemma3,normative_gemma3,normative,11,high costs of DC solutions,high costs of DC solutions,matched,correct_id,False,56,20250808_122553,no
normative2_gemma3_56_b1,gemma3,normative2_gemma3,normative2,1,"power losses, quality and safety issues","power losses, quality and safety issues",matched,correct_id,False,56,20250808_122553,no
normative2_gemma3_56_b4,gemma3,normative2_gemma3,normative2,4,"uncertain utility interaction (net metering, utility ownership, and agreed standards)","uncertain utility interaction (net metering, utility ownership, and agreed standards)",matched,correct_id,False,56,20250808_122553,no
normative2_gemma3_56_b7,gemma3,normative2_gemma3,normative2,7,incompatibility of DC systems components,incompatibility of DC systems components,matched,correct_id,False,56,20250808_122553,no
normative2_gemma3_56_b8,gemma3,normative2_gemma3,normative2,8,misconception and lack of knowledge leads to lengthy/expensive design and permit process,misconception and lack of knowledge leads to lengthy/expensive design and permit process,matched,correct_id,False,56,20250808_122553,no
normative2_gemma3_56_b11,gemma3,normative2_gemma3,normative2,11,high costs of DC solutions,high costs of DC solutions,matched,correct_id,False,56,20250808_122553,no
subject_matter_gemma3_56_b1,gemma3,subject_matter_gemma3,subject_matter,1,"power losses, quality and safety issues","power losses, quality and safety issues",matched,correct_id,False,56,20250808_122553,no
subject_matter_gemma3_56_b4,gemma3,subject_matter_gemma3,subject_matter,4,"uncertain utility interaction (net metering, utility ownership, and agreed standards)","uncertain utility interaction (net metering, utility ownership, and agreed standards)",matched,correct_id,False,56,20250808_122553,no
subject_matter_gemma3_56_b7,gemma3,subject_matter_gemma3,subject_matter,7,incompatibility of DC systems components,incompatibility of DC systems components,matched,correct_id,False,56,20250808_122553,no
subject_matter_gemma3_56_b9,gemma3,subject_matter_gemma3,subject_matter,9,lack of enough trained personnel in DC systems,lack of enough trained personnel in DC systems,matched,correct_id,False,56,20250808_122553,no
subject_matter_gemma3_56_b11,gemma3,subject_matter_gemma3,subject_matter,11,high costs of DC solutions,high costs of DC solutions,matched,correct_id,False,56,20250808_122553,no
subject_matter2_gemma3_56_b1,gemma3,subject_matter2_gemma3,subject_matter2,1,"power losses, quality and safety issues","power losses, quality and safety issues",matched,correct_id,False,56,20250808_122553,no
subject_matter2_gemma3_56_b4,gemma3,subject_matter2_gemma3,subject_matter2,4,"uncertain utility interaction (net metering, utility ownership, and agreed standards)","uncertain utility interaction (net metering, utility ownership, and agreed standards)",matched,correct_id,False,56,20250808_122553,no
subject_matter2_gemma3_56_b7,gemma3,subject_matter2_gemma3,subject_matter2,7,incompatibility of DC systems components,incompatibility of DC systems components,matched,correct_id,False,56,20250808_122553,no
subject_matter2_gemma3_56_b8,gemma3,subject_matter2_gemma3,subject_matter2,8,misconception and lack of knowledge leads to lengthy/expensive design and permit process,misconception and lack of knowledge leads to lengthy/expensive design and permit process,matched,correct_id,False,56,20250808_122553,no
subject_matter2_gemma3_56_b11,gemma3,subject_matter2_gemma3,subject_matter2,11,high costs of DC solutions,high costs of DC solutions,matched,correct_id,False,56,20250808_122553,no
generalist_llama_57_b4,llama,generalist_llama,generalist,4,"uncertain utility interaction (net metering, utility ownership, and agreed standards)","uncertain utility interaction (net metering, utility ownership, and agreed standards)",matched,correct_id,False,57,20250808_123521,no
generalist_llama_57_b6,llama,generalist_llama,generalist,6,public perception of DC and readiness to 'champion' installations from DC projects,public perception of DC and readiness to 'champion' installations from DC projects,matched,correct_id,False,57,20250808_123521,no
generalist_llama_57_b7,llama,generalist_llama,generalist,7,incompatibility of DC systems components,incompatibility of DC systems components,matched,correct_id,False,57,20250808_123521,no
generalist_llama_57_b8,llama,generalist_llama,generalist,8,misconception and lack of knowledge leads to lengthy/expensive design and permit process,misconception and lack of knowledge leads to lengthy/expensive design and permit process,matched,correct_id,False,57,20250808_123521,no
generalist_llama_57_b10,llama,generalist_llama,generalist,10,uncertain regulatory roadmap,uncertain regulatory roadmap,matched,correct_id,False,57,20250808_123521,no
generalist2_llama_57_b1,llama,generalist2_llama,generalist2,1,"power losses, quality and safety issues","Power losses, quality and safety issues (Barrier 1)",matched,correct_id,False,57,20250808_123521,no
generalist2_llama_57_b2,llama,generalist2_llama,generalist2,2,lack of use-cases in which DC is advantageous,Lack of use-cases in which DC is advantageous (Barrier 3),matched,wrong_id_matchable,False,57,20250808_123521,no
generalist2_llama_57_b3,llama,generalist2_llama,generalist2,3,"uncertain utility interaction (net metering, utility ownership, and agreed standards)","Uncertain utility interaction (net metering, utility ownership, and agreed standards) (Barrier 4)",matched,wrong_id_matchable,False,57,20250808_123521,no
generalist2_llama_57_b4,llama,generalist2_llama,generalist2,4,public perception of DC and readiness to 'champion' installations from DC projects,Public perception of DC and readiness to 'champion' installations from DC projects (Barrier 6),matched,wrong_id_matchable,False,57,20250808_123521,no
generalist2_llama_57_b5,llama,generalist2_llama,generalist2,5,incompatibility of DC systems components,Incompatibility of DC systems components (Barrier 7),matched,wrong_id_matchable,False,57,20250808_123521,no
normative_llama_57_b1,llama,normative_llama,normative,1,"power losses, quality and safety issues","Power losses, quality, and safety issues",matched,correct_id,False,57,20250808_123521,no
normative_llama_57_b2,llama,normative_llama,normative,2,lack of use-cases in which DC is advantageous,Lack of use-cases in which DC is advantageous,matched,wrong_id_matchable,False,57,20250808_123521,no
normative_llama_57_b3,llama,normative_llama,normative,3,"uncertain utility interaction (net metering, utility ownership, and agreed standards)","Uncertain utility interaction (net metering, utility ownership, and agreed standards)",matched,wrong_id_matchable,False,57,20250808_123521,no
normative_llama_57_b4,llama,normative_llama,normative,4,public perception of DC and readiness to 'champion' installations from DC projects,Public perception of DC and readiness to 'champion' installations from DC projects,matched,wrong_id_matchable,False,57,20250808_123521,no
normative_llama_57_b5,llama,normative_llama,normative,5,incompatibility of DC systems components,Incompatibility of DC systems components,matched,wrong_id_matchable,False,57,20250808_123521,no
normative2_llama_57_b1,llama,normative2_llama,normative2,1,"power losses, quality and safety issues","power losses, quality and safety issues",matched,correct_id,False,57,20250808_123521,no
normative2_llama_57_b2,llama,normative2_llama,normative2,2,reduced reliability in DC devices,reduced reliability in DC devices,matched,correct_id,False,57,20250808_123521,no
normative2_llama_57_b3,llama,normative2_llama,normative2,3,lack of use-cases in which DC is advantageous,lack of use-cases in which DC is advantageous,matched,correct_id,False,57,20250808_123521,no
normative2_llama_57_b4,llama,normative2_llama,normative2,4,"uncertain utility interaction (net metering, utility ownership, and agreed standards)","uncertain utility interaction (net metering, utility ownership, and agreed standards)",matched,correct_id,False,57,20250808_123521,no
normative2_llama_57_b5,llama,normative2_llama,normative2,5,lack of pilot projects,lack of pilot projects,matched,correct_id,False,57,20250808_123521,no
subject_matter_llama_57_b1,llama,subject_matter_llama,subject_matter,1,,"Power losses, quality, and safety issues: As a subject-matter expert in renewable energy and direct current (DC) technologies, I recognize the importance of addressing power losses, quality, and safety concerns. These challenges can arise from factors such as DC voltage levels, cable insulation requirements, and potential arcing or short circuits.",hallucinated_label,outside_range_id,True,57,20250808_123521,no
subject_matter_llama_57_b2,llama,subject_matter_llama,subject_matter,2,,"Reduced reliability in DC devices: Another critical barrier is the reduced reliability in DC devices. This issue can be attributed to various factors such as aging components, thermal management, and maintenance challenges. Addressing these issues is crucial for ensuring the longevity and performance of DC systems.",hallucinated_label,outside_range_id,True,57,20250808_123521,no
subject_matter_llama_57_b3,llama,subject_matter_llama,subject_matter,3,,Lack of use-cases in which DC is advantageous: Identifying appropriate use-cases where DC offers a clear advantage is essential for market growth and adoption. This barrier can be addressed by conducting thorough technical and economic analyses to highlight the benefits and advantages of DC technologies.,hallucinated_label,outside_range_id,True,57,20250808_123521,no
subject_matter_llama_57_b4,llama,subject_matter_llama,subject_matter,4,,"Uncertain utility interaction (net metering, utility ownership, and agreed standards): The uncertainty surrounding utility interactions presents a significant challenge in implementing DC systems. Clear guidelines and agreements on net metering, utility ownership, and agreed-upon standards are necessary to ensure smooth integration and cooperation between utilities and end-users.",hallucinated_label,outside_range_id,True,57,20250808_123521,no
subject_matter_llama_57_b5,llama,subject_matter_llama,subject_matter,5,,Lack of pilot projects: A lack of pilot projects or demonstration sites can hinder the development and adoption of DC technologies. Investing in pilot projects and demonstrations is crucial for showcasing the potential benefits and validating the feasibility of DC systems in real-world settings.,hallucinated_label,outside_range_id,True,57,20250808_123521,no
subject_matter_llama_57_b6,llama,subject_matter_llama,subject_matter,6,,"Public perception of DC and readiness to 'champion' installations from DC projects: Awareness and acceptance of DC technologies among the general public are essential factors in their adoption. Addressing misconceptions, fostering knowledge, and promoting the benefits of DC systems can help create a supportive environment for their implementation.",hallucinated_label,outside_range_id,True,57,20250808_123521,yes
subject_matter_llama_57_b7,llama,subject_matter_llama,subject_matter,7,,"Incompatibility of DC systems components: The compatibility of various components used in DC systems is vital to ensuring smooth integration and efficient operation. Challenges can arise from differences in voltage levels, connector types, or insulation requirements among different components. Addressing these challenges requires careful consideration and coordination among component manufacturers and system integrators.",hallucinated_label,outside_range_id,True,57,20250808_123521,yes
subject_matter_llama_57_b8,llama,subject_matter_llama,subject_matter,8,,"Misconceptions and lack of knowledge leads to lengthy/expensive design and permit process: Poor understanding of DC technologies can result in a complicated and costly design and permit process for implementation. Clear communication, educational resources, and technical support from experts can help simplify the process and reduce costs associated with DC systems.",hallucinated_label,outside_range_id,True,57,20250808_123521,yes
subject_matter_llama_57_b9,llama,subject_matter_llama,subject_matter,9,,"Lack of enough trained personnel in DC systems: A shortage of skilled professionals familiar with DC technologies can impede their adoption and effective operation. Addressing this issue requires investment in training programs, certification standards, and career development opportunities for those working in the field of DC systems.",hallucinated_label,outside_range_id,True,57,20250808_123521,yes
subject_matter_llama_57_b10,llama,subject_matter_llama,subject_matter,10,,"Uncertain regulatory roadmap: Regulatory barriers can significantly impact the growth and adoption of DC technologies. It is essential to establish clear guidelines, policies, and standards that promote the development and implementation of DC systems while ensuring compliance with relevant regulations.",hallucinated_label,outside_range_id,True,57,20250808_123521,yes
subject_matter_llama_57_b11,llama,subject_matter_llama,subject_matter,11,,"High costs of DC solutions: The high cost of implementing DC systems remains a significant challenge for their widespread adoption. Addressing this issue requires exploring innovative financing models, promoting shared infrastructure investments, and encouraging collaboration between stakeholders to reduce overall costs.",hallucinated_label,outside_range_id,True,57,20250808_123521,yes
subject_matter2_llama_57_b1,llama,subject_matter2_llama,subject_matter2,1,"power losses, quality and safety issues","Power losses, quality, and safety issues (Barrier 1)",matched,correct_id,False,57,20250808_123521,no
subject_matter2_llama_57_b2,llama,subject_matter2_llama,subject_matter2,2,,Reduced reliability in DC devices (Barrier 2),hallucinated_label,outside_range_id,True,57,20250808_123521,no
subject_matter2_llama_57_b3,llama,subject_matter2_llama,subject_matter2,3,lack of use-cases in which DC is advantageous,Lack of use-cases in which DC is advantageous (Barrier 3),matched,correct_id,False,57,20250808_123521,no
subject_matter2_llama_57_b4,llama,subject_matter2_llama,subject_matter2,4,"uncertain utility interaction (net metering, utility ownership, and agreed standards)","Uncertain utility interaction (net metering, utility ownership, and agreed standards) (Barrier 4)",matched,correct_id,False,57,20250808_123521,no
subject_matter2_llama_57_b5,llama,subject_matter2_llama,subject_matter2,5,,Lack of pilot projects (Barrier 5),hallucinated_label,outside_range_id,True,57,20250808_123521,no
subject_matter2_llama_57_b6,llama,subject_matter2_llama,subject_matter2,6,public perception of DC and readiness to 'champion' installations from DC projects,Public perception of DC and readiness to 'champion' installations from DC projects (Barrier 6),matched,correct_id,False,57,20250808_123521,yes
generalist_mistral_57_b1,mistral,generalist_mistral,generalist,1,"power losses, quality and safety issues","Power losses, quality, and safety issues",matched,correct_id,False,57,20250808_123521,no
generalist_mistral_57_b2,mistral,generalist_mistral,generalist,2,reduced reliability in DC devices,Reduced reliability in DC devices,matched,correct_id,False,57,20250808_123521,no
generalist_mistral_57_b3,mistral,generalist_mistral,generalist,3,lack of use-cases in which DC is advantageous,Lack of use-cases in which DC is advantageous,matched,correct_id,False,57,20250808_123521,no
generalist_mistral_57_b4,mistral,generalist_mistral,generalist,4,"uncertain utility interaction (net metering, utility ownership, and agreed standards)","Uncertain utility interaction (net metering, utility ownership, and agreed standards)",matched,correct_id,False,57,20250808_123521,no
generalist_mistral_57_b5,mistral,generalist_mistral,generalist,5,lack of pilot projects,Lack of pilot projects,matched,correct_id,False,57,20250808_123521,no
generalist_mistral_57_b6,mistral,generalist_mistral,generalist,6,,"Public perception of DC and readiness to 'champion' installations from DC projects (though this is not explicitly listed as a barrier in the provided list, it can be considered an important challenge in terms of societal adoption)",hallucinated_label,outside_range_id,True,57,20250808_123521,yes
generalist_mistral_57_b7,mistral,generalist_mistral,generalist,7,,"Incompatibility of DC systems components (this was not explicitly stated as a barrier, but it can indirectly contribute to some of the mentioned challenges)",hallucinated_label,outside_range_id,True,57,20250808_123521,yes
generalist_mistral_57_b8,mistral,generalist_mistral,generalist,8,,Misconception and lack of knowledge leads to lengthy/expensive design and permit process is not listed here as it seems to be more related to the design and permitting phase rather than a barrier per se.,hallucinated_label,outside_range_id,True,57,20250808_123521,yes
generalist_mistral_57_b9,mistral,generalist_mistral,generalist,9,,"Lack of enough trained personnel in DC systems was not provided in the list, but it could be considered an additional challenge that might impact the implementation and maintenance of DC solutions.",hallucinated_label,outside_range_id,True,57,20250808_123521,yes
generalist_mistral_57_b10,mistral,generalist_mistral,generalist,10,,"Uncertain regulatory roadmap is also missing from the provided list, but it can be a significant barrier in terms of guiding the development and wide-scale adoption of DC technologies.",hallucinated_label,outside_range_id,True,57,20250808_123521,yes
generalist2_mistral_57_b1,mistral,generalist2_mistral,generalist2,1,"power losses, quality and safety issues","power losses, quality and safety issues",matched,correct_id,False,57,20250808_123521,no
generalist2_mistral_57_b2,mistral,generalist2_mistral,generalist2,2,reduced reliability in DC devices,reduced reliability in DC devices,matched,correct_id,False,57,20250808_123521,no
generalist2_mistral_57_b3,mistral,generalist2_mistral,generalist2,3,lack of pilot projects,lack of pilot projects,matched,wrong_id_matchable,False,57,20250808_123521,no
generalist2_mistral_57_b4,mistral,generalist2_mistral,generalist2,4,"uncertain utility interaction (net metering, utility ownership, and agreed standards)","uncertain utility interaction (net metering, utility ownership, and agreed standards)",matched,correct_id,False,57,20250808_123521,no
generalist2_mistral_57_b5,mistral,generalist2_mistral,generalist2,5,uncertain regulatory roadmap,uncertain regulatory roadmap,matched,wrong_id_matchable,False,57,20250808_123521,no
normative_mistral_57_b1,mistral,normative_mistral,normative,1,"power losses, quality and safety issues","power losses, quality and safety issues",matched,correct_id,False,57,20250808_123521,no
normative_mistral_57_b2,mistral,normative_mistral,normative,2,reduced reliability in DC devices,reduced reliability in DC devices,matched,correct_id,False,57,20250808_123521,no
normative_mistral_57_b3,mistral,normative_mistral,normative,3,"uncertain utility interaction (net metering, utility ownership, and agreed standards)","uncertain utility interaction (net metering, utility ownership, and agreed standards)",matched,wrong_id_matchable,False,57,20250808_123521,no
normative_mistral_57_b4,mistral,normative_mistral,normative,4,lack of pilot projects,lack of pilot projects,matched,wrong_id_matchable,False,57,20250808_123521,no
normative_mistral_57_b5,mistral,normative_mistral,normative,5,uncertain regulatory roadmap,uncertain regulatory roadmap,matched,wrong_id_matchable,False,57,20250808_123521,no
normative2_mistral_57_b1,mistral,normative2_mistral,normative2,1,"power losses, quality and safety issues","power losses, quality and safety issues",matched,correct_id,False,57,20250808_123521,no
normative2_mistral_57_b2,mistral,normative2_mistral,normative2,2,reduced reliability in DC devices,reduced reliability in DC devices,matched,correct_id,False,57,20250808_123521,no
normative2_mistral_57_b3,mistral,normative2_mistral,normative2,3,lack of use-cases in which DC is advantageous,lack of use-cases in which DC is advantageous,matched,correct_id,False,57,20250808_123521,no
normative2_mistral_57_b4,mistral,normative2_mistral,normative2,4,"uncertain utility interaction (net metering, utility ownership, and agreed standards)","uncertain utility interaction (net metering, utility ownership, and agreed standards)",matched,correct_id,False,57,20250808_123521,no
normative2_mistral_57_b5,mistral,normative2_mistral,normative2,5,high costs of DC solutions,high costs of DC solutions,matched,wrong_id_matchable,False,57,20250808_123521,no
subject_matter_mistral_57_b1,mistral,subject_matter_mistral,subject_matter,1,"power losses, quality and safety issues","power losses, quality and safety issues",matched,correct_id,False,57,20250808_123521,no
subject_matter_mistral_57_b2,mistral,subject_matter_mistral,subject_matter,2,reduced reliability in DC devices,reduced reliability in DC devices,matched,correct_id,False,57,20250808_123521,no
subject_matter_mistral_57_b3,mistral,subject_matter_mistral,subject_matter,3,"uncertain utility interaction (net metering, utility ownership, and agreed standards)","uncertain utility interaction (net metering, utility ownership, and agreed standards)",matched,wrong_id_matchable,False,57,20250808_123521,no
subject_matter_mistral_57_b4,mistral,subject_matter_mistral,subject_matter,4,lack of pilot projects,lack of pilot projects,matched,wrong_id_matchable,False,57,20250808_123521,no
subject_matter_mistral_57_b5,mistral,subject_matter_mistral,subject_matter,5,lack of enough trained personnel in DC systems,lack of enough trained personnel in DC systems,matched,wrong_id_matchable,False,57,20250808_123521,no
subject_matter2_mistral_57_b1,mistral,subject_matter2_mistral,subject_matter2,1,"power losses, quality and safety issues","power losses, quality and safety issues (Barrier 1)",matched,correct_id,False,57,20250808_123521,no
subject_matter2_mistral_57_b2,mistral,subject_matter2_mistral,subject_matter2,2,,reduced reliability in DC devices (Barrier 2),hallucinated_label,outside_range_id,True,57,20250808_123521,no
subject_matter2_mistral_57_b3,mistral,subject_matter2_mistral,subject_matter2,3,"uncertain utility interaction (net metering, utility ownership, and agreed standards)","uncertain utility interaction (net metering, utility ownership, and agreed standards) (Barrier 4)",matched,wrong_id_matchable,False,57,20250808_123521,no
subject_matter2_mistral_57_b4,mistral,subject_matter2_mistral,subject_matter2,4,,lack of pilot projects (Barrier 5),hallucinated_label,outside_range_id,True,57,20250808_123521,no
subject_matter2_mistral_57_b5,mistral,subject_matter2_mistral,subject_matter2,5,,high costs of DC solutions (Barrier 11),hallucinated_label,outside_range_id,True,57,20250808_123521,no
generalist_gemma3_57_b1,gemma3,generalist_gemma3,generalist,1,"power losses, quality and safety issues","power losses, quality and safety issues",matched,correct_id,False,57,20250808_123521,no
generalist_gemma3_57_b4,gemma3,generalist_gemma3,generalist,4,"uncertain utility interaction (net metering, utility ownership, and agreed standards)","uncertain utility interaction (net metering, utility ownership, and agreed standards)",matched,correct_id,False,57,20250808_123521,no
generalist_gemma3_57_b7,gemma3,generalist_gemma3,generalist,7,incompatibility of DC systems components,incompatibility of DC systems components,matched,correct_id,False,57,20250808_123521,no
generalist_gemma3_57_b8,gemma3,generalist_gemma3,generalist,8,misconception and lack of knowledge leads to lengthy/expensive design and permit process,misconception and lack of knowledge leads to lengthy/expensive design and permit process,matched,correct_id,False,57,20250808_123521,no
generalist_gemma3_57_b11,gemma3,generalist_gemma3,generalist,11,high costs of DC solutions,high costs of DC solutions,matched,correct_id,False,57,20250808_123521,no
generalist2_gemma3_57_b1,gemma3,generalist2_gemma3,generalist2,1,"power losses, quality and safety issues","power losses, quality and safety issues",matched,correct_id,False,57,20250808_123521,no
generalist2_gemma3_57_b4,gemma3,generalist2_gemma3,generalist2,4,"uncertain utility interaction (net metering, utility ownership, and agreed standards)","uncertain utility interaction (net metering, utility ownership, and agreed standards)",matched,correct_id,False,57,20250808_123521,no
generalist2_gemma3_57_b7,gemma3,generalist2_gemma3,generalist2,7,incompatibility of DC systems components,incompatibility of DC systems components,matched,correct_id,False,57,20250808_123521,no
generalist2_gemma3_57_b8,gemma3,generalist2_gemma3,generalist2,8,misconception and lack of knowledge leads to lengthy/expensive design and permit process,misconception and lack of knowledge leads to lengthy/expensive design and permit process,matched,correct_id,False,57,20250808_123521,no
generalist2_gemma3_57_b11,gemma3,generalist2_gemma3,generalist2,11,high costs of DC solutions,high costs of DC solutions,matched,correct_id,False,57,20250808_123521,no
normative_gemma3_57_b1,gemma3,normative_gemma3,normative,1,"power losses, quality and safety issues","power losses, quality and safety issues",matched,correct_id,False,57,20250808_123521,no
normative_gemma3_57_b4,gemma3,normative_gemma3,normative,4,"uncertain utility interaction (net metering, utility ownership, and agreed standards)","uncertain utility interaction (net metering, utility ownership, and agreed standards)",matched,correct_id,False,57,20250808_123521,no
normative_gemma3_57_b7,gemma3,normative_gemma3,normative,7,incompatibility of DC systems components,incompatibility of DC systems components,matched,correct_id,False,57,20250808_123521,no
normative_gemma3_57_b8,gemma3,normative_gemma3,normative,8,misconception and lack of knowledge leads to lengthy/expensive design and permit process,misconception and lack of knowledge leads to lengthy/expensive design and permit process,matched,correct_id,False,57,20250808_123521,no
normative_gemma3_57_b10,gemma3,normative_gemma3,normative,10,uncertain regulatory roadmap,uncertain regulatory roadmap,matched,correct_id,False,57,20250808_123521,no
normative2_gemma3_57_b1,gemma3,normative2_gemma3,normative2,1,"power losses, quality and safety issues","power losses, quality and safety issues",matched,correct_id,False,57,20250808_123521,no
normative2_gemma3_57_b4,gemma3,normative2_gemma3,normative2,4,"uncertain utility interaction (net metering, utility ownership, and agreed standards)","uncertain utility interaction (net metering, utility ownership, and agreed standards)",matched,correct_id,False,57,20250808_123521,no
normative2_gemma3_57_b7,gemma3,normative2_gemma3,normative2,7,incompatibility of DC systems components,incompatibility of DC systems components,matched,correct_id,False,57,20250808_123521,no
normative2_gemma3_57_b8,gemma3,normative2_gemma3,normative2,8,misconception and lack of knowledge leads to lengthy/expensive design and permit process,misconception and lack of knowledge leads to lengthy/expensive design and permit process,matched,correct_id,False,57,20250808_123521,no
normative2_gemma3_57_b11,gemma3,normative2_gemma3,normative2,11,high costs of DC solutions,high costs of DC solutions,matched,correct_id,False,57,20250808_123521,no
subject_matter_gemma3_57_b1,gemma3,subject_matter_gemma3,subject_matter,1,"power losses, quality and safety issues","power losses, quality and safety issues",matched,correct_id,False,57,20250808_123521,no
subject_matter_gemma3_57_b4,gemma3,subject_matter_gemma3,subject_matter,4,"uncertain utility interaction (net metering, utility ownership, and agreed standards)","uncertain utility interaction (net metering, utility ownership, and agreed standards)",matched,correct_id,False,57,20250808_123521,no
subject_matter_gemma3_57_b7,gemma3,subject_matter_gemma3,subject_matter,7,incompatibility of DC systems components,incompatibility of DC systems components,matched,correct_id,False,57,20250808_123521,no
subject_matter_gemma3_57_b9,gemma3,subject_matter_gemma3,subject_matter,9,lack of enough trained personnel in DC systems,lack of enough trained personnel in DC systems,matched,correct_id,False,57,20250808_123521,no
subject_matter_gemma3_57_b11,gemma3,subject_matter_gemma3,subject_matter,11,high costs of DC solutions,high costs of DC solutions,matched,correct_id,False,57,20250808_123521,no
subject_matter2_gemma3_57_b1,gemma3,subject_matter2_gemma3,subject_matter2,1,"power losses, quality and safety issues","power losses, quality and safety issues",matched,correct_id,False,57,20250808_123521,no
subject_matter2_gemma3_57_b4,gemma3,subject_matter2_gemma3,subject_matter2,4,"uncertain utility interaction (net metering, utility ownership, and agreed standards)","uncertain utility interaction (net metering, utility ownership, and agreed standards)",matched,correct_id,False,57,20250808_123521,no
subject_matter2_gemma3_57_b7,gemma3,subject_matter2_gemma3,subject_matter2,7,incompatibility of DC systems components,incompatibility of DC systems components,matched,correct_id,False,57,20250808_123521,no
subject_matter2_gemma3_57_b9,gemma3,subject_matter2_gemma3,subject_matter2,9,lack of enough trained personnel in DC systems,lack of enough trained personnel in DC systems,matched,correct_id,False,57,20250808_123521,no
subject_matter2_gemma3_57_b11,gemma3,subject_matter2_gemma3,subject_matter2,11,high costs of DC solutions,high costs of DC solutions,matched,correct_id,False,57,20250808_123521,no
generalist_llama_58_b1,llama,generalist_llama,generalist,1,"power losses, quality and safety issues","power losses, quality and safety issues",matched,correct_id,False,58,20250808_140741,no
generalist_llama_58_b2,llama,generalist_llama,generalist,2,reduced reliability in DC devices,reduced reliability in DC devices,matched,correct_id,False,58,20250808_140741,no
generalist_llama_58_b3,llama,generalist_llama,generalist,3,"uncertain utility interaction (net metering, utility ownership, and agreed standards)","uncertain utility interaction (net metering, utility ownership, and agreed standards)",matched,wrong_id_matchable,False,58,20250808_140741,no
generalist_llama_58_b4,llama,generalist_llama,generalist,4,lack of pilot projects,lack of pilot projects,matched,wrong_id_matchable,False,58,20250808_140741,no
generalist_llama_58_b5,llama,generalist_llama,generalist,5,public perception of DC and readiness to 'champion' installations from DC projects,public perception of DC and readiness to 'champion' installations from DC projects,matched,wrong_id_matchable,False,58,20250808_140741,no
generalist2_llama_58_b1,llama,generalist2_llama,generalist2,1,"power losses, quality and safety issues","Power losses, quality, and safety issues",matched,correct_id,False,58,20250808_140741,no
generalist2_llama_58_b2,llama,generalist2_llama,generalist2,2,lack of use-cases in which DC is advantageous,Lack of use-cases in which DC is advantageous,matched,wrong_id_matchable,False,58,20250808_140741,no
generalist2_llama_58_b3,llama,generalist2_llama,generalist2,3,"uncertain utility interaction (net metering, utility ownership, and agreed standards)","Uncertain utility interaction (net metering, utility ownership, and agreed standards)",matched,wrong_id_matchable,False,58,20250808_140741,no
generalist2_llama_58_b4,llama,generalist2_llama,generalist2,4,public perception of DC and readiness to 'champion' installations from DC projects,Public perception of DC and readiness to 'champion' installations from DC projects,matched,wrong_id_matchable,False,58,20250808_140741,no
generalist2_llama_58_b5,llama,generalist2_llama,generalist2,5,incompatibility of DC systems components,Incompatibility of DC systems components,matched,wrong_id_matchable,False,58,20250808_140741,no
generalist2_llama_58_b6,llama,generalist2_llama,generalist2,6,misconception and lack of knowledge leads to lengthy/expensive design and permit process,Misconception and lack of knowledge leads to lengthy/expensive design and permit process,matched,wrong_id_matchable,False,58,20250808_140741,yes
generalist2_llama_58_b7,llama,generalist2_llama,generalist2,7,lack of enough trained personnel in DC systems,Lack of enough trained personnel in DC systems,matched,wrong_id_matchable,False,58,20250808_140741,yes
normative_llama_58_b1,llama,normative_llama,normative,1,"power losses, quality and safety issues","power losses, quality and safety issues",matched,correct_id,False,58,20250808_140741,no
normative_llama_58_b2,llama,normative_llama,normative,2,reduced reliability in DC devices,reduced reliability in DC devices,matched,correct_id,False,58,20250808_140741,no
normative_llama_58_b3,llama,normative_llama,normative,3,"uncertain utility interaction (net metering, utility ownership, and agreed standards)","uncertain utility interaction (net metering, utility ownership, and agreed standards)",matched,wrong_id_matchable,False,58,20250808_140741,no
normative_llama_58_b4,llama,normative_llama,normative,4,lack of pilot projects,lack of pilot projects,matched,wrong_id_matchable,False,58,20250808_140741,no
normative_llama_58_b5,llama,normative_llama,normative,5,public perception of DC and readiness to 'champion' installations from DC projects,public perception of DC and readiness to 'champion' installations from DC projects,matched,wrong_id_matchable,False,58,20250808_140741,no
normative2_llama_58_b1,llama,normative2_llama,normative2,1,"power losses, quality and safety issues","Power losses, quality and safety issues",matched,correct_id,False,58,20250808_140741,no
normative2_llama_58_b2,llama,normative2_llama,normative2,2,reduced reliability in DC devices,Reduced reliability in DC devices,matched,correct_id,False,58,20250808_140741,no
normative2_llama_58_b3,llama,normative2_llama,normative2,3,lack of use-cases in which DC is advantageous,Lack of use-cases in which DC is advantageous,matched,correct_id,False,58,20250808_140741,no
normative2_llama_58_b4,llama,normative2_llama,normative2,4,"uncertain utility interaction (net metering, utility ownership, and agreed standards)","Uncertain utility interaction (net metering, utility ownership, and agreed standards)",matched,correct_id,False,58,20250808_140741,no
normative2_llama_58_b5,llama,normative2_llama,normative2,5,lack of pilot projects,Lack of pilot projects,matched,correct_id,False,58,20250808_140741,no
subject_matter_llama_58_b1,llama,subject_matter_llama,subject_matter,1,"power losses, quality and safety issues","Power losses, quality and safety issues",matched,correct_id,False,58,20250808_140741,no
subject_matter_llama_58_b2,llama,subject_matter_llama,subject_matter,2,reduced reliability in DC devices,Reduced reliability in DC devices,matched,correct_id,False,58,20250808_140741,no
subject_matter_llama_58_b3,llama,subject_matter_llama,subject_matter,3,"uncertain utility interaction (net metering, utility ownership, and agreed standards)","Uncertain utility interaction (net metering, utility ownership, and agreed standards)",matched,wrong_id_matchable,False,58,20250808_140741,no
subject_matter_llama_58_b4,llama,subject_matter_llama,subject_matter,4,lack of use-cases in which DC is advantageous,Lack of use-cases in which DC is advantageous,matched,wrong_id_matchable,False,58,20250808_140741,no
subject_matter_llama_58_b5,llama,subject_matter_llama,subject_matter,5,public perception of DC and readiness to 'champion' installations from DC projects,Public perception of DC and readiness to 'champion' installations from DC projects,matched,wrong_id_matchable,False,58,20250808_140741,no
subject_matter_llama_58_b6,llama,subject_matter_llama,subject_matter,6,incompatibility of DC systems components,Incompatibility of DC systems components,matched,wrong_id_matchable,False,58,20250808_140741,yes
subject_matter2_llama_58_b1,llama,subject_matter2_llama,subject_matter2,1,"power losses, quality and safety issues","Power losses, quality, and safety issues",matched,correct_id,False,58,20250808_140741,no
subject_matter2_llama_58_b2,llama,subject_matter2_llama,subject_matter2,2,reduced reliability in DC devices,Reduced reliability in DC devices,matched,correct_id,False,58,20250808_140741,no
subject_matter2_llama_58_b3,llama,subject_matter2_llama,subject_matter2,3,lack of use-cases in which DC is advantageous,Lack of use-cases in which DC is advantageous,matched,correct_id,False,58,20250808_140741,no
subject_matter2_llama_58_b4,llama,subject_matter2_llama,subject_matter2,4,"uncertain utility interaction (net metering, utility ownership, and agreed standards)","Uncertain utility interaction (net metering, utility ownership, and agreed standards)",matched,correct_id,False,58,20250808_140741,no
subject_matter2_llama_58_b5,llama,subject_matter2_llama,subject_matter2,5,lack of pilot projects,Lack of pilot projects,matched,correct_id,False,58,20250808_140741,no
subject_matter2_llama_58_b6,llama,subject_matter2_llama,subject_matter2,6,public perception of DC and readiness to 'champion' installations from DC projects,Public perception of DC and readiness to 'champion' installations from DC projects,matched,correct_id,False,58,20250808_140741,yes
subject_matter2_llama_58_b7,llama,subject_matter2_llama,subject_matter2,7,incompatibility of DC systems components,Incompatibility of DC systems components,matched,correct_id,False,58,20250808_140741,yes
subject_matter2_llama_58_b8,llama,subject_matter2_llama,subject_matter2,8,misconception and lack of knowledge leads to lengthy/expensive design and permit process,Misconception and lack of knowledge leads to lengthy/expensive design and permit process,matched,correct_id,False,58,20250808_140741,yes
subject_matter2_llama_58_b9,llama,subject_matter2_llama,subject_matter2,9,lack of enough trained personnel in DC systems,Lack of enough trained personnel in DC systems,matched,correct_id,False,58,20250808_140741,yes
subject_matter2_llama_58_b10,llama,subject_matter2_llama,subject_matter2,10,uncertain regulatory roadmap,Uncertain regulatory roadmap,matched,correct_id,False,58,20250808_140741,yes
generalist_mistral_58_b1,mistral,generalist_mistral,generalist,1,"power losses, quality and safety issues","power losses, quality and safety issues",matched,correct_id,False,58,20250808_140741,no
generalist_mistral_58_b2,mistral,generalist_mistral,generalist,2,reduced reliability in DC devices,reduced reliability in DC devices,matched,correct_id,False,58,20250808_140741,no
generalist_mistral_58_b3,mistral,generalist_mistral,generalist,3,"uncertain utility interaction (net metering, utility ownership, and agreed standards)","uncertain utility interaction (net metering, utility ownership, and agreed standards)",matched,wrong_id_matchable,False,58,20250808_140741,no
generalist_mistral_58_b4,mistral,generalist_mistral,generalist,4,lack of pilot projects,lack of pilot projects,matched,wrong_id_matchable,False,58,20250808_140741,no
generalist_mistral_58_b5,mistral,generalist_mistral,generalist,5,lack of enough trained personnel in DC systems,lack of enough trained personnel in DC systems,matched,wrong_id_matchable,False,58,20250808_140741,no
generalist2_mistral_58_b1,mistral,generalist2_mistral,generalist2,1,"power losses, quality and safety issues","power losses, quality and safety issues",matched,correct_id,False,58,20250808_140741,no
generalist2_mistral_58_b2,mistral,generalist2_mistral,generalist2,2,reduced reliability in DC devices,reduced reliability in DC devices,matched,correct_id,False,58,20250808_140741,no
generalist2_mistral_58_b3,mistral,generalist2_mistral,generalist2,3,lack of use-cases in which DC is advantageous,lack of use-cases in which DC is advantageous,matched,correct_id,False,58,20250808_140741,no
generalist2_mistral_58_b4,mistral,generalist2_mistral,generalist2,4,"uncertain utility interaction (net metering, utility ownership, and agreed standards)","uncertain utility interaction (net metering, utility ownership, and agreed standards)",matched,correct_id,False,58,20250808_140741,no
generalist2_mistral_58_b5,mistral,generalist2_mistral,generalist2,5,high costs of DC solutions,high costs of DC solutions,matched,wrong_id_matchable,False,58,20250808_140741,no
normative_mistral_58_b1,mistral,normative_mistral,normative,1,"power losses, quality and safety issues","power losses, quality and safety issues",matched,correct_id,False,58,20250808_140741,no
normative_mistral_58_b2,mistral,normative_mistral,normative,2,reduced reliability in DC devices,reduced reliability in DC devices,matched,correct_id,False,58,20250808_140741,no
normative_mistral_58_b3,mistral,normative_mistral,normative,3,"uncertain utility interaction (net metering, utility ownership, and agreed standards)","uncertain utility interaction (net metering, utility ownership, and agreed standards)",matched,wrong_id_matchable,False,58,20250808_140741,no
normative_mistral_58_b4,mistral,normative_mistral,normative,4,lack of pilot projects,lack of pilot projects,matched,wrong_id_matchable,False,58,20250808_140741,no
normative_mistral_58_b5,mistral,normative_mistral,normative,5,incompatibility of DC systems components,incompatibility of DC systems components,matched,wrong_id_matchable,False,58,20250808_140741,no
normative_mistral_58_b6,mistral,normative_mistral,normative,6,,(not selected as it is a broad topic rather than a specific barrier),hallucinated_label,outside_range_id,True,58,20250808_140741,yes
normative_mistral_58_b7,mistral,normative_mistral,normative,7,misconception and lack of knowledge leads to lengthy/expensive design and permit process,misconception and lack of knowledge leads to lengthy/expensive design and permit process,matched,wrong_id_matchable,False,58,20250808_140741,yes
normative_mistral_58_b8,mistral,normative_mistral,normative,8,lack of enough trained personnel in DC systems,lack of enough trained personnel in DC systems,matched,wrong_id_matchable,False,58,20250808_140741,yes
normative_mistral_58_b9,mistral,normative_mistral,normative,9,uncertain regulatory roadmap,uncertain regulatory roadmap,matched,wrong_id_matchable,False,58,20250808_140741,yes
normative_mistral_58_b10,mistral,normative_mistral,normative,10,high costs of DC solutions,high costs of DC solutions,matched,wrong_id_matchable,False,58,20250808_140741,yes
normative2_mistral_58_b1,mistral,normative2_mistral,normative2,1,"power losses, quality and safety issues","power losses, quality and safety issues",matched,correct_id,False,58,20250808_140741,no
normative2_mistral_58_b2,mistral,normative2_mistral,normative2,2,reduced reliability in DC devices,reduced reliability in DC devices,matched,correct_id,False,58,20250808_140741,no
normative2_mistral_58_b3,mistral,normative2_mistral,normative2,3,lack of use-cases in which DC is advantageous,lack of use-cases in which DC is advantageous,matched,correct_id,False,58,20250808_140741,no
normative2_mistral_58_b4,mistral,normative2_mistral,normative2,4,"uncertain utility interaction (net metering, utility ownership, and agreed standards)","uncertain utility interaction (net metering, utility ownership, and agreed standards)",matched,correct_id,False,58,20250808_140741,no
normative2_mistral_58_b5,mistral,normative2_mistral,normative2,5,lack of pilot projects,lack of pilot projects,matched,correct_id,False,58,20250808_140741,no
normative2_mistral_58_b6,mistral,normative2_mistral,normative2,6,,"public perception of DC and readiness to 'champion' installations from DC projects (although this is not a technical barrier per se, it significantly impacts the adoption and implementation of DC technologies)",hallucinated_label,outside_range_id,True,58,20250808_140741,yes
subject_matter_mistral_58_b1,mistral,subject_matter_mistral,subject_matter,1,"power losses, quality and safety issues","power losses, quality and safety issues",matched,correct_id,False,58,20250808_140741,no
subject_matter_mistral_58_b2,mistral,subject_matter_mistral,subject_matter,2,reduced reliability in DC devices,reduced reliability in DC devices,matched,correct_id,False,58,20250808_140741,no
subject_matter_mistral_58_b3,mistral,subject_matter_mistral,subject_matter,3,lack of pilot projects,lack of pilot projects,matched,wrong_id_matchable,False,58,20250808_140741,no
subject_matter_mistral_58_b4,mistral,subject_matter_mistral,subject_matter,4,"uncertain utility interaction (net metering, utility ownership, and agreed standards)","uncertain utility interaction (net metering, utility ownership, and agreed standards)",matched,correct_id,False,58,20250808_140741,no
subject_matter_mistral_58_b5,mistral,subject_matter_mistral,subject_matter,5,uncertain regulatory roadmap,uncertain regulatory roadmap,matched,wrong_id_matchable,False,58,20250808_140741,no
subject_matter_mistral_58_b6,mistral,subject_matter_mistral,subject_matter,6,incompatibility of DC systems components,incompatibility of DC systems components,matched,wrong_id_matchable,False,58,20250808_140741,yes
subject_matter_mistral_58_b7,mistral,subject_matter_mistral,subject_matter,7,,"lack of enough trained personnel in DC systems (optional, if the previous nine barriers are not enough)",hallucinated_label,outside_range_id,True,58,20250808_140741,yes
subject_matter2_mistral_58_b1,mistral,subject_matter2_mistral,subject_matter2,1,"power losses, quality and safety issues","power losses, quality and safety issues",matched,correct_id,False,58,20250808_140741,no
subject_matter2_mistral_58_b2,mistral,subject_matter2_mistral,subject_matter2,2,reduced reliability in DC devices,reduced reliability in DC devices,matched,correct_id,False,58,20250808_140741,no
subject_matter2_mistral_58_b3,mistral,subject_matter2_mistral,subject_matter2,3,"uncertain utility interaction (net metering, utility ownership, and agreed standards)","uncertain utility interaction (net metering, utility ownership, and agreed standards)",matched,wrong_id_matchable,False,58,20250808_140741,no
subject_matter2_mistral_58_b4,mistral,subject_matter2_mistral,subject_matter2,4,lack of pilot projects,lack of pilot projects,matched,wrong_id_matchable,False,58,20250808_140741,no
subject_matter2_mistral_58_b5,mistral,subject_matter2_mistral,subject_matter2,5,public perception of DC and readiness to 'champion' installations from DC projects,public perception of DC and readiness to 'champion' installations from DC projects,matched,wrong_id_matchable,False,58,20250808_140741,no
generalist_gemma3_58_b1,gemma3,generalist_gemma3,generalist,1,"power losses, quality and safety issues","power losses, quality and safety issues",matched,correct_id,False,58,20250808_140741,no
generalist_gemma3_58_b4,gemma3,generalist_gemma3,generalist,4,"uncertain utility interaction (net metering, utility ownership, and agreed standards)","uncertain utility interaction (net metering, utility ownership, and agreed standards)",matched,correct_id,False,58,20250808_140741,no
generalist_gemma3_58_b7,gemma3,generalist_gemma3,generalist,7,incompatibility of DC systems components,incompatibility of DC systems components,matched,correct_id,False,58,20250808_140741,no
generalist_gemma3_58_b8,gemma3,generalist_gemma3,generalist,8,misconception and lack of knowledge leads to lengthy/expensive design and permit process,misconception and lack of knowledge leads to lengthy/expensive design and permit process,matched,correct_id,False,58,20250808_140741,no
generalist_gemma3_58_b11,gemma3,generalist_gemma3,generalist,11,high costs of DC solutions,high costs of DC solutions,matched,correct_id,False,58,20250808_140741,no
generalist2_gemma3_58_b1,gemma3,generalist2_gemma3,generalist2,1,"power losses, quality and safety issues","power losses, quality and safety issues",matched,correct_id,False,58,20250808_140741,no
generalist2_gemma3_58_b4,gemma3,generalist2_gemma3,generalist2,4,"uncertain utility interaction (net metering, utility ownership, and agreed standards)","uncertain utility interaction (net metering, utility ownership, and agreed standards)",matched,correct_id,False,58,20250808_140741,no
generalist2_gemma3_58_b7,gemma3,generalist2_gemma3,generalist2,7,incompatibility of DC systems components,incompatibility of DC systems components,matched,correct_id,False,58,20250808_140741,no
generalist2_gemma3_58_b8,gemma3,generalist2_gemma3,generalist2,8,misconception and lack of knowledge leads to lengthy/expensive design and permit process,misconception and lack of knowledge leads to lengthy/expensive design and permit process,matched,correct_id,False,58,20250808_140741,no
generalist2_gemma3_58_b11,gemma3,generalist2_gemma3,generalist2,11,high costs of DC solutions,high costs of DC solutions,matched,correct_id,False,58,20250808_140741,no
normative_gemma3_58_b1,gemma3,normative_gemma3,normative,1,"power losses, quality and safety issues","power losses, quality and safety issues",matched,correct_id,False,58,20250808_140741,no
normative_gemma3_58_b4,gemma3,normative_gemma3,normative,4,"uncertain utility interaction (net metering, utility ownership, and agreed standards)","uncertain utility interaction (net metering, utility ownership, and agreed standards)",matched,correct_id,False,58,20250808_140741,no
normative_gemma3_58_b7,gemma3,normative_gemma3,normative,7,incompatibility of DC systems components,incompatibility of DC systems components,matched,correct_id,False,58,20250808_140741,no
normative_gemma3_58_b8,gemma3,normative_gemma3,normative,8,misconception and lack of knowledge leads to lengthy/expensive design and permit process,misconception and lack of knowledge leads to lengthy/expensive design and permit process,matched,correct_id,False,58,20250808_140741,no
normative_gemma3_58_b11,gemma3,normative_gemma3,normative,11,high costs of DC solutions,high costs of DC solutions,matched,correct_id,False,58,20250808_140741,no
normative2_gemma3_58_b1,gemma3,normative2_gemma3,normative2,1,"power losses, quality and safety issues","power losses, quality and safety issues",matched,correct_id,False,58,20250808_140741,no
normative2_gemma3_58_b4,gemma3,normative2_gemma3,normative2,4,"uncertain utility interaction (net metering, utility ownership, and agreed standards)","uncertain utility interaction (net metering, utility ownership, and agreed standards)",matched,correct_id,False,58,20250808_140741,no
normative2_gemma3_58_b7,gemma3,normative2_gemma3,normative2,7,incompatibility of DC systems components,incompatibility of DC systems components,matched,correct_id,False,58,20250808_140741,no
normative2_gemma3_58_b8,gemma3,normative2_gemma3,normative2,8,misconception and lack of knowledge leads to lengthy/expensive design and permit process,misconception and lack of knowledge leads to lengthy/expensive design and permit process,matched,correct_id,False,58,20250808_140741,no
normative2_gemma3_58_b11,gemma3,normative2_gemma3,normative2,11,high costs of DC solutions,high costs of DC solutions,matched,correct_id,False,58,20250808_140741,no
subject_matter_gemma3_58_b1,gemma3,subject_matter_gemma3,subject_matter,1,"power losses, quality and safety issues","power losses, quality and safety issues",matched,correct_id,False,58,20250808_140741,no
subject_matter_gemma3_58_b4,gemma3,subject_matter_gemma3,subject_matter,4,"uncertain utility interaction (net metering, utility ownership, and agreed standards)","uncertain utility interaction (net metering, utility ownership, and agreed standards)",matched,correct_id,False,58,20250808_140741,no
subject_matter_gemma3_58_b7,gemma3,subject_matter_gemma3,subject_matter,7,incompatibility of DC systems components,incompatibility of DC systems components,matched,correct_id,False,58,20250808_140741,no
subject_matter_gemma3_58_b9,gemma3,subject_matter_gemma3,subject_matter,9,lack of enough trained personnel in DC systems,lack of enough trained personnel in DC systems,matched,correct_id,False,58,20250808_140741,no
subject_matter_gemma3_58_b11,gemma3,subject_matter_gemma3,subject_matter,11,high costs of DC solutions,high costs of DC solutions,matched,correct_id,False,58,20250808_140741,no
subject_matter2_gemma3_58_b1,gemma3,subject_matter2_gemma3,subject_matter2,1,"power losses, quality and safety issues","power losses, quality and safety issues",matched,correct_id,False,58,20250808_140741,no
subject_matter2_gemma3_58_b4,gemma3,subject_matter2_gemma3,subject_matter2,4,"uncertain utility interaction (net metering, utility ownership, and agreed standards)","uncertain utility interaction (net metering, utility ownership, and agreed standards)",matched,correct_id,False,58,20250808_140741,no
subject_matter2_gemma3_58_b7,gemma3,subject_matter2_gemma3,subject_matter2,7,incompatibility of DC systems components,incompatibility of DC systems components,matched,correct_id,False,58,20250808_140741,no
subject_matter2_gemma3_58_b9,gemma3,subject_matter2_gemma3,subject_matter2,9,lack of enough trained personnel in DC systems,lack of enough trained personnel in DC systems,matched,correct_id,False,58,20250808_140741,no
subject_matter2_gemma3_58_b11,gemma3,subject_matter2_gemma3,subject_matter2,11,high costs of DC solutions,high costs of DC solutions,matched,correct_id,False,58,20250808_140741,no
generalist_llama_59_b1,llama,generalist_llama,generalist,1,"power losses, quality and safety issues","Power losses, quality and safety issues",matched,correct_id,False,59,20250808_142007,no
generalist_llama_59_b2,llama,generalist_llama,generalist,2,"uncertain utility interaction (net metering, utility ownership, and agreed standards)","Uncertain utility interaction (net metering, utility ownership, and agreed standards)",matched,wrong_id_matchable,False,59,20250808_142007,no
generalist_llama_59_b3,llama,generalist_llama,generalist,3,lack of use-cases in which DC is advantageous,Lack of use-cases in which DC is advantageous,matched,correct_id,False,59,20250808_142007,no
generalist_llama_59_b4,llama,generalist_llama,generalist,4,incompatibility of DC systems components,Incompatibility of DC systems components,matched,wrong_id_matchable,False,59,20250808_142007,no
generalist_llama_59_b5,llama,generalist_llama,generalist,5,misconception and lack of knowledge leads to lengthy/expensive design and permit process,Misconception and lack of knowledge leads to lengthy/expensive design and permit process,matched,wrong_id_matchable,False,59,20250808_142007,no
generalist2_llama_59_b1,llama,generalist2_llama,generalist2,1,,"power losses, quality and safety issues - As DC systems operate at lower voltages compared to alternating current (AC), they require more complex components and hardware that may be less efficient or reliable than AC equivalents, leading to higher costs and potential quality and safety concerns.",hallucinated_label,outside_range_id,True,59,20250808_142007,no
generalist2_llama_59_b2,llama,generalist2_llama,generalist2,2,,"incompatibility of DC systems components - The use of different components with varying voltage levels and electrical properties can create compatibility issues when assembling a DC system, potentially resulting in reduced reliability and performance.",hallucinated_label,outside_range_id,True,59,20250808_142007,no
generalist2_llama_59_b3,llama,generalist2_llama,generalist2,3,,"high costs of DC solutions - DC technologies can be more expensive to implement than AC alternatives due to the specialized hardware and components required, which may limit their widespread adoption and implementation in various applications.",hallucinated_label,outside_range_id,True,59,20250808_142007,no
generalist2_llama_59_b4,llama,generalist2_llama,generalist2,4,,"uncertain utility interaction (net metering, utility ownership, and agreed standards) - The integration of DC systems with existing utility infrastructure requires clear regulatory frameworks, net metering policies, and standardized practices to ensure seamless interactions between utilities and end-users.",hallucinated_label,outside_range_id,True,59,20250808_142007,no
generalist2_llama_59_b5,llama,generalist2_llama,generalist2,5,,"lack of pilot projects - Limited real-world demonstrations and implementation of DC technologies can hinder the development and acceptance of these systems in various industries, as it may be challenging to convince stakeholders of their benefits without evidence of successful applications.",hallucinated_label,outside_range_id,True,59,20250808_142007,no
normative_llama_59_b1,llama,normative_llama,normative,1,"power losses, quality and safety issues","Power losses, quality, and safety issues",matched,correct_id,False,59,20250808_142007,no
normative_llama_59_b2,llama,normative_llama,normative,2,lack of use-cases in which DC is advantageous,Lack of use-cases in which DC is advantageous,matched,wrong_id_matchable,False,59,20250808_142007,no
normative_llama_59_b3,llama,normative_llama,normative,3,"uncertain utility interaction (net metering, utility ownership, and agreed standards)","Uncertain utility interaction (net metering, utility ownership, and agreed standards)",matched,wrong_id_matchable,False,59,20250808_142007,no
normative_llama_59_b4,llama,normative_llama,normative,4,public perception of DC and readiness to 'champion' installations from DC projects,Public perception of DC and readiness to 'champion' installations from DC projects,matched,wrong_id_matchable,False,59,20250808_142007,no
normative_llama_59_b5,llama,normative_llama,normative,5,incompatibility of DC systems components,Incompatibility of DC systems components,matched,wrong_id_matchable,False,59,20250808_142007,no
normative2_llama_59_b1,llama,normative2_llama,normative2,1,"power losses, quality and safety issues","Power losses, quality and safety issues",matched,correct_id,False,59,20250808_142007,no
normative2_llama_59_b2,llama,normative2_llama,normative2,2,reduced reliability in DC devices,Reduced reliability in DC devices,matched,correct_id,False,59,20250808_142007,no
normative2_llama_59_b3,llama,normative2_llama,normative2,3,lack of use-cases in which DC is advantageous,Lack of use-cases in which DC is advantageous,matched,correct_id,False,59,20250808_142007,no
normative2_llama_59_b4,llama,normative2_llama,normative2,4,"uncertain utility interaction (net metering, utility ownership, and agreed standards)","Uncertain utility interaction (net metering, utility ownership, and agreed standards)",matched,correct_id,False,59,20250808_142007,no
normative2_llama_59_b5,llama,normative2_llama,normative2,5,lack of pilot projects,Lack of pilot projects,matched,correct_id,False,59,20250808_142007,no
normative2_llama_59_b6,llama,normative2_llama,normative2,6,public perception of DC and readiness to 'champion' installations from DC projects,Public perception of DC and readiness to 'champion' installations from DC projects,matched,correct_id,False,59,20250808_142007,yes
normative2_llama_59_b7,llama,normative2_llama,normative2,7,incompatibility of DC systems components,Incompatibility of DC systems components,matched,correct_id,False,59,20250808_142007,yes
normative2_llama_59_b8,llama,normative2_llama,normative2,8,misconception and lack of knowledge leads to lengthy/expensive design and permit process,Misconception and lack of knowledge leads to lengthy/expensive design and permit process,matched,correct_id,False,59,20250808_142007,yes
normative2_llama_59_b9,llama,normative2_llama,normative2,9,lack of enough trained personnel in DC systems,Lack of enough trained personnel in DC systems,matched,correct_id,False,59,20250808_142007,yes
normative2_llama_59_b10,llama,normative2_llama,normative2,10,uncertain regulatory roadmap,Uncertain regulatory roadmap,matched,correct_id,False,59,20250808_142007,yes
subject_matter_llama_59_b1,llama,subject_matter_llama,subject_matter,1,"power losses, quality and safety issues","Power losses, quality, and safety issues",matched,correct_id,False,59,20250808_142007,no
subject_matter_llama_59_b2,llama,subject_matter_llama,subject_matter,2,reduced reliability in DC devices,Reduced reliability in DC devices,matched,correct_id,False,59,20250808_142007,no
subject_matter_llama_59_b3,llama,subject_matter_llama,subject_matter,3,lack of use-cases in which DC is advantageous,Lack of use-cases in which DC is advantageous,matched,correct_id,False,59,20250808_142007,no
subject_matter_llama_59_b4,llama,subject_matter_llama,subject_matter,4,"uncertain utility interaction (net metering, utility ownership, and agreed standards)","Uncertain utility interaction (net metering, utility ownership, and agreed standards)",matched,correct_id,False,59,20250808_142007,no
subject_matter_llama_59_b5,llama,subject_matter_llama,subject_matter,5,lack of pilot projects,Lack of pilot projects,matched,correct_id,False,59,20250808_142007,no
subject_matter_llama_59_b6,llama,subject_matter_llama,subject_matter,6,public perception of DC and readiness to 'champion' installations from DC projects,Public perception of DC and readiness to 'champion' installations from DC projects,matched,correct_id,False,59,20250808_142007,yes
subject_matter_llama_59_b7,llama,subject_matter_llama,subject_matter,7,incompatibility of DC systems components,Incompatibility of DC systems components,matched,correct_id,False,59,20250808_142007,yes
subject_matter_llama_59_b8,llama,subject_matter_llama,subject_matter,8,misconception and lack of knowledge leads to lengthy/expensive design and permit process,Misconception and lack of knowledge leads to lengthy/expensive design and permit process,matched,correct_id,False,59,20250808_142007,yes
subject_matter_llama_59_b9,llama,subject_matter_llama,subject_matter,9,lack of enough trained personnel in DC systems,Lack of enough trained personnel in DC systems,matched,correct_id,False,59,20250808_142007,yes
subject_matter_llama_59_b10,llama,subject_matter_llama,subject_matter,10,uncertain regulatory roadmap,Uncertain regulatory roadmap,matched,correct_id,False,59,20250808_142007,yes
subject_matter2_llama_59_b1,llama,subject_matter2_llama,subject_matter2,1,"power losses, quality and safety issues","Power losses, quality, and safety issues",matched,correct_id,False,59,20250808_142007,no
subject_matter2_llama_59_b2,llama,subject_matter2_llama,subject_matter2,2,reduced reliability in DC devices,Reduced reliability in DC devices,matched,correct_id,False,59,20250808_142007,no
subject_matter2_llama_59_b3,llama,subject_matter2_llama,subject_matter2,3,lack of use-cases in which DC is advantageous,Lack of use-cases in which DC is advantageous,matched,correct_id,False,59,20250808_142007,no
subject_matter2_llama_59_b4,llama,subject_matter2_llama,subject_matter2,4,"uncertain utility interaction (net metering, utility ownership, and agreed standards)","Uncertain utility interaction (net metering, utility ownership, and agreed standards)",matched,correct_id,False,59,20250808_142007,no
subject_matter2_llama_59_b5,llama,subject_matter2_llama,subject_matter2,5,lack of pilot projects,Lack of pilot projects,matched,correct_id,False,59,20250808_142007,no
subject_matter2_llama_59_b6,llama,subject_matter2_llama,subject_matter2,6,public perception of DC and readiness to 'champion' installations from DC projects,Public perception of DC and readiness to 'champion' installations from DC projects,matched,correct_id,False,59,20250808_142007,yes
subject_matter2_llama_59_b7,llama,subject_matter2_llama,subject_matter2,7,incompatibility of DC systems components,Incompatibility of DC systems components,matched,correct_id,False,59,20250808_142007,yes
subject_matter2_llama_59_b8,llama,subject_matter2_llama,subject_matter2,8,misconception and lack of knowledge leads to lengthy/expensive design and permit process,Misconception and lack of knowledge leads to lengthy/expensive design and permit process,matched,correct_id,False,59,20250808_142007,yes
subject_matter2_llama_59_b9,llama,subject_matter2_llama,subject_matter2,9,lack of enough trained personnel in DC systems,Lack of enough trained personnel in DC systems,matched,correct_id,False,59,20250808_142007,yes
subject_matter2_llama_59_b10,llama,subject_matter2_llama,subject_matter2,10,uncertain regulatory roadmap,Uncertain regulatory roadmap,matched,correct_id,False,59,20250808_142007,yes
subject_matter2_llama_59_b11,llama,subject_matter2_llama,subject_matter2,11,high costs of DC solutions,High costs of DC solutions,matched,correct_id,False,59,20250808_142007,yes
generalist_mistral_59_b1,mistral,generalist_mistral,generalist,1,"power losses, quality and safety issues","power losses, quality and safety issues",matched,correct_id,False,59,20250808_142007,no
generalist_mistral_59_b2,mistral,generalist_mistral,generalist,2,reduced reliability in DC devices,reduced reliability in DC devices,matched,correct_id,False,59,20250808_142007,no
generalist_mistral_59_b3,mistral,generalist_mistral,generalist,3,"uncertain utility interaction (net metering, utility ownership, and agreed standards)","uncertain utility interaction (net metering, utility ownership, and agreed standards)",matched,wrong_id_matchable,False,59,20250808_142007,no
generalist_mistral_59_b4,mistral,generalist_mistral,generalist,4,lack of pilot projects,lack of pilot projects,matched,wrong_id_matchable,False,59,20250808_142007,no
generalist_mistral_59_b5,mistral,generalist_mistral,generalist,5,public perception of DC and readiness to 'champion' installations from DC projects,public perception of DC and readiness to 'champion' installations from DC projects,matched,wrong_id_matchable,False,59,20250808_142007,no
generalist2_mistral_59_b1,mistral,generalist2_mistral,generalist2,1,"power losses, quality and safety issues","power losses, quality and safety issues",matched,correct_id,False,59,20250808_142007,no
generalist2_mistral_59_b2,mistral,generalist2_mistral,generalist2,2,reduced reliability in DC devices,reduced reliability in DC devices,matched,correct_id,False,59,20250808_142007,no
generalist2_mistral_59_b3,mistral,generalist2_mistral,generalist2,3,"uncertain utility interaction (net metering, utility ownership, and agreed standards)","uncertain utility interaction (net metering, utility ownership, and agreed standards)",matched,wrong_id_matchable,False,59,20250808_142007,no
generalist2_mistral_59_b4,mistral,generalist2_mistral,generalist2,4,lack of pilot projects,lack of pilot projects,matched,wrong_id_matchable,False,59,20250808_142007,no
generalist2_mistral_59_b5,mistral,generalist2_mistral,generalist2,5,high costs of DC solutions,high costs of DC solutions,matched,wrong_id_matchable,False,59,20250808_142007,no
normative_mistral_59_b1,mistral,normative_mistral,normative,1,"power losses, quality and safety issues","power losses, quality and safety issues",matched,correct_id,False,59,20250808_142007,no
normative_mistral_59_b2,mistral,normative_mistral,normative,2,reduced reliability in DC devices,reduced reliability in DC devices,matched,correct_id,False,59,20250808_142007,no
normative_mistral_59_b3,mistral,normative_mistral,normative,3,lack of pilot projects,lack of pilot projects,matched,wrong_id_matchable,False,59,20250808_142007,no
normative_mistral_59_b4,mistral,normative_mistral,normative,4,"uncertain utility interaction (net metering, utility ownership, and agreed standards)","uncertain utility interaction (net metering, utility ownership, and agreed standards)",matched,correct_id,False,59,20250808_142007,no
normative_mistral_59_b5,mistral,normative_mistral,normative,5,uncertain regulatory roadmap,uncertain regulatory roadmap,matched,wrong_id_matchable,False,59,20250808_142007,no
normative2_mistral_59_b1,mistral,normative2_mistral,normative2,1,"power losses, quality and safety issues","power losses, quality and safety issues",matched,correct_id,False,59,20250808_142007,no
normative2_mistral_59_b2,mistral,normative2_mistral,normative2,2,reduced reliability in DC devices,reduced reliability in DC devices,matched,correct_id,False,59,20250808_142007,no
normative2_mistral_59_b3,mistral,normative2_mistral,normative2,3,lack of use-cases in which DC is advantageous,lack of use-cases in which DC is advantageous,matched,correct_id,False,59,20250808_142007,no
normative2_mistral_59_b4,mistral,normative2_mistral,normative2,4,"uncertain utility interaction (net metering, utility ownership, and agreed standards)","uncertain utility interaction (net metering, utility ownership, and agreed standards)",matched,correct_id,False,59,20250808_142007,no
normative2_mistral_59_b5,mistral,normative2_mistral,normative2,5,high costs of DC solutions,high costs of DC solutions,matched,wrong_id_matchable,False,59,20250808_142007,no
subject_matter_mistral_59_b1,mistral,subject_matter_mistral,subject_matter,1,"power losses, quality and safety issues","power losses, quality and safety issues",matched,correct_id,False,59,20250808_142007,no
subject_matter_mistral_59_b2,mistral,subject_matter_mistral,subject_matter,2,reduced reliability in DC devices,reduced reliability in DC devices,matched,correct_id,False,59,20250808_142007,no
subject_matter_mistral_59_b3,mistral,subject_matter_mistral,subject_matter,3,"uncertain utility interaction (net metering, utility ownership, and agreed standards)","uncertain utility interaction (net metering, utility ownership, and agreed standards)",matched,wrong_id_matchable,False,59,20250808_142007,no
subject_matter_mistral_59_b4,mistral,subject_matter_mistral,subject_matter,4,lack of pilot projects,lack of pilot projects,matched,wrong_id_matchable,False,59,20250808_142007,no
subject_matter_mistral_59_b5,mistral,subject_matter_mistral,subject_matter,5,incompatibility of DC systems components,incompatibility of DC systems components,matched,wrong_id_matchable,False,59,20250808_142007,no
subject_matter2_mistral_59_b1,mistral,subject_matter2_mistral,subject_matter2,1,"power losses, quality and safety issues","power losses, quality and safety issues",matched,correct_id,False,59,20250808_142007,no
subject_matter2_mistral_59_b2,mistral,subject_matter2_mistral,subject_matter2,2,reduced reliability in DC devices,reduced reliability in DC devices,matched,correct_id,False,59,20250808_142007,no
subject_matter2_mistral_59_b3,mistral,subject_matter2_mistral,subject_matter2,3,"uncertain utility interaction (net metering, utility ownership, and agreed standards)","uncertain utility interaction (net metering, utility ownership, and agreed standards)",matched,wrong_id_matchable,False,59,20250808_142007,no
subject_matter2_mistral_59_b4,mistral,subject_matter2_mistral,subject_matter2,4,lack of pilot projects,lack of pilot projects,matched,wrong_id_matchable,False,59,20250808_142007,no
subject_matter2_mistral_59_b5,mistral,subject_matter2_mistral,subject_matter2,5,incompatibility of DC systems components,incompatibility of DC systems components,matched,wrong_id_matchable,False,59,20250808_142007,no
subject_matter2_mistral_59_b6,mistral,subject_matter2_mistral,subject_matter2,6,public perception of DC and readiness to 'champion' installations from DC projects,public perception of DC and readiness to 'champion' installations from DC projects,matched,correct_id,False,59,20250808_142007,yes
subject_matter2_mistral_59_b7,mistral,subject_matter2_mistral,subject_matter2,7,misconception and lack of knowledge leads to lengthy/expensive design and permit process,misconception and lack of knowledge leads to lengthy/expensive design and permit process,matched,wrong_id_matchable,False,59,20250808_142007,yes
subject_matter2_mistral_59_b8,mistral,subject_matter2_mistral,subject_matter2,8,,"lack of enough trained personnel in DC systems (not selected, but relevant)",hallucinated_label,outside_range_id,True,59,20250808_142007,yes
subject_matter2_mistral_59_b9,mistral,subject_matter2_mistral,subject_matter2,9,,"uncertain regulatory roadmap (not selected, but relevant)",hallucinated_label,outside_range_id,True,59,20250808_142007,yes
subject_matter2_mistral_59_b10,mistral,subject_matter2_mistral,subject_matter2,10,,"high costs of DC solutions (not selected, but relevant)",hallucinated_label,outside_range_id,True,59,20250808_142007,yes
generalist_gemma3_59_b1,gemma3,generalist_gemma3,generalist,1,"power losses, quality and safety issues","power losses, quality and safety issues",matched,correct_id,False,59,20250808_142007,no
generalist_gemma3_59_b4,gemma3,generalist_gemma3,generalist,4,"uncertain utility interaction (net metering, utility ownership, and agreed standards)","uncertain utility interaction (net metering, utility ownership, and agreed standards)",matched,correct_id,False,59,20250808_142007,no
generalist_gemma3_59_b7,gemma3,generalist_gemma3,generalist,7,incompatibility of DC systems components,incompatibility of DC systems components,matched,correct_id,False,59,20250808_142007,no
generalist_gemma3_59_b8,gemma3,generalist_gemma3,generalist,8,misconception and lack of knowledge leads to lengthy/expensive design and permit process,misconception and lack of knowledge leads to lengthy/expensive design and permit process,matched,correct_id,False,59,20250808_142007,no
generalist_gemma3_59_b11,gemma3,generalist_gemma3,generalist,11,high costs of DC solutions,high costs of DC solutions,matched,correct_id,False,59,20250808_142007,no
generalist2_gemma3_59_b1,gemma3,generalist2_gemma3,generalist2,1,"power losses, quality and safety issues","power losses, quality and safety issues",matched,correct_id,False,59,20250808_142007,no
generalist2_gemma3_59_b4,gemma3,generalist2_gemma3,generalist2,4,"uncertain utility interaction (net metering, utility ownership, and agreed standards)","uncertain utility interaction (net metering, utility ownership, and agreed standards)",matched,correct_id,False,59,20250808_142007,no
generalist2_gemma3_59_b7,gemma3,generalist2_gemma3,generalist2,7,incompatibility of DC systems components,incompatibility of DC systems components,matched,correct_id,False,59,20250808_142007,no
generalist2_gemma3_59_b8,gemma3,generalist2_gemma3,generalist2,8,misconception and lack of knowledge leads to lengthy/expensive design and permit process,misconception and lack of knowledge leads to lengthy/expensive design and permit process,matched,correct_id,False,59,20250808_142007,no
generalist2_gemma3_59_b11,gemma3,generalist2_gemma3,generalist2,11,high costs of DC solutions,high costs of DC solutions,matched,correct_id,False,59,20250808_142007,no
normative_gemma3_59_b1,gemma3,normative_gemma3,normative,1,"power losses, quality and safety issues","power losses, quality and safety issues",matched,correct_id,False,59,20250808_142007,no
normative_gemma3_59_b4,gemma3,normative_gemma3,normative,4,"uncertain utility interaction (net metering, utility ownership, and agreed standards)","uncertain utility interaction (net metering, utility ownership, and agreed standards)",matched,correct_id,False,59,20250808_142007,no
normative_gemma3_59_b6,gemma3,normative_gemma3,normative,6,public perception of DC and readiness to 'champion' installations from DC projects,public perception of DC and readiness to 'champion' installations from DC projects,matched,correct_id,False,59,20250808_142007,no
normative_gemma3_59_b8,gemma3,normative_gemma3,normative,8,misconception and lack of knowledge leads to lengthy/expensive design and permit process,misconception and lack of knowledge leads to lengthy/expensive design and permit process,matched,correct_id,False,59,20250808_142007,no
normative_gemma3_59_b11,gemma3,normative_gemma3,normative,11,high costs of DC solutions,high costs of DC solutions,matched,correct_id,False,59,20250808_142007,no
normative2_gemma3_59_b1,gemma3,normative2_gemma3,normative2,1,"power losses, quality and safety issues","power losses, quality and safety issues",matched,correct_id,False,59,20250808_142007,no
normative2_gemma3_59_b4,gemma3,normative2_gemma3,normative2,4,"uncertain utility interaction (net metering, utility ownership, and agreed standards)","uncertain utility interaction (net metering, utility ownership, and agreed standards)",matched,correct_id,False,59,20250808_142007,no
normative2_gemma3_59_b6,gemma3,normative2_gemma3,normative2,6,public perception of DC and readiness to 'champion' installations from DC projects,public perception of DC and readiness to 'champion' installations from DC projects,matched,correct_id,False,59,20250808_142007,no
normative2_gemma3_59_b8,gemma3,normative2_gemma3,normative2,8,misconception and lack of knowledge leads to lengthy/expensive design and permit process,misconception and lack of knowledge leads to lengthy/expensive design and permit process,matched,correct_id,False,59,20250808_142007,no
normative2_gemma3_59_b11,gemma3,normative2_gemma3,normative2,11,high costs of DC solutions,high costs of DC solutions,matched,correct_id,False,59,20250808_142007,no
subject_matter_gemma3_59_b1,gemma3,subject_matter_gemma3,subject_matter,1,"power losses, quality and safety issues","power losses, quality and safety issues",matched,correct_id,False,59,20250808_142007,no
subject_matter_gemma3_59_b4,gemma3,subject_matter_gemma3,subject_matter,4,"uncertain utility interaction (net metering, utility ownership, and agreed standards)","uncertain utility interaction (net metering, utility ownership, and agreed standards)",matched,correct_id,False,59,20250808_142007,no
subject_matter_gemma3_59_b7,gemma3,subject_matter_gemma3,subject_matter,7,incompatibility of DC systems components,incompatibility of DC systems components,matched,correct_id,False,59,20250808_142007,no
subject_matter_gemma3_59_b9,gemma3,subject_matter_gemma3,subject_matter,9,lack of enough trained personnel in DC systems,lack of enough trained personnel in DC systems,matched,correct_id,False,59,20250808_142007,no
subject_matter_gemma3_59_b11,gemma3,subject_matter_gemma3,subject_matter,11,high costs of DC solutions,high costs of DC solutions,matched,correct_id,False,59,20250808_142007,no
subject_matter2_gemma3_59_b1,gemma3,subject_matter2_gemma3,subject_matter2,1,"power losses, quality and safety issues","power losses, quality and safety issues",matched,correct_id,False,59,20250808_142007,no
subject_matter2_gemma3_59_b4,gemma3,subject_matter2_gemma3,subject_matter2,4,"uncertain utility interaction (net metering, utility ownership, and agreed standards)","uncertain utility interaction (net metering, utility ownership, and agreed standards)",matched,correct_id,False,59,20250808_142007,no
subject_matter2_gemma3_59_b7,gemma3,subject_matter2_gemma3,subject_matter2,7,incompatibility of DC systems components,incompatibility of DC systems components,matched,correct_id,False,59,20250808_142007,no
subject_matter2_gemma3_59_b9,gemma3,subject_matter2_gemma3,subject_matter2,9,lack of enough trained personnel in DC systems,lack of enough trained personnel in DC systems,matched,correct_id,False,59,20250808_142007,no
subject_matter2_gemma3_59_b11,gemma3,subject_matter2_gemma3,subject_matter2,11,high costs of DC solutions,high costs of DC solutions,matched,correct_id,False,59,20250808_142007,no
generalist_llama_60_b1,llama,generalist_llama,generalist,1,"power losses, quality and safety issues","Power losses, quality, and safety issues",matched,correct_id,False,60,20250808_142500,no
generalist_llama_60_b2,llama,generalist_llama,generalist,2,reduced reliability in DC devices,Reduced reliability in DC devices,matched,correct_id,False,60,20250808_142500,no
generalist_llama_60_b3,llama,generalist_llama,generalist,3,lack of use-cases in which DC is advantageous,Lack of use-cases in which DC is advantageous,matched,correct_id,False,60,20250808_142500,no
generalist_llama_60_b4,llama,generalist_llama,generalist,4,"uncertain utility interaction (net metering, utility ownership, and agreed standards)","Uncertain utility interaction (net metering, utility ownership, and agreed standards)",matched,correct_id,False,60,20250808_142500,no
generalist_llama_60_b5,llama,generalist_llama,generalist,5,lack of pilot projects,Lack of pilot projects,matched,correct_id,False,60,20250808_142500,no
generalist2_llama_60_b1,llama,generalist2_llama,generalist2,1,,"Power losses, quality and safety issues - As a key challenge in the adoption of DC systems, power losses can significantly impact efficiency, while ensuring quality and safety is crucial for successful implementation.",hallucinated_label,outside_range_id,True,60,20250808_142500,no
generalist2_llama_60_b2,llama,generalist2_llama,generalist2,2,,"Reduced reliability in DC devices - Ensuring reliable performance is essential for the widespread use of DC technologies, as any downtime or malfunctions could have significant consequences.",hallucinated_label,outside_range_id,True,60,20250808_142500,no
generalist2_llama_60_b3,llama,generalist2_llama,generalist2,3,,Lack of use-cases in which DC is advantageous - Identifying real-world applications where DC technology offers clear benefits can help promote adoption and demonstrate its value proposition.,hallucinated_label,outside_range_id,True,60,20250808_142500,no
generalist2_llama_60_b4,llama,generalist2_llama,generalist2,4,,"Uncertain utility interaction (net metering, utility ownership, and agreed standards) - Clarifying the roles and responsibilities of utilities and ensuring consistent regulatory frameworks are in place to support DC technologies' widespread adoption.",hallucinated_label,outside_range_id,True,60,20250808_142500,no
generalist2_llama_60_b5,llama,generalist2_llama,generalist2,5,,"Lack of pilot projects - Demonstrating successful implementation of DC technologies through pilot projects can provide valuable data and proof-of-concept, helping overcome public perception barriers.",hallucinated_label,outside_range_id,True,60,20250808_142500,no
normative_llama_60_b1,llama,normative_llama,normative,1,,"Power losses, quality and safety issues: This barrier relates to the challenges of transmitting electricity over longer distances and maintaining quality in DC systems. Ensuring that power is not lost or reduced during transmission and that the electrical system remains safe for all stakeholders is essential.",hallucinated_label,outside_range_id,True,60,20250808_142500,no
normative_llama_60_b2,llama,normative_llama,normative,2,,"Reduced reliability in DC devices: While DC systems are often touted as more reliable than AC ones, there can still be issues with decreased reliability in certain components or systems. Ensuring consistency and reducing downtime are crucial factors to consider.",hallucinated_label,outside_range_id,True,60,20250808_142500,no
normative_llama_60_b3,llama,normative_llama,normative,3,,"Lack of use-cases where DC is advantageous: Although DC offers advantages such as increased efficiency and reduced power losses, it may not always be the best solution depending on the specific needs and applications. Identifying situations where DC is truly beneficial is important for adoption.",hallucinated_label,outside_range_id,True,60,20250808_142500,no
normative_llama_60_b4,llama,normative_llama,normative,4,,"Uncertainty regarding utility interaction (net metering, utility ownership, and agreed standards): This barrier relates to the various aspects of working with utilities in a DC environment, such as net metering policies and agreement on standards. Consistency and clarity in these interactions are necessary for smooth operation.",hallucinated_label,outside_range_id,True,60,20250808_142500,no
normative_llama_60_b5,llama,normative_llama,normative,5,,"Lack of pilot projects: While there have been some pilot projects involving DC technologies, it can be difficult to find the right balance between investment in research and development versus practical implementation. Balancing these interests is essential for progress.",hallucinated_label,outside_range_id,True,60,20250808_142500,no
normative_llama_60_b6,llama,normative_llama,normative,6,,Public perception of DC and readiness to 'champion' installations from DC projects: Understanding how the public perceives DC and its potential benefits is important for gaining widespread acceptance and support for adoption. It may also be necessary to provide resources or incentives to encourage stakeholders to champion these technologies.,hallucinated_label,outside_range_id,True,60,20250808_142500,yes
normative2_llama_60_b1,llama,normative2_llama,normative2,1,,"Power losses, quality and safety issues - The efficiency and reliability of DC systems could be impacted by power losses and related quality issues, posing a significant challenge for their widespread application.",hallucinated_label,outside_range_id,True,60,20250808_142500,no
normative2_llama_60_b2,llama,normative2_llama,normative2,2,,"Reduced reliability in DC devices - There may be concerns regarding the overall reliability and durability of certain DC devices, which could deter adoption.",hallucinated_label,outside_range_id,True,60,20250808_142500,no
normative2_llama_60_b3,llama,normative2_llama,normative2,3,,"Lack of use-cases in which DC is advantageous - While there may be some situations where DC offers advantages over traditional AC systems, it may not be applicable to all scenarios, potentially limiting its widespread application.",hallucinated_label,outside_range_id,True,60,20250808_142500,no
normative2_llama_60_b4,llama,normative2_llama,normative2,4,,"Uncertain utility interaction (net metering, utility ownership, and agreed standards) - The interactions between utilities and end-users could pose challenges, particularly with regards to net metering, utility ownership, and agreed standards for DC systems.",hallucinated_label,outside_range_id,True,60,20250808_142500,no
normative2_llama_60_b5,llama,normative2_llama,normative2,5,,"Lack of pilot projects - Limited real-world experience with DC systems could hinder adoption and acceptance, as there may be uncertainties regarding their performance and practicality in various applications.",hallucinated_label,outside_range_id,True,60,20250808_142500,no
subject_matter_llama_60_b1,llama,subject_matter_llama,subject_matter,1,"power losses, quality and safety issues","Power losses, quality, and safety issues",matched,correct_id,False,60,20250808_142500,no
subject_matter_llama_60_b2,llama,subject_matter_llama,subject_matter,2,reduced reliability in DC devices,Reduced reliability in DC devices,matched,correct_id,False,60,20250808_142500,no
subject_matter_llama_60_b3,llama,subject_matter_llama,subject_matter,3,lack of use-cases in which DC is advantageous,Lack of use-cases in which DC is advantageous,matched,correct_id,False,60,20250808_142500,no
subject_matter_llama_60_b4,llama,subject_matter_llama,subject_matter,4,"uncertain utility interaction (net metering, utility ownership, and agreed standards)","Uncertain utility interaction (net metering, utility ownership, and agreed standards)",matched,correct_id,False,60,20250808_142500,no
subject_matter_llama_60_b5,llama,subject_matter_llama,subject_matter,5,lack of pilot projects,Lack of pilot projects,matched,correct_id,False,60,20250808_142500,no
subject_matter2_llama_60_b1,llama,subject_matter2_llama,subject_matter2,1,"power losses, quality and safety issues","Power losses, quality, and safety issues",matched,correct_id,False,60,20250808_142500,no
subject_matter2_llama_60_b2,llama,subject_matter2_llama,subject_matter2,2,reduced reliability in DC devices,Reduced reliability in DC devices,matched,correct_id,False,60,20250808_142500,no
subject_matter2_llama_60_b3,llama,subject_matter2_llama,subject_matter2,3,lack of use-cases in which DC is advantageous,Lack of use-cases in which DC is advantageous,matched,correct_id,False,60,20250808_142500,no
subject_matter2_llama_60_b4,llama,subject_matter2_llama,subject_matter2,4,"uncertain utility interaction (net metering, utility ownership, and agreed standards)","Uncertain utility interaction (net metering, utility ownership, and agreed standards)",matched,correct_id,False,60,20250808_142500,no
subject_matter2_llama_60_b5,llama,subject_matter2_llama,subject_matter2,5,lack of pilot projects,Lack of pilot projects,matched,correct_id,False,60,20250808_142500,no
subject_matter2_llama_60_b6,llama,subject_matter2_llama,subject_matter2,6,public perception of DC and readiness to 'champion' installations from DC projects,Public perception of DC and readiness to 'champion' installations from DC projects,matched,correct_id,False,60,20250808_142500,yes
generalist_mistral_60_b1,mistral,generalist_mistral,generalist,1,"power losses, quality and safety issues","Power losses, quality, and safety issues",matched,correct_id,False,60,20250808_142500,no
generalist_mistral_60_b2,mistral,generalist_mistral,generalist,2,reduced reliability in DC devices,Reduced reliability in DC devices,matched,correct_id,False,60,20250808_142500,no
generalist_mistral_60_b3,mistral,generalist_mistral,generalist,3,lack of use-cases in which DC is advantageous,Lack of use-cases in which DC is advantageous,matched,correct_id,False,60,20250808_142500,no
generalist_mistral_60_b4,mistral,generalist_mistral,generalist,4,"uncertain utility interaction (net metering, utility ownership, and agreed standards)","Uncertain utility interaction (net metering, utility ownership, and agreed standards)",matched,correct_id,False,60,20250808_142500,no
generalist_mistral_60_b5,mistral,generalist_mistral,generalist,5,lack of pilot projects,Lack of pilot projects,matched,correct_id,False,60,20250808_142500,no
generalist_mistral_60_b6,mistral,generalist_mistral,generalist,6,,"Public perception of DC and readiness to 'champion' installations from DC projects (although not explicitly listed as a barrier, it can be inferred that improving public perception is necessary to overcome this potential obstacle)",hallucinated_label,outside_range_id,True,60,20250808_142500,yes
generalist2_mistral_60_b1,mistral,generalist2_mistral,generalist2,1,"power losses, quality and safety issues","power losses, quality and safety issues",matched,correct_id,False,60,20250808_142500,no
generalist2_mistral_60_b2,mistral,generalist2_mistral,generalist2,2,reduced reliability in DC devices,reduced reliability in DC devices,matched,correct_id,False,60,20250808_142500,no
generalist2_mistral_60_b3,mistral,generalist2_mistral,generalist2,3,lack of use-cases in which DC is advantageous,lack of use-cases in which DC is advantageous,matched,correct_id,False,60,20250808_142500,no
generalist2_mistral_60_b4,mistral,generalist2_mistral,generalist2,4,"uncertain utility interaction (net metering, utility ownership, and agreed standards)","uncertain utility interaction (net metering, utility ownership, and agreed standards)",matched,correct_id,False,60,20250808_142500,no
generalist2_mistral_60_b5,mistral,generalist2_mistral,generalist2,5,lack of pilot projects,lack of pilot projects,matched,correct_id,False,60,20250808_142500,no
normative_mistral_60_b1,mistral,normative_mistral,normative,1,"power losses, quality and safety issues","power losses, quality and safety issues",matched,correct_id,False,60,20250808_142500,no
normative_mistral_60_b2,mistral,normative_mistral,normative,2,reduced reliability in DC devices,reduced reliability in DC devices,matched,correct_id,False,60,20250808_142500,no
normative_mistral_60_b3,mistral,normative_mistral,normative,3,lack of pilot projects,lack of pilot projects,matched,wrong_id_matchable,False,60,20250808_142500,no
normative_mistral_60_b4,mistral,normative_mistral,normative,4,"uncertain utility interaction (net metering, utility ownership, and agreed standards)","uncertain utility interaction (net metering, utility ownership, and agreed standards)",matched,correct_id,False,60,20250808_142500,no
normative_mistral_60_b5,mistral,normative_mistral,normative,5,uncertain regulatory roadmap,uncertainty in regulatory roadmap,matched,wrong_id_matchable,False,60,20250808_142500,no
normative_mistral_60_b6,mistral,normative_mistral,normative,6,incompatibility of DC systems components,incompatibility of DC systems components,matched,wrong_id_matchable,False,60,20250808_142500,yes
normative_mistral_60_b7,mistral,normative_mistral,normative,7,,"lack of enough trained personnel in DC systems (if I could only select 5, this would be my additional choice)",hallucinated_label,outside_range_id,True,60,20250808_142500,yes
normative2_mistral_60_b1,mistral,normative2_mistral,normative2,1,"power losses, quality and safety issues","power losses, quality and safety issues",matched,correct_id,False,60,20250808_142500,no
normative2_mistral_60_b2,mistral,normative2_mistral,normative2,2,reduced reliability in DC devices,reduced reliability in DC devices,matched,correct_id,False,60,20250808_142500,no
normative2_mistral_60_b3,mistral,normative2_mistral,normative2,3,"uncertain utility interaction (net metering, utility ownership, and agreed standards)","uncertain utility interaction (net metering, utility ownership, and agreed standards)",matched,wrong_id_matchable,False,60,20250808_142500,no
normative2_mistral_60_b4,mistral,normative2_mistral,normative2,4,lack of pilot projects,lack of pilot projects,matched,wrong_id_matchable,False,60,20250808_142500,no
normative2_mistral_60_b5,mistral,normative2_mistral,normative2,5,public perception of DC and readiness to 'champion' installations from DC projects,public perception of DC and readiness to 'champion' installations from DC projects,matched,wrong_id_matchable,False,60,20250808_142500,no
subject_matter_mistral_60_b1,mistral,subject_matter_mistral,subject_matter,1,"power losses, quality and safety issues","power losses, quality and safety issues",matched,correct_id,False,60,20250808_142500,no
subject_matter_mistral_60_b2,mistral,subject_matter_mistral,subject_matter,2,reduced reliability in DC devices,reduced reliability in DC devices,matched,correct_id,False,60,20250808_142500,no
subject_matter_mistral_60_b3,mistral,subject_matter_mistral,subject_matter,3,lack of use-cases in which DC is advantageous,lack of use-cases in which DC is advantageous,matched,correct_id,False,60,20250808_142500,no
subject_matter_mistral_60_b4,mistral,subject_matter_mistral,subject_matter,4,"uncertain utility interaction (net metering, utility ownership, and agreed standards)","uncertain utility interaction (net metering, utility ownership, and agreed standards)",matched,correct_id,False,60,20250808_142500,no
subject_matter_mistral_60_b5,mistral,subject_matter_mistral,subject_matter,5,lack of pilot projects,lack of pilot projects,matched,correct_id,False,60,20250808_142500,no
subject_matter2_mistral_60_b1,mistral,subject_matter2_mistral,subject_matter2,1,"power losses, quality and safety issues","power losses, quality and safety issues",matched,correct_id,False,60,20250808_142500,no
subject_matter2_mistral_60_b2,mistral,subject_matter2_mistral,subject_matter2,2,reduced reliability in DC devices,reduced reliability in DC devices,matched,correct_id,False,60,20250808_142500,no
subject_matter2_mistral_60_b3,mistral,subject_matter2_mistral,subject_matter2,3,"uncertain utility interaction (net metering, utility ownership, and agreed standards)","uncertain utility interaction (net metering, utility ownership, and agreed standards)",matched,wrong_id_matchable,False,60,20250808_142500,no
subject_matter2_mistral_60_b4,mistral,subject_matter2_mistral,subject_matter2,4,lack of pilot projects,lack of pilot projects,matched,wrong_id_matchable,False,60,20250808_142500,no
subject_matter2_mistral_60_b5,mistral,subject_matter2_mistral,subject_matter2,5,high costs of DC solutions,high costs of DC solutions,matched,wrong_id_matchable,False,60,20250808_142500,no
generalist_gemma3_60_b1,gemma3,generalist_gemma3,generalist,1,"power losses, quality and safety issues","power losses, quality and safety issues",matched,correct_id,False,60,20250808_142500,no
generalist_gemma3_60_b4,gemma3,generalist_gemma3,generalist,4,"uncertain utility interaction (net metering, utility ownership, and agreed standards)","uncertain utility interaction (net metering, utility ownership, and agreed standards)",matched,correct_id,False,60,20250808_142500,no
generalist_gemma3_60_b7,gemma3,generalist_gemma3,generalist,7,incompatibility of DC systems components,incompatibility of DC systems components,matched,correct_id,False,60,20250808_142500,no
generalist_gemma3_60_b8,gemma3,generalist_gemma3,generalist,8,misconception and lack of knowledge leads to lengthy/expensive design and permit process,misconception and lack of knowledge leads to lengthy/expensive design and permit process,matched,correct_id,False,60,20250808_142500,no
generalist_gemma3_60_b11,gemma3,generalist_gemma3,generalist,11,high costs of DC solutions,high costs of DC solutions,matched,correct_id,False,60,20250808_142500,no
generalist2_gemma3_60_b1,gemma3,generalist2_gemma3,generalist2,1,"power losses, quality and safety issues","power losses, quality and safety issues",matched,correct_id,False,60,20250808_142500,no
generalist2_gemma3_60_b4,gemma3,generalist2_gemma3,generalist2,4,"uncertain utility interaction (net metering, utility ownership, and agreed standards)","uncertain utility interaction (net metering, utility ownership, and agreed standards)",matched,correct_id,False,60,20250808_142500,no
generalist2_gemma3_60_b7,gemma3,generalist2_gemma3,generalist2,7,incompatibility of DC systems components,incompatibility of DC systems components,matched,correct_id,False,60,20250808_142500,no
generalist2_gemma3_60_b8,gemma3,generalist2_gemma3,generalist2,8,misconception and lack of knowledge leads to lengthy/expensive design and permit process,misconception and lack of knowledge leads to lengthy/expensive design and permit process,matched,correct_id,False,60,20250808_142500,no
generalist2_gemma3_60_b11,gemma3,generalist2_gemma3,generalist2,11,high costs of DC solutions,high costs of DC solutions,matched,correct_id,False,60,20250808_142500,no
normative_gemma3_60_b1,gemma3,normative_gemma3,normative,1,"power losses, quality and safety issues","power losses, quality and safety issues",matched,correct_id,False,60,20250808_142500,no
normative_gemma3_60_b4,gemma3,normative_gemma3,normative,4,"uncertain utility interaction (net metering, utility ownership, and agreed standards)","uncertain utility interaction (net metering, utility ownership, and agreed standards)",matched,correct_id,False,60,20250808_142500,no
normative_gemma3_60_b7,gemma3,normative_gemma3,normative,7,incompatibility of DC systems components,incompatibility of DC systems components,matched,correct_id,False,60,20250808_142500,no
normative_gemma3_60_b8,gemma3,normative_gemma3,normative,8,misconception and lack of knowledge leads to lengthy/expensive design and permit process,misconception and lack of knowledge leads to lengthy/expensive design and permit process,matched,correct_id,False,60,20250808_142500,no
normative_gemma3_60_b11,gemma3,normative_gemma3,normative,11,high costs of DC solutions,high costs of DC solutions,matched,correct_id,False,60,20250808_142500,no
normative2_gemma3_60_b1,gemma3,normative2_gemma3,normative2,1,"power losses, quality and safety issues","power losses, quality and safety issues",matched,correct_id,False,60,20250808_142500,no
normative2_gemma3_60_b4,gemma3,normative2_gemma3,normative2,4,"uncertain utility interaction (net metering, utility ownership, and agreed standards)","uncertain utility interaction (net metering, utility ownership, and agreed standards)",matched,correct_id,False,60,20250808_142500,no
normative2_gemma3_60_b7,gemma3,normative2_gemma3,normative2,7,incompatibility of DC systems components,incompatibility of DC systems components,matched,correct_id,False,60,20250808_142500,no
normative2_gemma3_60_b8,gemma3,normative2_gemma3,normative2,8,misconception and lack of knowledge leads to lengthy/expensive design and permit process,misconception and lack of knowledge leads to lengthy/expensive design and permit process,matched,correct_id,False,60,20250808_142500,no
normative2_gemma3_60_b10,gemma3,normative2_gemma3,normative2,10,uncertain regulatory roadmap,uncertain regulatory roadmap,matched,correct_id,False,60,20250808_142500,no
subject_matter_gemma3_60_b1,gemma3,subject_matter_gemma3,subject_matter,1,"power losses, quality and safety issues","power losses, quality and safety issues",matched,correct_id,False,60,20250808_142500,no
subject_matter_gemma3_60_b4,gemma3,subject_matter_gemma3,subject_matter,4,"uncertain utility interaction (net metering, utility ownership, and agreed standards)","uncertain utility interaction (net metering, utility ownership, and agreed standards)",matched,correct_id,False,60,20250808_142500,no
subject_matter_gemma3_60_b7,gemma3,subject_matter_gemma3,subject_matter,7,incompatibility of DC systems components,incompatibility of DC systems components,matched,correct_id,False,60,20250808_142500,no
subject_matter_gemma3_60_b9,gemma3,subject_matter_gemma3,subject_matter,9,lack of enough trained personnel in DC systems,lack of enough trained personnel in DC systems,matched,correct_id,False,60,20250808_142500,no
subject_matter_gemma3_60_b11,gemma3,subject_matter_gemma3,subject_matter,11,high costs of DC solutions,high costs of DC solutions,matched,correct_id,False,60,20250808_142500,no
subject_matter2_gemma3_60_b1,gemma3,subject_matter2_gemma3,subject_matter2,1,"power losses, quality and safety issues","power losses, quality and safety issues",matched,correct_id,False,60,20250808_142500,no
subject_matter2_gemma3_60_b4,gemma3,subject_matter2_gemma3,subject_matter2,4,"uncertain utility interaction (net metering, utility ownership, and agreed standards)","uncertain utility interaction (net metering, utility ownership, and agreed standards)",matched,correct_id,False,60,20250808_142500,no
subject_matter2_gemma3_60_b7,gemma3,subject_matter2_gemma3,subject_matter2,7,incompatibility of DC systems components,incompatibility of DC systems components,matched,correct_id,False,60,20250808_142500,no
subject_matter2_gemma3_60_b9,gemma3,subject_matter2_gemma3,subject_matter2,9,lack of enough trained personnel in DC systems,lack of enough trained personnel in DC systems,matched,correct_id,False,60,20250808_142500,no
subject_matter2_gemma3_60_b11,gemma3,subject_matter2_gemma3,subject_matter2,11,high costs of DC solutions,high costs of DC solutions,matched,correct_id,False,60,20250808_142500,no
generalist_llama_61_b1,llama,generalist_llama,generalist,1,"power losses, quality and safety issues","Power losses, quality, and safety issues",matched,correct_id,False,61,20250811_220047,no
generalist_llama_61_b2,llama,generalist_llama,generalist,2,reduced reliability in DC devices,Reduced reliability in DC devices,matched,correct_id,False,61,20250811_220047,no
generalist_llama_61_b3,llama,generalist_llama,generalist,3,lack of use-cases in which DC is advantageous,Lack of use-cases in which DC is advantageous,matched,correct_id,False,61,20250811_220047,no
generalist_llama_61_b4,llama,generalist_llama,generalist,4,"uncertain utility interaction (net metering, utility ownership, and agreed standards)","Uncertain utility interaction (net metering, utility ownership, and agreed standards)",matched,correct_id,False,61,20250811_220047,no
generalist_llama_61_b5,llama,generalist_llama,generalist,5,lack of pilot projects,Lack of pilot projects,matched,correct_id,False,61,20250811_220047,no
generalist2_llama_61_b1,llama,generalist2_llama,generalist2,1,"power losses, quality and safety issues","Power losses, quality, and safety issues",matched,correct_id,False,61,20250811_220047,no
generalist2_llama_61_b2,llama,generalist2_llama,generalist2,2,reduced reliability in DC devices,Reduced reliability in DC devices,matched,correct_id,False,61,20250811_220047,no
generalist2_llama_61_b3,llama,generalist2_llama,generalist2,3,lack of use-cases in which DC is advantageous,Lack of use-cases in which DC is advantageous,matched,correct_id,False,61,20250811_220047,no
generalist2_llama_61_b4,llama,generalist2_llama,generalist2,4,"uncertain utility interaction (net metering, utility ownership, and agreed standards)","Uncertain utility interaction (net metering, utility ownership, and agreed standards)",matched,correct_id,False,61,20250811_220047,no
generalist2_llama_61_b5,llama,generalist2_llama,generalist2,5,lack of pilot projects,Lack of pilot projects,matched,correct_id,False,61,20250811_220047,no
generalist2_llama_61_b6,llama,generalist2_llama,generalist2,6,public perception of DC and readiness to 'champion' installations from DC projects,Public perception of DC and readiness to 'champion' installations from DC projects,matched,correct_id,False,61,20250811_220047,yes
normative_llama_61_b1,llama,normative_llama,normative,1,"power losses, quality and safety issues","power losses, quality and safety issues",matched,correct_id,False,61,20250811_220047,no
normative_llama_61_b2,llama,normative_llama,normative,2,reduced reliability in DC devices,reduced reliability in DC devices,matched,correct_id,False,61,20250811_220047,no
normative_llama_61_b3,llama,normative_llama,normative,3,lack of use-cases in which DC is advantageous,lack of use-cases in which DC is advantageous,matched,correct_id,False,61,20250811_220047,no
normative_llama_61_b4,llama,normative_llama,normative,4,"uncertain utility interaction (net metering, utility ownership, and agreed standards)","uncertain utility interaction (net metering, utility ownership, and agreed standards)",matched,correct_id,False,61,20250811_220047,no
normative_llama_61_b5,llama,normative_llama,normative,5,lack of pilot projects,lack of pilot projects,matched,correct_id,False,61,20250811_220047,no
normative2_llama_61_b1,llama,normative2_llama,normative2,1,,Lack of widespread adoption due to perceived complexity and high initial investment.,hallucinated_label,outside_range_id,True,61,20250811_220047,no
normative2_llama_61_b2,llama,normative2_llama,normative2,2,,Uncertainty regarding the potential for future advancements in traditional AC power systems that may render DC technologies obsolete.,hallucinated_label,outside_range_id,True,61,20250811_220047,no
normative2_llama_61_b3,llama,normative2_llama,normative2,3,,"Concerns over compatibility with existing infrastructure, requiring additional modifications or upgrades.",hallucinated_label,outside_range_id,True,61,20250811_220047,no
normative2_llama_61_b4,llama,normative2_llama,normative2,4,,Lack of government support and incentives for widespread adoption of DC systems.,hallucinated_label,outside_range_id,True,61,20250811_220047,no
normative2_llama_61_b5,llama,normative2_llama,normative2,5,,"Limited availability of skilled professionals capable of designing, installing, and maintaining DC energy systems.",hallucinated_label,outside_range_id,True,61,20250811_220047,no
subject_matter_llama_61_b1,llama,subject_matter_llama,subject_matter,1,"power losses, quality and safety issues","Power losses, quality, and safety issues",matched,correct_id,False,61,20250811_220047,no
subject_matter_llama_61_b2,llama,subject_matter_llama,subject_matter,2,reduced reliability in DC devices,Reduced reliability in DC devices,matched,correct_id,False,61,20250811_220047,no
subject_matter_llama_61_b3,llama,subject_matter_llama,subject_matter,3,lack of use-cases in which DC is advantageous,Lack of use-cases in which DC is advantageous,matched,correct_id,False,61,20250811_220047,no
subject_matter_llama_61_b4,llama,subject_matter_llama,subject_matter,4,"uncertain utility interaction (net metering, utility ownership, and agreed standards)","Uncertain utility interaction (net metering, utility ownership, and agreed standards)",matched,correct_id,False,61,20250811_220047,no
subject_matter_llama_61_b5,llama,subject_matter_llama,subject_matter,5,lack of pilot projects,Lack of pilot projects,matched,correct_id,False,61,20250811_220047,no
subject_matter2_llama_61_b1,llama,subject_matter2_llama,subject_matter2,1,"power losses, quality and safety issues","Power losses, quality, and safety issues",matched,correct_id,False,61,20250811_220047,no
subject_matter2_llama_61_b2,llama,subject_matter2_llama,subject_matter2,2,lack of use-cases in which DC is advantageous,Lack of use-cases in which DC is advantageous,matched,wrong_id_matchable,False,61,20250811_220047,no
subject_matter2_llama_61_b3,llama,subject_matter2_llama,subject_matter2,3,"uncertain utility interaction (net metering, utility ownership, and agreed standards)","Uncertain utility interaction (net metering, utility ownership, and agreed standards)",matched,wrong_id_matchable,False,61,20250811_220047,no
subject_matter2_llama_61_b4,llama,subject_matter2_llama,subject_matter2,4,incompatibility of DC systems components,Incompatibility of DC systems components,matched,wrong_id_matchable,False,61,20250811_220047,no
subject_matter2_llama_61_b5,llama,subject_matter2_llama,subject_matter2,5,misconception and lack of knowledge leads to lengthy/expensive design and permit process,Misconception and lack of knowledge leads to lengthy/expensive design and permit process,matched,wrong_id_matchable,False,61,20250811_220047,no
generalist_mistral_61_b1,mistral,generalist_mistral,generalist,1,"power losses, quality and safety issues","power losses, quality and safety issues",matched,correct_id,False,61,20250811_220047,no
generalist_mistral_61_b2,mistral,generalist_mistral,generalist,2,reduced reliability in DC devices,reduced reliability in DC devices,matched,correct_id,False,61,20250811_220047,no
generalist_mistral_61_b3,mistral,generalist_mistral,generalist,3,lack of use-cases in which DC is advantageous,lack of use-cases in which DC is advantageous,matched,correct_id,False,61,20250811_220047,no
generalist_mistral_61_b4,mistral,generalist_mistral,generalist,4,"uncertain utility interaction (net metering, utility ownership, and agreed standards)","uncertain utility interaction (net metering, utility ownership, and agreed standards)",matched,correct_id,False,61,20250811_220047,no
generalist_mistral_61_b5,mistral,generalist_mistral,generalist,5,lack of pilot projects,lack of pilot projects,matched,correct_id,False,61,20250811_220047,no
generalist2_mistral_61_b1,mistral,generalist2_mistral,generalist2,1,"power losses, quality and safety issues","power losses, quality and safety issues",matched,correct_id,False,61,20250811_220047,no
generalist2_mistral_61_b2,mistral,generalist2_mistral,generalist2,2,reduced reliability in DC devices,reduced reliability in DC devices,matched,correct_id,False,61,20250811_220047,no
generalist2_mistral_61_b3,mistral,generalist2_mistral,generalist2,3,lack of use-cases in which DC is advantageous,lack of use-cases in which DC is advantageous,matched,correct_id,False,61,20250811_220047,no
generalist2_mistral_61_b4,mistral,generalist2_mistral,generalist2,4,"uncertain utility interaction (net metering, utility ownership, and agreed standards)","uncertain utility interaction (net metering, utility ownership, and agreed standards)",matched,correct_id,False,61,20250811_220047,no
generalist2_mistral_61_b5,mistral,generalist2_mistral,generalist2,5,lack of pilot projects,lack of pilot projects,matched,correct_id,False,61,20250811_220047,no
generalist2_mistral_61_b6,mistral,generalist2_mistral,generalist2,6,public perception of DC and readiness to 'champion' installations from DC projects,public perception of DC and readiness to 'champion' installations from DC projects,matched,correct_id,False,61,20250811_220047,yes
generalist2_mistral_61_b7,mistral,generalist2_mistral,generalist2,7,incompatibility of DC systems components,incompatibility of DC systems components,matched,correct_id,False,61,20250811_220047,yes
generalist2_mistral_61_b8,mistral,generalist2_mistral,generalist2,8,misconception and lack of knowledge leads to lengthy/expensive design and permit process,misconception and lack of knowledge leads to lengthy/expensive design and permit process,matched,correct_id,False,61,20250811_220047,yes
generalist2_mistral_61_b9,mistral,generalist2_mistral,generalist2,9,,lack of enough trained personnel in DC systems (These are the five selected barriers.),hallucinated_label,outside_range_id,True,61,20250811_220047,yes
normative_mistral_61_b1,mistral,normative_mistral,normative,1,"power losses, quality and safety issues","power losses, quality and safety issues (Barrier 1)",matched,correct_id,False,61,20250811_220047,no
normative_mistral_61_b2,mistral,normative_mistral,normative,2,,reduced reliability in DC devices (Barrier 2),hallucinated_label,outside_range_id,True,61,20250811_220047,no
normative_mistral_61_b3,mistral,normative_mistral,normative,3,"uncertain utility interaction (net metering, utility ownership, and agreed standards)","uncertain utility interaction (net metering, utility ownership, and agreed standards) (Barrier 4)",matched,wrong_id_matchable,False,61,20250811_220047,no
normative_mistral_61_b4,mistral,normative_mistral,normative,4,,lack of pilot projects (Barrier 5),hallucinated_label,outside_range_id,True,61,20250811_220047,no
normative_mistral_61_b5,mistral,normative_mistral,normative,5,,high costs of DC solutions (Barrier 10),hallucinated_label,outside_range_id,True,61,20250811_220047,no
normative2_mistral_61_b1,mistral,normative2_mistral,normative2,1,"power losses, quality and safety issues","Power losses, quality, and safety issues",matched,correct_id,False,61,20250811_220047,no
normative2_mistral_61_b2,mistral,normative2_mistral,normative2,2,reduced reliability in DC devices,Reduced reliability in DC devices,matched,correct_id,False,61,20250811_220047,no
normative2_mistral_61_b3,mistral,normative2_mistral,normative2,3,"uncertain utility interaction (net metering, utility ownership, and agreed standards)","Uncertain utility interaction (net metering, utility ownership, and agreed standards)",matched,wrong_id_matchable,False,61,20250811_220047,no
normative2_mistral_61_b4,mistral,normative2_mistral,normative2,4,lack of pilot projects,Lack of pilot projects,matched,wrong_id_matchable,False,61,20250811_220047,no
normative2_mistral_61_b5,mistral,normative2_mistral,normative2,5,incompatibility of DC systems components,Incompatibility of DC systems components,matched,wrong_id_matchable,False,61,20250811_220047,no
subject_matter_mistral_61_b1,mistral,subject_matter_mistral,subject_matter,1,"power losses, quality and safety issues","power losses, quality and safety issues",matched,correct_id,False,61,20250811_220047,no
subject_matter_mistral_61_b2,mistral,subject_matter_mistral,subject_matter,2,reduced reliability in DC devices,reduced reliability in DC devices,matched,correct_id,False,61,20250811_220047,no
subject_matter_mistral_61_b3,mistral,subject_matter_mistral,subject_matter,3,lack of use-cases in which DC is advantageous,lack of use-cases in which DC is advantageous,matched,correct_id,False,61,20250811_220047,no
subject_matter_mistral_61_b4,mistral,subject_matter_mistral,subject_matter,4,"uncertain utility interaction (net metering, utility ownership, and agreed standards)","uncertain utility interaction (net metering, utility ownership, and agreed standards)",matched,correct_id,False,61,20250811_220047,no
subject_matter_mistral_61_b5,mistral,subject_matter_mistral,subject_matter,5,lack of pilot projects,lack of pilot projects,matched,correct_id,False,61,20250811_220047,no
subject_matter_mistral_61_b6,mistral,subject_matter_mistral,subject_matter,6,public perception of DC and readiness to 'champion' installations from DC projects,public perception of DC and readiness to 'champion' installations from DC projects,matched,correct_id,False,61,20250811_220047,yes
subject_matter_mistral_61_b7,mistral,subject_matter_mistral,subject_matter,7,incompatibility of DC systems components,incompatibility of DC systems components,matched,correct_id,False,61,20250811_220047,yes
subject_matter_mistral_61_b8,mistral,subject_matter_mistral,subject_matter,8,misconception and lack of knowledge leads to lengthy/expensive design and permit process,misconception and lack of knowledge leads to lengthy/expensive design and permit process,matched,correct_id,False,61,20250811_220047,yes
subject_matter_mistral_61_b9,mistral,subject_matter_mistral,subject_matter,9,lack of enough trained personnel in DC systems,lack of enough trained personnel in DC systems,matched,correct_id,False,61,20250811_220047,yes
subject_matter_mistral_61_b10,mistral,subject_matter_mistral,subject_matter,10,uncertain regulatory roadmap,uncertain regulatory roadmap,matched,correct_id,False,61,20250811_220047,yes
subject_matter2_mistral_61_b1,mistral,subject_matter2_mistral,subject_matter2,1,"power losses, quality and safety issues","power losses, quality and safety issues",matched,correct_id,False,61,20250811_220047,no
subject_matter2_mistral_61_b2,mistral,subject_matter2_mistral,subject_matter2,2,reduced reliability in DC devices,reduced reliability in DC devices,matched,correct_id,False,61,20250811_220047,no
subject_matter2_mistral_61_b3,mistral,subject_matter2_mistral,subject_matter2,3,"uncertain utility interaction (net metering, utility ownership, and agreed standards)","uncertain utility interaction (net metering, utility ownership, and agreed standards)",matched,wrong_id_matchable,False,61,20250811_220047,no
subject_matter2_mistral_61_b4,mistral,subject_matter2_mistral,subject_matter2,4,lack of pilot projects,lack of pilot projects,matched,wrong_id_matchable,False,61,20250811_220047,no
subject_matter2_mistral_61_b5,mistral,subject_matter2_mistral,subject_matter2,5,uncertain regulatory roadmap,uncertain regulatory roadmap,matched,wrong_id_matchable,False,61,20250811_220047,no
generalist_gemma3_61_b1,gemma3,generalist_gemma3,generalist,1,"power losses, quality and safety issues","power losses, quality and safety issues",matched,correct_id,False,61,20250811_220047,no
generalist_gemma3_61_b4,gemma3,generalist_gemma3,generalist,4,"uncertain utility interaction (net metering, utility ownership, and agreed standards)","uncertain utility interaction (net metering, utility ownership, and agreed standards)",matched,correct_id,False,61,20250811_220047,no
generalist_gemma3_61_b7,gemma3,generalist_gemma3,generalist,7,incompatibility of DC systems components,incompatibility of DC systems components,matched,correct_id,False,61,20250811_220047,no
generalist_gemma3_61_b8,gemma3,generalist_gemma3,generalist,8,misconception and lack of knowledge leads to lengthy/expensive design and permit process,misconception and lack of knowledge leads to lengthy/expensive design and permit process,matched,correct_id,False,61,20250811_220047,no
generalist_gemma3_61_b11,gemma3,generalist_gemma3,generalist,11,high costs of DC solutions,high costs of DC solutions,matched,correct_id,False,61,20250811_220047,no
generalist2_gemma3_61_b1,gemma3,generalist2_gemma3,generalist2,1,"power losses, quality and safety issues","power losses, quality and safety issues",matched,correct_id,False,61,20250811_220047,no
generalist2_gemma3_61_b4,gemma3,generalist2_gemma3,generalist2,4,"uncertain utility interaction (net metering, utility ownership, and agreed standards)","uncertain utility interaction (net metering, utility ownership, and agreed standards)",matched,correct_id,False,61,20250811_220047,no
generalist2_gemma3_61_b7,gemma3,generalist2_gemma3,generalist2,7,incompatibility of DC systems components,incompatibility of DC systems components,matched,correct_id,False,61,20250811_220047,no
generalist2_gemma3_61_b8,gemma3,generalist2_gemma3,generalist2,8,misconception and lack of knowledge leads to lengthy/expensive design and permit process,misconception and lack of knowledge leads to lengthy/expensive design and permit process,matched,correct_id,False,61,20250811_220047,no
generalist2_gemma3_61_b11,gemma3,generalist2_gemma3,generalist2,11,high costs of DC solutions,high costs of DC solutions,matched,correct_id,False,61,20250811_220047,no
normative_gemma3_61_b1,gemma3,normative_gemma3,normative,1,"power losses, quality and safety issues","power losses, quality and safety issues",matched,correct_id,False,61,20250811_220047,no
normative_gemma3_61_b4,gemma3,normative_gemma3,normative,4,"uncertain utility interaction (net metering, utility ownership, and agreed standards)","uncertain utility interaction (net metering, utility ownership, and agreed standards)",matched,correct_id,False,61,20250811_220047,no
normative_gemma3_61_b7,gemma3,normative_gemma3,normative,7,incompatibility of DC systems components,incompatibility of DC systems components,matched,correct_id,False,61,20250811_220047,no
normative_gemma3_61_b8,gemma3,normative_gemma3,normative,8,misconception and lack of knowledge leads to lengthy/expensive design and permit process,misconception and lack of knowledge leads to lengthy/expensive design and permit process,matched,correct_id,False,61,20250811_220047,no
normative_gemma3_61_b11,gemma3,normative_gemma3,normative,11,high costs of DC solutions,high costs of DC solutions,matched,correct_id,False,61,20250811_220047,no
normative2_gemma3_61_b1,gemma3,normative2_gemma3,normative2,1,"power losses, quality and safety issues","power losses, quality and safety issues",matched,correct_id,False,61,20250811_220047,no
normative2_gemma3_61_b4,gemma3,normative2_gemma3,normative2,4,"uncertain utility interaction (net metering, utility ownership, and agreed standards)","uncertain utility interaction (net metering, utility ownership, and agreed standards)",matched,correct_id,False,61,20250811_220047,no
normative2_gemma3_61_b7,gemma3,normative2_gemma3,normative2,7,incompatibility of DC systems components,incompatibility of DC systems components,matched,correct_id,False,61,20250811_220047,no
normative2_gemma3_61_b8,gemma3,normative2_gemma3,normative2,8,misconception and lack of knowledge leads to lengthy/expensive design and permit process,misconception and lack of knowledge leads to lengthy/expensive design and permit process,matched,correct_id,False,61,20250811_220047,no
normative2_gemma3_61_b11,gemma3,normative2_gemma3,normative2,11,high costs of DC solutions,high costs of DC solutions,matched,correct_id,False,61,20250811_220047,no
subject_matter_gemma3_61_b1,gemma3,subject_matter_gemma3,subject_matter,1,"power losses, quality and safety issues","power losses, quality and safety issues",matched,correct_id,False,61,20250811_220047,no
subject_matter_gemma3_61_b4,gemma3,subject_matter_gemma3,subject_matter,4,"uncertain utility interaction (net metering, utility ownership, and agreed standards)","uncertain utility interaction (net metering, utility ownership, and agreed standards)",matched,correct_id,False,61,20250811_220047,no
subject_matter_gemma3_61_b7,gemma3,subject_matter_gemma3,subject_matter,7,incompatibility of DC systems components,incompatibility of DC systems components,matched,correct_id,False,61,20250811_220047,no
subject_matter_gemma3_61_b9,gemma3,subject_matter_gemma3,subject_matter,9,lack of enough trained personnel in DC systems,lack of enough trained personnel in DC systems,matched,correct_id,False,61,20250811_220047,no
subject_matter_gemma3_61_b11,gemma3,subject_matter_gemma3,subject_matter,11,high costs of DC solutions,high costs of DC solutions,matched,correct_id,False,61,20250811_220047,no
subject_matter2_gemma3_61_b1,gemma3,subject_matter2_gemma3,subject_matter2,1,"power losses, quality and safety issues","power losses, quality and safety issues",matched,correct_id,False,61,20250811_220047,no
subject_matter2_gemma3_61_b4,gemma3,subject_matter2_gemma3,subject_matter2,4,"uncertain utility interaction (net metering, utility ownership, and agreed standards)","uncertain utility interaction (net metering, utility ownership, and agreed standards)",matched,correct_id,False,61,20250811_220047,no
subject_matter2_gemma3_61_b7,gemma3,subject_matter2_gemma3,subject_matter2,7,incompatibility of DC systems components,incompatibility of DC systems components,matched,correct_id,False,61,20250811_220047,no
subject_matter2_gemma3_61_b8,gemma3,subject_matter2_gemma3,subject_matter2,8,misconception and lack of knowledge leads to lengthy/expensive design and permit process,misconception and lack of knowledge leads to lengthy/expensive design and permit process,matched,correct_id,False,61,20250811_220047,no
subject_matter2_gemma3_61_b11,gemma3,subject_matter2_gemma3,subject_matter2,11,high costs of DC solutions,high costs of DC solutions,matched,correct_id,False,61,20250811_220047,no
