base_model,BIASED,NEU,diff_p_ge3
gemma3-12b,0.9730717793912514,0.9730717804118842,-1.0206328004969123e-9
llama-pro,0.9986156399137772,0.9955470001680836,0.003068639745693602
mistral,0.9750228522441127,0.9730717805534355,0.0019510716906772085
phi4,0.9730717832386118,0.9730717783758577,4.862754088286181e-9
