contrast,OR,CI_low,CI_high,z,p,p_fdr
LLM - HUMAN (NEU only),0.09154884256756195,0.027340533905652626,0.3065481678003166,-3.8776344203547577,1.0547705268061746e-4,1.0547705268061746e-4
