base_model,cond2,emd,n_llm,n_human
gemma3-12b,BIASED,0.2727272727272727,240,22
gemma3-12b,NEU,0.2727272727272727,300,22
llama-pro,BIASED,0.16893939393939392,240,22
llama-pro,NEU,0.1593939393939394,300,22
mistral,BIASED,0.26856060606060606,240,22
mistral,NEU,0.2727272727272727,300,22
phi4,BIASED,0.2727272727272727,240,22
phi4,NEU,0.2727272727272727,300,22
