cond2,emd,n_llm,n_human
BIASED,0.18835227272727262,960,22
NEU,0.24439393939393933,1200,22
