condition,prob_geq
ZEROSHOT,0.055011100425394116
CONTEXT,0.06861371580215292
